gs_name,human_gene_symbol,gene_symbol,orthology_type,orthology_confidence
HALLMARK_ADIPOGENESIS,ABCA1,ABCA1,ortholog_one2one,1
HALLMARK_ADIPOGENESIS,ABCB8,ABCB8,ortholog_one2one,1
HALLMARK_ADIPOGENESIS,ACAA2,ACAA2,ortholog_one2one,1
HALLMARK_ADIPOGENESIS,ACADL,ACADL,ortholog_one2one,1
HALLMARK_ADIPOGENESIS,ACADM,ACADM,ortholog_one2one,1
HALLMARK_ADIPOGENESIS,ACADS,ACADS,ortholog_one2one,1
HALLMARK_ADIPOGENESIS,ACLY,ACLY,ortholog_one2one,1
HALLMARK_ADIPOGENESIS,ACO2,ACO2,ortholog_one2one,1
HALLMARK_ADIPOGENESIS,ACOX1,ACOX1,ortholog_one2one,1
HALLMARK_ADIPOGENESIS,ADCY6,ADCY6,ortholog_one2one,1
HALLMARK_ADIPOGENESIS,ADIG,ADIG,ortholog_one2one,1
HALLMARK_ADIPOGENESIS,ADIPOQ,ADIPOQ,ortholog_one2one,1
HALLMARK_ADIPOGENESIS,ADIPOR2,ADIPOR2,ortholog_one2one,1
HALLMARK_ADIPOGENESIS,AGPAT3,AGPAT3,ortholog_one2one,1
HALLMARK_ADIPOGENESIS,AIFM1,AIFM1,ortholog_one2one,1
HALLMARK_ADIPOGENESIS,AK2,AK2,ortholog_one2many,1
HALLMARK_ADIPOGENESIS,ALDH2,ALDH2,ortholog_one2one,1
HALLMARK_ADIPOGENESIS,ALDOA,ALDOA,ortholog_one2one,1
HALLMARK_ADIPOGENESIS,ANGPT1,ANGPT1,ortholog_one2one,1
HALLMARK_ADIPOGENESIS,ANGPTL4,ANGPTL4,ortholog_one2one,1
HALLMARK_ADIPOGENESIS,APLP2,APLP2,ortholog_one2one,1
HALLMARK_ADIPOGENESIS,APOE,APOE,ortholog_one2one,1
HALLMARK_ADIPOGENESIS,ARAF,ARAF,ortholog_one2one,1
HALLMARK_ADIPOGENESIS,ATL2,ATL2,ortholog_one2one,1
HALLMARK_ADIPOGENESIS,ATP1B3,ATP1B3,ortholog_one2one,1
HALLMARK_ADIPOGENESIS,BAZ2A,BAZ2A,ortholog_one2one,1
HALLMARK_ADIPOGENESIS,BCKDHA,BCKDHA,ortholog_one2one,1
HALLMARK_ADIPOGENESIS,BCL2L13,BCL2L13,ortholog_one2one,1
HALLMARK_ADIPOGENESIS,BCL6,BCL6,ortholog_one2one,1
HALLMARK_ADIPOGENESIS,C3,C3,ortholog_one2one,1
HALLMARK_ADIPOGENESIS,CAT,CAT,ortholog_one2one,1
HALLMARK_ADIPOGENESIS,CAVIN1,CAVIN1,ortholog_one2one,1
HALLMARK_ADIPOGENESIS,CAVIN2,CAVIN2,ortholog_one2one,1
HALLMARK_ADIPOGENESIS,CCNG2,CCNG2,ortholog_one2one,1
HALLMARK_ADIPOGENESIS,CD151,CD151,ortholog_one2one,1
HALLMARK_ADIPOGENESIS,CD302,CD302,ortholog_one2one,1
HALLMARK_ADIPOGENESIS,CD36,CD36,ortholog_one2one,1
HALLMARK_ADIPOGENESIS,CDKN2C,CDKN2C,ortholog_one2one,1
HALLMARK_ADIPOGENESIS,CHCHD10,CHCHD10,ortholog_one2one,1
HALLMARK_ADIPOGENESIS,CHUK,CHUK,ortholog_one2one,1
HALLMARK_ADIPOGENESIS,CIDEA,CIDEA,ortholog_one2one,1
HALLMARK_ADIPOGENESIS,CMBL,CMBL,ortholog_one2one,1
HALLMARK_ADIPOGENESIS,CMPK1,CMPK1,ortholog_one2one,1
HALLMARK_ADIPOGENESIS,COL4A1,COL4A1,ortholog_one2one,1
HALLMARK_ADIPOGENESIS,COQ3,COQ3,ortholog_one2one,1
HALLMARK_ADIPOGENESIS,COQ5,COQ5,ortholog_one2one,1
HALLMARK_ADIPOGENESIS,COQ9,COQ9,ortholog_one2one,1
HALLMARK_ADIPOGENESIS,COX6A1,COX6A1,ortholog_one2one,1
HALLMARK_ADIPOGENESIS,COX8A,COX8A,ortholog_one2one,1
HALLMARK_ADIPOGENESIS,CPT2,CPT2,ortholog_one2one,1
HALLMARK_ADIPOGENESIS,CRAT,CRAT,ortholog_one2one,1
HALLMARK_ADIPOGENESIS,CS,CS,ortholog_one2one,1
HALLMARK_ADIPOGENESIS,CYC1,CYC1,ortholog_one2one,1
HALLMARK_ADIPOGENESIS,CYP4B1,CYP4B1,ortholog_one2one,1
HALLMARK_ADIPOGENESIS,DBT,DBT,ortholog_one2one,1
HALLMARK_ADIPOGENESIS,DECR1,DECR1,ortholog_one2one,1
HALLMARK_ADIPOGENESIS,DGAT1,DGAT1,ortholog_one2one,1
HALLMARK_ADIPOGENESIS,DHCR7,DHCR7,ortholog_one2one,1
HALLMARK_ADIPOGENESIS,DHRS7,DHRS7,ortholog_one2one,1
HALLMARK_ADIPOGENESIS,DHRS7B,DHRS7B,ortholog_one2one,1
HALLMARK_ADIPOGENESIS,DLD,DLD,ortholog_one2one,1
HALLMARK_ADIPOGENESIS,DNAJB9,DNAJB9,ortholog_one2one,1
HALLMARK_ADIPOGENESIS,DNAJC15,DNAJC15,ortholog_one2one,1
HALLMARK_ADIPOGENESIS,DRAM2,DRAM2,ortholog_one2one,1
HALLMARK_ADIPOGENESIS,ECH1,ECH1,ortholog_one2one,1
HALLMARK_ADIPOGENESIS,ECHS1,ECHS1,ortholog_one2one,1
HALLMARK_ADIPOGENESIS,ELMOD3,ELMOD3,ortholog_one2one,1
HALLMARK_ADIPOGENESIS,ELOVL6,ELOVL6,ortholog_one2one,1
HALLMARK_ADIPOGENESIS,ENPP2,ENPP2,ortholog_one2one,1
HALLMARK_ADIPOGENESIS,EPHX2,EPHX2,ortholog_one2one,1
HALLMARK_ADIPOGENESIS,ESRRA,ESRRA,ortholog_one2one,1
HALLMARK_ADIPOGENESIS,ESYT1,ESYT1,ortholog_one2one,1
HALLMARK_ADIPOGENESIS,ETFB,ETFB,ortholog_one2one,1
HALLMARK_ADIPOGENESIS,FABP4,FABP4,ortholog_one2one,1
HALLMARK_ADIPOGENESIS,FAH,FAH,ortholog_one2one,1
HALLMARK_ADIPOGENESIS,FZD4,FZD4,ortholog_one2one,1
HALLMARK_ADIPOGENESIS,G3BP2,G3BP2,ortholog_one2one,1
HALLMARK_ADIPOGENESIS,GADD45A,GADD45A,ortholog_one2one,1
HALLMARK_ADIPOGENESIS,GBE1,GBE1,ortholog_one2one,1
HALLMARK_ADIPOGENESIS,GHITM,GHITM,ortholog_one2one,1
HALLMARK_ADIPOGENESIS,GPAM,GPAM,ortholog_one2one,1
HALLMARK_ADIPOGENESIS,GPAT4,GPAT4,ortholog_one2one,1
HALLMARK_ADIPOGENESIS,GPD2,GPD2,ortholog_one2one,1
HALLMARK_ADIPOGENESIS,GPHN,GPHN,ortholog_one2one,1
HALLMARK_ADIPOGENESIS,GRPEL1,GRPEL1,ortholog_one2one,1
HALLMARK_ADIPOGENESIS,HADH,HADH,ortholog_one2one,1
HALLMARK_ADIPOGENESIS,HIBCH,HIBCH,ortholog_one2one,1
HALLMARK_ADIPOGENESIS,HSPB8,HSPB8,ortholog_one2one,1
HALLMARK_ADIPOGENESIS,IDH1,IDH1,ortholog_one2one,1
HALLMARK_ADIPOGENESIS,IDH3A,IDH3A,ortholog_one2one,1
HALLMARK_ADIPOGENESIS,IDH3G,IDH3G,ortholog_one2one,1
HALLMARK_ADIPOGENESIS,IFNGR1,IFNGR1,ortholog_one2one,1
HALLMARK_ADIPOGENESIS,IMMT,IMMT,ortholog_one2one,1
HALLMARK_ADIPOGENESIS,ITGA7,ITGA7,ortholog_one2one,1
HALLMARK_ADIPOGENESIS,ITIH5,ITIH5,ortholog_one2one,1
HALLMARK_ADIPOGENESIS,ITSN1,ITSN1,ortholog_one2one,1
HALLMARK_ADIPOGENESIS,JAGN1,JAGN1,ortholog_one2one,1
HALLMARK_ADIPOGENESIS,LAMA4,LAMA4,ortholog_one2one,1
HALLMARK_ADIPOGENESIS,LEP,LEP,ortholog_one2one,1
HALLMARK_ADIPOGENESIS,LIFR,LIFR,ortholog_one2one,1
HALLMARK_ADIPOGENESIS,LIPE,LIPE,ortholog_one2one,1
HALLMARK_ADIPOGENESIS,LPCAT3,LPCAT3,ortholog_one2one,1
HALLMARK_ADIPOGENESIS,LPL,LPL,ortholog_one2one,1
HALLMARK_ADIPOGENESIS,LTC4S,LTC4S,ortholog_one2one,1
HALLMARK_ADIPOGENESIS,MAP4K3,MAP4K3,ortholog_one2one,1
HALLMARK_ADIPOGENESIS,MCCC1,MCCC1,ortholog_one2one,1
HALLMARK_ADIPOGENESIS,MDH2,MDH2,ortholog_one2one,1
HALLMARK_ADIPOGENESIS,ME1,ME1,ortholog_one2one,1
HALLMARK_ADIPOGENESIS,MGLL,MGLL,ortholog_one2one,1
HALLMARK_ADIPOGENESIS,MGST3,MGST3,ortholog_one2one,1
HALLMARK_ADIPOGENESIS,MIGA2,MIGA2,ortholog_one2one,1
HALLMARK_ADIPOGENESIS,MRAP,MRAP,ortholog_one2one,1
HALLMARK_ADIPOGENESIS,MRPL15,MRPL15,ortholog_one2one,1
HALLMARK_ADIPOGENESIS,MTARC2,MTARC2,ortholog_one2one,1
HALLMARK_ADIPOGENESIS,MYLK,MYLK,ortholog_one2one,1
HALLMARK_ADIPOGENESIS,NABP1,NABP1,ortholog_one2one,1
HALLMARK_ADIPOGENESIS,NDUFA5,NDUFA5,ortholog_one2one,1
HALLMARK_ADIPOGENESIS,NDUFAB1,NDUFAB1,ortholog_one2one,1
HALLMARK_ADIPOGENESIS,NDUFB7,NDUFB7,ortholog_one2one,1
HALLMARK_ADIPOGENESIS,NDUFS3,NDUFS3,ortholog_one2one,1
HALLMARK_ADIPOGENESIS,NKIRAS1,NKIRAS1,ortholog_one2one,1
HALLMARK_ADIPOGENESIS,NMT1,NMT1,ortholog_one2one,1
HALLMARK_ADIPOGENESIS,OMD,OMD,ortholog_one2one,1
HALLMARK_ADIPOGENESIS,ORM1,ORM1,ortholog_one2one,1
HALLMARK_ADIPOGENESIS,PDCD4,PDCD4,ortholog_one2one,1
HALLMARK_ADIPOGENESIS,PEMT,PEMT,ortholog_one2one,1
HALLMARK_ADIPOGENESIS,PEX14,PEX14,ortholog_one2one,1
HALLMARK_ADIPOGENESIS,PFKFB3,PFKFB3,ortholog_one2one,1
HALLMARK_ADIPOGENESIS,PFKL,PFKL,ortholog_one2one,1
HALLMARK_ADIPOGENESIS,PGM1,PGM1,ortholog_one2one,1
HALLMARK_ADIPOGENESIS,PHLDB1,PHLDB1,ortholog_one2one,1
HALLMARK_ADIPOGENESIS,PHYH,PHYH,ortholog_one2one,1
HALLMARK_ADIPOGENESIS,PIM3,PIM3,ortholog_one2one,1
HALLMARK_ADIPOGENESIS,PLIN2,PLIN2,ortholog_one2one,1
HALLMARK_ADIPOGENESIS,POR,POR,ortholog_one2one,1
HALLMARK_ADIPOGENESIS,PPARG,PPARG,ortholog_one2one,1
HALLMARK_ADIPOGENESIS,PPM1B,PPM1B,ortholog_one2one,1
HALLMARK_ADIPOGENESIS,PPP1R15B,PPP1R15B,ortholog_one2one,1
HALLMARK_ADIPOGENESIS,PRDX3,PRDX3,ortholog_one2one,1
HALLMARK_ADIPOGENESIS,PREB,PREB,ortholog_one2one,1
HALLMARK_ADIPOGENESIS,PTCD3,PTCD3,ortholog_one2one,1
HALLMARK_ADIPOGENESIS,PTGER3,PTGER3,ortholog_one2one,1
HALLMARK_ADIPOGENESIS,QDPR,QDPR,ortholog_one2one,1
HALLMARK_ADIPOGENESIS,RAB34,RAB34,ortholog_one2one,1
HALLMARK_ADIPOGENESIS,REEP5,REEP5,ortholog_one2one,1
HALLMARK_ADIPOGENESIS,RETN,RETN,ortholog_one2one,1
HALLMARK_ADIPOGENESIS,RETSAT,RETSAT,ortholog_one2one,1
HALLMARK_ADIPOGENESIS,RIOK3,RIOK3,ortholog_one2one,1
HALLMARK_ADIPOGENESIS,RMDN3,RMDN3,ortholog_one2one,1
HALLMARK_ADIPOGENESIS,RNF11,RNF11,ortholog_one2one,1
HALLMARK_ADIPOGENESIS,RREB1,RREB1,ortholog_one2one,1
HALLMARK_ADIPOGENESIS,SAMM50,SAMM50,ortholog_one2one,1
HALLMARK_ADIPOGENESIS,SCARB1,SCARB1,ortholog_one2one,1
HALLMARK_ADIPOGENESIS,SCP2,SCP2,ortholog_one2one,1
HALLMARK_ADIPOGENESIS,SDHB,SDHB,ortholog_one2one,1
HALLMARK_ADIPOGENESIS,SLC19A1,SLC19A1,ortholog_one2one,1
HALLMARK_ADIPOGENESIS,SLC25A10,SLC25A10,ortholog_one2one,1
HALLMARK_ADIPOGENESIS,SLC27A1,SLC27A1,ortholog_one2one,1
HALLMARK_ADIPOGENESIS,SLC5A6,SLC5A6,ortholog_one2one,1
HALLMARK_ADIPOGENESIS,SLC66A3,SLC66A3,ortholog_one2one,1
HALLMARK_ADIPOGENESIS,SNCG,SNCG,ortholog_one2one,1
HALLMARK_ADIPOGENESIS,SORBS1,SORBS1,ortholog_one2one,1
HALLMARK_ADIPOGENESIS,SOWAHC,SOWAHC,ortholog_one2one,1
HALLMARK_ADIPOGENESIS,SPARCL1,SPARCL1,ortholog_one2one,1
HALLMARK_ADIPOGENESIS,SQOR,SQOR,ortholog_one2one,1
HALLMARK_ADIPOGENESIS,SSPN,SSPN,ortholog_one2one,1
HALLMARK_ADIPOGENESIS,STAT5A,STAT5A,ortholog_one2one,1
HALLMARK_ADIPOGENESIS,STOM,STOM,ortholog_one2one,1
HALLMARK_ADIPOGENESIS,SUCLG1,SUCLG1,ortholog_one2one,1
HALLMARK_ADIPOGENESIS,TALDO1,TALDO1,ortholog_one2one,1
HALLMARK_ADIPOGENESIS,TANK,TANK,ortholog_one2one,1
HALLMARK_ADIPOGENESIS,TKT,TKT,ortholog_one2one,1
HALLMARK_ADIPOGENESIS,TOB1,TOB1,ortholog_one2one,1
HALLMARK_ADIPOGENESIS,TST,TST,ortholog_one2one,1
HALLMARK_ADIPOGENESIS,UBQLN1,UBQLN1,ortholog_one2one,1
HALLMARK_ADIPOGENESIS,UCK1,UCK1,ortholog_one2one,1
HALLMARK_ADIPOGENESIS,UCP2,UCP2,ortholog_one2one,1
HALLMARK_ADIPOGENESIS,UQCR10,UQCR10,ortholog_one2one,1
HALLMARK_ADIPOGENESIS,UQCRC1,UQCRC1,ortholog_one2one,1
HALLMARK_ADIPOGENESIS,UQCRQ,UQCRQ,ortholog_one2one,1
HALLMARK_ADIPOGENESIS,VEGFB,VEGFB,ortholog_one2one,1
HALLMARK_ADIPOGENESIS,YWHAG,YWHAG,ortholog_one2one,1
HALLMARK_ALLOGRAFT_REJECTION,AARS1,AARS,ortholog_one2one,1
HALLMARK_ALLOGRAFT_REJECTION,ABCE1,ABCE1,ortholog_one2one,1
HALLMARK_ALLOGRAFT_REJECTION,ABI1,ABI1,ortholog_one2one,1
HALLMARK_ALLOGRAFT_REJECTION,ACHE,ACHE,ortholog_one2one,1
HALLMARK_ALLOGRAFT_REJECTION,ACVR2A,ACVR2A,ortholog_one2one,1
HALLMARK_ALLOGRAFT_REJECTION,AKT1,AKT1,ortholog_one2one,1
HALLMARK_ALLOGRAFT_REJECTION,APBB1,APBB1,ortholog_one2one,1
HALLMARK_ALLOGRAFT_REJECTION,B2M,B2M,ortholog_one2one,1
HALLMARK_ALLOGRAFT_REJECTION,BCAT1,BCAT1,ortholog_one2one,1
HALLMARK_ALLOGRAFT_REJECTION,BCL10,BCL10,ortholog_one2one,1
HALLMARK_ALLOGRAFT_REJECTION,BCL3,BCL3,ortholog_one2one,1
HALLMARK_ALLOGRAFT_REJECTION,CAPG,CAPG,ortholog_one2one,1
HALLMARK_ALLOGRAFT_REJECTION,CARTPT,CARTPT,ortholog_one2one,1
HALLMARK_ALLOGRAFT_REJECTION,CCL11,CCL11,ortholog_one2one,1
HALLMARK_ALLOGRAFT_REJECTION,CCL13,CCL13,ortholog_one2one,1
HALLMARK_ALLOGRAFT_REJECTION,CCL19,CCL19,ortholog_one2one,1
HALLMARK_ALLOGRAFT_REJECTION,CCL2,CCL2,ortholog_one2one,1
HALLMARK_ALLOGRAFT_REJECTION,CCL22,CCL22,ortholog_one2one,1
HALLMARK_ALLOGRAFT_REJECTION,CCL5,CCL5,ortholog_one2one,1
HALLMARK_ALLOGRAFT_REJECTION,CCND2,CCND2,ortholog_one2one,1
HALLMARK_ALLOGRAFT_REJECTION,CCND3,CCND3,ortholog_one2one,1
HALLMARK_ALLOGRAFT_REJECTION,CCR1,CCR1,ortholog_one2one,1
HALLMARK_ALLOGRAFT_REJECTION,CCR2,CCR2,ortholog_one2one,1
HALLMARK_ALLOGRAFT_REJECTION,CCR5,CCR5,ortholog_one2one,1
HALLMARK_ALLOGRAFT_REJECTION,CD1D,CD1D,ortholog_one2one,1
HALLMARK_ALLOGRAFT_REJECTION,CD2,CD2,ortholog_one2one,1
HALLMARK_ALLOGRAFT_REJECTION,CD247,CD247,ortholog_one2one,1
HALLMARK_ALLOGRAFT_REJECTION,CD28,CD28,ortholog_one2one,1
HALLMARK_ALLOGRAFT_REJECTION,CD3D,CD3D,ortholog_one2one,1
HALLMARK_ALLOGRAFT_REJECTION,CD3E,CD3E,ortholog_one2one,1
HALLMARK_ALLOGRAFT_REJECTION,CD3G,CD3G,ortholog_one2one,1
HALLMARK_ALLOGRAFT_REJECTION,CD4,CD4,ortholog_one2one,1
HALLMARK_ALLOGRAFT_REJECTION,CD40,CD40,ortholog_one2one,1
HALLMARK_ALLOGRAFT_REJECTION,CD40LG,CD40LG,ortholog_one2one,1
HALLMARK_ALLOGRAFT_REJECTION,CD47,CD47,ortholog_one2one,1
HALLMARK_ALLOGRAFT_REJECTION,CD7,CD7,ortholog_one2one,1
HALLMARK_ALLOGRAFT_REJECTION,CD74,CD74,ortholog_one2one,1
HALLMARK_ALLOGRAFT_REJECTION,CD79A,CD79A,ortholog_one2one,1
HALLMARK_ALLOGRAFT_REJECTION,CD86,CD86,ortholog_one2one,1
HALLMARK_ALLOGRAFT_REJECTION,CD8A,CD8A,ortholog_one2one,1
HALLMARK_ALLOGRAFT_REJECTION,CD96,CD96,ortholog_one2one,1
HALLMARK_ALLOGRAFT_REJECTION,CFP,CFP,ortholog_one2one,1
HALLMARK_ALLOGRAFT_REJECTION,CRTAM,CRTAM,ortholog_one2one,1
HALLMARK_ALLOGRAFT_REJECTION,CSF1,CSF1,ortholog_one2one,1
HALLMARK_ALLOGRAFT_REJECTION,CSK,CSK,ortholog_one2one,1
HALLMARK_ALLOGRAFT_REJECTION,CTSS,CTSS,ortholog_one2one,1
HALLMARK_ALLOGRAFT_REJECTION,CXCL13,CXCL13,ortholog_one2one,1
HALLMARK_ALLOGRAFT_REJECTION,CXCL9,CXCL9,ortholog_one2one,1
HALLMARK_ALLOGRAFT_REJECTION,CXCR3,CXCR3,ortholog_one2one,1
HALLMARK_ALLOGRAFT_REJECTION,DARS1,DARS1,ortholog_one2one,1
HALLMARK_ALLOGRAFT_REJECTION,DEGS1,DEGS1,ortholog_one2one,1
HALLMARK_ALLOGRAFT_REJECTION,DYRK3,DYRK3,ortholog_one2one,1
HALLMARK_ALLOGRAFT_REJECTION,EGFR,EGFR,ortholog_one2one,1
HALLMARK_ALLOGRAFT_REJECTION,EIF3A,EIF3A,ortholog_one2one,1
HALLMARK_ALLOGRAFT_REJECTION,EIF3D,EIF3D,ortholog_one2one,1
HALLMARK_ALLOGRAFT_REJECTION,EIF4G3,EIF4G3,ortholog_one2one,1
HALLMARK_ALLOGRAFT_REJECTION,ELANE,ELANE,ortholog_one2one,1
HALLMARK_ALLOGRAFT_REJECTION,ELF4,ELF4,ortholog_one2one,1
HALLMARK_ALLOGRAFT_REJECTION,EREG,EREG,ortholog_one2one,1
HALLMARK_ALLOGRAFT_REJECTION,ETS1,ETS1,ortholog_one2one,1
HALLMARK_ALLOGRAFT_REJECTION,F2,F2,ortholog_one2one,1
HALLMARK_ALLOGRAFT_REJECTION,F2R,F2R,ortholog_one2one,1
HALLMARK_ALLOGRAFT_REJECTION,FASLG,FASLG,ortholog_one2one,1
HALLMARK_ALLOGRAFT_REJECTION,FGR,FGR,ortholog_one2one,1
HALLMARK_ALLOGRAFT_REJECTION,FLNA,FLNA,ortholog_one2one,1
HALLMARK_ALLOGRAFT_REJECTION,FYB1,FYB1,ortholog_one2one,1
HALLMARK_ALLOGRAFT_REJECTION,GALNT1,GALNT1,ortholog_one2one,1
HALLMARK_ALLOGRAFT_REJECTION,GCNT1,GCNT1,ortholog_one2one,1
HALLMARK_ALLOGRAFT_REJECTION,GLMN,GLMN,ortholog_one2one,1
HALLMARK_ALLOGRAFT_REJECTION,GPR65,GPR65,ortholog_one2one,1
HALLMARK_ALLOGRAFT_REJECTION,GZMA,GZMA,ortholog_one2one,1
HALLMARK_ALLOGRAFT_REJECTION,GZMB,GZMB,ortholog_one2one,1
HALLMARK_ALLOGRAFT_REJECTION,HCLS1,HCLS1,ortholog_one2one,1
HALLMARK_ALLOGRAFT_REJECTION,HIF1A,HIF1A,ortholog_one2one,1
HALLMARK_ALLOGRAFT_REJECTION,HLA-A,Chsa-A,ortholog_one2many,1
HALLMARK_ALLOGRAFT_REJECTION,HLA-DMA,HLA-DMA,ortholog_one2one,1
HALLMARK_ALLOGRAFT_REJECTION,HLA-DMB,HLA-DMB,ortholog_one2one,1
HALLMARK_ALLOGRAFT_REJECTION,HLA-DOA,HLA-DOA,ortholog_one2one,1
HALLMARK_ALLOGRAFT_REJECTION,HLA-DOB,HLA-DOB,ortholog_one2one,1
HALLMARK_ALLOGRAFT_REJECTION,HLA-DQA1,HLA-DQA1,ortholog_one2one,1
HALLMARK_ALLOGRAFT_REJECTION,HLA-DRA,HLA-DRA,ortholog_one2one,1
HALLMARK_ALLOGRAFT_REJECTION,HLA-E,HLA-E,ortholog_one2many,1
HALLMARK_ALLOGRAFT_REJECTION,ICAM1,ICAM1,ortholog_one2one,1
HALLMARK_ALLOGRAFT_REJECTION,ICOSLG,ICOSLG,ortholog_one2one,1
HALLMARK_ALLOGRAFT_REJECTION,IFNAR2,IFNAR2,ortholog_one2one,1
HALLMARK_ALLOGRAFT_REJECTION,IFNG,IFNG,ortholog_one2one,1
HALLMARK_ALLOGRAFT_REJECTION,IFNGR1,IFNGR1,ortholog_one2one,1
HALLMARK_ALLOGRAFT_REJECTION,IFNGR2,IFNGR2,ortholog_one2one,1
HALLMARK_ALLOGRAFT_REJECTION,IGSF6,IGSF6,ortholog_one2one,1
HALLMARK_ALLOGRAFT_REJECTION,IKBKB,IKBKB,ortholog_one2one,1
HALLMARK_ALLOGRAFT_REJECTION,IL10,IL10,ortholog_one2one,1
HALLMARK_ALLOGRAFT_REJECTION,IL11,IL11,ortholog_one2one,1
HALLMARK_ALLOGRAFT_REJECTION,IL12A,IL12A,ortholog_one2one,1
HALLMARK_ALLOGRAFT_REJECTION,IL12B,IL12B,ortholog_one2one,1
HALLMARK_ALLOGRAFT_REJECTION,IL12RB1,IL12RB1,ortholog_one2one,1
HALLMARK_ALLOGRAFT_REJECTION,IL13,IL13,ortholog_one2one,1
HALLMARK_ALLOGRAFT_REJECTION,IL15,IL15,ortholog_one2one,1
HALLMARK_ALLOGRAFT_REJECTION,IL16,IL16,ortholog_one2one,1
HALLMARK_ALLOGRAFT_REJECTION,IL18,IL18,ortholog_one2one,1
HALLMARK_ALLOGRAFT_REJECTION,IL18RAP,IL18RAP,ortholog_one2one,1
HALLMARK_ALLOGRAFT_REJECTION,IL1B,IL1B,ortholog_one2one,1
HALLMARK_ALLOGRAFT_REJECTION,IL2,IL2,ortholog_one2one,1
HALLMARK_ALLOGRAFT_REJECTION,IL27RA,IL27RA,ortholog_one2one,1
HALLMARK_ALLOGRAFT_REJECTION,IL2RA,IL2RA,ortholog_one2one,1
HALLMARK_ALLOGRAFT_REJECTION,IL2RB,IL2RB,ortholog_one2one,1
HALLMARK_ALLOGRAFT_REJECTION,IL2RG,IL2RG,ortholog_one2one,1
HALLMARK_ALLOGRAFT_REJECTION,IL4,IL4,ortholog_one2one,1
HALLMARK_ALLOGRAFT_REJECTION,IL4R,IL4R,ortholog_one2one,1
HALLMARK_ALLOGRAFT_REJECTION,IL6,IL6,ortholog_one2one,1
HALLMARK_ALLOGRAFT_REJECTION,IL7,IL7,ortholog_one2one,1
HALLMARK_ALLOGRAFT_REJECTION,IL9,IL9,ortholog_one2one,1
HALLMARK_ALLOGRAFT_REJECTION,INHBA,INHBA,ortholog_one2one,1
HALLMARK_ALLOGRAFT_REJECTION,INHBB,INHBB,ortholog_one2one,1
HALLMARK_ALLOGRAFT_REJECTION,IRF4,IRF4,ortholog_one2one,1
HALLMARK_ALLOGRAFT_REJECTION,IRF7,IRF7,ortholog_one2one,1
HALLMARK_ALLOGRAFT_REJECTION,IRF8,IRF8,ortholog_one2one,1
HALLMARK_ALLOGRAFT_REJECTION,ITGAL,ITGAL,ortholog_one2one,1
HALLMARK_ALLOGRAFT_REJECTION,ITGB2,ITGB2,ortholog_one2one,1
HALLMARK_ALLOGRAFT_REJECTION,ITK,ITK,ortholog_one2one,1
HALLMARK_ALLOGRAFT_REJECTION,JAK2,JAK2,ortholog_one2one,1
HALLMARK_ALLOGRAFT_REJECTION,KRT1,KRT1,ortholog_one2one,1
HALLMARK_ALLOGRAFT_REJECTION,LCK,LCK,ortholog_one2one,1
HALLMARK_ALLOGRAFT_REJECTION,LCP2,LCP2,ortholog_one2one,1
HALLMARK_ALLOGRAFT_REJECTION,LIF,LIF,ortholog_one2one,1
HALLMARK_ALLOGRAFT_REJECTION,LY75,LY75,ortholog_one2one,1
HALLMARK_ALLOGRAFT_REJECTION,LY86,LY86,ortholog_one2one,1
HALLMARK_ALLOGRAFT_REJECTION,LYN,LYN,ortholog_one2one,1
HALLMARK_ALLOGRAFT_REJECTION,MAP3K7,MAP3K7,ortholog_one2one,1
HALLMARK_ALLOGRAFT_REJECTION,MAP4K1,MAP4K1,ortholog_one2one,1
HALLMARK_ALLOGRAFT_REJECTION,MBL2,MBL2,ortholog_one2one,1
HALLMARK_ALLOGRAFT_REJECTION,MMP9,MMP9,ortholog_one2one,1
HALLMARK_ALLOGRAFT_REJECTION,MRPL3,MRPL3,ortholog_one2one,1
HALLMARK_ALLOGRAFT_REJECTION,MTIF2,MTIF2,ortholog_one2one,1
HALLMARK_ALLOGRAFT_REJECTION,NCF4,NCF4,ortholog_one2one,1
HALLMARK_ALLOGRAFT_REJECTION,NCK1,NCK1,ortholog_one2one,1
HALLMARK_ALLOGRAFT_REJECTION,NCR1,NCR1,ortholog_one2one,1
HALLMARK_ALLOGRAFT_REJECTION,NLRP3,NLRP3,ortholog_one2one,1
HALLMARK_ALLOGRAFT_REJECTION,NME1,NME1,ortholog_one2one,1
HALLMARK_ALLOGRAFT_REJECTION,NOS2,NOS2,ortholog_one2one,1
HALLMARK_ALLOGRAFT_REJECTION,NPM1,NPM1,ortholog_one2one,1
HALLMARK_ALLOGRAFT_REJECTION,PRF1,PRF1,ortholog_one2one,1
HALLMARK_ALLOGRAFT_REJECTION,PRKCB,PRKCB,ortholog_one2one,1
HALLMARK_ALLOGRAFT_REJECTION,PRKCG,PRKCG,ortholog_one2one,1
HALLMARK_ALLOGRAFT_REJECTION,PSMB10,PSMB10,ortholog_one2one,1
HALLMARK_ALLOGRAFT_REJECTION,PTPN6,PTPN6,ortholog_one2one,1
HALLMARK_ALLOGRAFT_REJECTION,PTPRC,PTPRC,ortholog_one2one,1
HALLMARK_ALLOGRAFT_REJECTION,RARS1,RARS1,ortholog_one2one,1
HALLMARK_ALLOGRAFT_REJECTION,RIPK2,RIPK2,ortholog_one2one,1
HALLMARK_ALLOGRAFT_REJECTION,RPL3L,RPL3L,ortholog_one2one,1
HALLMARK_ALLOGRAFT_REJECTION,RPS19,RPS19,ortholog_one2one,1
HALLMARK_ALLOGRAFT_REJECTION,RPS3A,RPS3A,ortholog_one2one,1
HALLMARK_ALLOGRAFT_REJECTION,SIT1,SIT1,ortholog_one2one,1
HALLMARK_ALLOGRAFT_REJECTION,SOCS1,SOCS1,ortholog_one2one,1
HALLMARK_ALLOGRAFT_REJECTION,SOCS5,SOCS5,ortholog_one2one,1
HALLMARK_ALLOGRAFT_REJECTION,SPI1,SPI1,ortholog_one2one,1
HALLMARK_ALLOGRAFT_REJECTION,SRGN,SRGN,ortholog_one2one,1
HALLMARK_ALLOGRAFT_REJECTION,ST8SIA4,ST8SIA4,ortholog_one2one,1
HALLMARK_ALLOGRAFT_REJECTION,STAB1,STAB1,ortholog_one2one,1
HALLMARK_ALLOGRAFT_REJECTION,STAT1,STAT1,ortholog_one2one,1
HALLMARK_ALLOGRAFT_REJECTION,STAT4,STAT4,ortholog_one2one,1
HALLMARK_ALLOGRAFT_REJECTION,TAP1,TAP1,ortholog_one2one,1
HALLMARK_ALLOGRAFT_REJECTION,TAPBP,TAPBP,ortholog_one2one,1
HALLMARK_ALLOGRAFT_REJECTION,TGFB1,TGFB1,ortholog_one2one,1
HALLMARK_ALLOGRAFT_REJECTION,TGFB2,TGFB2,ortholog_one2one,1
HALLMARK_ALLOGRAFT_REJECTION,THY1,THY1,ortholog_one2one,1
HALLMARK_ALLOGRAFT_REJECTION,TIMP1,TIMP1,ortholog_one2one,1
HALLMARK_ALLOGRAFT_REJECTION,TLR1,TLR1,ortholog_one2one,1
HALLMARK_ALLOGRAFT_REJECTION,TLR2,TLR2,ortholog_one2one,1
HALLMARK_ALLOGRAFT_REJECTION,TLR3,TLR3,ortholog_one2one,1
HALLMARK_ALLOGRAFT_REJECTION,TLR6,TLR6,ortholog_one2one,1
HALLMARK_ALLOGRAFT_REJECTION,TPD52,TPD52,ortholog_one2one,1
HALLMARK_ALLOGRAFT_REJECTION,TRAF2,TRAF2,ortholog_one2one,1
HALLMARK_ALLOGRAFT_REJECTION,TRAT1,TRAT1,ortholog_one2one,1
HALLMARK_ALLOGRAFT_REJECTION,UBE2D1,UBE2D1,ortholog_one2one,1
HALLMARK_ALLOGRAFT_REJECTION,WARS1,WARS1,ortholog_one2one,1
HALLMARK_ALLOGRAFT_REJECTION,WAS,WAS,ortholog_one2one,1
HALLMARK_ALLOGRAFT_REJECTION,ZAP70,ZAP70,ortholog_one2one,1
HALLMARK_ANDROGEN_RESPONSE,ABCC4,ABCC4,ortholog_one2one,1
HALLMARK_ANDROGEN_RESPONSE,ABHD2,ABHD2,ortholog_one2one,1
HALLMARK_ANDROGEN_RESPONSE,ACSL3,ACSL3,ortholog_one2one,1
HALLMARK_ANDROGEN_RESPONSE,ACTN1,ACTN1,ortholog_one2one,1
HALLMARK_ANDROGEN_RESPONSE,ADAMTS1,ADAMTS1,ortholog_one2one,1
HALLMARK_ANDROGEN_RESPONSE,ADRM1,ADRM1,ortholog_one2one,1
HALLMARK_ANDROGEN_RESPONSE,AKAP12,AKAP12,ortholog_one2one,1
HALLMARK_ANDROGEN_RESPONSE,AKT1,AKT1,ortholog_one2one,1
HALLMARK_ANDROGEN_RESPONSE,ALDH1A3,ALDH1A3,ortholog_one2one,1
HALLMARK_ANDROGEN_RESPONSE,ANKH,ANKH,ortholog_one2one,1
HALLMARK_ANDROGEN_RESPONSE,APPBP2,APPBP2,ortholog_one2one,1
HALLMARK_ANDROGEN_RESPONSE,ARID5B,ARID5B,ortholog_one2one,1
HALLMARK_ANDROGEN_RESPONSE,AZGP1,AZGP1,ortholog_one2one,1
HALLMARK_ANDROGEN_RESPONSE,B2M,B2M,ortholog_one2one,1
HALLMARK_ANDROGEN_RESPONSE,B4GALT1,B4GALT1,ortholog_one2one,1
HALLMARK_ANDROGEN_RESPONSE,BMPR1B,BMPR1B,ortholog_one2one,1
HALLMARK_ANDROGEN_RESPONSE,CAMKK2,CAMKK2,ortholog_one2one,1
HALLMARK_ANDROGEN_RESPONSE,CCND1,CCND1,ortholog_one2one,1
HALLMARK_ANDROGEN_RESPONSE,CCND3,CCND3,ortholog_one2one,1
HALLMARK_ANDROGEN_RESPONSE,CDC14B,CDC14B,ortholog_one2one,1
HALLMARK_ANDROGEN_RESPONSE,CDK6,CDK6,ortholog_one2one,1
HALLMARK_ANDROGEN_RESPONSE,CENPN,CENPN,ortholog_one2one,1
HALLMARK_ANDROGEN_RESPONSE,DHCR24,DHCR24,ortholog_one2one,1
HALLMARK_ANDROGEN_RESPONSE,DNAJB9,DNAJB9,ortholog_one2one,1
HALLMARK_ANDROGEN_RESPONSE,ELK4,ELK4,ortholog_one2one,1
HALLMARK_ANDROGEN_RESPONSE,ELL2,ELL2,ortholog_one2one,1
HALLMARK_ANDROGEN_RESPONSE,ELOVL5,ELOVL5,ortholog_one2one,1
HALLMARK_ANDROGEN_RESPONSE,FADS1,FADS1,ortholog_one2one,1
HALLMARK_ANDROGEN_RESPONSE,FKBP5,FKBP5,ortholog_one2one,1
HALLMARK_ANDROGEN_RESPONSE,GNAI3,GNAI3,ortholog_one2one,1
HALLMARK_ANDROGEN_RESPONSE,GPD1L,GPD1L,ortholog_one2one,1
HALLMARK_ANDROGEN_RESPONSE,GSR,GSR,ortholog_one2one,1
HALLMARK_ANDROGEN_RESPONSE,GUCY1A1,GUCY1A1,ortholog_one2one,1
HALLMARK_ANDROGEN_RESPONSE,H1-0,H1-0,ortholog_one2one,1
HALLMARK_ANDROGEN_RESPONSE,HERC3,HERC3,ortholog_one2one,1
HALLMARK_ANDROGEN_RESPONSE,HMGCR,HMGCR,ortholog_one2one,1
HALLMARK_ANDROGEN_RESPONSE,HMGCS1,HMGCS1,ortholog_one2one,1
HALLMARK_ANDROGEN_RESPONSE,HOMER2,HOMER2,ortholog_one2one,1
HALLMARK_ANDROGEN_RESPONSE,HPGD,HPGD,ortholog_one2one,1
HALLMARK_ANDROGEN_RESPONSE,HSD17B14,HSD17B14,ortholog_one2one,1
HALLMARK_ANDROGEN_RESPONSE,IDI1,IDI1,ortholog_one2one,1
HALLMARK_ANDROGEN_RESPONSE,INPP4B,INPP4B,ortholog_one2one,1
HALLMARK_ANDROGEN_RESPONSE,INSIG1,INSIG1,ortholog_one2one,1
HALLMARK_ANDROGEN_RESPONSE,IQGAP2,IQGAP2,ortholog_one2one,1
HALLMARK_ANDROGEN_RESPONSE,ITGAV,ITGAV,ortholog_one2one,1
HALLMARK_ANDROGEN_RESPONSE,KLK2,KLK2,ortholog_one2one,1
HALLMARK_ANDROGEN_RESPONSE,KRT19,KRT19,ortholog_one2one,1
HALLMARK_ANDROGEN_RESPONSE,LIFR,LIFR,ortholog_one2one,1
HALLMARK_ANDROGEN_RESPONSE,LMAN1,LMAN1,ortholog_one2one,1
HALLMARK_ANDROGEN_RESPONSE,MAP7,MAP7,ortholog_one2one,1
HALLMARK_ANDROGEN_RESPONSE,MERTK,MERTK,ortholog_one2one,1
HALLMARK_ANDROGEN_RESPONSE,MYL12A,MYL12A,ortholog_one2one,1
HALLMARK_ANDROGEN_RESPONSE,NCOA4,NCOA4,ortholog_one2one,1
HALLMARK_ANDROGEN_RESPONSE,NDRG1,NDRG1,ortholog_one2one,1
HALLMARK_ANDROGEN_RESPONSE,NGLY1,NGLY1,ortholog_one2one,1
HALLMARK_ANDROGEN_RESPONSE,NKX3-1,NKX3-1,ortholog_one2one,1
HALLMARK_ANDROGEN_RESPONSE,PA2G4,PA2G4,ortholog_one2one,1
HALLMARK_ANDROGEN_RESPONSE,PDLIM5,PDLIM5,ortholog_one2one,1
HALLMARK_ANDROGEN_RESPONSE,PGM3,PGM3,ortholog_one2one,1
HALLMARK_ANDROGEN_RESPONSE,PIAS1,PIAS1,ortholog_one2one,1
HALLMARK_ANDROGEN_RESPONSE,PLPP1,PLPP1,ortholog_one2one,1
HALLMARK_ANDROGEN_RESPONSE,PMEPA1,PMEPA1,ortholog_one2one,1
HALLMARK_ANDROGEN_RESPONSE,PTK2B,PTK2B,ortholog_one2one,1
HALLMARK_ANDROGEN_RESPONSE,PTPN21,PTPN21,ortholog_one2one,1
HALLMARK_ANDROGEN_RESPONSE,RAB4A,RAB4A,ortholog_one2one,1
HALLMARK_ANDROGEN_RESPONSE,RPS6KA3,RPS6KA3,ortholog_one2one,1
HALLMARK_ANDROGEN_RESPONSE,RRP12,RRP12,ortholog_one2one,1
HALLMARK_ANDROGEN_RESPONSE,SAT1,SAT1,ortholog_one2one,1
HALLMARK_ANDROGEN_RESPONSE,SCD,SCD,ortholog_one2one,1
HALLMARK_ANDROGEN_RESPONSE,SEC24D,SEC24D,ortholog_one2one,1
HALLMARK_ANDROGEN_RESPONSE,SGK1,SGK1,ortholog_one2one,1
HALLMARK_ANDROGEN_RESPONSE,SLC26A2,SLC26A2,ortholog_one2one,1
HALLMARK_ANDROGEN_RESPONSE,SLC38A2,SLC38A2,ortholog_one2one,1
HALLMARK_ANDROGEN_RESPONSE,SMS,SMS,ortholog_one2one,1
HALLMARK_ANDROGEN_RESPONSE,SORD,SORD,ortholog_one2one,1
HALLMARK_ANDROGEN_RESPONSE,SPCS3,SPCS3,ortholog_one2one,1
HALLMARK_ANDROGEN_RESPONSE,SPDEF,SPDEF,ortholog_one2one,1
HALLMARK_ANDROGEN_RESPONSE,SRF,SRF,ortholog_one2one,1
HALLMARK_ANDROGEN_RESPONSE,STEAP4,STEAP4,ortholog_one2one,1
HALLMARK_ANDROGEN_RESPONSE,STK39,STK39,ortholog_one2one,1
HALLMARK_ANDROGEN_RESPONSE,TMEM50A,TMEM50A,ortholog_one2one,1
HALLMARK_ANDROGEN_RESPONSE,TMPRSS2,TMPRSS2,ortholog_one2one,1
HALLMARK_ANDROGEN_RESPONSE,TNFAIP8,TNFAIP8,ortholog_one2one,1
HALLMARK_ANDROGEN_RESPONSE,TPD52,TPD52,ortholog_one2one,1
HALLMARK_ANDROGEN_RESPONSE,TSC22D1,TSC22D1,ortholog_one2one,1
HALLMARK_ANDROGEN_RESPONSE,UAP1,UAP1,ortholog_one2one,1
HALLMARK_ANDROGEN_RESPONSE,UBE2I,UBE2I,ortholog_one2one,1
HALLMARK_ANDROGEN_RESPONSE,UBE2J1,UBE2J1,ortholog_one2one,1
HALLMARK_ANDROGEN_RESPONSE,VAPA,VAPA,ortholog_one2one,1
HALLMARK_ANDROGEN_RESPONSE,XRCC5,XRCC5,ortholog_one2one,1
HALLMARK_ANDROGEN_RESPONSE,XRCC6,XRCC6,ortholog_one2one,1
HALLMARK_ANDROGEN_RESPONSE,ZBTB10,ZBTB10,ortholog_one2one,1
HALLMARK_ANDROGEN_RESPONSE,ZMIZ1,ZMIZ1,ortholog_one2one,1
HALLMARK_ANGIOGENESIS,APOH,APOH,ortholog_one2one,1
HALLMARK_ANGIOGENESIS,APP,APP,ortholog_one2one,1
HALLMARK_ANGIOGENESIS,CCND2,CCND2,ortholog_one2one,1
HALLMARK_ANGIOGENESIS,COL3A1,COL3A1,ortholog_one2one,1
HALLMARK_ANGIOGENESIS,COL5A2,COL5A2,ortholog_one2one,1
HALLMARK_ANGIOGENESIS,CXCL6,CXCL6,ortholog_one2one,1
HALLMARK_ANGIOGENESIS,FGFR1,FGFR1,ortholog_one2one,1
HALLMARK_ANGIOGENESIS,FSTL1,FSTL1,ortholog_one2one,1
HALLMARK_ANGIOGENESIS,ITGAV,ITGAV,ortholog_one2one,1
HALLMARK_ANGIOGENESIS,JAG1,JAG1,ortholog_one2one,1
HALLMARK_ANGIOGENESIS,JAG2,JAG2,ortholog_one2one,1
HALLMARK_ANGIOGENESIS,KCNJ8,KCNJ8,ortholog_one2one,1
HALLMARK_ANGIOGENESIS,LPL,LPL,ortholog_one2one,1
HALLMARK_ANGIOGENESIS,LRPAP1,LRPAP1,ortholog_one2one,1
HALLMARK_ANGIOGENESIS,LUM,LUM,ortholog_one2one,1
HALLMARK_ANGIOGENESIS,MSX1,MSX1,ortholog_one2one,1
HALLMARK_ANGIOGENESIS,NRP1,NRP1,ortholog_one2one,1
HALLMARK_ANGIOGENESIS,OLR1,OLR1,ortholog_one2one,1
HALLMARK_ANGIOGENESIS,PDGFA,PDGFA,ortholog_one2one,1
HALLMARK_ANGIOGENESIS,PGLYRP1,PGLYRP1,ortholog_one2one,1
HALLMARK_ANGIOGENESIS,POSTN,POSTN,ortholog_one2one,1
HALLMARK_ANGIOGENESIS,PRG2,PRG2,ortholog_one2one,1
HALLMARK_ANGIOGENESIS,PTK2,PTK2,ortholog_one2one,1
HALLMARK_ANGIOGENESIS,S100A4,S100A4,ortholog_one2one,1
HALLMARK_ANGIOGENESIS,SERPINA5,SERPINA5,ortholog_one2one,1
HALLMARK_ANGIOGENESIS,SLCO2A1,SLCO2A1,ortholog_one2one,1
HALLMARK_ANGIOGENESIS,SPP1,SPP1,ortholog_one2one,1
HALLMARK_ANGIOGENESIS,STC1,STC1,ortholog_one2one,1
HALLMARK_ANGIOGENESIS,THBD,THBD,ortholog_one2one,1
HALLMARK_ANGIOGENESIS,TIMP1,TIMP1,ortholog_one2one,1
HALLMARK_ANGIOGENESIS,TNFRSF21,TNFRSF21,ortholog_one2one,1
HALLMARK_ANGIOGENESIS,VAV2,VAV2,ortholog_one2one,1
HALLMARK_ANGIOGENESIS,VCAN,VCAN,ortholog_one2one,1
HALLMARK_ANGIOGENESIS,VEGFA,VEGFA,ortholog_one2one,1
HALLMARK_ANGIOGENESIS,VTN,VTN,ortholog_one2one,1
HALLMARK_APICAL_JUNCTION,ACTA1,ACTA1,ortholog_one2one,1
HALLMARK_APICAL_JUNCTION,ACTC1,ACTC1,ortholog_one2one,1
HALLMARK_APICAL_JUNCTION,ACTG2,ACTG2,ortholog_one2one,1
HALLMARK_APICAL_JUNCTION,ACTN1,ACTN1,ortholog_one2one,1
HALLMARK_APICAL_JUNCTION,ACTN2,ACTN2,ortholog_one2one,1
HALLMARK_APICAL_JUNCTION,ACTN3,ACTN3,ortholog_one2one,1
HALLMARK_APICAL_JUNCTION,ACTN4,ACTN4,ortholog_one2one,1
HALLMARK_APICAL_JUNCTION,ADAM15,ADAM15,ortholog_one2one,1
HALLMARK_APICAL_JUNCTION,ADAM23,ADAM23,ortholog_one2one,1
HALLMARK_APICAL_JUNCTION,ADAM9,ADAM9,ortholog_one2one,1
HALLMARK_APICAL_JUNCTION,ADAMTS5,ADAMTS5,ortholog_one2one,1
HALLMARK_APICAL_JUNCTION,ADRA1B,ADRA1B,ortholog_one2one,1
HALLMARK_APICAL_JUNCTION,AKT2,AKT2,ortholog_one2one,1
HALLMARK_APICAL_JUNCTION,AKT3,AKT3,ortholog_one2one,1
HALLMARK_APICAL_JUNCTION,ALOX15B,ALOX15B,ortholog_one2one,1
HALLMARK_APICAL_JUNCTION,AMH,AMH,ortholog_one2one,1
HALLMARK_APICAL_JUNCTION,AMIGO1,AMIGO1,ortholog_one2one,1
HALLMARK_APICAL_JUNCTION,AMIGO2,AMIGO2,ortholog_one2one,1
HALLMARK_APICAL_JUNCTION,ARHGEF6,ARHGEF6,ortholog_one2one,1
HALLMARK_APICAL_JUNCTION,ARPC2,ARPC2,ortholog_one2one,1
HALLMARK_APICAL_JUNCTION,ATP1A3,ATP1A3,ortholog_one2one,1
HALLMARK_APICAL_JUNCTION,B4GALT1,B4GALT1,ortholog_one2one,1
HALLMARK_APICAL_JUNCTION,BAIAP2,BAIAP2,ortholog_one2one,1
HALLMARK_APICAL_JUNCTION,BMP1,BMP1,ortholog_one2one,1
HALLMARK_APICAL_JUNCTION,CADM2,CADM2,ortholog_one2one,1
HALLMARK_APICAL_JUNCTION,CADM3,CADM3,ortholog_one2one,1
HALLMARK_APICAL_JUNCTION,CALB2,CALB2,ortholog_one2one,1
HALLMARK_APICAL_JUNCTION,CAP1,CAP1,ortholog_one2one,1
HALLMARK_APICAL_JUNCTION,CD209,CD209,ortholog_one2one,1
HALLMARK_APICAL_JUNCTION,CD274,CD274,ortholog_one2one,1
HALLMARK_APICAL_JUNCTION,CD34,CD34,ortholog_one2one,1
HALLMARK_APICAL_JUNCTION,CD86,CD86,ortholog_one2one,1
HALLMARK_APICAL_JUNCTION,CDH1,CDH1,ortholog_one2one,1
HALLMARK_APICAL_JUNCTION,CDH11,CDH11,ortholog_one2one,1
HALLMARK_APICAL_JUNCTION,CDH15,CDH15,ortholog_one2one,1
HALLMARK_APICAL_JUNCTION,CDH3,CDH3,ortholog_one2one,1
HALLMARK_APICAL_JUNCTION,CDH4,CDH4,ortholog_one2one,1
HALLMARK_APICAL_JUNCTION,CDH6,CDH6,ortholog_one2one,1
HALLMARK_APICAL_JUNCTION,CDH8,CDH8,ortholog_one2one,1
HALLMARK_APICAL_JUNCTION,CDK8,CDK8,ortholog_one2one,1
HALLMARK_APICAL_JUNCTION,CDSN,CDSN,ortholog_one2one,1
HALLMARK_APICAL_JUNCTION,CERCAM,CERCAM,ortholog_one2one,1
HALLMARK_APICAL_JUNCTION,CLDN11,CLDN11,ortholog_one2one,1
HALLMARK_APICAL_JUNCTION,CLDN14,CLDN14,ortholog_one2one,1
HALLMARK_APICAL_JUNCTION,CLDN15,CLDN15,ortholog_one2one,1
HALLMARK_APICAL_JUNCTION,CLDN18,CLDN18,ortholog_one2one,1
HALLMARK_APICAL_JUNCTION,CLDN19,CLDN19,ortholog_one2one,1
HALLMARK_APICAL_JUNCTION,CLDN4,CLDN4,ortholog_one2one,1
HALLMARK_APICAL_JUNCTION,CLDN5,CLDN5,ortholog_one2one,1
HALLMARK_APICAL_JUNCTION,CLDN6,CLDN6,ortholog_one2one,1
HALLMARK_APICAL_JUNCTION,CLDN7,CLDN7,ortholog_one2one,1
HALLMARK_APICAL_JUNCTION,CLDN8,CLDN8,ortholog_one2one,1
HALLMARK_APICAL_JUNCTION,CLDN9,CLDN9,ortholog_one2one,1
HALLMARK_APICAL_JUNCTION,CNTN1,CNTN1,ortholog_one2one,1
HALLMARK_APICAL_JUNCTION,COL16A1,COL16A1,ortholog_one2one,1
HALLMARK_APICAL_JUNCTION,COL17A1,COL17A1,ortholog_one2one,1
HALLMARK_APICAL_JUNCTION,COL9A1,COL9A1,ortholog_one2one,1
HALLMARK_APICAL_JUNCTION,CRAT,CRAT,ortholog_one2one,1
HALLMARK_APICAL_JUNCTION,CRB3,CRB3,ortholog_one2one,1
HALLMARK_APICAL_JUNCTION,CTNNA1,CTNNA1,ortholog_one2one,1
HALLMARK_APICAL_JUNCTION,CTNND1,CTNND1,ortholog_one2one,1
HALLMARK_APICAL_JUNCTION,CX3CL1,CX3CL1,ortholog_one2one,1
HALLMARK_APICAL_JUNCTION,DHX16,DHX16,ortholog_one2one,1
HALLMARK_APICAL_JUNCTION,DLG1,DLG1,ortholog_one2one,1
HALLMARK_APICAL_JUNCTION,DMP1,DMP1,ortholog_one2one,1
HALLMARK_APICAL_JUNCTION,DSC1,DSC1,ortholog_one2one,1
HALLMARK_APICAL_JUNCTION,DSC3,DSC3,ortholog_one2one,1
HALLMARK_APICAL_JUNCTION,EGFR,EGFR,ortholog_one2one,1
HALLMARK_APICAL_JUNCTION,EPB41L2,EPB41L2,ortholog_one2one,1
HALLMARK_APICAL_JUNCTION,EVL,EVL,ortholog_one2one,1
HALLMARK_APICAL_JUNCTION,EXOC4,EXOC4,ortholog_one2one,1
HALLMARK_APICAL_JUNCTION,FBN1,FBN1,ortholog_one2one,1
HALLMARK_APICAL_JUNCTION,FLNC,FLNC,ortholog_one2one,1
HALLMARK_APICAL_JUNCTION,FSCN1,FSCN1,ortholog_one2one,1
HALLMARK_APICAL_JUNCTION,FYB1,FYB1,ortholog_one2one,1
HALLMARK_APICAL_JUNCTION,GAMT,GAMT,ortholog_one2one,1
HALLMARK_APICAL_JUNCTION,GNAI1,GNAI1,ortholog_one2one,1
HALLMARK_APICAL_JUNCTION,GNAI2,GNAI2,ortholog_one2one,1
HALLMARK_APICAL_JUNCTION,GRB7,GRB7,ortholog_one2one,1
HALLMARK_APICAL_JUNCTION,HADH,HADH,ortholog_one2one,1
HALLMARK_APICAL_JUNCTION,HRAS,HRAS,ortholog_one2one,1
HALLMARK_APICAL_JUNCTION,ICAM1,ICAM1,ortholog_one2one,1
HALLMARK_APICAL_JUNCTION,ICAM2,ICAM2,ortholog_one2one,1
HALLMARK_APICAL_JUNCTION,ICAM4,ICAM4,ortholog_one2one,1
HALLMARK_APICAL_JUNCTION,ICAM5,ICAM5,ortholog_one2one,1
HALLMARK_APICAL_JUNCTION,IKBKG,IKBKG,ortholog_one2one,1
HALLMARK_APICAL_JUNCTION,INPPL1,INPPL1,ortholog_one2one,1
HALLMARK_APICAL_JUNCTION,INSIG1,INSIG1,ortholog_one2one,1
HALLMARK_APICAL_JUNCTION,ITGA10,ITGA10,ortholog_one2one,1
HALLMARK_APICAL_JUNCTION,ITGA2,ITGA2,ortholog_one2one,1
HALLMARK_APICAL_JUNCTION,ITGA3,ITGA3,ortholog_one2one,1
HALLMARK_APICAL_JUNCTION,ITGA9,ITGA9,ortholog_one2one,1
HALLMARK_APICAL_JUNCTION,ITGB1,ITGB1,ortholog_one2one,1
HALLMARK_APICAL_JUNCTION,JAM3,JAM3,ortholog_one2one,1
HALLMARK_APICAL_JUNCTION,JUP,JUP,ortholog_one2one,1
HALLMARK_APICAL_JUNCTION,KCNH2,KCNH2,ortholog_one2one,1
HALLMARK_APICAL_JUNCTION,LAMA3,LAMA3,ortholog_one2one,1
HALLMARK_APICAL_JUNCTION,LAMB3,LAMB3,ortholog_one2one,1
HALLMARK_APICAL_JUNCTION,LAMC2,LAMC2,ortholog_one2one,1
HALLMARK_APICAL_JUNCTION,LAYN,LAYN,ortholog_one2one,1
HALLMARK_APICAL_JUNCTION,LDLRAP1,LDLRAP1,ortholog_one2one,1
HALLMARK_APICAL_JUNCTION,LIMA1,LIMA1,ortholog_one2one,1
HALLMARK_APICAL_JUNCTION,MADCAM1,MADCAM1,ortholog_one2one,1
HALLMARK_APICAL_JUNCTION,MAP4K2,MAP4K2,ortholog_one2one,1
HALLMARK_APICAL_JUNCTION,MAPK11,MAPK11,ortholog_one2one,1
HALLMARK_APICAL_JUNCTION,MAPK13,MAPK13,ortholog_one2one,1
HALLMARK_APICAL_JUNCTION,MAPK14,MAPK14,ortholog_one2one,1
HALLMARK_APICAL_JUNCTION,MMP2,MMP2,ortholog_one2one,1
HALLMARK_APICAL_JUNCTION,MMP9,MMP9,ortholog_one2one,1
HALLMARK_APICAL_JUNCTION,MPZL1,MPZL1,ortholog_one2one,1
HALLMARK_APICAL_JUNCTION,MPZL2,MPZL2,ortholog_one2one,1
HALLMARK_APICAL_JUNCTION,MSN,MSN,ortholog_one2one,1
HALLMARK_APICAL_JUNCTION,MVD,MVD,ortholog_one2one,1
HALLMARK_APICAL_JUNCTION,MYH10,MYH10,ortholog_one2one,1
HALLMARK_APICAL_JUNCTION,MYH9,MYH9,ortholog_one2one,1
HALLMARK_APICAL_JUNCTION,MYL12B,MYL12B,ortholog_one2one,1
HALLMARK_APICAL_JUNCTION,MYL9,MYL9,ortholog_one2one,1
HALLMARK_APICAL_JUNCTION,NECTIN1,NECTIN1,ortholog_one2one,1
HALLMARK_APICAL_JUNCTION,NECTIN2,NECTIN2,ortholog_one2one,1
HALLMARK_APICAL_JUNCTION,NECTIN3,NECTIN3,ortholog_one2one,1
HALLMARK_APICAL_JUNCTION,NECTIN4,NECTIN4,ortholog_one2one,1
HALLMARK_APICAL_JUNCTION,NEGR1,NEGR1,ortholog_one2one,1
HALLMARK_APICAL_JUNCTION,NEXN,NEXN,ortholog_one2one,1
HALLMARK_APICAL_JUNCTION,NF1,NF1,ortholog_one2one,1
HALLMARK_APICAL_JUNCTION,NF2,NF2,ortholog_one2one,1
HALLMARK_APICAL_JUNCTION,NFASC,NFASC,ortholog_one2one,1
HALLMARK_APICAL_JUNCTION,NHERF4,NHERF4,ortholog_one2one,1
HALLMARK_APICAL_JUNCTION,NLGN2,NLGN2,ortholog_one2one,1
HALLMARK_APICAL_JUNCTION,NLGN3,NLGN3,ortholog_one2one,1
HALLMARK_APICAL_JUNCTION,NRAP,NRAP,ortholog_one2one,1
HALLMARK_APICAL_JUNCTION,NRTN,NRTN,ortholog_one2one,1
HALLMARK_APICAL_JUNCTION,NRXN2,NRXN2,ortholog_one2one,1
HALLMARK_APICAL_JUNCTION,PALS1,PALS1,ortholog_one2one,1
HALLMARK_APICAL_JUNCTION,PARVA,PARVA,ortholog_one2one,1
HALLMARK_APICAL_JUNCTION,PBX2,PBX2,ortholog_one2one,1
HALLMARK_APICAL_JUNCTION,PCDH1,PCDH1,ortholog_one2one,1
HALLMARK_APICAL_JUNCTION,PECAM1,PECAM1,ortholog_one2one,1
HALLMARK_APICAL_JUNCTION,PFN1,PFN1,ortholog_one2one,1
HALLMARK_APICAL_JUNCTION,PIK3CB,PIK3CB,ortholog_one2one,1
HALLMARK_APICAL_JUNCTION,PIK3R3,PIK3R3,ortholog_one2one,1
HALLMARK_APICAL_JUNCTION,PKD1,PKD1,ortholog_one2one,1
HALLMARK_APICAL_JUNCTION,PLCG1,PLCG1,ortholog_one2one,1
HALLMARK_APICAL_JUNCTION,PPP2R2C,PPP2R2C,ortholog_one2one,1
HALLMARK_APICAL_JUNCTION,PTEN,PTEN,ortholog_one2one,1
HALLMARK_APICAL_JUNCTION,PTK2,PTK2,ortholog_one2one,1
HALLMARK_APICAL_JUNCTION,PTPRC,PTPRC,ortholog_one2one,1
HALLMARK_APICAL_JUNCTION,RAC2,RAC2,ortholog_one2one,1
HALLMARK_APICAL_JUNCTION,RASA1,RASA1,ortholog_one2one,1
HALLMARK_APICAL_JUNCTION,RHOF,RHOF,ortholog_one2one,1
HALLMARK_APICAL_JUNCTION,RRAS,RRAS,ortholog_one2one,1
HALLMARK_APICAL_JUNCTION,RSU1,RSU1,ortholog_one2one,1
HALLMARK_APICAL_JUNCTION,SDC3,SDC3,ortholog_one2one,1
HALLMARK_APICAL_JUNCTION,SGCE,SGCE,ortholog_one2one,1
HALLMARK_APICAL_JUNCTION,SHC1,SHC1,ortholog_one2one,1
HALLMARK_APICAL_JUNCTION,SHROOM2,SHROOM2,ortholog_one2one,1
HALLMARK_APICAL_JUNCTION,SKAP2,SKAP2,ortholog_one2one,1
HALLMARK_APICAL_JUNCTION,SLC30A3,SLC30A3,ortholog_one2one,1
HALLMARK_APICAL_JUNCTION,SLIT2,SLIT2,ortholog_one2one,1
HALLMARK_APICAL_JUNCTION,SORBS3,SORBS3,ortholog_one2one,1
HALLMARK_APICAL_JUNCTION,SPEG,SPEG,ortholog_one2one,1
HALLMARK_APICAL_JUNCTION,SRC,SRC,ortholog_one2one,1
HALLMARK_APICAL_JUNCTION,STX4,STX4,ortholog_one2one,1
HALLMARK_APICAL_JUNCTION,SYK,SYK,ortholog_one2one,1
HALLMARK_APICAL_JUNCTION,SYMPK,SYMPK,ortholog_one2one,1
HALLMARK_APICAL_JUNCTION,TAOK2,TAOK2,ortholog_one2one,1
HALLMARK_APICAL_JUNCTION,TGFBI,TGFBI,ortholog_one2one,1
HALLMARK_APICAL_JUNCTION,THBS3,THBS3,ortholog_one2one,1
HALLMARK_APICAL_JUNCTION,THY1,THY1,ortholog_one2one,1
HALLMARK_APICAL_JUNCTION,TIAL1,TIAL1,ortholog_one2one,1
HALLMARK_APICAL_JUNCTION,TJP1,TJP1,ortholog_one2one,1
HALLMARK_APICAL_JUNCTION,TMEM8B,TMEM8B,ortholog_one2one,1
HALLMARK_APICAL_JUNCTION,TNFRSF11B,TNFRSF11B,ortholog_one2one,1
HALLMARK_APICAL_JUNCTION,TRAF1,TRAF1,ortholog_one2one,1
HALLMARK_APICAL_JUNCTION,TRO,TRO,ortholog_one2one,1
HALLMARK_APICAL_JUNCTION,TSC1,TSC1,ortholog_one2one,1
HALLMARK_APICAL_JUNCTION,TSPAN4,TSPAN4,ortholog_one2one,1
HALLMARK_APICAL_JUNCTION,TUBG1,TUBG1,ortholog_one2one,1
HALLMARK_APICAL_JUNCTION,VASP,VASP,ortholog_one2one,1
HALLMARK_APICAL_JUNCTION,VAV2,VAV2,ortholog_one2one,1
HALLMARK_APICAL_JUNCTION,VCAM1,VCAM1,ortholog_one2one,1
HALLMARK_APICAL_JUNCTION,VCAN,VCAN,ortholog_one2one,1
HALLMARK_APICAL_JUNCTION,VCL,VCL,ortholog_one2one,1
HALLMARK_APICAL_JUNCTION,VWF,VWF,ortholog_one2one,1
HALLMARK_APICAL_JUNCTION,WASL,WASL,ortholog_one2one,1
HALLMARK_APICAL_JUNCTION,YWHAH,YWHAH,ortholog_one2one,1
HALLMARK_APICAL_JUNCTION,ZYX,ZYX,ortholog_one2one,1
HALLMARK_APICAL_SURFACE,ADAM10,ADAM10,ortholog_one2one,1
HALLMARK_APICAL_SURFACE,ADIPOR2,ADIPOR2,ortholog_one2one,1
HALLMARK_APICAL_SURFACE,AFAP1L2,AFAP1L2,ortholog_one2one,1
HALLMARK_APICAL_SURFACE,AKAP7,AKAP7,ortholog_one2one,1
HALLMARK_APICAL_SURFACE,APP,APP,ortholog_one2one,1
HALLMARK_APICAL_SURFACE,ATP6V0A4,ATP6V0A4,ortholog_one2one,1
HALLMARK_APICAL_SURFACE,ATP8B1,ATP8B1,ortholog_one2one,1
HALLMARK_APICAL_SURFACE,B4GALT1,B4GALT1,ortholog_one2one,1
HALLMARK_APICAL_SURFACE,CD160,CD160,ortholog_one2one,1
HALLMARK_APICAL_SURFACE,CROCC,CROCC,ortholog_one2one,1
HALLMARK_APICAL_SURFACE,CRYBG1,CRYBG1,ortholog_one2one,1
HALLMARK_APICAL_SURFACE,CX3CL1,CX3CL1,ortholog_one2one,1
HALLMARK_APICAL_SURFACE,DCBLD2,DCBLD2,ortholog_one2one,1
HALLMARK_APICAL_SURFACE,EFNA5,EFNA5,ortholog_one2one,1
HALLMARK_APICAL_SURFACE,EPHB4,EPHB4,ortholog_one2one,1
HALLMARK_APICAL_SURFACE,FLOT2,FLOT2,ortholog_one2one,1
HALLMARK_APICAL_SURFACE,GAS1,GAS1,ortholog_one2one,1
HALLMARK_APICAL_SURFACE,GATA3,GATA3,ortholog_one2one,1
HALLMARK_APICAL_SURFACE,GHRL,GHRL,ortholog_one2one,1
HALLMARK_APICAL_SURFACE,GSTM3,GSTM3,ortholog_one2one,1
HALLMARK_APICAL_SURFACE,HSPB1,HSPB1,ortholog_one2one,1
HALLMARK_APICAL_SURFACE,IL2RB,IL2RB,ortholog_one2one,1
HALLMARK_APICAL_SURFACE,IL2RG,IL2RG,ortholog_one2one,1
HALLMARK_APICAL_SURFACE,LYN,LYN,ortholog_one2one,1
HALLMARK_APICAL_SURFACE,LYPD3,LYPD3,ortholog_one2one,1
HALLMARK_APICAL_SURFACE,MAL,MAL,ortholog_one2one,1
HALLMARK_APICAL_SURFACE,MDGA1,MDGA1,ortholog_one2one,1
HALLMARK_APICAL_SURFACE,NCOA6,NCOA6,ortholog_one2one,1
HALLMARK_APICAL_SURFACE,NTNG1,NTNG1,ortholog_one2one,1
HALLMARK_APICAL_SURFACE,PCSK9,PCSK9,ortholog_one2one,1
HALLMARK_APICAL_SURFACE,PKHD1,PKHD1,ortholog_one2one,1
HALLMARK_APICAL_SURFACE,PLAUR,PLAUR,ortholog_one2one,1
HALLMARK_APICAL_SURFACE,RHCG,RHCG,ortholog_one2one,1
HALLMARK_APICAL_SURFACE,RTN4RL1,RTN4RL1,ortholog_one2one,1
HALLMARK_APICAL_SURFACE,SCUBE1,SCUBE1,ortholog_one2one,1
HALLMARK_APICAL_SURFACE,SHROOM2,SHROOM2,ortholog_one2one,1
HALLMARK_APICAL_SURFACE,SLC22A12,SLC22A12,ortholog_one2one,1
HALLMARK_APICAL_SURFACE,SLC2A4,SLC2A4,ortholog_one2one,1
HALLMARK_APICAL_SURFACE,SLC34A3,SLC34A3,ortholog_one2one,1
HALLMARK_APICAL_SURFACE,SRPX,SRPX,ortholog_one2one,1
HALLMARK_APICAL_SURFACE,SULF2,SULF2,ortholog_one2one,1
HALLMARK_APICAL_SURFACE,THY1,THY1,ortholog_one2one,1
HALLMARK_APICAL_SURFACE,TMEM8B,TMEM8B,ortholog_one2one,1
HALLMARK_APOPTOSIS,ADD1,ADD1,ortholog_one2one,1
HALLMARK_APOPTOSIS,AIFM3,AIFM3,ortholog_one2one,1
HALLMARK_APOPTOSIS,ANKH,ANKH,ortholog_one2one,1
HALLMARK_APOPTOSIS,ANXA1,ANXA1,ortholog_one2one,1
HALLMARK_APOPTOSIS,APP,APP,ortholog_one2one,1
HALLMARK_APOPTOSIS,ATF3,ATF3,ortholog_one2one,1
HALLMARK_APOPTOSIS,AVPR1A,AVPR1A,ortholog_one2one,1
HALLMARK_APOPTOSIS,BAX,BAX,ortholog_one2one,1
HALLMARK_APOPTOSIS,BCAP31,BCAP31,ortholog_one2one,1
HALLMARK_APOPTOSIS,BCL10,BCL10,ortholog_one2one,1
HALLMARK_APOPTOSIS,BCL2L1,BCL2L1,ortholog_one2one,1
HALLMARK_APOPTOSIS,BCL2L10,BCL2L10,ortholog_one2one,1
HALLMARK_APOPTOSIS,BCL2L11,BCL2L11,ortholog_one2one,1
HALLMARK_APOPTOSIS,BCL2L2,BCL2L2,ortholog_one2one,1
HALLMARK_APOPTOSIS,BGN,BGN,ortholog_one2one,1
HALLMARK_APOPTOSIS,BID,BID,ortholog_one2one,1
HALLMARK_APOPTOSIS,BIK,BIK,ortholog_one2one,1
HALLMARK_APOPTOSIS,BIRC3,BIRC3,ortholog_one2one,1
HALLMARK_APOPTOSIS,BMF,BMF,ortholog_one2one,1
HALLMARK_APOPTOSIS,BMP2,BMP2,ortholog_one2one,1
HALLMARK_APOPTOSIS,BNIP3L,BNIP3L,ortholog_one2one,1
HALLMARK_APOPTOSIS,BTG2,BTG2,ortholog_one2one,1
HALLMARK_APOPTOSIS,BTG3,BTG3,ortholog_one2one,1
HALLMARK_APOPTOSIS,CASP2,CASP2,ortholog_one2one,1
HALLMARK_APOPTOSIS,CASP3,CASP3,ortholog_one2one,1
HALLMARK_APOPTOSIS,CASP4,CASP4,ortholog_one2one,1
HALLMARK_APOPTOSIS,CASP6,CASP6,ortholog_one2one,1
HALLMARK_APOPTOSIS,CASP7,CASP7,ortholog_one2one,1
HALLMARK_APOPTOSIS,CASP8,CASP8,ortholog_one2one,1
HALLMARK_APOPTOSIS,CASP9,CASP9,ortholog_one2one,1
HALLMARK_APOPTOSIS,CAV1,CAV1,ortholog_one2one,1
HALLMARK_APOPTOSIS,CCNA1,CCNA1,ortholog_one2one,1
HALLMARK_APOPTOSIS,CCND1,CCND1,ortholog_one2one,1
HALLMARK_APOPTOSIS,CCND2,CCND2,ortholog_one2one,1
HALLMARK_APOPTOSIS,CD14,CD14,ortholog_one2one,1
HALLMARK_APOPTOSIS,CD2,CD2,ortholog_one2one,1
HALLMARK_APOPTOSIS,CD38,CD38,ortholog_one2one,1
HALLMARK_APOPTOSIS,CD44,CD44,ortholog_one2one,1
HALLMARK_APOPTOSIS,CD69,CD69,ortholog_one2one,1
HALLMARK_APOPTOSIS,CDC25B,CDC25B,ortholog_one2one,1
HALLMARK_APOPTOSIS,CDK2,CDK2,ortholog_one2one,1
HALLMARK_APOPTOSIS,CDKN1A,CDKN1A,ortholog_one2one,1
HALLMARK_APOPTOSIS,CDKN1B,CDKN1B,ortholog_one2one,1
HALLMARK_APOPTOSIS,CFLAR,CFLAR,ortholog_one2one,1
HALLMARK_APOPTOSIS,CLU,CLU,ortholog_one2one,1
HALLMARK_APOPTOSIS,CREBBP,CREBBP,ortholog_one2one,1
HALLMARK_APOPTOSIS,CTH,CTH,ortholog_one2one,1
HALLMARK_APOPTOSIS,CTNNB1,CTNNB1,ortholog_one2one,1
HALLMARK_APOPTOSIS,CYLD,CYLD,ortholog_one2one,1
HALLMARK_APOPTOSIS,DAP3,DAP3,ortholog_one2one,1
HALLMARK_APOPTOSIS,DCN,DCN,ortholog_one2one,1
HALLMARK_APOPTOSIS,DDIT3,DDIT3,ortholog_one2one,1
HALLMARK_APOPTOSIS,DFFA,DFFA,ortholog_one2one,1
HALLMARK_APOPTOSIS,DIABLO,DIABLO,ortholog_one2one,1
HALLMARK_APOPTOSIS,DNAJA1,DNAJA1,ortholog_one2one,1
HALLMARK_APOPTOSIS,DNAJC3,DNAJC3,ortholog_one2one,1
HALLMARK_APOPTOSIS,DNM1L,DNM1L,ortholog_one2one,1
HALLMARK_APOPTOSIS,DPYD,DPYD,ortholog_one2one,1
HALLMARK_APOPTOSIS,EBP,EBP,ortholog_one2one,1
HALLMARK_APOPTOSIS,EGR3,EGR3,ortholog_one2one,1
HALLMARK_APOPTOSIS,EMP1,EMP1,ortholog_one2one,1
HALLMARK_APOPTOSIS,ENO2,ENO2,ortholog_one2one,1
HALLMARK_APOPTOSIS,ERBB2,ERBB2,ortholog_one2one,1
HALLMARK_APOPTOSIS,ERBB3,ERBB3,ortholog_one2one,1
HALLMARK_APOPTOSIS,EREG,EREG,ortholog_one2one,1
HALLMARK_APOPTOSIS,F2,F2,ortholog_one2one,1
HALLMARK_APOPTOSIS,F2R,F2R,ortholog_one2one,1
HALLMARK_APOPTOSIS,FASLG,FASLG,ortholog_one2one,1
HALLMARK_APOPTOSIS,FDXR,FDXR,ortholog_one2one,1
HALLMARK_APOPTOSIS,FEZ1,FEZ1,ortholog_one2one,1
HALLMARK_APOPTOSIS,GADD45A,GADD45A,ortholog_one2one,1
HALLMARK_APOPTOSIS,GADD45B,GADD45B,ortholog_one2one,1
HALLMARK_APOPTOSIS,GCH1,GCH1,ortholog_one2one,1
HALLMARK_APOPTOSIS,GNA15,GNA15,ortholog_one2one,1
HALLMARK_APOPTOSIS,GPX1,GPX1,ortholog_one2one,1
HALLMARK_APOPTOSIS,GSN,GSN,ortholog_one2one,1
HALLMARK_APOPTOSIS,GSR,GSR,ortholog_one2one,1
HALLMARK_APOPTOSIS,GUCY2D,GUCY2D,ortholog_one2one,1
HALLMARK_APOPTOSIS,H1-0,H1-0,ortholog_one2one,1
HALLMARK_APOPTOSIS,HGF,HGF,ortholog_one2one,1
HALLMARK_APOPTOSIS,HMGB2,HMGB2,ortholog_one2one,1
HALLMARK_APOPTOSIS,HMOX1,HMOX1,ortholog_one2one,1
HALLMARK_APOPTOSIS,HSPB1,HSPB1,ortholog_one2one,1
HALLMARK_APOPTOSIS,IER3,IER3,ortholog_one2one,1
HALLMARK_APOPTOSIS,IFNB1,IFNB1,ortholog_one2one,1
HALLMARK_APOPTOSIS,IFNGR1,IFNGR1,ortholog_one2one,1
HALLMARK_APOPTOSIS,IGF2R,IGF2R,ortholog_one2one,1
HALLMARK_APOPTOSIS,IGFBP6,IGFBP6,ortholog_one2one,1
HALLMARK_APOPTOSIS,IL18,IL18,ortholog_one2one,1
HALLMARK_APOPTOSIS,IL1A,IL1A,ortholog_one2one,1
HALLMARK_APOPTOSIS,IL1B,IL1B,ortholog_one2one,1
HALLMARK_APOPTOSIS,IL6,IL6,ortholog_one2one,1
HALLMARK_APOPTOSIS,IRF1,IRF1,ortholog_one2one,1
HALLMARK_APOPTOSIS,ISG20,ISG20,ortholog_one2one,1
HALLMARK_APOPTOSIS,JUN,JUN,ortholog_one2one,1
HALLMARK_APOPTOSIS,LEF1,LEF1,ortholog_one2one,1
HALLMARK_APOPTOSIS,LGALS3,LGALS3,ortholog_one2one,1
HALLMARK_APOPTOSIS,LMNA,LMNA,ortholog_one2one,1
HALLMARK_APOPTOSIS,LUM,LUM,ortholog_one2one,1
HALLMARK_APOPTOSIS,MADD,MADD,ortholog_one2one,1
HALLMARK_APOPTOSIS,MCL1,MCL1,ortholog_one2one,1
HALLMARK_APOPTOSIS,MGMT,MGMT,ortholog_one2one,1
HALLMARK_APOPTOSIS,MMP2,MMP2,ortholog_one2one,1
HALLMARK_APOPTOSIS,NEDD9,NEDD9,ortholog_one2one,1
HALLMARK_APOPTOSIS,NEFH,NEFH,ortholog_one2one,1
HALLMARK_APOPTOSIS,PAK1,PAK1,ortholog_one2one,1
HALLMARK_APOPTOSIS,PDCD4,PDCD4,ortholog_one2one,1
HALLMARK_APOPTOSIS,PDGFRB,PDGFRB,ortholog_one2one,1
HALLMARK_APOPTOSIS,PEA15,PEA15,ortholog_one2one,1
HALLMARK_APOPTOSIS,PLAT,PLAT,ortholog_one2one,1
HALLMARK_APOPTOSIS,PLCB2,PLCB2,ortholog_one2one,1
HALLMARK_APOPTOSIS,PLPPR4,PLPPR4,ortholog_one2one,1
HALLMARK_APOPTOSIS,PMAIP1,PMAIP1,ortholog_one2one,1
HALLMARK_APOPTOSIS,PPP2R5B,PPP2R5B,ortholog_one2one,1
HALLMARK_APOPTOSIS,PPP3R1,PPP3R1,ortholog_one2one,1
HALLMARK_APOPTOSIS,PPT1,PPT1,ortholog_one2one,1
HALLMARK_APOPTOSIS,PRF1,PRF1,ortholog_one2one,1
HALLMARK_APOPTOSIS,PSEN1,PSEN1,ortholog_one2one,1
HALLMARK_APOPTOSIS,PSEN2,PSEN2,ortholog_one2one,1
HALLMARK_APOPTOSIS,PTK2,PTK2,ortholog_one2one,1
HALLMARK_APOPTOSIS,RARA,RARA,ortholog_one2one,1
HALLMARK_APOPTOSIS,RELA,RELA,ortholog_one2one,1
HALLMARK_APOPTOSIS,RETSAT,RETSAT,ortholog_one2one,1
HALLMARK_APOPTOSIS,RHOB,RHOB,ortholog_one2one,1
HALLMARK_APOPTOSIS,RHOT2,RHOT2,ortholog_one2one,1
HALLMARK_APOPTOSIS,RNASEL,RNASEL,ortholog_one2one,1
HALLMARK_APOPTOSIS,ROCK1,ROCK1,ortholog_one2one,1
HALLMARK_APOPTOSIS,SAT1,SAT1,ortholog_one2one,1
HALLMARK_APOPTOSIS,SATB1,SATB1,ortholog_one2one,1
HALLMARK_APOPTOSIS,SC5D,SC5D,ortholog_one2one,1
HALLMARK_APOPTOSIS,SLC20A1,SLC20A1,ortholog_one2one,1
HALLMARK_APOPTOSIS,SMAD7,SMAD7,ortholog_one2one,1
HALLMARK_APOPTOSIS,SOD2,SOD2,ortholog_one2one,1
HALLMARK_APOPTOSIS,SPTAN1,SPTAN1,ortholog_one2one,1
HALLMARK_APOPTOSIS,SQSTM1,SQSTM1,ortholog_one2one,1
HALLMARK_APOPTOSIS,TAP1,TAP1,ortholog_one2one,1
HALLMARK_APOPTOSIS,TGFB2,TGFB2,ortholog_one2one,1
HALLMARK_APOPTOSIS,TGFBR3,TGFBR3,ortholog_one2one,1
HALLMARK_APOPTOSIS,TIMP1,TIMP1,ortholog_one2one,1
HALLMARK_APOPTOSIS,TIMP2,TIMP2,ortholog_one2one,1
HALLMARK_APOPTOSIS,TIMP3,TIMP3,ortholog_one2one,1
HALLMARK_APOPTOSIS,TNFRSF12A,TNFRSF12A,ortholog_one2one,1
HALLMARK_APOPTOSIS,TNFSF10,TNFSF10,ortholog_one2one,1
HALLMARK_APOPTOSIS,TOP2A,TOP2A,ortholog_one2one,1
HALLMARK_APOPTOSIS,TSPO,TSPO,ortholog_one2one,1
HALLMARK_APOPTOSIS,TXNIP,TXNIP,ortholog_one2one,1
HALLMARK_APOPTOSIS,VDAC2,VDAC2,ortholog_one2one,1
HALLMARK_APOPTOSIS,WEE1,WEE1,ortholog_one2one,1
HALLMARK_BILE_ACID_METABOLISM,ABCA1,ABCA1,ortholog_one2one,1
HALLMARK_BILE_ACID_METABOLISM,ABCA2,ABCA2,ortholog_one2one,1
HALLMARK_BILE_ACID_METABOLISM,ABCA3,ABCA3,ortholog_one2one,1
HALLMARK_BILE_ACID_METABOLISM,ABCA4,ABCA4,ortholog_one2one,1
HALLMARK_BILE_ACID_METABOLISM,ABCA5,ABCA5,ortholog_one2one,1
HALLMARK_BILE_ACID_METABOLISM,ABCA6,ABCA6,ortholog_one2one,1
HALLMARK_BILE_ACID_METABOLISM,ABCA8,ABCA8,ortholog_one2one,1
HALLMARK_BILE_ACID_METABOLISM,ABCA9,ABCA9,ortholog_one2one,1
HALLMARK_BILE_ACID_METABOLISM,ABCD2,ABCD2,ortholog_one2one,1
HALLMARK_BILE_ACID_METABOLISM,ABCD3,ABCD3,ortholog_one2one,1
HALLMARK_BILE_ACID_METABOLISM,ABCG4,ABCG4,ortholog_one2one,1
HALLMARK_BILE_ACID_METABOLISM,ABCG8,ABCG8,ortholog_one2one,1
HALLMARK_BILE_ACID_METABOLISM,ACSL1,ACSL1,ortholog_one2one,1
HALLMARK_BILE_ACID_METABOLISM,ACSL5,ACSL5,ortholog_one2one,1
HALLMARK_BILE_ACID_METABOLISM,AGXT,AGXT,ortholog_one2one,1
HALLMARK_BILE_ACID_METABOLISM,AKR1D1,AKR1D1,ortholog_one2one,1
HALLMARK_BILE_ACID_METABOLISM,ALDH1A1,ALDH1A1,ortholog_one2one,1
HALLMARK_BILE_ACID_METABOLISM,ALDH8A1,ALDH8A1,ortholog_one2one,1
HALLMARK_BILE_ACID_METABOLISM,ALDH9A1,ALDH9A1,ortholog_one2one,1
HALLMARK_BILE_ACID_METABOLISM,AMACR,AMACR,ortholog_one2one,1
HALLMARK_BILE_ACID_METABOLISM,APOA1,APOA1,ortholog_one2one,1
HALLMARK_BILE_ACID_METABOLISM,AQP9,AQP9,ortholog_one2one,1
HALLMARK_BILE_ACID_METABOLISM,AR,AR,ortholog_one2one,1
HALLMARK_BILE_ACID_METABOLISM,ATXN1,ATXN1,ortholog_one2one,1
HALLMARK_BILE_ACID_METABOLISM,BBOX1,BBOX1,ortholog_one2one,1
HALLMARK_BILE_ACID_METABOLISM,BCAR3,BCAR3,ortholog_one2one,1
HALLMARK_BILE_ACID_METABOLISM,BMP6,BMP6,ortholog_one2one,1
HALLMARK_BILE_ACID_METABOLISM,CAT,CAT,ortholog_one2one,1
HALLMARK_BILE_ACID_METABOLISM,CH25H,CH25H,ortholog_one2one,1
HALLMARK_BILE_ACID_METABOLISM,CROT,CROT,ortholog_one2one,1
HALLMARK_BILE_ACID_METABOLISM,CYP27A1,CYP27A1,ortholog_one2one,1
HALLMARK_BILE_ACID_METABOLISM,CYP39A1,CYP39A1,ortholog_one2one,1
HALLMARK_BILE_ACID_METABOLISM,CYP46A1,CYP46A1,ortholog_one2one,1
HALLMARK_BILE_ACID_METABOLISM,CYP7A1,CYP7A1,ortholog_one2one,1
HALLMARK_BILE_ACID_METABOLISM,CYP7B1,CYP7B1,ortholog_one2one,1
HALLMARK_BILE_ACID_METABOLISM,CYP8B1,CYP8B1,ortholog_one2one,1
HALLMARK_BILE_ACID_METABOLISM,DHCR24,DHCR24,ortholog_one2one,1
HALLMARK_BILE_ACID_METABOLISM,EFHC1,EFHC1,ortholog_one2one,1
HALLMARK_BILE_ACID_METABOLISM,EPHX2,EPHX2,ortholog_one2one,1
HALLMARK_BILE_ACID_METABOLISM,FADS1,FADS1,ortholog_one2one,1
HALLMARK_BILE_ACID_METABOLISM,FADS2,FADS2,ortholog_one2one,1
HALLMARK_BILE_ACID_METABOLISM,FDXR,FDXR,ortholog_one2one,1
HALLMARK_BILE_ACID_METABOLISM,GC,GC,ortholog_one2one,1
HALLMARK_BILE_ACID_METABOLISM,GCLM,GCLM,ortholog_one2one,1
HALLMARK_BILE_ACID_METABOLISM,GNMT,GNMT,ortholog_one2one,1
HALLMARK_BILE_ACID_METABOLISM,GNPAT,GNPAT,ortholog_one2one,1
HALLMARK_BILE_ACID_METABOLISM,GSTK1,GSTK1,ortholog_one2one,1
HALLMARK_BILE_ACID_METABOLISM,HACL1,HACL1,ortholog_one2one,1
HALLMARK_BILE_ACID_METABOLISM,HAO1,HAO1,ortholog_one2one,1
HALLMARK_BILE_ACID_METABOLISM,HSD17B11,HSD17B11,ortholog_one2one,1
HALLMARK_BILE_ACID_METABOLISM,HSD17B4,HSD17B4,ortholog_one2one,1
HALLMARK_BILE_ACID_METABOLISM,HSD17B6,HSD17B6,ortholog_one2one,1
HALLMARK_BILE_ACID_METABOLISM,HSD3B1,HSD3B1,ortholog_one2one,1
HALLMARK_BILE_ACID_METABOLISM,HSD3B7,HSD3B7,ortholog_one2one,1
HALLMARK_BILE_ACID_METABOLISM,IDH1,IDH1,ortholog_one2one,1
HALLMARK_BILE_ACID_METABOLISM,IDH2,IDH2,ortholog_one2one,1
HALLMARK_BILE_ACID_METABOLISM,IDI1,IDI1,ortholog_one2one,1
HALLMARK_BILE_ACID_METABOLISM,ISOC1,ISOC1,ortholog_one2one,1
HALLMARK_BILE_ACID_METABOLISM,KLF1,KLF1,ortholog_one2one,1
HALLMARK_BILE_ACID_METABOLISM,LCK,LCK,ortholog_one2one,1
HALLMARK_BILE_ACID_METABOLISM,LIPE,LIPE,ortholog_one2one,1
HALLMARK_BILE_ACID_METABOLISM,LONP2,LONP2,ortholog_one2one,1
HALLMARK_BILE_ACID_METABOLISM,MLYCD,MLYCD,ortholog_one2one,1
HALLMARK_BILE_ACID_METABOLISM,NEDD4,NEDD4,ortholog_one2one,1
HALLMARK_BILE_ACID_METABOLISM,NPC1,NPC1,ortholog_one2one,1
HALLMARK_BILE_ACID_METABOLISM,NR0B2,NR0B2,ortholog_one2one,1
HALLMARK_BILE_ACID_METABOLISM,NR1H4,NR1H4,ortholog_one2one,1
HALLMARK_BILE_ACID_METABOLISM,NR1I2,NR1I2,ortholog_one2one,1
HALLMARK_BILE_ACID_METABOLISM,NUDT12,NUDT12,ortholog_one2one,1
HALLMARK_BILE_ACID_METABOLISM,OPTN,OPTN,ortholog_one2one,1
HALLMARK_BILE_ACID_METABOLISM,PAOX,PAOX,ortholog_one2one,1
HALLMARK_BILE_ACID_METABOLISM,PECR,PECR,ortholog_one2one,1
HALLMARK_BILE_ACID_METABOLISM,PEX1,PEX1,ortholog_one2one,1
HALLMARK_BILE_ACID_METABOLISM,PEX11A,PEX11A,ortholog_one2one,1
HALLMARK_BILE_ACID_METABOLISM,PEX11G,PEX11G,ortholog_one2one,1
HALLMARK_BILE_ACID_METABOLISM,PEX12,PEX12,ortholog_one2one,1
HALLMARK_BILE_ACID_METABOLISM,PEX13,PEX13,ortholog_one2one,1
HALLMARK_BILE_ACID_METABOLISM,PEX16,PEX16,ortholog_one2one,1
HALLMARK_BILE_ACID_METABOLISM,PEX19,PEX19,ortholog_one2one,1
HALLMARK_BILE_ACID_METABOLISM,PEX26,PEX26,ortholog_one2one,1
HALLMARK_BILE_ACID_METABOLISM,PEX6,PEX6,ortholog_one2one,1
HALLMARK_BILE_ACID_METABOLISM,PEX7,PEX7,ortholog_one2one,1
HALLMARK_BILE_ACID_METABOLISM,PFKM,PFKM,ortholog_one2one,1
HALLMARK_BILE_ACID_METABOLISM,PHYH,PHYH,ortholog_one2one,1
HALLMARK_BILE_ACID_METABOLISM,PIPOX,PIPOX,ortholog_one2one,1
HALLMARK_BILE_ACID_METABOLISM,PNPLA8,PNPLA8,ortholog_one2one,1
HALLMARK_BILE_ACID_METABOLISM,PRDX5,PRDX5,ortholog_one2one,1
HALLMARK_BILE_ACID_METABOLISM,PXMP2,PXMP2,ortholog_one2one,1
HALLMARK_BILE_ACID_METABOLISM,RBP1,RBP1,ortholog_one2one,1
HALLMARK_BILE_ACID_METABOLISM,RETSAT,RETSAT,ortholog_one2one,1
HALLMARK_BILE_ACID_METABOLISM,RXRA,RXRA,ortholog_one2one,1
HALLMARK_BILE_ACID_METABOLISM,RXRG,RXRG,ortholog_one2one,1
HALLMARK_BILE_ACID_METABOLISM,SCP2,SCP2,ortholog_one2one,1
HALLMARK_BILE_ACID_METABOLISM,SERPINA6,SERPINA6,ortholog_one2one,1
HALLMARK_BILE_ACID_METABOLISM,SLC23A1,SLC23A1,ortholog_one2one,1
HALLMARK_BILE_ACID_METABOLISM,SLC23A2,SLC23A2,ortholog_one2one,1
HALLMARK_BILE_ACID_METABOLISM,SLC27A2,SLC27A2,ortholog_one2one,1
HALLMARK_BILE_ACID_METABOLISM,SLC27A5,SLC27A5,ortholog_one2one,1
HALLMARK_BILE_ACID_METABOLISM,SLC29A1,SLC29A1,ortholog_one2one,1
HALLMARK_BILE_ACID_METABOLISM,SLC35B2,SLC35B2,ortholog_one2one,1
HALLMARK_BILE_ACID_METABOLISM,SLC67A1,SLC22A18,ortholog_one2one,1
HALLMARK_BILE_ACID_METABOLISM,SLCO1A2,SLCO1A2,ortholog_one2one,1
HALLMARK_BILE_ACID_METABOLISM,SOAT2,SOAT2,ortholog_one2one,1
HALLMARK_BILE_ACID_METABOLISM,SULT1B1,SULT1B1,ortholog_one2one,1
HALLMARK_BILE_ACID_METABOLISM,SULT2B1,SULT2B1,ortholog_one2one,1
HALLMARK_BILE_ACID_METABOLISM,TFCP2L1,TFCP2L1,ortholog_one2one,1
HALLMARK_BILE_ACID_METABOLISM,TTR,TTR,ortholog_one2one,1
HALLMARK_CHOLESTEROL_HOMEOSTASIS,ABCA2,ABCA2,ortholog_one2one,1
HALLMARK_CHOLESTEROL_HOMEOSTASIS,ACSS2,ACSS2,ortholog_one2one,1
HALLMARK_CHOLESTEROL_HOMEOSTASIS,ADH4,ADH4,ortholog_one2one,1
HALLMARK_CHOLESTEROL_HOMEOSTASIS,ALCAM,ALCAM,ortholog_one2one,1
HALLMARK_CHOLESTEROL_HOMEOSTASIS,ALDOC,ALDOC,ortholog_one2one,1
HALLMARK_CHOLESTEROL_HOMEOSTASIS,ANTXR2,ANTXR2,ortholog_one2one,1
HALLMARK_CHOLESTEROL_HOMEOSTASIS,ANXA13,ANXA13,ortholog_one2one,1
HALLMARK_CHOLESTEROL_HOMEOSTASIS,ANXA5,ANXA5,ortholog_one2one,1
HALLMARK_CHOLESTEROL_HOMEOSTASIS,ATF3,ATF3,ortholog_one2one,1
HALLMARK_CHOLESTEROL_HOMEOSTASIS,ATF5,ATF5,ortholog_one2one,1
HALLMARK_CHOLESTEROL_HOMEOSTASIS,ATXN2,ATXN2,ortholog_one2one,1
HALLMARK_CHOLESTEROL_HOMEOSTASIS,AVPR1A,AVPR1A,ortholog_one2one,1
HALLMARK_CHOLESTEROL_HOMEOSTASIS,CBS,CBS,ortholog_one2one,1
HALLMARK_CHOLESTEROL_HOMEOSTASIS,CD9,CD9,ortholog_one2one,1
HALLMARK_CHOLESTEROL_HOMEOSTASIS,CHKA,CHKA,ortholog_one2one,1
HALLMARK_CHOLESTEROL_HOMEOSTASIS,CLU,CLU,ortholog_one2one,1
HALLMARK_CHOLESTEROL_HOMEOSTASIS,CPEB2,CPEB2,ortholog_one2one,1
HALLMARK_CHOLESTEROL_HOMEOSTASIS,CTNNB1,CTNNB1,ortholog_one2one,1
HALLMARK_CHOLESTEROL_HOMEOSTASIS,CXCL16,CXCL16,ortholog_one2one,1
HALLMARK_CHOLESTEROL_HOMEOSTASIS,CYP51A1,CYP51A1,ortholog_one2one,1
HALLMARK_CHOLESTEROL_HOMEOSTASIS,DHCR7,DHCR7,ortholog_one2one,1
HALLMARK_CHOLESTEROL_HOMEOSTASIS,EBP,EBP,ortholog_one2one,1
HALLMARK_CHOLESTEROL_HOMEOSTASIS,ECH1,ECH1,ortholog_one2one,1
HALLMARK_CHOLESTEROL_HOMEOSTASIS,ERRFI1,ERRFI1,ortholog_one2one,1
HALLMARK_CHOLESTEROL_HOMEOSTASIS,ETHE1,ETHE1,ortholog_one2one,1
HALLMARK_CHOLESTEROL_HOMEOSTASIS,FADS2,FADS2,ortholog_one2one,1
HALLMARK_CHOLESTEROL_HOMEOSTASIS,FASN,FASN,ortholog_one2one,1
HALLMARK_CHOLESTEROL_HOMEOSTASIS,FBXO6,FBXO6,ortholog_one2one,1
HALLMARK_CHOLESTEROL_HOMEOSTASIS,FDFT1,FDFT1,ortholog_one2one,1
HALLMARK_CHOLESTEROL_HOMEOSTASIS,GLDC,GLDC,ortholog_one2one,1
HALLMARK_CHOLESTEROL_HOMEOSTASIS,GNAI1,GNAI1,ortholog_one2one,1
HALLMARK_CHOLESTEROL_HOMEOSTASIS,GPX8,GPX8,ortholog_one2one,1
HALLMARK_CHOLESTEROL_HOMEOSTASIS,HMGCR,HMGCR,ortholog_one2one,1
HALLMARK_CHOLESTEROL_HOMEOSTASIS,HMGCS1,HMGCS1,ortholog_one2one,1
HALLMARK_CHOLESTEROL_HOMEOSTASIS,HSD17B7,HSD17B7,ortholog_one2one,1
HALLMARK_CHOLESTEROL_HOMEOSTASIS,IDI1,IDI1,ortholog_one2one,1
HALLMARK_CHOLESTEROL_HOMEOSTASIS,JAG1,JAG1,ortholog_one2one,1
HALLMARK_CHOLESTEROL_HOMEOSTASIS,LDLR,LDLR,ortholog_one2one,1
HALLMARK_CHOLESTEROL_HOMEOSTASIS,LGALS3,LGALS3,ortholog_one2one,1
HALLMARK_CHOLESTEROL_HOMEOSTASIS,LGMN,LGMN,ortholog_one2one,1
HALLMARK_CHOLESTEROL_HOMEOSTASIS,LPL,LPL,ortholog_one2one,1
HALLMARK_CHOLESTEROL_HOMEOSTASIS,LSS,LSS,ortholog_one2one,1
HALLMARK_CHOLESTEROL_HOMEOSTASIS,MAL2,MAL2,ortholog_one2one,1
HALLMARK_CHOLESTEROL_HOMEOSTASIS,MVD,MVD,ortholog_one2one,1
HALLMARK_CHOLESTEROL_HOMEOSTASIS,MVK,MVK,ortholog_one2one,1
HALLMARK_CHOLESTEROL_HOMEOSTASIS,NFIL3,NFIL3,ortholog_one2one,1
HALLMARK_CHOLESTEROL_HOMEOSTASIS,NIBAN1,NIBAN1,ortholog_one2one,1
HALLMARK_CHOLESTEROL_HOMEOSTASIS,NSDHL,NSDHL,ortholog_one2one,1
HALLMARK_CHOLESTEROL_HOMEOSTASIS,PCYT2,PCYT2,ortholog_one2one,1
HALLMARK_CHOLESTEROL_HOMEOSTASIS,PDK3,PDK3,ortholog_one2one,1
HALLMARK_CHOLESTEROL_HOMEOSTASIS,PLAUR,PLAUR,ortholog_one2one,1
HALLMARK_CHOLESTEROL_HOMEOSTASIS,PLSCR1,PLSCR1,ortholog_one2one,1
HALLMARK_CHOLESTEROL_HOMEOSTASIS,PMVK,PMVK,ortholog_one2one,1
HALLMARK_CHOLESTEROL_HOMEOSTASIS,PNRC1,PNRC1,ortholog_one2one,1
HALLMARK_CHOLESTEROL_HOMEOSTASIS,PPARG,PPARG,ortholog_one2one,1
HALLMARK_CHOLESTEROL_HOMEOSTASIS,SC5D,SC5D,ortholog_one2one,1
HALLMARK_CHOLESTEROL_HOMEOSTASIS,SCD,SCD,ortholog_one2one,1
HALLMARK_CHOLESTEROL_HOMEOSTASIS,SEMA3B,SEMA3B,ortholog_one2one,1
HALLMARK_CHOLESTEROL_HOMEOSTASIS,SQLE,SQLE,ortholog_one2one,1
HALLMARK_CHOLESTEROL_HOMEOSTASIS,SREBF2,SREBF2,ortholog_one2one,1
HALLMARK_CHOLESTEROL_HOMEOSTASIS,STARD4,STARD4,ortholog_one2one,1
HALLMARK_CHOLESTEROL_HOMEOSTASIS,STX5,STX5,ortholog_one2one,1
HALLMARK_CHOLESTEROL_HOMEOSTASIS,TM7SF2,TM7SF2,ortholog_one2one,1
HALLMARK_CHOLESTEROL_HOMEOSTASIS,TMEM97,TMEM97,ortholog_one2one,1
HALLMARK_CHOLESTEROL_HOMEOSTASIS,TNFRSF12A,TNFRSF12A,ortholog_one2one,1
HALLMARK_CHOLESTEROL_HOMEOSTASIS,TP53INP1,TP53INP1,ortholog_one2one,1
HALLMARK_CHOLESTEROL_HOMEOSTASIS,TRIB3,TRIB3,ortholog_one2one,1
HALLMARK_COAGULATION,A2M,A2M,ortholog_one2one,1
HALLMARK_COAGULATION,ACOX2,ACOX2,ortholog_one2one,1
HALLMARK_COAGULATION,ADAM9,ADAM9,ortholog_one2one,1
HALLMARK_COAGULATION,ANXA1,ANXA1,ortholog_one2one,1
HALLMARK_COAGULATION,APOA1,APOA1,ortholog_one2one,1
HALLMARK_COAGULATION,APOC1,APOC1,ortholog_one2one,1
HALLMARK_COAGULATION,APOC2,APOC2,ortholog_one2one,1
HALLMARK_COAGULATION,APOC3,APOC3,ortholog_one2one,1
HALLMARK_COAGULATION,ARF4,ARF4,ortholog_one2one,1
HALLMARK_COAGULATION,BMP1,BMP1,ortholog_one2one,1
HALLMARK_COAGULATION,C1R,C1R,ortholog_one2one,1
HALLMARK_COAGULATION,C1S,C1S,ortholog_one2one,1
HALLMARK_COAGULATION,C3,C3,ortholog_one2one,1
HALLMARK_COAGULATION,C8A,C8A,ortholog_one2one,1
HALLMARK_COAGULATION,C8B,C8B,ortholog_one2one,1
HALLMARK_COAGULATION,C8G,C8G,ortholog_one2one,1
HALLMARK_COAGULATION,C9,C9,ortholog_one2one,1
HALLMARK_COAGULATION,CAPN2,CAPN2,ortholog_one2one,1
HALLMARK_COAGULATION,CAPN5,CAPN5,ortholog_one2one,1
HALLMARK_COAGULATION,CASP9,CASP9,ortholog_one2one,1
HALLMARK_COAGULATION,CD9,CD9,ortholog_one2one,1
HALLMARK_COAGULATION,CFB,CFB,ortholog_one2one,1
HALLMARK_COAGULATION,CFD,CFD,ortholog_one2one,1
HALLMARK_COAGULATION,CFH,CFH,ortholog_one2one,1
HALLMARK_COAGULATION,CFI,CFI,ortholog_one2one,1
HALLMARK_COAGULATION,CLU,CLU,ortholog_one2one,1
HALLMARK_COAGULATION,COMP,COMP,ortholog_one2one,1
HALLMARK_COAGULATION,CPB2,CPB2,ortholog_one2one,1
HALLMARK_COAGULATION,CPN1,CPN1,ortholog_one2one,1
HALLMARK_COAGULATION,CPQ,CPQ,ortholog_one2one,1
HALLMARK_COAGULATION,CRIP2,CRIP2,ortholog_one2one,1
HALLMARK_COAGULATION,CSRP1,CSRP1,ortholog_one2one,1
HALLMARK_COAGULATION,CTSB,CTSB,ortholog_one2one,1
HALLMARK_COAGULATION,CTSE,CTSE,ortholog_one2one,1
HALLMARK_COAGULATION,CTSH,CTSH,ortholog_one2one,1
HALLMARK_COAGULATION,CTSK,CTSK,ortholog_one2one,1
HALLMARK_COAGULATION,CTSO,CTSO,ortholog_one2one,1
HALLMARK_COAGULATION,CTSV,CTSV,ortholog_one2one,1
HALLMARK_COAGULATION,DCT,DCT,ortholog_one2one,1
HALLMARK_COAGULATION,DPP4,DPP4,ortholog_one2one,1
HALLMARK_COAGULATION,DUSP14,DUSP14,ortholog_one2one,1
HALLMARK_COAGULATION,DUSP6,DUSP6,ortholog_one2one,1
HALLMARK_COAGULATION,F10,F10,ortholog_one2one,1
HALLMARK_COAGULATION,F11,F11,ortholog_one2one,1
HALLMARK_COAGULATION,F12,F12,ortholog_one2one,1
HALLMARK_COAGULATION,F13B,F13B,ortholog_one2one,1
HALLMARK_COAGULATION,F2,F2,ortholog_one2one,1
HALLMARK_COAGULATION,F2RL2,F2RL2,ortholog_one2one,1
HALLMARK_COAGULATION,F3,F3,ortholog_one2one,1
HALLMARK_COAGULATION,F8,F8,ortholog_one2one,1
HALLMARK_COAGULATION,F9,F9,ortholog_one2one,1
HALLMARK_COAGULATION,FBN1,FBN1,ortholog_one2one,1
HALLMARK_COAGULATION,FGG,FGG,ortholog_one2one,1
HALLMARK_COAGULATION,FN1,FN1,ortholog_one2one,1
HALLMARK_COAGULATION,FURIN,FURIN,ortholog_one2one,1
HALLMARK_COAGULATION,FYN,FYN,ortholog_one2one,1
HALLMARK_COAGULATION,GDA,GDA,ortholog_one2one,1
HALLMARK_COAGULATION,GNB2,GNB2,ortholog_one2one,1
HALLMARK_COAGULATION,GNG12,GNG12,ortholog_one2one,1
HALLMARK_COAGULATION,GP1BA,GP1BA,ortholog_one2one,1
HALLMARK_COAGULATION,GP9,GP9,ortholog_one2one,1
HALLMARK_COAGULATION,GSN,GSN,ortholog_one2one,1
HALLMARK_COAGULATION,HMGCS2,HMGCS2,ortholog_one2one,1
HALLMARK_COAGULATION,HNF4A,HNF4A,ortholog_one2one,1
HALLMARK_COAGULATION,HPN,HPN,ortholog_one2one,1
HALLMARK_COAGULATION,HRG,HRG,ortholog_one2one,1
HALLMARK_COAGULATION,HTRA1,HTRA1,ortholog_one2one,1
HALLMARK_COAGULATION,ISCU,ISCU,ortholog_one2one,1
HALLMARK_COAGULATION,ITGA2,ITGA2,ortholog_one2one,1
HALLMARK_COAGULATION,ITGB3,ITGB3,ortholog_one2one,1
HALLMARK_COAGULATION,ITIH1,ITIH1,ortholog_one2one,1
HALLMARK_COAGULATION,KLF7,KLF7,ortholog_one2one,1
HALLMARK_COAGULATION,KLK8,KLK8,ortholog_one2one,1
HALLMARK_COAGULATION,KLKB1,KLKB1,ortholog_one2one,1
HALLMARK_COAGULATION,LAMP2,LAMP2,ortholog_one2one,1
HALLMARK_COAGULATION,LGMN,LGMN,ortholog_one2one,1
HALLMARK_COAGULATION,LRP1,LRP1,ortholog_one2one,1
HALLMARK_COAGULATION,LTA4H,LTA4H,ortholog_one2one,1
HALLMARK_COAGULATION,MAFF,MAFF,ortholog_one2one,1
HALLMARK_COAGULATION,MASP2,MASP2,ortholog_one2one,1
HALLMARK_COAGULATION,MBL2,MBL2,ortholog_one2one,1
HALLMARK_COAGULATION,MEP1A,MEP1A,ortholog_one2one,1
HALLMARK_COAGULATION,MMP1,MMP1,ortholog_one2one,1
HALLMARK_COAGULATION,MMP10,MMP10,ortholog_one2one,1
HALLMARK_COAGULATION,MMP11,MMP11,ortholog_one2one,1
HALLMARK_COAGULATION,MMP14,MMP14,ortholog_one2one,1
HALLMARK_COAGULATION,MMP15,MMP15,ortholog_one2one,1
HALLMARK_COAGULATION,MMP2,MMP2,ortholog_one2one,1
HALLMARK_COAGULATION,MMP3,MMP3,ortholog_one2one,1
HALLMARK_COAGULATION,MMP7,MMP7,ortholog_one2one,1
HALLMARK_COAGULATION,MMP8,MMP8,ortholog_one2one,1
HALLMARK_COAGULATION,MMP9,MMP9,ortholog_one2one,1
HALLMARK_COAGULATION,MSRB2,MSRB2,ortholog_one2one,1
HALLMARK_COAGULATION,MST1,MST1,ortholog_one2one,1
HALLMARK_COAGULATION,OLR1,OLR1,ortholog_one2one,1
HALLMARK_COAGULATION,PDGFB,PDGFB,ortholog_one2one,1
HALLMARK_COAGULATION,PECAM1,PECAM1,ortholog_one2one,1
HALLMARK_COAGULATION,PEF1,PEF1,ortholog_one2one,1
HALLMARK_COAGULATION,PLAT,PLAT,ortholog_one2one,1
HALLMARK_COAGULATION,PLAU,PLAU,ortholog_one2one,1
HALLMARK_COAGULATION,PLEK,PLEK,ortholog_one2one,1
HALLMARK_COAGULATION,PREP,PREP,ortholog_one2one,1
HALLMARK_COAGULATION,PROC,PROC,ortholog_one2one,1
HALLMARK_COAGULATION,PROS1,PROS1,ortholog_one2one,1
HALLMARK_COAGULATION,PROZ,PROZ,ortholog_one2one,1
HALLMARK_COAGULATION,PRSS23,PRSS23,ortholog_one2one,1
HALLMARK_COAGULATION,RABIF,RABIF,ortholog_one2one,1
HALLMARK_COAGULATION,RAPGEF3,RAPGEF3,ortholog_one2one,1
HALLMARK_COAGULATION,RGN,RGN,ortholog_one2one,1
HALLMARK_COAGULATION,S100A1,S100A1,ortholog_one2one,1
HALLMARK_COAGULATION,S100A13,S100A13,ortholog_one2one,1
HALLMARK_COAGULATION,SERPINA1,SERPINA1,ortholog_one2one,1
HALLMARK_COAGULATION,SERPINB2,SERPINB2,ortholog_one2one,1
HALLMARK_COAGULATION,SERPINE1,SERPINE1,ortholog_one2one,1
HALLMARK_COAGULATION,SERPING1,SERPING1,ortholog_one2one,1
HALLMARK_COAGULATION,SH2B2,SH2B2,ortholog_one2one,1
HALLMARK_COAGULATION,SIRT2,SIRT2,ortholog_one2one,1
HALLMARK_COAGULATION,SPARC,SPARC,ortholog_one2one,1
HALLMARK_COAGULATION,TF,TF,ortholog_one2one,1
HALLMARK_COAGULATION,TFPI2,TFPI2,ortholog_one2one,1
HALLMARK_COAGULATION,THBD,THBD,ortholog_one2one,1
HALLMARK_COAGULATION,THBS1,THBS1,ortholog_one2one,1
HALLMARK_COAGULATION,TIMP1,TIMP1,ortholog_one2one,1
HALLMARK_COAGULATION,TIMP3,TIMP3,ortholog_one2one,1
HALLMARK_COAGULATION,TMPRSS6,TMPRSS6,ortholog_one2one,1
HALLMARK_COAGULATION,USP11,USP11,ortholog_one2one,1
HALLMARK_COAGULATION,VWF,VWF,ortholog_one2one,1
HALLMARK_COAGULATION,WDR1,WDR1,ortholog_one2one,1
HALLMARK_COMPLEMENT,ACTN2,ACTN2,ortholog_one2one,1
HALLMARK_COMPLEMENT,ADAM9,ADAM9,ortholog_one2one,1
HALLMARK_COMPLEMENT,ADRA2B,ADRA2B,ortholog_one2one,1
HALLMARK_COMPLEMENT,AKAP10,AKAP10,ortholog_one2one,1
HALLMARK_COMPLEMENT,ANXA5,ANXA5,ortholog_one2one,1
HALLMARK_COMPLEMENT,APOA4,APOA4,ortholog_one2one,1
HALLMARK_COMPLEMENT,APOBEC3F,APOBEC3F,ortholog_one2one,1
HALLMARK_COMPLEMENT,APOBEC3G,APOBEC3G,ortholog_one2one,1
HALLMARK_COMPLEMENT,APOC1,APOC1,ortholog_one2one,1
HALLMARK_COMPLEMENT,BRPF3,BRPF3,ortholog_one2one,1
HALLMARK_COMPLEMENT,C1QC,C1QC,ortholog_one2one,1
HALLMARK_COMPLEMENT,C1R,C1R,ortholog_one2one,1
HALLMARK_COMPLEMENT,C1S,C1S,ortholog_one2one,1
HALLMARK_COMPLEMENT,C3,C3,ortholog_one2one,1
HALLMARK_COMPLEMENT,C4BPB,C4BPB,ortholog_one2one,1
HALLMARK_COMPLEMENT,C9,C9,ortholog_one2one,1
HALLMARK_COMPLEMENT,CA2,CA2,ortholog_one2one,1
HALLMARK_COMPLEMENT,CALM1,CALM1,ortholog_one2one,1
HALLMARK_COMPLEMENT,CALM3,CALM1,ortholog_one2one,1
HALLMARK_COMPLEMENT,CASP10,CASP10,ortholog_one2one,1
HALLMARK_COMPLEMENT,CASP3,CASP3,ortholog_one2one,1
HALLMARK_COMPLEMENT,CASP4,CASP4,ortholog_one2one,1
HALLMARK_COMPLEMENT,CASP5,CASP5,ortholog_one2one,1
HALLMARK_COMPLEMENT,CASP7,CASP7,ortholog_one2one,1
HALLMARK_COMPLEMENT,CASP9,CASP9,ortholog_one2one,1
HALLMARK_COMPLEMENT,CBLB,CBLB,ortholog_one2one,1
HALLMARK_COMPLEMENT,CCL5,CCL5,ortholog_one2one,1
HALLMARK_COMPLEMENT,CD36,CD36,ortholog_one2one,1
HALLMARK_COMPLEMENT,CD40LG,CD40LG,ortholog_one2one,1
HALLMARK_COMPLEMENT,CD46,CD46,ortholog_one2one,1
HALLMARK_COMPLEMENT,CD55,CD55,ortholog_one2one,1
HALLMARK_COMPLEMENT,CD59,CD59,ortholog_one2one,1
HALLMARK_COMPLEMENT,CDA,CDA,ortholog_one2one,1
HALLMARK_COMPLEMENT,CDH13,CDH13,ortholog_one2one,1
HALLMARK_COMPLEMENT,CDK5R1,CDK5R1,ortholog_one2one,1
HALLMARK_COMPLEMENT,CEBPB,CEBPB,ortholog_one2one,1
HALLMARK_COMPLEMENT,CFB,CFB,ortholog_one2one,1
HALLMARK_COMPLEMENT,CFH,CFH,ortholog_one2one,1
HALLMARK_COMPLEMENT,CLU,CLU,ortholog_one2one,1
HALLMARK_COMPLEMENT,COL4A2,COL4A2,ortholog_one2one,1
HALLMARK_COMPLEMENT,CP,CP,ortholog_one2one,1
HALLMARK_COMPLEMENT,CPM,CPM,ortholog_one2one,1
HALLMARK_COMPLEMENT,CPQ,CPQ,ortholog_one2one,1
HALLMARK_COMPLEMENT,CR2,CR2,ortholog_one2one,1
HALLMARK_COMPLEMENT,CSRP1,CSRP1,ortholog_one2one,1
HALLMARK_COMPLEMENT,CTSB,CTSB,ortholog_one2one,1
HALLMARK_COMPLEMENT,CTSC,CTSC,ortholog_one2one,1
HALLMARK_COMPLEMENT,CTSD,CTSD,ortholog_one2one,1
HALLMARK_COMPLEMENT,CTSH,CTSH,ortholog_one2one,1
HALLMARK_COMPLEMENT,CTSL,CTSL,ortholog_one2one,1
HALLMARK_COMPLEMENT,CTSO,CTSO,ortholog_one2one,1
HALLMARK_COMPLEMENT,CTSS,CTSS,ortholog_one2one,1
HALLMARK_COMPLEMENT,CTSV,CTSV,ortholog_one2one,1
HALLMARK_COMPLEMENT,CXCL1,CXCL1,ortholog_one2one,1
HALLMARK_COMPLEMENT,DGKG,DGKG,ortholog_one2one,1
HALLMARK_COMPLEMENT,DGKH,DGKH,ortholog_one2one,1
HALLMARK_COMPLEMENT,DOCK10,DOCK10,ortholog_one2one,1
HALLMARK_COMPLEMENT,DOCK4,DOCK4,ortholog_one2one,1
HALLMARK_COMPLEMENT,DOCK9,DOCK9,ortholog_one2one,1
HALLMARK_COMPLEMENT,DPP4,DPP4,ortholog_one2one,1
HALLMARK_COMPLEMENT,DUSP5,DUSP5,ortholog_one2one,1
HALLMARK_COMPLEMENT,DUSP6,DUSP6,ortholog_one2one,1
HALLMARK_COMPLEMENT,DYRK2,DYRK2,ortholog_one2one,1
HALLMARK_COMPLEMENT,EHD1,EHD1,ortholog_one2one,1
HALLMARK_COMPLEMENT,ERAP2,ERAP2,ortholog_one2one,1
HALLMARK_COMPLEMENT,F10,F10,ortholog_one2one,1
HALLMARK_COMPLEMENT,F2,F2,ortholog_one2one,1
HALLMARK_COMPLEMENT,F3,F3,ortholog_one2one,1
HALLMARK_COMPLEMENT,F5,F5,ortholog_one2one,1
HALLMARK_COMPLEMENT,F7,F7,ortholog_one2one,1
HALLMARK_COMPLEMENT,F8,F8,ortholog_one2one,1
HALLMARK_COMPLEMENT,FCER1G,FCER1G,ortholog_one2one,1
HALLMARK_COMPLEMENT,FCN1,FCN1,ortholog_one2one,1
HALLMARK_COMPLEMENT,FDX1,FDX1,ortholog_one2one,1
HALLMARK_COMPLEMENT,FN1,FN1,ortholog_one2one,1
HALLMARK_COMPLEMENT,FYN,FYN,ortholog_one2one,1
HALLMARK_COMPLEMENT,GATA3,GATA3,ortholog_one2one,1
HALLMARK_COMPLEMENT,GCA,GCA,ortholog_one2one,1
HALLMARK_COMPLEMENT,GMFB,GMFB,ortholog_one2one,1
HALLMARK_COMPLEMENT,GNAI2,GNAI2,ortholog_one2one,1
HALLMARK_COMPLEMENT,GNAI3,GNAI3,ortholog_one2one,1
HALLMARK_COMPLEMENT,GNB2,GNB2,ortholog_one2one,1
HALLMARK_COMPLEMENT,GNB4,GNB4,ortholog_one2one,1
HALLMARK_COMPLEMENT,GNG2,GNG2,ortholog_one2one,1
HALLMARK_COMPLEMENT,GNGT2,GNGT2,ortholog_one2one,1
HALLMARK_COMPLEMENT,GP1BA,GP1BA,ortholog_one2one,1
HALLMARK_COMPLEMENT,GP9,GP9,ortholog_one2one,1
HALLMARK_COMPLEMENT,GPD2,GPD2,ortholog_one2one,1
HALLMARK_COMPLEMENT,GRB2,GRB2,ortholog_one2one,1
HALLMARK_COMPLEMENT,GZMA,GZMA,ortholog_one2one,1
HALLMARK_COMPLEMENT,GZMB,GZMB,ortholog_one2one,1
HALLMARK_COMPLEMENT,GZMK,GZMK,ortholog_one2one,1
HALLMARK_COMPLEMENT,HNF4A,HNF4A,ortholog_one2one,1
HALLMARK_COMPLEMENT,HPCAL4,HPCAL4,ortholog_one2one,1
HALLMARK_COMPLEMENT,HSPA5,HSPA5,ortholog_one2one,1
HALLMARK_COMPLEMENT,IL6,IL6,ortholog_one2one,1
HALLMARK_COMPLEMENT,IRF1,IRF1,ortholog_one2one,1
HALLMARK_COMPLEMENT,IRF2,IRF2,ortholog_one2one,1
HALLMARK_COMPLEMENT,IRF7,IRF7,ortholog_one2one,1
HALLMARK_COMPLEMENT,ITGAM,ITGAM,ortholog_one2one,1
HALLMARK_COMPLEMENT,ITIH1,ITIH1,ortholog_one2one,1
HALLMARK_COMPLEMENT,JAK2,JAK2,ortholog_one2one,1
HALLMARK_COMPLEMENT,KCNIP2,KCNIP2,ortholog_one2one,1
HALLMARK_COMPLEMENT,KCNIP3,KCNIP3,ortholog_one2one,1
HALLMARK_COMPLEMENT,KIF2A,KIF2A,ortholog_one2one,1
HALLMARK_COMPLEMENT,KLK1,KLK1,ortholog_one2one,1
HALLMARK_COMPLEMENT,KLKB1,KLKB1,ortholog_one2one,1
HALLMARK_COMPLEMENT,KYNU,KYNU,ortholog_one2one,1
HALLMARK_COMPLEMENT,L3MBTL4,L3MBTL4,ortholog_one2one,1
HALLMARK_COMPLEMENT,LAMP2,LAMP2,ortholog_one2one,1
HALLMARK_COMPLEMENT,LAP3,LAP3,ortholog_one2one,1
HALLMARK_COMPLEMENT,LCK,LCK,ortholog_one2one,1
HALLMARK_COMPLEMENT,LCP2,LCP2,ortholog_one2one,1
HALLMARK_COMPLEMENT,LGALS3,LGALS3,ortholog_one2one,1
HALLMARK_COMPLEMENT,LGMN,LGMN,ortholog_one2one,1
HALLMARK_COMPLEMENT,LIPA,LIPA,ortholog_one2one,1
HALLMARK_COMPLEMENT,LRP1,LRP1,ortholog_one2one,1
HALLMARK_COMPLEMENT,LTA4H,LTA4H,ortholog_one2one,1
HALLMARK_COMPLEMENT,LTF,LTF,ortholog_one2one,1
HALLMARK_COMPLEMENT,LYN,LYN,ortholog_one2one,1
HALLMARK_COMPLEMENT,MAFF,MAFF,ortholog_one2one,1
HALLMARK_COMPLEMENT,ME1,ME1,ortholog_one2one,1
HALLMARK_COMPLEMENT,MMP12,MMP12,ortholog_one2one,1
HALLMARK_COMPLEMENT,MMP13,MMP13,ortholog_one2one,1
HALLMARK_COMPLEMENT,MMP14,MMP14,ortholog_one2one,1
HALLMARK_COMPLEMENT,MMP15,MMP15,ortholog_one2one,1
HALLMARK_COMPLEMENT,MMP8,MMP8,ortholog_one2one,1
HALLMARK_COMPLEMENT,MT3,MT3,ortholog_one2one,1
HALLMARK_COMPLEMENT,NOTCH4,NOTCH4,ortholog_one2one,1
HALLMARK_COMPLEMENT,OLR1,OLR1,ortholog_one2one,1
HALLMARK_COMPLEMENT,PCLO,PCLO,ortholog_one2one,1
HALLMARK_COMPLEMENT,PCSK9,PCSK9,ortholog_one2one,1
HALLMARK_COMPLEMENT,PDGFB,PDGFB,ortholog_one2one,1
HALLMARK_COMPLEMENT,PDP1,PDP1,ortholog_one2one,1
HALLMARK_COMPLEMENT,PFN1,PFN1,ortholog_one2one,1
HALLMARK_COMPLEMENT,PHEX,PHEX,ortholog_one2one,1
HALLMARK_COMPLEMENT,PIK3CA,PIK3CA,ortholog_one2one,1
HALLMARK_COMPLEMENT,PIK3CG,PIK3CG,ortholog_one2one,1
HALLMARK_COMPLEMENT,PIK3R5,PIK3R5,ortholog_one2one,1
HALLMARK_COMPLEMENT,PIM1,PIM1,ortholog_one2one,1
HALLMARK_COMPLEMENT,PLA2G4A,PLA2G4A,ortholog_one2one,1
HALLMARK_COMPLEMENT,PLA2G7,PLA2G7,ortholog_one2one,1
HALLMARK_COMPLEMENT,PLAT,PLAT,ortholog_one2one,1
HALLMARK_COMPLEMENT,PLAUR,PLAUR,ortholog_one2one,1
HALLMARK_COMPLEMENT,PLEK,PLEK,ortholog_one2one,1
HALLMARK_COMPLEMENT,PLSCR1,PLSCR1,ortholog_one2one,1
HALLMARK_COMPLEMENT,PPP2CB,PPP2CB,ortholog_one2one,1
HALLMARK_COMPLEMENT,PPP4C,PPP4C,ortholog_one2one,1
HALLMARK_COMPLEMENT,PRCP,PRCP,ortholog_one2one,1
HALLMARK_COMPLEMENT,PRDM4,PRDM4,ortholog_one2one,1
HALLMARK_COMPLEMENT,PREP,PREP,ortholog_one2one,1
HALLMARK_COMPLEMENT,PRKCD,PRKCD,ortholog_one2one,1
HALLMARK_COMPLEMENT,PRSS36,PRSS36,ortholog_one2one,1
HALLMARK_COMPLEMENT,PSEN1,PSEN1,ortholog_one2one,1
HALLMARK_COMPLEMENT,PSMB9,PSMB9,ortholog_one2one,1
HALLMARK_COMPLEMENT,RABIF,RABIF,ortholog_one2one,1
HALLMARK_COMPLEMENT,RAF1,RAF1,ortholog_one2one,1
HALLMARK_COMPLEMENT,RASGRP1,RASGRP1,ortholog_one2one,1
HALLMARK_COMPLEMENT,RBSN,RBSN,ortholog_one2one,1
HALLMARK_COMPLEMENT,RCE1,RCE1,ortholog_one2one,1
HALLMARK_COMPLEMENT,RHOG,RHOG,ortholog_one2one,1
HALLMARK_COMPLEMENT,S100A12,S100A12,ortholog_one2one,1
HALLMARK_COMPLEMENT,S100A13,S100A13,ortholog_one2one,1
HALLMARK_COMPLEMENT,S100A9,S100A9,ortholog_one2one,1
HALLMARK_COMPLEMENT,SCG3,SCG3,ortholog_one2one,1
HALLMARK_COMPLEMENT,SERPINA1,SERPINA1,ortholog_one2one,1
HALLMARK_COMPLEMENT,SERPINB2,SERPINB2,ortholog_one2one,1
HALLMARK_COMPLEMENT,SERPINE1,SERPINE1,ortholog_one2one,1
HALLMARK_COMPLEMENT,SERPING1,SERPING1,ortholog_one2one,1
HALLMARK_COMPLEMENT,SH2B3,SH2B3,ortholog_one2one,1
HALLMARK_COMPLEMENT,SIRT6,SIRT6,ortholog_one2one,1
HALLMARK_COMPLEMENT,SPOCK2,SPOCK2,ortholog_one2one,1
HALLMARK_COMPLEMENT,SRC,SRC,ortholog_one2one,1
HALLMARK_COMPLEMENT,STX4,STX4,ortholog_one2one,1
HALLMARK_COMPLEMENT,TFPI2,TFPI2,ortholog_one2one,1
HALLMARK_COMPLEMENT,TIMP1,TIMP1,ortholog_one2one,1
HALLMARK_COMPLEMENT,TIMP2,TIMP2,ortholog_one2one,1
HALLMARK_COMPLEMENT,TMPRSS6,TMPRSS6,ortholog_one2one,1
HALLMARK_COMPLEMENT,TNFAIP3,TNFAIP3,ortholog_one2one,1
HALLMARK_COMPLEMENT,USP14,USP14,ortholog_one2one,1
HALLMARK_COMPLEMENT,USP15,USP15,ortholog_one2one,1
HALLMARK_COMPLEMENT,USP16,USP16,ortholog_one2one,1
HALLMARK_COMPLEMENT,USP8,USP8,ortholog_one2one,1
HALLMARK_COMPLEMENT,VCPIP1,VCPIP1,ortholog_one2one,1
HALLMARK_COMPLEMENT,WAS,WAS,ortholog_one2one,1
HALLMARK_COMPLEMENT,XPNPEP1,XPNPEP1,ortholog_one2one,1
HALLMARK_COMPLEMENT,ZEB1,ZEB1,ortholog_one2one,1
HALLMARK_COMPLEMENT,ZFPM2,ZFPM2,ortholog_one2one,1
HALLMARK_DNA_REPAIR,ADCY6,ADCY6,ortholog_one2one,1
HALLMARK_DNA_REPAIR,ADRM1,ADRM1,ortholog_one2one,1
HALLMARK_DNA_REPAIR,AGO4,AGO4,ortholog_one2one,1
HALLMARK_DNA_REPAIR,AK1,AK1,ortholog_one2one,1
HALLMARK_DNA_REPAIR,AK3,AK3,ortholog_one2one,1
HALLMARK_DNA_REPAIR,ALYREF,ALYREF,ortholog_one2one,1
HALLMARK_DNA_REPAIR,APRT,APRT,ortholog_one2one,1
HALLMARK_DNA_REPAIR,ARL6IP1,ARL6IP1,ortholog_one2one,1
HALLMARK_DNA_REPAIR,BCAM,BCAM,ortholog_one2one,1
HALLMARK_DNA_REPAIR,BCAP31,BCAP31,ortholog_one2one,1
HALLMARK_DNA_REPAIR,BRF2,BRF2,ortholog_one2one,1
HALLMARK_DNA_REPAIR,CANT1,CANT1,ortholog_one2one,1
HALLMARK_DNA_REPAIR,CCNO,CCNO,ortholog_one2one,1
HALLMARK_DNA_REPAIR,CDA,CDA,ortholog_one2one,1
HALLMARK_DNA_REPAIR,CETN2,CETN2,ortholog_one2one,1
HALLMARK_DNA_REPAIR,CLP1,CLP1,ortholog_one2one,1
HALLMARK_DNA_REPAIR,CMPK2,CMPK2,ortholog_one2one,1
HALLMARK_DNA_REPAIR,COX17,COX17,ortholog_one2one,1
HALLMARK_DNA_REPAIR,DAD1,DAD1,ortholog_one2one,1
HALLMARK_DNA_REPAIR,DDB1,DDB1,ortholog_one2one,1
HALLMARK_DNA_REPAIR,DDB2,DDB2,ortholog_one2one,1
HALLMARK_DNA_REPAIR,DGCR8,DGCR8,ortholog_one2one,1
HALLMARK_DNA_REPAIR,DGUOK,DGUOK,ortholog_one2one,1
HALLMARK_DNA_REPAIR,DUT,DUT,ortholog_one2one,1
HALLMARK_DNA_REPAIR,EDF1,EDF1,ortholog_one2one,1
HALLMARK_DNA_REPAIR,EIF1B,EIF1B,ortholog_one2one,1
HALLMARK_DNA_REPAIR,ELL,ELL,ortholog_one2one,1
HALLMARK_DNA_REPAIR,ELOA,ELOA,ortholog_one2one,1
HALLMARK_DNA_REPAIR,ERCC1,ERCC1,ortholog_one2one,1
HALLMARK_DNA_REPAIR,ERCC2,ERCC2,ortholog_one2one,1
HALLMARK_DNA_REPAIR,ERCC3,ERCC3,ortholog_one2one,1
HALLMARK_DNA_REPAIR,ERCC4,ERCC4,ortholog_one2one,1
HALLMARK_DNA_REPAIR,ERCC8,ERCC8,ortholog_one2one,1
HALLMARK_DNA_REPAIR,FEN1,FEN1,ortholog_one2one,1
HALLMARK_DNA_REPAIR,GMPR2,GMPR2,ortholog_one2one,1
HALLMARK_DNA_REPAIR,GSDME,GSDME,ortholog_one2one,1
HALLMARK_DNA_REPAIR,GTF2B,GTF2B,ortholog_one2one,1
HALLMARK_DNA_REPAIR,GTF2H1,GTF2H1,ortholog_one2one,1
HALLMARK_DNA_REPAIR,GTF2H3,GTF2H3,ortholog_one2one,1
HALLMARK_DNA_REPAIR,GTF2H5,GTF2H5,ortholog_one2one,1
HALLMARK_DNA_REPAIR,GTF3C5,GTF3C5,ortholog_one2one,1
HALLMARK_DNA_REPAIR,GUK1,GUK1,ortholog_one2one,1
HALLMARK_DNA_REPAIR,HCLS1,HCLS1,ortholog_one2one,1
HALLMARK_DNA_REPAIR,HPRT1,HPRT1,ortholog_one2one,1
HALLMARK_DNA_REPAIR,IMPDH2,IMPDH,ortholog_one2one,1
HALLMARK_DNA_REPAIR,ITPA,ITPA,ortholog_one2one,1
HALLMARK_DNA_REPAIR,LIG1,LIG1,ortholog_one2one,1
HALLMARK_DNA_REPAIR,MPG,MPG,ortholog_one2one,1
HALLMARK_DNA_REPAIR,MRPL40,MRPL40,ortholog_one2one,1
HALLMARK_DNA_REPAIR,NCBP2,NCBP2,ortholog_one2one,1
HALLMARK_DNA_REPAIR,NELFB,NELFB,ortholog_one2one,1
HALLMARK_DNA_REPAIR,NELFCD,NELFCD,ortholog_one2one,1
HALLMARK_DNA_REPAIR,NELFE,NELFE,ortholog_one2one,1
HALLMARK_DNA_REPAIR,NFX1,NFX1,ortholog_one2one,1
HALLMARK_DNA_REPAIR,NME1,NME1,ortholog_one2one,1
HALLMARK_DNA_REPAIR,NME3,NME3,ortholog_one2one,1
HALLMARK_DNA_REPAIR,NME4,NME4,ortholog_one2one,1
HALLMARK_DNA_REPAIR,NPR2,NPR2,ortholog_one2one,1
HALLMARK_DNA_REPAIR,NT5C,NT5C,ortholog_one2one,1
HALLMARK_DNA_REPAIR,NT5C3A,NT5C3A,ortholog_one2one,1
HALLMARK_DNA_REPAIR,NUDT21,NUDT21,ortholog_one2one,1
HALLMARK_DNA_REPAIR,NUDT9,NUDT9,ortholog_one2one,1
HALLMARK_DNA_REPAIR,PCNA,PCNA,ortholog_one2one,1
HALLMARK_DNA_REPAIR,PDE4B,PDE4B,ortholog_one2one,1
HALLMARK_DNA_REPAIR,PDE6G,PDE6G,ortholog_one2one,1
HALLMARK_DNA_REPAIR,PNP,PNP,ortholog_one2one,1
HALLMARK_DNA_REPAIR,POLA1,POLA1,ortholog_one2one,1
HALLMARK_DNA_REPAIR,POLA2,POLA2,ortholog_one2one,1
HALLMARK_DNA_REPAIR,POLB,POLB,ortholog_one2one,1
HALLMARK_DNA_REPAIR,POLD1,POLD1,ortholog_one2one,1
HALLMARK_DNA_REPAIR,POLD4,POLD4,ortholog_one2one,1
HALLMARK_DNA_REPAIR,POLE4,POLE4,ortholog_one2one,1
HALLMARK_DNA_REPAIR,POLH,POLH,ortholog_one2one,1
HALLMARK_DNA_REPAIR,POLL,POLL,ortholog_one2one,1
HALLMARK_DNA_REPAIR,POLR1C,POLR1C,ortholog_one2one,1
HALLMARK_DNA_REPAIR,POLR1H,POLR1H,ortholog_one2one,1
HALLMARK_DNA_REPAIR,POLR2A,POLR2A,ortholog_one2one,1
HALLMARK_DNA_REPAIR,POLR2C,POLR2C,ortholog_one2one,1
HALLMARK_DNA_REPAIR,POLR2D,POLR2D,ortholog_one2one,1
HALLMARK_DNA_REPAIR,POLR2E,POLR2E,ortholog_one2one,1
HALLMARK_DNA_REPAIR,POLR2F,POLR2F,ortholog_one2one,1
HALLMARK_DNA_REPAIR,POLR2G,POLR2G,ortholog_one2one,1
HALLMARK_DNA_REPAIR,POLR2H,POLR2H,ortholog_one2one,1
HALLMARK_DNA_REPAIR,POLR2I,POLR2I,ortholog_one2one,1
HALLMARK_DNA_REPAIR,POLR2J,POLR2J,ortholog_one2one,1
HALLMARK_DNA_REPAIR,POLR2K,POLR2K,ortholog_one2one,1
HALLMARK_DNA_REPAIR,POLR3C,POLR3C,ortholog_one2one,1
HALLMARK_DNA_REPAIR,POLR3GL,POLR3GL,ortholog_one2one,1
HALLMARK_DNA_REPAIR,RAD51,RAD51,ortholog_one2one,1
HALLMARK_DNA_REPAIR,RAD52,RAD52,ortholog_one2one,1
HALLMARK_DNA_REPAIR,RAE1,RAE1,ortholog_one2one,1
HALLMARK_DNA_REPAIR,RALA,RALA,ortholog_one2one,1
HALLMARK_DNA_REPAIR,RBX1,RBX1,ortholog_one2one,1
HALLMARK_DNA_REPAIR,REV3L,REV3L,ortholog_one2one,1
HALLMARK_DNA_REPAIR,RFC2,RFC2,ortholog_one2one,1
HALLMARK_DNA_REPAIR,RFC3,RFC3,ortholog_one2one,1
HALLMARK_DNA_REPAIR,RFC4,RFC4,ortholog_one2one,1
HALLMARK_DNA_REPAIR,RFC5,RFC5,ortholog_one2one,1
HALLMARK_DNA_REPAIR,RNMT,RNMT,ortholog_one2one,1
HALLMARK_DNA_REPAIR,RPA2,RPA2,ortholog_one2one,1
HALLMARK_DNA_REPAIR,RPA3,RPA3,ortholog_one2one,1
HALLMARK_DNA_REPAIR,RRM2B,RRM2B,ortholog_one2one,1
HALLMARK_DNA_REPAIR,SAC3D1,SAC3D1,ortholog_one2one,1
HALLMARK_DNA_REPAIR,SEC61A1,SEC61A1,ortholog_one2one,1
HALLMARK_DNA_REPAIR,SF3A3,SF3A3,ortholog_one2one,1
HALLMARK_DNA_REPAIR,SMAD5,SMAD5,ortholog_one2one,1
HALLMARK_DNA_REPAIR,SNAPC4,SNAPC4,ortholog_one2one,1
HALLMARK_DNA_REPAIR,SNAPC5,SNAPC5,ortholog_one2one,1
HALLMARK_DNA_REPAIR,SRSF6,SRSF6,ortholog_one2one,1
HALLMARK_DNA_REPAIR,SSRP1,SSRP1,ortholog_one2one,1
HALLMARK_DNA_REPAIR,STX3,STX3,ortholog_one2one,1
HALLMARK_DNA_REPAIR,SUPT4H1,SUPT4H1,ortholog_one2one,1
HALLMARK_DNA_REPAIR,SUPT5H,SUPT5H,ortholog_one2one,1
HALLMARK_DNA_REPAIR,SURF1,SURF1,ortholog_one2one,1
HALLMARK_DNA_REPAIR,TAF10,TAF10,ortholog_one2one,1
HALLMARK_DNA_REPAIR,TAF12,TAF12,ortholog_one2one,1
HALLMARK_DNA_REPAIR,TAF13,TAF13,ortholog_one2one,1
HALLMARK_DNA_REPAIR,TAF1C,TAF1C,ortholog_one2one,1
HALLMARK_DNA_REPAIR,TAF6,TAF6,ortholog_one2one,1
HALLMARK_DNA_REPAIR,TARBP2,TARBP2,ortholog_one2one,1
HALLMARK_DNA_REPAIR,TK2,TK2,ortholog_one2one,1
HALLMARK_DNA_REPAIR,TMED2,TMED2,ortholog_one2one,1
HALLMARK_DNA_REPAIR,TP53,TP53,ortholog_one2one,1
HALLMARK_DNA_REPAIR,TSG101,TSG101,ortholog_one2one,1
HALLMARK_DNA_REPAIR,TYMS,TYMS,ortholog_one2one,1
HALLMARK_DNA_REPAIR,UMPS,UMPS,ortholog_one2one,1
HALLMARK_DNA_REPAIR,UPF3B,UPF3B,ortholog_one2one,1
HALLMARK_DNA_REPAIR,USP11,USP11,ortholog_one2one,1
HALLMARK_DNA_REPAIR,VPS28,VPS28,ortholog_one2one,1
HALLMARK_DNA_REPAIR,VPS37B,VPS37B,ortholog_one2one,1
HALLMARK_DNA_REPAIR,VPS37D,VPS37D,ortholog_one2one,1
HALLMARK_DNA_REPAIR,XPC,XPC,ortholog_one2one,1
HALLMARK_DNA_REPAIR,ZNF707,ZNF707,ortholog_one2one,1
HALLMARK_DNA_REPAIR,ZWINT,ZWINT,ortholog_one2one,1
HALLMARK_E2F_TARGETS,AK2,AK2,ortholog_one2many,1
HALLMARK_E2F_TARGETS,ANP32E,ANP32E,ortholog_one2one,1
HALLMARK_E2F_TARGETS,ASF1A,ASF1A,ortholog_one2one,1
HALLMARK_E2F_TARGETS,ASF1B,ASF1B,ortholog_one2one,1
HALLMARK_E2F_TARGETS,ATAD2,ATAD2,ortholog_one2one,1
HALLMARK_E2F_TARGETS,AURKA,AURKA,ortholog_one2one,1
HALLMARK_E2F_TARGETS,AURKB,AURKB,ortholog_one2one,1
HALLMARK_E2F_TARGETS,BARD1,BARD1,ortholog_one2one,1
HALLMARK_E2F_TARGETS,BRCA2,BRCA2,ortholog_one2one,1
HALLMARK_E2F_TARGETS,BRMS1L,BRMS1L,ortholog_one2one,1
HALLMARK_E2F_TARGETS,BUB1B,BUB1B,ortholog_one2one,1
HALLMARK_E2F_TARGETS,CBX5,CBX5,ortholog_one2one,1
HALLMARK_E2F_TARGETS,CCNB2,CCNB2,ortholog_one2one,1
HALLMARK_E2F_TARGETS,CCNE1,CCNE1,ortholog_one2one,1
HALLMARK_E2F_TARGETS,CCP110,CCP110,ortholog_one2one,1
HALLMARK_E2F_TARGETS,CDC20,CDC20,ortholog_one2one,1
HALLMARK_E2F_TARGETS,CDC25A,CDC25A,ortholog_one2one,1
HALLMARK_E2F_TARGETS,CDC25B,CDC25B,ortholog_one2one,1
HALLMARK_E2F_TARGETS,CDCA3,CDCA3,ortholog_one2one,1
HALLMARK_E2F_TARGETS,CDCA8,CDCA8,ortholog_one2one,1
HALLMARK_E2F_TARGETS,CDK4,CDK4,ortholog_one2one,1
HALLMARK_E2F_TARGETS,CDKN1A,CDKN1A,ortholog_one2one,1
HALLMARK_E2F_TARGETS,CDKN1B,CDKN1B,ortholog_one2one,1
HALLMARK_E2F_TARGETS,CDKN2C,CDKN2C,ortholog_one2one,1
HALLMARK_E2F_TARGETS,CDKN3,CDKN3,ortholog_one2one,1
HALLMARK_E2F_TARGETS,CENPM,CENPM,ortholog_one2one,1
HALLMARK_E2F_TARGETS,CHEK1,CHEK1,ortholog_one2one,1
HALLMARK_E2F_TARGETS,CIT,CIT,ortholog_one2one,1
HALLMARK_E2F_TARGETS,CNOT9,CNOT9,ortholog_one2one,1
HALLMARK_E2F_TARGETS,CSE1L,CSE1L,ortholog_one2one,1
HALLMARK_E2F_TARGETS,CTCF,CTCF,ortholog_one2one,1
HALLMARK_E2F_TARGETS,CTPS1,CTPS1,ortholog_one2one,1
HALLMARK_E2F_TARGETS,DCK,DCK,ortholog_one2one,1
HALLMARK_E2F_TARGETS,DCLRE1B,DCLRE1B,ortholog_one2one,1
HALLMARK_E2F_TARGETS,DCTPP1,DCTPP1,ortholog_one2one,1
HALLMARK_E2F_TARGETS,DDX39A,DDX39A,ortholog_one2one,1
HALLMARK_E2F_TARGETS,DEPDC1,DEPDC1,ortholog_one2one,1
HALLMARK_E2F_TARGETS,DLGAP5,DLGAP5,ortholog_one2one,1
HALLMARK_E2F_TARGETS,DNMT1,DNMT1,ortholog_one2one,1
HALLMARK_E2F_TARGETS,DONSON,DONSON,ortholog_one2one,1
HALLMARK_E2F_TARGETS,DSCC1,DSCC1,ortholog_one2one,1
HALLMARK_E2F_TARGETS,DUT,DUT,ortholog_one2one,1
HALLMARK_E2F_TARGETS,E2F8,E2F8,ortholog_one2one,1
HALLMARK_E2F_TARGETS,EED,EED,ortholog_one2one,1
HALLMARK_E2F_TARGETS,EIF2S1,EIF2S1,ortholog_one2one,1
HALLMARK_E2F_TARGETS,ESPL1,ESPL1,ortholog_one2one,1
HALLMARK_E2F_TARGETS,EXOSC8,EXOSC8,ortholog_one2one,1
HALLMARK_E2F_TARGETS,EZH2,EZH2,ortholog_one2one,1
HALLMARK_E2F_TARGETS,GINS1,GINS1,ortholog_one2one,1
HALLMARK_E2F_TARGETS,GINS3,GINS3,ortholog_one2one,1
HALLMARK_E2F_TARGETS,GINS4,GINS4,ortholog_one2one,1
HALLMARK_E2F_TARGETS,GSPT1,GSPT1,ortholog_one2one,1
HALLMARK_E2F_TARGETS,H2AX,H2AX,ortholog_one2one,1
HALLMARK_E2F_TARGETS,HELLS,HELLS,ortholog_one2one,1
HALLMARK_E2F_TARGETS,HMGA1,HMGA1,ortholog_one2one,1
HALLMARK_E2F_TARGETS,HMGB2,HMGB2,ortholog_one2one,1
HALLMARK_E2F_TARGETS,HMMR,HMMR,ortholog_one2one,1
HALLMARK_E2F_TARGETS,HNRNPD,HNRNPD,ortholog_one2one,1
HALLMARK_E2F_TARGETS,HUS1,HUS1,ortholog_one2one,1
HALLMARK_E2F_TARGETS,ILF3,ILF3,ortholog_one2one,1
HALLMARK_E2F_TARGETS,ING3,ING3,ortholog_one2one,1
HALLMARK_E2F_TARGETS,IPO7,IPO7,ortholog_one2one,1
HALLMARK_E2F_TARGETS,JPT1,JPT1,ortholog_one2one,1
HALLMARK_E2F_TARGETS,KIF18B,KIF18B,ortholog_one2one,1
HALLMARK_E2F_TARGETS,KIF22,KIF22,ortholog_one2one,1
HALLMARK_E2F_TARGETS,KIF2C,KIF2C,ortholog_one2one,1
HALLMARK_E2F_TARGETS,KPNA2,KPNA2,ortholog_one2one,1
HALLMARK_E2F_TARGETS,LBR,LBR,ortholog_one2one,1
HALLMARK_E2F_TARGETS,LIG1,LIG1,ortholog_one2one,1
HALLMARK_E2F_TARGETS,LMNB1,LMNB1,ortholog_one2one,1
HALLMARK_E2F_TARGETS,LUC7L3,LUC7L3,ortholog_one2one,1
HALLMARK_E2F_TARGETS,LYAR,LYAR,ortholog_one2one,1
HALLMARK_E2F_TARGETS,MCM2,MCM2,ortholog_one2one,1
HALLMARK_E2F_TARGETS,MCM3,MCM3,ortholog_one2one,1
HALLMARK_E2F_TARGETS,MCM4,MCM4,ortholog_one2one,1
HALLMARK_E2F_TARGETS,MCM5,MCM5,ortholog_one2one,1
HALLMARK_E2F_TARGETS,MCM6,MCM6,ortholog_one2one,1
HALLMARK_E2F_TARGETS,MCM7,MCM7,ortholog_one2one,1
HALLMARK_E2F_TARGETS,MELK,MELK,ortholog_one2one,1
HALLMARK_E2F_TARGETS,MKI67,MKI67,ortholog_one2one,1
HALLMARK_E2F_TARGETS,MLH1,MLH1,ortholog_one2one,1
HALLMARK_E2F_TARGETS,MMS22L,MMS22L,ortholog_one2one,1
HALLMARK_E2F_TARGETS,MRE11,MRE11,ortholog_one2one,1
HALLMARK_E2F_TARGETS,MSH2,MSH2,ortholog_one2one,1
HALLMARK_E2F_TARGETS,MTHFD2,MTHFD2,ortholog_one2one,1
HALLMARK_E2F_TARGETS,MXD3,MXD3,ortholog_one2one,1
HALLMARK_E2F_TARGETS,MYBL2,MYBL2,ortholog_one2one,1
HALLMARK_E2F_TARGETS,MYC,MYC,ortholog_one2one,1
HALLMARK_E2F_TARGETS,NAA38,NAA38,ortholog_one2one,1
HALLMARK_E2F_TARGETS,NAP1L1,NAP1L1,ortholog_one2one,1
HALLMARK_E2F_TARGETS,NASP,NASP,ortholog_one2one,1
HALLMARK_E2F_TARGETS,NBN,NBN,ortholog_one2one,1
HALLMARK_E2F_TARGETS,NCAPD2,NCAPD2,ortholog_one2one,1
HALLMARK_E2F_TARGETS,NME1,NME1,ortholog_one2one,1
HALLMARK_E2F_TARGETS,NOLC1,NOLC1,ortholog_one2one,1
HALLMARK_E2F_TARGETS,NOP56,NOP56,ortholog_one2one,1
HALLMARK_E2F_TARGETS,NUDT21,NUDT21,ortholog_one2one,1
HALLMARK_E2F_TARGETS,NUP107,NUP107,ortholog_one2one,1
HALLMARK_E2F_TARGETS,NUP153,NUP153,ortholog_one2one,1
HALLMARK_E2F_TARGETS,NUP205,NUP205,ortholog_one2one,1
HALLMARK_E2F_TARGETS,ORC2,ORC2,ortholog_one2one,1
HALLMARK_E2F_TARGETS,ORC6,ORC6,ortholog_one2one,1
HALLMARK_E2F_TARGETS,PA2G4,PA2G4,ortholog_one2one,1
HALLMARK_E2F_TARGETS,PAN2,PAN2,ortholog_one2one,1
HALLMARK_E2F_TARGETS,PCNA,PCNA,ortholog_one2one,1
HALLMARK_E2F_TARGETS,PDS5B,PDS5B,ortholog_one2one,1
HALLMARK_E2F_TARGETS,PHF5A,PHF5A,ortholog_one2one,1
HALLMARK_E2F_TARGETS,PLK1,PLK1,ortholog_one2one,1
HALLMARK_E2F_TARGETS,PLK4,PLK4,ortholog_one2one,1
HALLMARK_E2F_TARGETS,PMS2,PMS2,ortholog_one2one,1
HALLMARK_E2F_TARGETS,PNN,PNN,ortholog_one2one,1
HALLMARK_E2F_TARGETS,POLA2,POLA2,ortholog_one2one,1
HALLMARK_E2F_TARGETS,POLD1,POLD1,ortholog_one2one,1
HALLMARK_E2F_TARGETS,POLD2,POLD2,ortholog_one2one,1
HALLMARK_E2F_TARGETS,POLE,POLE,ortholog_one2one,1
HALLMARK_E2F_TARGETS,POLE4,POLE4,ortholog_one2one,1
HALLMARK_E2F_TARGETS,POP7,POP7,ortholog_one2one,1
HALLMARK_E2F_TARGETS,PPM1D,PPM1D,ortholog_one2one,1
HALLMARK_E2F_TARGETS,PPP1R8,PPP1R8,ortholog_one2one,1
HALLMARK_E2F_TARGETS,PRDX4,PRDX4,ortholog_one2one,1
HALLMARK_E2F_TARGETS,PRIM2,PRIM2,ortholog_one2one,1
HALLMARK_E2F_TARGETS,PRKDC,PRKDC,ortholog_one2one,1
HALLMARK_E2F_TARGETS,PRPS1,PRPS1,ortholog_one2one,1
HALLMARK_E2F_TARGETS,PSIP1,PSIP1,ortholog_one2one,1
HALLMARK_E2F_TARGETS,PSMC3IP,PSMC3IP,ortholog_one2one,1
HALLMARK_E2F_TARGETS,RACGAP1,RACGAP1,ortholog_one2one,1
HALLMARK_E2F_TARGETS,RAD1,RAD1,ortholog_one2one,1
HALLMARK_E2F_TARGETS,RAD21,RAD21,ortholog_one2one,1
HALLMARK_E2F_TARGETS,RAD50,RAD50,ortholog_one2one,1
HALLMARK_E2F_TARGETS,RAD51AP1,RAD51AP1,ortholog_one2one,1
HALLMARK_E2F_TARGETS,RAD51C,RAD51C,ortholog_one2one,1
HALLMARK_E2F_TARGETS,RANBP1,RANBP1,ortholog_one2one,1
HALLMARK_E2F_TARGETS,RBBP7,RBBP7,ortholog_one2one,1
HALLMARK_E2F_TARGETS,RFC1,RFC1,ortholog_one2one,1
HALLMARK_E2F_TARGETS,RFC2,RFC2,ortholog_one2one,1
HALLMARK_E2F_TARGETS,RFC3,RFC3,ortholog_one2one,1
HALLMARK_E2F_TARGETS,RNASEH2A,RNASEH2A,ortholog_one2one,1
HALLMARK_E2F_TARGETS,RPA1,RPA1,ortholog_one2one,1
HALLMARK_E2F_TARGETS,RPA2,RPA2,ortholog_one2one,1
HALLMARK_E2F_TARGETS,RPA3,RPA3,ortholog_one2one,1
HALLMARK_E2F_TARGETS,RRM2,RRM2,ortholog_one2one,1
HALLMARK_E2F_TARGETS,SHMT1,SHMT1,ortholog_one2one,1
HALLMARK_E2F_TARGETS,SLBP,SLBP,ortholog_one2one,1
HALLMARK_E2F_TARGETS,SMC1A,SMC1A,ortholog_one2one,1
HALLMARK_E2F_TARGETS,SMC3,SMC3,ortholog_one2one,1
HALLMARK_E2F_TARGETS,SMC4,SMC4,ortholog_one2one,1
HALLMARK_E2F_TARGETS,SMC6,SMC6,ortholog_one2one,1
HALLMARK_E2F_TARGETS,SNRPB,SNRPB,ortholog_one2one,1
HALLMARK_E2F_TARGETS,SPAG5,SPAG5,ortholog_one2one,1
HALLMARK_E2F_TARGETS,SPC25,SPC25,ortholog_one2one,1
HALLMARK_E2F_TARGETS,SRSF1,SRSF1,ortholog_one2one,1
HALLMARK_E2F_TARGETS,SRSF2,SRSF2,ortholog_one2one,1
HALLMARK_E2F_TARGETS,SSRP1,SSRP1,ortholog_one2one,1
HALLMARK_E2F_TARGETS,STAG1,STAG1,ortholog_one2one,1
HALLMARK_E2F_TARGETS,STMN1,STMN1,ortholog_one2one,1
HALLMARK_E2F_TARGETS,SUV39H1,SUV39H1,ortholog_one2one,1
HALLMARK_E2F_TARGETS,SYNCRIP,SYNCRIP,ortholog_one2one,1
HALLMARK_E2F_TARGETS,TACC3,TACC3,ortholog_one2one,1
HALLMARK_E2F_TARGETS,TBRG4,TBRG4,ortholog_one2one,1
HALLMARK_E2F_TARGETS,TCF19,TCF19,ortholog_one2one,1
HALLMARK_E2F_TARGETS,TFRC,TFRC,ortholog_one2one,1
HALLMARK_E2F_TARGETS,TIMELESS,TIMELESS,ortholog_one2one,1
HALLMARK_E2F_TARGETS,TIPIN,TIPIN,ortholog_one2one,1
HALLMARK_E2F_TARGETS,TK1,TK1,ortholog_one2one,1
HALLMARK_E2F_TARGETS,TMPO,TMPO,ortholog_one2one,1
HALLMARK_E2F_TARGETS,TOP2A,TOP2A,ortholog_one2one,1
HALLMARK_E2F_TARGETS,TP53,TP53,ortholog_one2one,1
HALLMARK_E2F_TARGETS,TRA2B,TRA2B,ortholog_one2one,1
HALLMARK_E2F_TARGETS,TRIP13,TRIP13,ortholog_one2one,1
HALLMARK_E2F_TARGETS,TUBB,TUBB,ortholog_one2one,1
HALLMARK_E2F_TARGETS,TUBG1,TUBG1,ortholog_one2one,1
HALLMARK_E2F_TARGETS,UBE2S,UBE2S,ortholog_one2one,1
HALLMARK_E2F_TARGETS,UBE2T,UBE2T,ortholog_one2one,1
HALLMARK_E2F_TARGETS,UBR7,UBR7,ortholog_one2one,1
HALLMARK_E2F_TARGETS,UNG,UNG,ortholog_one2one,1
HALLMARK_E2F_TARGETS,USP1,USP1,ortholog_one2one,1
HALLMARK_E2F_TARGETS,WDR90,WDR90,ortholog_one2one,1
HALLMARK_E2F_TARGETS,WEE1,WEE1,ortholog_one2one,1
HALLMARK_E2F_TARGETS,XPO1,XPO1,ortholog_one2one,1
HALLMARK_E2F_TARGETS,XRCC6,XRCC6,ortholog_one2one,1
HALLMARK_E2F_TARGETS,ZW10,ZW10,ortholog_one2one,1
HALLMARK_EPITHELIAL_MESENCHYMAL_TRANSITION,ABI3BP,ABI3BP,ortholog_one2one,1
HALLMARK_EPITHELIAL_MESENCHYMAL_TRANSITION,ACTA2,ACTA2,ortholog_one2one,1
HALLMARK_EPITHELIAL_MESENCHYMAL_TRANSITION,ADAM12,ADAM12,ortholog_one2one,1
HALLMARK_EPITHELIAL_MESENCHYMAL_TRANSITION,ANPEP,ANPEP,ortholog_one2one,1
HALLMARK_EPITHELIAL_MESENCHYMAL_TRANSITION,APLP1,APLP1,ortholog_one2one,1
HALLMARK_EPITHELIAL_MESENCHYMAL_TRANSITION,AREG,AREG,ortholog_one2one,1
HALLMARK_EPITHELIAL_MESENCHYMAL_TRANSITION,BASP1,BASP1,ortholog_one2one,1
HALLMARK_EPITHELIAL_MESENCHYMAL_TRANSITION,BDNF,BDNF,ortholog_one2one,1
HALLMARK_EPITHELIAL_MESENCHYMAL_TRANSITION,BGN,BGN,ortholog_one2one,1
HALLMARK_EPITHELIAL_MESENCHYMAL_TRANSITION,BMP1,BMP1,ortholog_one2one,1
HALLMARK_EPITHELIAL_MESENCHYMAL_TRANSITION,CADM1,CADM1,ortholog_one2one,1
HALLMARK_EPITHELIAL_MESENCHYMAL_TRANSITION,CALD1,CALD1,ortholog_one2one,1
HALLMARK_EPITHELIAL_MESENCHYMAL_TRANSITION,CALU,CALU,ortholog_one2one,1
HALLMARK_EPITHELIAL_MESENCHYMAL_TRANSITION,CAP2,CAP2,ortholog_one2one,1
HALLMARK_EPITHELIAL_MESENCHYMAL_TRANSITION,CAPG,CAPG,ortholog_one2one,1
HALLMARK_EPITHELIAL_MESENCHYMAL_TRANSITION,CCN1,CCN1,ortholog_one2one,1
HALLMARK_EPITHELIAL_MESENCHYMAL_TRANSITION,CCN2,CCN2,ortholog_one2one,1
HALLMARK_EPITHELIAL_MESENCHYMAL_TRANSITION,CD44,CD44,ortholog_one2one,1
HALLMARK_EPITHELIAL_MESENCHYMAL_TRANSITION,CD59,CD59,ortholog_one2one,1
HALLMARK_EPITHELIAL_MESENCHYMAL_TRANSITION,CDH11,CDH11,ortholog_one2one,1
HALLMARK_EPITHELIAL_MESENCHYMAL_TRANSITION,CDH2,CDH2,ortholog_one2one,1
HALLMARK_EPITHELIAL_MESENCHYMAL_TRANSITION,CDH6,CDH6,ortholog_one2one,1
HALLMARK_EPITHELIAL_MESENCHYMAL_TRANSITION,COL11A1,COL11A1,ortholog_one2one,1
HALLMARK_EPITHELIAL_MESENCHYMAL_TRANSITION,COL12A1,COL12A1,ortholog_one2one,1
HALLMARK_EPITHELIAL_MESENCHYMAL_TRANSITION,COL16A1,COL16A1,ortholog_one2one,1
HALLMARK_EPITHELIAL_MESENCHYMAL_TRANSITION,COL1A1,COL1A1,ortholog_one2one,1
HALLMARK_EPITHELIAL_MESENCHYMAL_TRANSITION,COL1A2,COL1A2,ortholog_one2one,1
HALLMARK_EPITHELIAL_MESENCHYMAL_TRANSITION,COL3A1,COL3A1,ortholog_one2one,1
HALLMARK_EPITHELIAL_MESENCHYMAL_TRANSITION,COL4A1,COL4A1,ortholog_one2one,1
HALLMARK_EPITHELIAL_MESENCHYMAL_TRANSITION,COL4A2,COL4A2,ortholog_one2one,1
HALLMARK_EPITHELIAL_MESENCHYMAL_TRANSITION,COL5A1,COL5A1,ortholog_one2one,1
HALLMARK_EPITHELIAL_MESENCHYMAL_TRANSITION,COL5A2,COL5A2,ortholog_one2one,1
HALLMARK_EPITHELIAL_MESENCHYMAL_TRANSITION,COL5A3,COL5A3,ortholog_one2one,1
HALLMARK_EPITHELIAL_MESENCHYMAL_TRANSITION,COL6A2,COL6A2,ortholog_one2one,1
HALLMARK_EPITHELIAL_MESENCHYMAL_TRANSITION,COL6A3,COL6A3,ortholog_one2one,1
HALLMARK_EPITHELIAL_MESENCHYMAL_TRANSITION,COL7A1,COL7A1,ortholog_one2one,1
HALLMARK_EPITHELIAL_MESENCHYMAL_TRANSITION,COL8A2,COL8A2,ortholog_one2one,1
HALLMARK_EPITHELIAL_MESENCHYMAL_TRANSITION,COLGALT1,COLGALT1,ortholog_one2one,1
HALLMARK_EPITHELIAL_MESENCHYMAL_TRANSITION,COMP,COMP,ortholog_one2one,1
HALLMARK_EPITHELIAL_MESENCHYMAL_TRANSITION,COPA,COPA,ortholog_one2one,1
HALLMARK_EPITHELIAL_MESENCHYMAL_TRANSITION,CRLF1,CRLF1,ortholog_one2one,1
HALLMARK_EPITHELIAL_MESENCHYMAL_TRANSITION,CTHRC1,CTHRC1,ortholog_one2one,1
HALLMARK_EPITHELIAL_MESENCHYMAL_TRANSITION,CXCL1,CXCL1,ortholog_one2one,1
HALLMARK_EPITHELIAL_MESENCHYMAL_TRANSITION,CXCL12,CXCL12,ortholog_one2one,1
HALLMARK_EPITHELIAL_MESENCHYMAL_TRANSITION,CXCL6,CXCL6,ortholog_one2one,1
HALLMARK_EPITHELIAL_MESENCHYMAL_TRANSITION,CXCL8,CXCL8,ortholog_one2one,1
HALLMARK_EPITHELIAL_MESENCHYMAL_TRANSITION,DAB2,DAB2,ortholog_one2one,1
HALLMARK_EPITHELIAL_MESENCHYMAL_TRANSITION,DCN,DCN,ortholog_one2one,1
HALLMARK_EPITHELIAL_MESENCHYMAL_TRANSITION,DKK1,DKK1,ortholog_one2one,1
HALLMARK_EPITHELIAL_MESENCHYMAL_TRANSITION,DPYSL3,DPYSL3,ortholog_one2one,1
HALLMARK_EPITHELIAL_MESENCHYMAL_TRANSITION,DST,DST,ortholog_one2one,1
HALLMARK_EPITHELIAL_MESENCHYMAL_TRANSITION,ECM1,ECM1,ortholog_one2one,1
HALLMARK_EPITHELIAL_MESENCHYMAL_TRANSITION,ECM2,ECM2,ortholog_one2one,1
HALLMARK_EPITHELIAL_MESENCHYMAL_TRANSITION,EDIL3,EDIL3,ortholog_one2one,1
HALLMARK_EPITHELIAL_MESENCHYMAL_TRANSITION,EFEMP2,EFEMP2,ortholog_one2one,1
HALLMARK_EPITHELIAL_MESENCHYMAL_TRANSITION,EMP3,EMP3,ortholog_one2one,1
HALLMARK_EPITHELIAL_MESENCHYMAL_TRANSITION,ENO2,ENO2,ortholog_one2one,1
HALLMARK_EPITHELIAL_MESENCHYMAL_TRANSITION,FAP,FAP,ortholog_one2one,1
HALLMARK_EPITHELIAL_MESENCHYMAL_TRANSITION,FBLN1,FBLN1,ortholog_one2one,1
HALLMARK_EPITHELIAL_MESENCHYMAL_TRANSITION,FBLN2,FBLN2,ortholog_one2one,1
HALLMARK_EPITHELIAL_MESENCHYMAL_TRANSITION,FBLN5,FBLN5,ortholog_one2one,1
HALLMARK_EPITHELIAL_MESENCHYMAL_TRANSITION,FBN1,FBN1,ortholog_one2one,1
HALLMARK_EPITHELIAL_MESENCHYMAL_TRANSITION,FBN2,FBN2,ortholog_one2one,1
HALLMARK_EPITHELIAL_MESENCHYMAL_TRANSITION,FERMT2,FERMT2,ortholog_one2one,1
HALLMARK_EPITHELIAL_MESENCHYMAL_TRANSITION,FGF2,FGF2,ortholog_one2one,1
HALLMARK_EPITHELIAL_MESENCHYMAL_TRANSITION,FLNA,FLNA,ortholog_one2one,1
HALLMARK_EPITHELIAL_MESENCHYMAL_TRANSITION,FMOD,FMOD,ortholog_one2one,1
HALLMARK_EPITHELIAL_MESENCHYMAL_TRANSITION,FN1,FN1,ortholog_one2one,1
HALLMARK_EPITHELIAL_MESENCHYMAL_TRANSITION,FOXC2,FOXC2,ortholog_one2one,1
HALLMARK_EPITHELIAL_MESENCHYMAL_TRANSITION,FSTL1,FSTL1,ortholog_one2one,1
HALLMARK_EPITHELIAL_MESENCHYMAL_TRANSITION,FSTL3,FSTL3,ortholog_one2one,1
HALLMARK_EPITHELIAL_MESENCHYMAL_TRANSITION,GADD45A,GADD45A,ortholog_one2one,1
HALLMARK_EPITHELIAL_MESENCHYMAL_TRANSITION,GADD45B,GADD45B,ortholog_one2one,1
HALLMARK_EPITHELIAL_MESENCHYMAL_TRANSITION,GAS1,GAS1,ortholog_one2one,1
HALLMARK_EPITHELIAL_MESENCHYMAL_TRANSITION,GEM,GEM,ortholog_one2one,1
HALLMARK_EPITHELIAL_MESENCHYMAL_TRANSITION,GJA1,GJA1,ortholog_one2one,1
HALLMARK_EPITHELIAL_MESENCHYMAL_TRANSITION,GLIPR1,GLIPR1,ortholog_one2one,1
HALLMARK_EPITHELIAL_MESENCHYMAL_TRANSITION,GPC1,GPC1,ortholog_one2one,1
HALLMARK_EPITHELIAL_MESENCHYMAL_TRANSITION,GPX7,GPX7,ortholog_one2one,1
HALLMARK_EPITHELIAL_MESENCHYMAL_TRANSITION,GREM1,GREM1,ortholog_one2one,1
HALLMARK_EPITHELIAL_MESENCHYMAL_TRANSITION,HTRA1,HTRA1,ortholog_one2one,1
HALLMARK_EPITHELIAL_MESENCHYMAL_TRANSITION,ID2,ID2,ortholog_one2one,1
HALLMARK_EPITHELIAL_MESENCHYMAL_TRANSITION,IGFBP2,IGFBP2,ortholog_one2one,1
HALLMARK_EPITHELIAL_MESENCHYMAL_TRANSITION,IGFBP3,IGFBP3,ortholog_one2one,1
HALLMARK_EPITHELIAL_MESENCHYMAL_TRANSITION,IGFBP4,IGFBP4,ortholog_one2one,1
HALLMARK_EPITHELIAL_MESENCHYMAL_TRANSITION,IL15,IL15,ortholog_one2one,1
HALLMARK_EPITHELIAL_MESENCHYMAL_TRANSITION,IL6,IL6,ortholog_one2one,1
HALLMARK_EPITHELIAL_MESENCHYMAL_TRANSITION,INHBA,INHBA,ortholog_one2one,1
HALLMARK_EPITHELIAL_MESENCHYMAL_TRANSITION,ITGA2,ITGA2,ortholog_one2one,1
HALLMARK_EPITHELIAL_MESENCHYMAL_TRANSITION,ITGA5,ITGA5,ortholog_one2one,1
HALLMARK_EPITHELIAL_MESENCHYMAL_TRANSITION,ITGAV,ITGAV,ortholog_one2one,1
HALLMARK_EPITHELIAL_MESENCHYMAL_TRANSITION,ITGB1,ITGB1,ortholog_one2one,1
HALLMARK_EPITHELIAL_MESENCHYMAL_TRANSITION,ITGB3,ITGB3,ortholog_one2one,1
HALLMARK_EPITHELIAL_MESENCHYMAL_TRANSITION,ITGB5,ITGB5,ortholog_one2one,1
HALLMARK_EPITHELIAL_MESENCHYMAL_TRANSITION,JUN,JUN,ortholog_one2one,1
HALLMARK_EPITHELIAL_MESENCHYMAL_TRANSITION,LAMA2,LAMA2,ortholog_one2one,1
HALLMARK_EPITHELIAL_MESENCHYMAL_TRANSITION,LAMA3,LAMA3,ortholog_one2one,1
HALLMARK_EPITHELIAL_MESENCHYMAL_TRANSITION,LAMC1,LAMC1,ortholog_one2one,1
HALLMARK_EPITHELIAL_MESENCHYMAL_TRANSITION,LAMC2,LAMC2,ortholog_one2one,1
HALLMARK_EPITHELIAL_MESENCHYMAL_TRANSITION,LGALS1,LGALS1,ortholog_one2one,1
HALLMARK_EPITHELIAL_MESENCHYMAL_TRANSITION,LOX,LOX,ortholog_one2one,1
HALLMARK_EPITHELIAL_MESENCHYMAL_TRANSITION,LOXL1,LOXL1,ortholog_one2one,1
HALLMARK_EPITHELIAL_MESENCHYMAL_TRANSITION,LOXL2,LOXL2,ortholog_one2one,1
HALLMARK_EPITHELIAL_MESENCHYMAL_TRANSITION,LRP1,LRP1,ortholog_one2one,1
HALLMARK_EPITHELIAL_MESENCHYMAL_TRANSITION,LRRC15,LRRC15,ortholog_one2one,1
HALLMARK_EPITHELIAL_MESENCHYMAL_TRANSITION,LUM,LUM,ortholog_one2one,1
HALLMARK_EPITHELIAL_MESENCHYMAL_TRANSITION,MAGEE1,MAGEE1,ortholog_one2one,1
HALLMARK_EPITHELIAL_MESENCHYMAL_TRANSITION,MATN2,MATN2,ortholog_one2one,1
HALLMARK_EPITHELIAL_MESENCHYMAL_TRANSITION,MATN3,MATN3,ortholog_one2one,1
HALLMARK_EPITHELIAL_MESENCHYMAL_TRANSITION,MCM7,MCM7,ortholog_one2one,1
HALLMARK_EPITHELIAL_MESENCHYMAL_TRANSITION,MEST,MEST,ortholog_one2one,1
HALLMARK_EPITHELIAL_MESENCHYMAL_TRANSITION,MFAP5,MFAP5,ortholog_one2one,1
HALLMARK_EPITHELIAL_MESENCHYMAL_TRANSITION,MGP,MGP,ortholog_one2one,1
HALLMARK_EPITHELIAL_MESENCHYMAL_TRANSITION,MMP1,MMP1,ortholog_one2one,1
HALLMARK_EPITHELIAL_MESENCHYMAL_TRANSITION,MMP14,MMP14,ortholog_one2one,1
HALLMARK_EPITHELIAL_MESENCHYMAL_TRANSITION,MMP2,MMP2,ortholog_one2one,1
HALLMARK_EPITHELIAL_MESENCHYMAL_TRANSITION,MMP3,MMP3,ortholog_one2one,1
HALLMARK_EPITHELIAL_MESENCHYMAL_TRANSITION,MSX1,MSX1,ortholog_one2one,1
HALLMARK_EPITHELIAL_MESENCHYMAL_TRANSITION,MYL9,MYL9,ortholog_one2one,1
HALLMARK_EPITHELIAL_MESENCHYMAL_TRANSITION,MYLK,MYLK,ortholog_one2one,1
HALLMARK_EPITHELIAL_MESENCHYMAL_TRANSITION,NID2,NID2,ortholog_one2one,1
HALLMARK_EPITHELIAL_MESENCHYMAL_TRANSITION,NNMT,NNMT,ortholog_one2one,1
HALLMARK_EPITHELIAL_MESENCHYMAL_TRANSITION,NOTCH2,NOTCH2,ortholog_one2one,1
HALLMARK_EPITHELIAL_MESENCHYMAL_TRANSITION,NT5E,NT5E,ortholog_one2one,1
HALLMARK_EPITHELIAL_MESENCHYMAL_TRANSITION,NTM,NTM,ortholog_one2one,1
HALLMARK_EPITHELIAL_MESENCHYMAL_TRANSITION,OXTR,OXTR,ortholog_one2one,1
HALLMARK_EPITHELIAL_MESENCHYMAL_TRANSITION,P3H1,P3H1,ortholog_one2one,1
HALLMARK_EPITHELIAL_MESENCHYMAL_TRANSITION,PCOLCE,PCOLCE,ortholog_one2one,1
HALLMARK_EPITHELIAL_MESENCHYMAL_TRANSITION,PCOLCE2,PCOLCE2,ortholog_one2one,1
HALLMARK_EPITHELIAL_MESENCHYMAL_TRANSITION,PDGFRB,PDGFRB,ortholog_one2one,1
HALLMARK_EPITHELIAL_MESENCHYMAL_TRANSITION,PDLIM4,PDLIM4,ortholog_one2one,1
HALLMARK_EPITHELIAL_MESENCHYMAL_TRANSITION,PLAUR,PLAUR,ortholog_one2one,1
HALLMARK_EPITHELIAL_MESENCHYMAL_TRANSITION,PLOD1,PLOD1,ortholog_one2one,1
HALLMARK_EPITHELIAL_MESENCHYMAL_TRANSITION,PLOD2,PLOD2,ortholog_one2one,1
HALLMARK_EPITHELIAL_MESENCHYMAL_TRANSITION,PLOD3,PLOD3,ortholog_one2one,1
HALLMARK_EPITHELIAL_MESENCHYMAL_TRANSITION,PMEPA1,PMEPA1,ortholog_one2one,1
HALLMARK_EPITHELIAL_MESENCHYMAL_TRANSITION,PMP22,PMP22,ortholog_one2one,1
HALLMARK_EPITHELIAL_MESENCHYMAL_TRANSITION,POSTN,POSTN,ortholog_one2one,1
HALLMARK_EPITHELIAL_MESENCHYMAL_TRANSITION,PRRX1,PRRX1,ortholog_one2one,1
HALLMARK_EPITHELIAL_MESENCHYMAL_TRANSITION,PRSS2,PRSS2,ortholog_one2many,1
HALLMARK_EPITHELIAL_MESENCHYMAL_TRANSITION,PTHLH,PTHLH,ortholog_one2one,1
HALLMARK_EPITHELIAL_MESENCHYMAL_TRANSITION,PTX3,PTX3,ortholog_one2one,1
HALLMARK_EPITHELIAL_MESENCHYMAL_TRANSITION,QSOX1,QSOX1,ortholog_one2one,1
HALLMARK_EPITHELIAL_MESENCHYMAL_TRANSITION,RGS4,RGS4,ortholog_one2one,1
HALLMARK_EPITHELIAL_MESENCHYMAL_TRANSITION,RHOB,RHOB,ortholog_one2one,1
HALLMARK_EPITHELIAL_MESENCHYMAL_TRANSITION,SAT1,SAT1,ortholog_one2one,1
HALLMARK_EPITHELIAL_MESENCHYMAL_TRANSITION,SCG2,SCG2,ortholog_one2one,1
HALLMARK_EPITHELIAL_MESENCHYMAL_TRANSITION,SDC1,SDC1,ortholog_one2one,1
HALLMARK_EPITHELIAL_MESENCHYMAL_TRANSITION,SDC4,SDC4,ortholog_one2one,1
HALLMARK_EPITHELIAL_MESENCHYMAL_TRANSITION,SERPINE1,SERPINE1,ortholog_one2one,1
HALLMARK_EPITHELIAL_MESENCHYMAL_TRANSITION,SERPINE2,SERPINE2,ortholog_one2one,1
HALLMARK_EPITHELIAL_MESENCHYMAL_TRANSITION,SERPINH1,SERPINH1,ortholog_one2one,1
HALLMARK_EPITHELIAL_MESENCHYMAL_TRANSITION,SFRP1,SFRP1,ortholog_one2one,1
HALLMARK_EPITHELIAL_MESENCHYMAL_TRANSITION,SFRP4,SFRP4,ortholog_one2one,1
HALLMARK_EPITHELIAL_MESENCHYMAL_TRANSITION,SGCB,SGCB,ortholog_one2one,1
HALLMARK_EPITHELIAL_MESENCHYMAL_TRANSITION,SGCD,SGCD,ortholog_one2one,1
HALLMARK_EPITHELIAL_MESENCHYMAL_TRANSITION,SGCG,SGCG,ortholog_one2one,1
HALLMARK_EPITHELIAL_MESENCHYMAL_TRANSITION,SLIT2,SLIT2,ortholog_one2one,1
HALLMARK_EPITHELIAL_MESENCHYMAL_TRANSITION,SLIT3,SLIT3,ortholog_one2one,1
HALLMARK_EPITHELIAL_MESENCHYMAL_TRANSITION,SNAI2,SNAI2,ortholog_one2one,1
HALLMARK_EPITHELIAL_MESENCHYMAL_TRANSITION,SNTB1,SNTB1,ortholog_one2one,1
HALLMARK_EPITHELIAL_MESENCHYMAL_TRANSITION,SPARC,SPARC,ortholog_one2one,1
HALLMARK_EPITHELIAL_MESENCHYMAL_TRANSITION,SPOCK1,SPOCK1,ortholog_one2one,1
HALLMARK_EPITHELIAL_MESENCHYMAL_TRANSITION,SPP1,SPP1,ortholog_one2one,1
HALLMARK_EPITHELIAL_MESENCHYMAL_TRANSITION,TAGLN,TAGLN,ortholog_one2one,1
HALLMARK_EPITHELIAL_MESENCHYMAL_TRANSITION,TFPI2,TFPI2,ortholog_one2one,1
HALLMARK_EPITHELIAL_MESENCHYMAL_TRANSITION,TGFB1,TGFB1,ortholog_one2one,1
HALLMARK_EPITHELIAL_MESENCHYMAL_TRANSITION,TGFBI,TGFBI,ortholog_one2one,1
HALLMARK_EPITHELIAL_MESENCHYMAL_TRANSITION,TGFBR3,TGFBR3,ortholog_one2one,1
HALLMARK_EPITHELIAL_MESENCHYMAL_TRANSITION,TGM2,TGM2,ortholog_one2one,1
HALLMARK_EPITHELIAL_MESENCHYMAL_TRANSITION,THBS1,THBS1,ortholog_one2one,1
HALLMARK_EPITHELIAL_MESENCHYMAL_TRANSITION,THY1,THY1,ortholog_one2one,1
HALLMARK_EPITHELIAL_MESENCHYMAL_TRANSITION,TIMP1,TIMP1,ortholog_one2one,1
HALLMARK_EPITHELIAL_MESENCHYMAL_TRANSITION,TIMP3,TIMP3,ortholog_one2one,1
HALLMARK_EPITHELIAL_MESENCHYMAL_TRANSITION,TNC,TNC,ortholog_one2one,1
HALLMARK_EPITHELIAL_MESENCHYMAL_TRANSITION,TNFAIP3,TNFAIP3,ortholog_one2one,1
HALLMARK_EPITHELIAL_MESENCHYMAL_TRANSITION,TNFRSF11B,TNFRSF11B,ortholog_one2one,1
HALLMARK_EPITHELIAL_MESENCHYMAL_TRANSITION,TNFRSF12A,TNFRSF12A,ortholog_one2one,1
HALLMARK_EPITHELIAL_MESENCHYMAL_TRANSITION,TPM2,TPM2,ortholog_one2one,1
HALLMARK_EPITHELIAL_MESENCHYMAL_TRANSITION,TPM4,TPM4,ortholog_one2one,1
HALLMARK_EPITHELIAL_MESENCHYMAL_TRANSITION,VCAM1,VCAM1,ortholog_one2one,1
HALLMARK_EPITHELIAL_MESENCHYMAL_TRANSITION,VCAN,VCAN,ortholog_one2one,1
HALLMARK_EPITHELIAL_MESENCHYMAL_TRANSITION,VEGFA,VEGFA,ortholog_one2one,1
HALLMARK_EPITHELIAL_MESENCHYMAL_TRANSITION,VEGFC,VEGFC,ortholog_one2one,1
HALLMARK_EPITHELIAL_MESENCHYMAL_TRANSITION,VIM,VIM,ortholog_one2one,1
HALLMARK_EPITHELIAL_MESENCHYMAL_TRANSITION,WIPF1,WIPF1,ortholog_one2one,1
HALLMARK_EPITHELIAL_MESENCHYMAL_TRANSITION,WNT5A,WNT5A,ortholog_one2one,1
HALLMARK_ESTROGEN_RESPONSE_EARLY,ABAT,ABAT,ortholog_one2one,1
HALLMARK_ESTROGEN_RESPONSE_EARLY,ABCA3,ABCA3,ortholog_one2one,1
HALLMARK_ESTROGEN_RESPONSE_EARLY,ABHD2,ABHD2,ortholog_one2one,1
HALLMARK_ESTROGEN_RESPONSE_EARLY,ABLIM1,ABLIM1,ortholog_one2one,1
HALLMARK_ESTROGEN_RESPONSE_EARLY,ADCY1,ADCY1,ortholog_one2one,1
HALLMARK_ESTROGEN_RESPONSE_EARLY,ADCY9,ADCY9,ortholog_one2one,1
HALLMARK_ESTROGEN_RESPONSE_EARLY,ADD3,ADD3,ortholog_one2one,1
HALLMARK_ESTROGEN_RESPONSE_EARLY,AFF1,AFF1,ortholog_one2one,1
HALLMARK_ESTROGEN_RESPONSE_EARLY,AKAP1,AKAP1,ortholog_one2one,1
HALLMARK_ESTROGEN_RESPONSE_EARLY,AMFR,AMFR,ortholog_one2one,1
HALLMARK_ESTROGEN_RESPONSE_EARLY,ANXA9,ANXA9,ortholog_one2one,1
HALLMARK_ESTROGEN_RESPONSE_EARLY,AQP3,AQP3,ortholog_one2one,1
HALLMARK_ESTROGEN_RESPONSE_EARLY,AR,AR,ortholog_one2one,1
HALLMARK_ESTROGEN_RESPONSE_EARLY,AREG,AREG,ortholog_one2one,1
HALLMARK_ESTROGEN_RESPONSE_EARLY,ARL3,ARL3,ortholog_one2one,1
HALLMARK_ESTROGEN_RESPONSE_EARLY,ASB13,ASB13,ortholog_one2one,1
HALLMARK_ESTROGEN_RESPONSE_EARLY,B4GALT1,B4GALT1,ortholog_one2one,1
HALLMARK_ESTROGEN_RESPONSE_EARLY,BAG1,BAG1,ortholog_one2one,1
HALLMARK_ESTROGEN_RESPONSE_EARLY,BCL11B,BCL11B,ortholog_one2one,1
HALLMARK_ESTROGEN_RESPONSE_EARLY,BCL2,BCL2,ortholog_one2one,1
HALLMARK_ESTROGEN_RESPONSE_EARLY,BHLHE40,BHLHE40,ortholog_one2one,1
HALLMARK_ESTROGEN_RESPONSE_EARLY,BLVRB,BLVRB,ortholog_one2one,1
HALLMARK_ESTROGEN_RESPONSE_EARLY,CA12,CA12,ortholog_one2one,1
HALLMARK_ESTROGEN_RESPONSE_EARLY,CALB2,CALB2,ortholog_one2one,1
HALLMARK_ESTROGEN_RESPONSE_EARLY,CALCR,CALCR,ortholog_one2one,1
HALLMARK_ESTROGEN_RESPONSE_EARLY,CANT1,CANT1,ortholog_one2one,1
HALLMARK_ESTROGEN_RESPONSE_EARLY,CBFA2T3,CBFA2T3,ortholog_one2one,1
HALLMARK_ESTROGEN_RESPONSE_EARLY,CCN5,CCN5,ortholog_one2one,1
HALLMARK_ESTROGEN_RESPONSE_EARLY,CCND1,CCND1,ortholog_one2one,1
HALLMARK_ESTROGEN_RESPONSE_EARLY,CD44,CD44,ortholog_one2one,1
HALLMARK_ESTROGEN_RESPONSE_EARLY,CELSR1,CELSR1,ortholog_one2one,1
HALLMARK_ESTROGEN_RESPONSE_EARLY,CELSR2,CELSR2,ortholog_one2one,1
HALLMARK_ESTROGEN_RESPONSE_EARLY,CHPT1,CHPT1,ortholog_one2one,1
HALLMARK_ESTROGEN_RESPONSE_EARLY,CISH,CISH,ortholog_one2one,1
HALLMARK_ESTROGEN_RESPONSE_EARLY,CLDN7,CLDN7,ortholog_one2one,1
HALLMARK_ESTROGEN_RESPONSE_EARLY,CLIC3,CLIC3,ortholog_one2one,1
HALLMARK_ESTROGEN_RESPONSE_EARLY,CXCL12,CXCL12,ortholog_one2one,1
HALLMARK_ESTROGEN_RESPONSE_EARLY,CYP26B1,CYP26B1,ortholog_one2one,1
HALLMARK_ESTROGEN_RESPONSE_EARLY,DEPTOR,DEPTOR,ortholog_one2one,1
HALLMARK_ESTROGEN_RESPONSE_EARLY,DHCR7,DHCR7,ortholog_one2one,1
HALLMARK_ESTROGEN_RESPONSE_EARLY,DHRS2,DHRS2,ortholog_one2one,1
HALLMARK_ESTROGEN_RESPONSE_EARLY,DHRS3,DHRS3,ortholog_one2one,1
HALLMARK_ESTROGEN_RESPONSE_EARLY,DYNLT3,DYNLT3,ortholog_one2one,1
HALLMARK_ESTROGEN_RESPONSE_EARLY,EEIG1,EEIG1,ortholog_one2one,1
HALLMARK_ESTROGEN_RESPONSE_EARLY,EGR3,EGR3,ortholog_one2one,1
HALLMARK_ESTROGEN_RESPONSE_EARLY,ELF1,ELF1,ortholog_one2one,1
HALLMARK_ESTROGEN_RESPONSE_EARLY,ELF3,ELF3,ortholog_one2one,1
HALLMARK_ESTROGEN_RESPONSE_EARLY,ELOVL2,ELOVL2,ortholog_one2one,1
HALLMARK_ESTROGEN_RESPONSE_EARLY,ELOVL5,ELOVL5,ortholog_one2one,1
HALLMARK_ESTROGEN_RESPONSE_EARLY,ENDOD1,ENDOD1,ortholog_one2one,1
HALLMARK_ESTROGEN_RESPONSE_EARLY,ESRP2,ESRP2,ortholog_one2one,1
HALLMARK_ESTROGEN_RESPONSE_EARLY,FARP1,FARP1,ortholog_one2one,1
HALLMARK_ESTROGEN_RESPONSE_EARLY,FASN,FASN,ortholog_one2one,1
HALLMARK_ESTROGEN_RESPONSE_EARLY,FCMR,FCMR,ortholog_one2one,1
HALLMARK_ESTROGEN_RESPONSE_EARLY,FDFT1,FDFT1,ortholog_one2one,1
HALLMARK_ESTROGEN_RESPONSE_EARLY,FHL2,FHL2,ortholog_one2one,1
HALLMARK_ESTROGEN_RESPONSE_EARLY,FKBP4,FKBP4,ortholog_one2one,1
HALLMARK_ESTROGEN_RESPONSE_EARLY,FKBP5,FKBP5,ortholog_one2one,1
HALLMARK_ESTROGEN_RESPONSE_EARLY,FLNB,FLNB,ortholog_one2one,1
HALLMARK_ESTROGEN_RESPONSE_EARLY,FOS,FOS,ortholog_one2one,1
HALLMARK_ESTROGEN_RESPONSE_EARLY,FOXC1,FOXC1,ortholog_one2one,1
HALLMARK_ESTROGEN_RESPONSE_EARLY,FRK,FRK,ortholog_one2one,1
HALLMARK_ESTROGEN_RESPONSE_EARLY,GAB2,GAB2,ortholog_one2one,1
HALLMARK_ESTROGEN_RESPONSE_EARLY,GFRA1,GFRA1,ortholog_one2one,1
HALLMARK_ESTROGEN_RESPONSE_EARLY,GJA1,GJA1,ortholog_one2one,1
HALLMARK_ESTROGEN_RESPONSE_EARLY,GLA,GLA,ortholog_one2one,1
HALLMARK_ESTROGEN_RESPONSE_EARLY,HES1,HES1,ortholog_one2one,1
HALLMARK_ESTROGEN_RESPONSE_EARLY,HR,HR,ortholog_one2one,1
HALLMARK_ESTROGEN_RESPONSE_EARLY,HSPB8,HSPB8,ortholog_one2one,1
HALLMARK_ESTROGEN_RESPONSE_EARLY,IGF1R,IGF1R,ortholog_one2one,1
HALLMARK_ESTROGEN_RESPONSE_EARLY,IGFBP4,IGFBP4,ortholog_one2one,1
HALLMARK_ESTROGEN_RESPONSE_EARLY,IL17RB,IL17RB,ortholog_one2one,1
HALLMARK_ESTROGEN_RESPONSE_EARLY,IL6ST,IL6ST,ortholog_one2one,1
HALLMARK_ESTROGEN_RESPONSE_EARLY,INHBB,INHBB,ortholog_one2one,1
HALLMARK_ESTROGEN_RESPONSE_EARLY,INPP5F,INPP5F,ortholog_one2one,1
HALLMARK_ESTROGEN_RESPONSE_EARLY,ISG20L2,ISG20L2,ortholog_one2one,1
HALLMARK_ESTROGEN_RESPONSE_EARLY,ITPK1,ITPK1,ortholog_one2one,1
HALLMARK_ESTROGEN_RESPONSE_EARLY,JAK2,JAK2,ortholog_one2one,1
HALLMARK_ESTROGEN_RESPONSE_EARLY,KAZN,KAZN,ortholog_one2one,1
HALLMARK_ESTROGEN_RESPONSE_EARLY,KCNK15,KCNK15,ortholog_one2one,1
HALLMARK_ESTROGEN_RESPONSE_EARLY,KCNK5,KCNK5,ortholog_one2one,1
HALLMARK_ESTROGEN_RESPONSE_EARLY,KDM4B,KDM4B,ortholog_one2one,1
HALLMARK_ESTROGEN_RESPONSE_EARLY,KLF10,KLF10,ortholog_one2one,1
HALLMARK_ESTROGEN_RESPONSE_EARLY,KLF4,KLF4,ortholog_one2one,1
HALLMARK_ESTROGEN_RESPONSE_EARLY,KLK10,KLK10,ortholog_one2one,1
HALLMARK_ESTROGEN_RESPONSE_EARLY,KRT15,KRT15,ortholog_one2one,1
HALLMARK_ESTROGEN_RESPONSE_EARLY,KRT19,KRT19,ortholog_one2one,1
HALLMARK_ESTROGEN_RESPONSE_EARLY,LAD1,LAD1,ortholog_one2one,1
HALLMARK_ESTROGEN_RESPONSE_EARLY,LRIG1,LRIG1,ortholog_one2one,1
HALLMARK_ESTROGEN_RESPONSE_EARLY,MAPT,MAPT,ortholog_one2one,1
HALLMARK_ESTROGEN_RESPONSE_EARLY,MAST4,MAST4,ortholog_one2one,1
HALLMARK_ESTROGEN_RESPONSE_EARLY,MED13L,MED13L,ortholog_one2one,1
HALLMARK_ESTROGEN_RESPONSE_EARLY,MED24,MED24,ortholog_one2one,1
HALLMARK_ESTROGEN_RESPONSE_EARLY,MINDY1,MINDY1,ortholog_one2one,1
HALLMARK_ESTROGEN_RESPONSE_EARLY,MLPH,MLPH,ortholog_one2one,1
HALLMARK_ESTROGEN_RESPONSE_EARLY,MPPED2,MPPED2,ortholog_one2one,1
HALLMARK_ESTROGEN_RESPONSE_EARLY,MREG,MREG,ortholog_one2one,1
HALLMARK_ESTROGEN_RESPONSE_EARLY,MSMB,MSMB,ortholog_one2one,1
HALLMARK_ESTROGEN_RESPONSE_EARLY,MUC1,MUC1,ortholog_one2one,1
HALLMARK_ESTROGEN_RESPONSE_EARLY,MYB,MYB,ortholog_one2one,1
HALLMARK_ESTROGEN_RESPONSE_EARLY,MYBBP1A,MYBBP1A,ortholog_one2one,1
HALLMARK_ESTROGEN_RESPONSE_EARLY,MYBL1,MYBL1,ortholog_one2one,1
HALLMARK_ESTROGEN_RESPONSE_EARLY,MYC,MYC,ortholog_one2one,1
HALLMARK_ESTROGEN_RESPONSE_EARLY,MYOF,MYOF,ortholog_one2one,1
HALLMARK_ESTROGEN_RESPONSE_EARLY,NADSYN1,NADSYN1,ortholog_one2one,1
HALLMARK_ESTROGEN_RESPONSE_EARLY,NAV2,NAV2,ortholog_one2one,1
HALLMARK_ESTROGEN_RESPONSE_EARLY,NBL1,NBL1,ortholog_one2one,1
HALLMARK_ESTROGEN_RESPONSE_EARLY,NCOR2,NCOR2,ortholog_one2one,1
HALLMARK_ESTROGEN_RESPONSE_EARLY,NHERF1,NHERF1,ortholog_one2one,1
HALLMARK_ESTROGEN_RESPONSE_EARLY,NPY1R,NPY1R,ortholog_one2one,1
HALLMARK_ESTROGEN_RESPONSE_EARLY,NRIP1,NRIP1,ortholog_one2one,1
HALLMARK_ESTROGEN_RESPONSE_EARLY,NXT1,NXT1,ortholog_one2one,1
HALLMARK_ESTROGEN_RESPONSE_EARLY,OLFM1,OLFM1,ortholog_one2one,1
HALLMARK_ESTROGEN_RESPONSE_EARLY,OLFML3,OLFML3,ortholog_one2one,1
HALLMARK_ESTROGEN_RESPONSE_EARLY,OPN3,OPN3,ortholog_one2one,1
HALLMARK_ESTROGEN_RESPONSE_EARLY,OVOL2,OVOL2,ortholog_one2one,1
HALLMARK_ESTROGEN_RESPONSE_EARLY,P2RY2,P2RY2,ortholog_one2one,1
HALLMARK_ESTROGEN_RESPONSE_EARLY,PAPSS2,PAPSS2,ortholog_one2one,1
HALLMARK_ESTROGEN_RESPONSE_EARLY,PDLIM3,PDLIM3,ortholog_one2one,1
HALLMARK_ESTROGEN_RESPONSE_EARLY,PDZK1,PDZK1,ortholog_one2one,1
HALLMARK_ESTROGEN_RESPONSE_EARLY,PEX11A,PEX11A,ortholog_one2one,1
HALLMARK_ESTROGEN_RESPONSE_EARLY,PGR,PGR,ortholog_one2one,1
HALLMARK_ESTROGEN_RESPONSE_EARLY,PLAAT3,PLAAT3,ortholog_one2one,1
HALLMARK_ESTROGEN_RESPONSE_EARLY,PMAIP1,PMAIP1,ortholog_one2one,1
HALLMARK_ESTROGEN_RESPONSE_EARLY,PODXL,PODXL,ortholog_one2one,1
HALLMARK_ESTROGEN_RESPONSE_EARLY,PPIF,PPIF,ortholog_one2one,1
HALLMARK_ESTROGEN_RESPONSE_EARLY,PRSS23,PRSS23,ortholog_one2one,1
HALLMARK_ESTROGEN_RESPONSE_EARLY,PTGES,PTGES,ortholog_one2one,1
HALLMARK_ESTROGEN_RESPONSE_EARLY,RAB17,RAB17,ortholog_one2one,1
HALLMARK_ESTROGEN_RESPONSE_EARLY,RAB31,RAB31,ortholog_one2one,1
HALLMARK_ESTROGEN_RESPONSE_EARLY,RAPGEFL1,RAPGEFL1,ortholog_one2one,1
HALLMARK_ESTROGEN_RESPONSE_EARLY,RARA,RARA,ortholog_one2one,1
HALLMARK_ESTROGEN_RESPONSE_EARLY,RASGRP1,RASGRP1,ortholog_one2one,1
HALLMARK_ESTROGEN_RESPONSE_EARLY,RBBP8,RBBP8,ortholog_one2one,1
HALLMARK_ESTROGEN_RESPONSE_EARLY,REEP1,REEP1,ortholog_one2one,1
HALLMARK_ESTROGEN_RESPONSE_EARLY,RET,RET,ortholog_one2one,1
HALLMARK_ESTROGEN_RESPONSE_EARLY,RETREG1,RETREG1,ortholog_one2one,1
HALLMARK_ESTROGEN_RESPONSE_EARLY,RHOBTB3,RHOBTB3,ortholog_one2one,1
HALLMARK_ESTROGEN_RESPONSE_EARLY,RHOD,RHOD,ortholog_one2one,1
HALLMARK_ESTROGEN_RESPONSE_EARLY,RPS6KA2,RPS6KA2,ortholog_one2one,1
HALLMARK_ESTROGEN_RESPONSE_EARLY,RRP12,RRP12,ortholog_one2one,1
HALLMARK_ESTROGEN_RESPONSE_EARLY,SCARB1,SCARB1,ortholog_one2one,1
HALLMARK_ESTROGEN_RESPONSE_EARLY,SCNN1A,SCNN1A,ortholog_one2one,1
HALLMARK_ESTROGEN_RESPONSE_EARLY,SEC14L2,SEC14L2,ortholog_one2one,1
HALLMARK_ESTROGEN_RESPONSE_EARLY,SEMA3B,SEMA3B,ortholog_one2one,1
HALLMARK_ESTROGEN_RESPONSE_EARLY,SFN,SFN,ortholog_one2one,1
HALLMARK_ESTROGEN_RESPONSE_EARLY,SH3BP5,SH3BP5,ortholog_one2one,1
HALLMARK_ESTROGEN_RESPONSE_EARLY,SIAH2,SIAH2,ortholog_one2one,1
HALLMARK_ESTROGEN_RESPONSE_EARLY,SLC16A1,SLC16A1,ortholog_one2one,1
HALLMARK_ESTROGEN_RESPONSE_EARLY,SLC19A2,SLC19A2,ortholog_one2one,1
HALLMARK_ESTROGEN_RESPONSE_EARLY,SLC1A1,SLC1A1,ortholog_one2one,1
HALLMARK_ESTROGEN_RESPONSE_EARLY,SLC1A4,SLC1A4,ortholog_one2one,1
HALLMARK_ESTROGEN_RESPONSE_EARLY,SLC22A5,SLC22A5,ortholog_one2one,1
HALLMARK_ESTROGEN_RESPONSE_EARLY,SLC24A3,SLC24A3,ortholog_one2one,1
HALLMARK_ESTROGEN_RESPONSE_EARLY,SLC26A2,SLC26A2,ortholog_one2one,1
HALLMARK_ESTROGEN_RESPONSE_EARLY,SLC27A2,SLC27A2,ortholog_one2one,1
HALLMARK_ESTROGEN_RESPONSE_EARLY,SLC2A1,SLC2A1,ortholog_one2one,1
HALLMARK_ESTROGEN_RESPONSE_EARLY,SLC37A1,SLC37A1,ortholog_one2one,1
HALLMARK_ESTROGEN_RESPONSE_EARLY,SLC39A6,SLC39A6,ortholog_one2one,1
HALLMARK_ESTROGEN_RESPONSE_EARLY,SLC7A2,SLC7A2,ortholog_one2one,1
HALLMARK_ESTROGEN_RESPONSE_EARLY,SLC7A5,SLC7A5,ortholog_one2one,1
HALLMARK_ESTROGEN_RESPONSE_EARLY,SNX24,SNX24,ortholog_one2one,1
HALLMARK_ESTROGEN_RESPONSE_EARLY,SOX3,SOX3,ortholog_one2one,1
HALLMARK_ESTROGEN_RESPONSE_EARLY,STC2,STC2,ortholog_one2one,1
HALLMARK_ESTROGEN_RESPONSE_EARLY,SULT2B1,SULT2B1,ortholog_one2one,1
HALLMARK_ESTROGEN_RESPONSE_EARLY,SVIL,SVIL,ortholog_one2many,1
HALLMARK_ESTROGEN_RESPONSE_EARLY,SYBU,SYBU,ortholog_one2one,1
HALLMARK_ESTROGEN_RESPONSE_EARLY,SYNGR1,SYNGR1,ortholog_one2one,1
HALLMARK_ESTROGEN_RESPONSE_EARLY,SYT12,SYT12,ortholog_one2one,1
HALLMARK_ESTROGEN_RESPONSE_EARLY,TBC1D30,TBC1D30,ortholog_one2one,1
HALLMARK_ESTROGEN_RESPONSE_EARLY,TFAP2C,TFAP2C,ortholog_one2one,1
HALLMARK_ESTROGEN_RESPONSE_EARLY,TFF1,TFF1,ortholog_one2one,1
HALLMARK_ESTROGEN_RESPONSE_EARLY,TFF3,TFF3,ortholog_one2one,1
HALLMARK_ESTROGEN_RESPONSE_EARLY,TGIF2,TGIF2,ortholog_one2one,1
HALLMARK_ESTROGEN_RESPONSE_EARLY,TGM2,TGM2,ortholog_one2one,1
HALLMARK_ESTROGEN_RESPONSE_EARLY,THSD4,THSD4,ortholog_one2one,1
HALLMARK_ESTROGEN_RESPONSE_EARLY,TIAM1,TIAM1,ortholog_one2one,1
HALLMARK_ESTROGEN_RESPONSE_EARLY,TIPARP,TIPARP,ortholog_one2one,1
HALLMARK_ESTROGEN_RESPONSE_EARLY,TJP3,TJP3,ortholog_one2one,1
HALLMARK_ESTROGEN_RESPONSE_EARLY,TMEM164,TMEM164,ortholog_one2one,1
HALLMARK_ESTROGEN_RESPONSE_EARLY,TMPRSS3,TMPRSS3,ortholog_one2one,1
HALLMARK_ESTROGEN_RESPONSE_EARLY,TOB1,TOB1,ortholog_one2one,1
HALLMARK_ESTROGEN_RESPONSE_EARLY,TPBG,TPBG,ortholog_one2one,1
HALLMARK_ESTROGEN_RESPONSE_EARLY,TPD52L1,TPD52L1,ortholog_one2one,1
HALLMARK_ESTROGEN_RESPONSE_EARLY,TSKU,TSKU,ortholog_one2one,1
HALLMARK_ESTROGEN_RESPONSE_EARLY,TTC39A,TTC39A,ortholog_one2one,1
HALLMARK_ESTROGEN_RESPONSE_EARLY,TUBB2B,TUBB2B,ortholog_one2one,1
HALLMARK_ESTROGEN_RESPONSE_EARLY,UGCG,UGCG,ortholog_one2one,1
HALLMARK_ESTROGEN_RESPONSE_EARLY,UNC119,UNC119,ortholog_one2one,1
HALLMARK_ESTROGEN_RESPONSE_EARLY,WFS1,WFS1,ortholog_one2one,1
HALLMARK_ESTROGEN_RESPONSE_EARLY,WWC1,WWC1,ortholog_one2one,1
HALLMARK_ESTROGEN_RESPONSE_EARLY,ZNF185,ZNF185,ortholog_one2one,1
HALLMARK_ESTROGEN_RESPONSE_LATE,ABCA3,ABCA3,ortholog_one2one,1
HALLMARK_ESTROGEN_RESPONSE_LATE,ABHD2,ABHD2,ortholog_one2one,1
HALLMARK_ESTROGEN_RESPONSE_LATE,ACOX2,ACOX2,ortholog_one2one,1
HALLMARK_ESTROGEN_RESPONSE_LATE,ADD3,ADD3,ortholog_one2one,1
HALLMARK_ESTROGEN_RESPONSE_LATE,AFF1,AFF1,ortholog_one2one,1
HALLMARK_ESTROGEN_RESPONSE_LATE,AGR2,AGR2,ortholog_one2one,1
HALLMARK_ESTROGEN_RESPONSE_LATE,ALDH3A2,ALDH3A2,ortholog_one2one,1
HALLMARK_ESTROGEN_RESPONSE_LATE,AMFR,AMFR,ortholog_one2one,1
HALLMARK_ESTROGEN_RESPONSE_LATE,ANXA9,ANXA9,ortholog_one2one,1
HALLMARK_ESTROGEN_RESPONSE_LATE,AREG,AREG,ortholog_one2one,1
HALLMARK_ESTROGEN_RESPONSE_LATE,ARL3,ARL3,ortholog_one2one,1
HALLMARK_ESTROGEN_RESPONSE_LATE,ASCL1,ASCL1,ortholog_one2one,1
HALLMARK_ESTROGEN_RESPONSE_LATE,ATP2B4,ATP2B4,ortholog_one2one,1
HALLMARK_ESTROGEN_RESPONSE_LATE,BAG1,BAG1,ortholog_one2one,1
HALLMARK_ESTROGEN_RESPONSE_LATE,BATF,BATF,ortholog_one2one,1
HALLMARK_ESTROGEN_RESPONSE_LATE,BCL2,BCL2,ortholog_one2one,1
HALLMARK_ESTROGEN_RESPONSE_LATE,BLVRB,BLVRB,ortholog_one2one,1
HALLMARK_ESTROGEN_RESPONSE_LATE,BTG3,BTG3,ortholog_one2one,1
HALLMARK_ESTROGEN_RESPONSE_LATE,CA12,CA12,ortholog_one2one,1
HALLMARK_ESTROGEN_RESPONSE_LATE,CA2,CA2,ortholog_one2one,1
HALLMARK_ESTROGEN_RESPONSE_LATE,CACNA2D2,CACNA2D2,ortholog_one2one,1
HALLMARK_ESTROGEN_RESPONSE_LATE,CALCR,CALCR,ortholog_one2one,1
HALLMARK_ESTROGEN_RESPONSE_LATE,CAV1,CAV1,ortholog_one2one,1
HALLMARK_ESTROGEN_RESPONSE_LATE,CCN5,CCN5,ortholog_one2one,1
HALLMARK_ESTROGEN_RESPONSE_LATE,CCNA1,CCNA1,ortholog_one2one,1
HALLMARK_ESTROGEN_RESPONSE_LATE,CCND1,CCND1,ortholog_one2one,1
HALLMARK_ESTROGEN_RESPONSE_LATE,CD44,CD44,ortholog_one2one,1
HALLMARK_ESTROGEN_RESPONSE_LATE,CD9,CD9,ortholog_one2one,1
HALLMARK_ESTROGEN_RESPONSE_LATE,CDC20,CDC20,ortholog_one2one,1
HALLMARK_ESTROGEN_RESPONSE_LATE,CDC6,CDC6,ortholog_one2one,1
HALLMARK_ESTROGEN_RESPONSE_LATE,CDH1,CDH1,ortholog_one2one,1
HALLMARK_ESTROGEN_RESPONSE_LATE,CELSR2,CELSR2,ortholog_one2one,1
HALLMARK_ESTROGEN_RESPONSE_LATE,CHPT1,CHPT1,ortholog_one2one,1
HALLMARK_ESTROGEN_RESPONSE_LATE,CHST8,CHST8,ortholog_one2one,1
HALLMARK_ESTROGEN_RESPONSE_LATE,CISH,CISH,ortholog_one2one,1
HALLMARK_ESTROGEN_RESPONSE_LATE,CLIC3,CLIC3,ortholog_one2one,1
HALLMARK_ESTROGEN_RESPONSE_LATE,CPE,CPE,ortholog_one2one,1
HALLMARK_ESTROGEN_RESPONSE_LATE,CXCL12,CXCL12,ortholog_one2one,1
HALLMARK_ESTROGEN_RESPONSE_LATE,CXCL14,CXCL14,ortholog_one2one,1
HALLMARK_ESTROGEN_RESPONSE_LATE,CYP26B1,CYP26B1,ortholog_one2one,1
HALLMARK_ESTROGEN_RESPONSE_LATE,CYP4F11,CYP4F11,ortholog_one2one,1
HALLMARK_ESTROGEN_RESPONSE_LATE,DCXR,DCXR,ortholog_one2one,1
HALLMARK_ESTROGEN_RESPONSE_LATE,DHCR7,DHCR7,ortholog_one2one,1
HALLMARK_ESTROGEN_RESPONSE_LATE,DHRS2,DHRS2,ortholog_one2one,1
HALLMARK_ESTROGEN_RESPONSE_LATE,DLG5,DLG5,ortholog_one2one,1
HALLMARK_ESTROGEN_RESPONSE_LATE,DNAJC1,DNAJC1,ortholog_one2one,1
HALLMARK_ESTROGEN_RESPONSE_LATE,DNAJC12,DNAJC12,ortholog_one2one,1
HALLMARK_ESTROGEN_RESPONSE_LATE,DUSP2,DUSP2,ortholog_one2one,1
HALLMARK_ESTROGEN_RESPONSE_LATE,DYNLT3,DYNLT3,ortholog_one2one,1
HALLMARK_ESTROGEN_RESPONSE_LATE,EEIG1,EEIG1,ortholog_one2one,1
HALLMARK_ESTROGEN_RESPONSE_LATE,EGR3,EGR3,ortholog_one2one,1
HALLMARK_ESTROGEN_RESPONSE_LATE,ELOVL5,ELOVL5,ortholog_one2one,1
HALLMARK_ESTROGEN_RESPONSE_LATE,EMP2,EMP2,ortholog_one2one,1
HALLMARK_ESTROGEN_RESPONSE_LATE,ETFB,ETFB,ortholog_one2one,1
HALLMARK_ESTROGEN_RESPONSE_LATE,FARP1,FARP1,ortholog_one2one,1
HALLMARK_ESTROGEN_RESPONSE_LATE,FDFT1,FDFT1,ortholog_one2one,1
HALLMARK_ESTROGEN_RESPONSE_LATE,FGFR3,FGFR3,ortholog_one2one,1
HALLMARK_ESTROGEN_RESPONSE_LATE,FKBP4,FKBP4,ortholog_one2one,1
HALLMARK_ESTROGEN_RESPONSE_LATE,FKBP5,FKBP5,ortholog_one2one,1
HALLMARK_ESTROGEN_RESPONSE_LATE,FLNB,FLNB,ortholog_one2one,1
HALLMARK_ESTROGEN_RESPONSE_LATE,FOS,FOS,ortholog_one2one,1
HALLMARK_ESTROGEN_RESPONSE_LATE,FOXC1,FOXC1,ortholog_one2one,1
HALLMARK_ESTROGEN_RESPONSE_LATE,FRK,FRK,ortholog_one2one,1
HALLMARK_ESTROGEN_RESPONSE_LATE,GAL,GAL,ortholog_one2one,1
HALLMARK_ESTROGEN_RESPONSE_LATE,GALE,GALE,ortholog_one2one,1
HALLMARK_ESTROGEN_RESPONSE_LATE,GFUS,GFUS,ortholog_one2one,1
HALLMARK_ESTROGEN_RESPONSE_LATE,GINS2,GINS2,ortholog_one2one,1
HALLMARK_ESTROGEN_RESPONSE_LATE,GJB3,GJB3,ortholog_one2one,1
HALLMARK_ESTROGEN_RESPONSE_LATE,GLA,GLA,ortholog_one2one,1
HALLMARK_ESTROGEN_RESPONSE_LATE,GPER1,GPER1,ortholog_one2one,1
HALLMARK_ESTROGEN_RESPONSE_LATE,HMGCS2,HMGCS2,ortholog_one2one,1
HALLMARK_ESTROGEN_RESPONSE_LATE,HOMER2,HOMER2,ortholog_one2one,1
HALLMARK_ESTROGEN_RESPONSE_LATE,HPRT1,HPRT1,ortholog_one2one,1
HALLMARK_ESTROGEN_RESPONSE_LATE,HR,HR,ortholog_one2one,1
HALLMARK_ESTROGEN_RESPONSE_LATE,HSPA4L,HSPA4L,ortholog_one2one,1
HALLMARK_ESTROGEN_RESPONSE_LATE,HSPB8,HSPB8,ortholog_one2one,1
HALLMARK_ESTROGEN_RESPONSE_LATE,ID2,ID2,ortholog_one2one,1
HALLMARK_ESTROGEN_RESPONSE_LATE,IDH2,IDH2,ortholog_one2one,1
HALLMARK_ESTROGEN_RESPONSE_LATE,IGFBP4,IGFBP4,ortholog_one2one,1
HALLMARK_ESTROGEN_RESPONSE_LATE,IGSF1,IGSF1,ortholog_one2one,1
HALLMARK_ESTROGEN_RESPONSE_LATE,IL17RB,IL17RB,ortholog_one2one,1
HALLMARK_ESTROGEN_RESPONSE_LATE,IL6ST,IL6ST,ortholog_one2one,1
HALLMARK_ESTROGEN_RESPONSE_LATE,IMPA2,IMPA2,ortholog_one2one,1
HALLMARK_ESTROGEN_RESPONSE_LATE,ISG20,ISG20,ortholog_one2one,1
HALLMARK_ESTROGEN_RESPONSE_LATE,ITPK1,ITPK1,ortholog_one2one,1
HALLMARK_ESTROGEN_RESPONSE_LATE,JAK1,JAK1,ortholog_one2one,1
HALLMARK_ESTROGEN_RESPONSE_LATE,JAK2,JAK2,ortholog_one2one,1
HALLMARK_ESTROGEN_RESPONSE_LATE,KCNK5,KCNK5,ortholog_one2one,1
HALLMARK_ESTROGEN_RESPONSE_LATE,KIF20A,KIF20A,ortholog_one2one,1
HALLMARK_ESTROGEN_RESPONSE_LATE,KLF4,KLF4,ortholog_one2one,1
HALLMARK_ESTROGEN_RESPONSE_LATE,KLK10,KLK10,ortholog_one2one,1
HALLMARK_ESTROGEN_RESPONSE_LATE,KLK11,KLK11,ortholog_one2one,1
HALLMARK_ESTROGEN_RESPONSE_LATE,KRT19,KRT19,ortholog_one2one,1
HALLMARK_ESTROGEN_RESPONSE_LATE,LAMC2,LAMC2,ortholog_one2one,1
HALLMARK_ESTROGEN_RESPONSE_LATE,LARGE1,LARGE1,ortholog_one2one,1
HALLMARK_ESTROGEN_RESPONSE_LATE,LLGL2,LLGL2,ortholog_one2one,1
HALLMARK_ESTROGEN_RESPONSE_LATE,LSR,LSR,ortholog_one2one,1
HALLMARK_ESTROGEN_RESPONSE_LATE,LTF,LTF,ortholog_one2one,1
HALLMARK_ESTROGEN_RESPONSE_LATE,MAPK13,MAPK13,ortholog_one2one,1
HALLMARK_ESTROGEN_RESPONSE_LATE,MAPT,MAPT,ortholog_one2one,1
HALLMARK_ESTROGEN_RESPONSE_LATE,MEST,MEST,ortholog_one2one,1
HALLMARK_ESTROGEN_RESPONSE_LATE,METTL3,METTL3,ortholog_one2one,1
HALLMARK_ESTROGEN_RESPONSE_LATE,MOCS2,MOCS2,ortholog_one2one,1
HALLMARK_ESTROGEN_RESPONSE_LATE,MYB,MYB,ortholog_one2one,1
HALLMARK_ESTROGEN_RESPONSE_LATE,MYOF,MYOF,ortholog_one2one,1
HALLMARK_ESTROGEN_RESPONSE_LATE,NAB2,NAB2,ortholog_one2one,1
HALLMARK_ESTROGEN_RESPONSE_LATE,NBL1,NBL1,ortholog_one2one,1
HALLMARK_ESTROGEN_RESPONSE_LATE,NCOR2,NCOR2,ortholog_one2one,1
HALLMARK_ESTROGEN_RESPONSE_LATE,NHERF1,NHERF1,ortholog_one2one,1
HALLMARK_ESTROGEN_RESPONSE_LATE,NMU,NMU,ortholog_one2one,1
HALLMARK_ESTROGEN_RESPONSE_LATE,NPY1R,NPY1R,ortholog_one2one,1
HALLMARK_ESTROGEN_RESPONSE_LATE,NRIP1,NRIP1,ortholog_one2one,1
HALLMARK_ESTROGEN_RESPONSE_LATE,NXT1,NXT1,ortholog_one2one,1
HALLMARK_ESTROGEN_RESPONSE_LATE,OLFM1,OLFM1,ortholog_one2one,1
HALLMARK_ESTROGEN_RESPONSE_LATE,OPN3,OPN3,ortholog_one2one,1
HALLMARK_ESTROGEN_RESPONSE_LATE,OVOL2,OVOL2,ortholog_one2one,1
HALLMARK_ESTROGEN_RESPONSE_LATE,PAPSS2,PAPSS2,ortholog_one2one,1
HALLMARK_ESTROGEN_RESPONSE_LATE,PCP4,PCP4,ortholog_one2one,1
HALLMARK_ESTROGEN_RESPONSE_LATE,PDCD4,PDCD4,ortholog_one2one,1
HALLMARK_ESTROGEN_RESPONSE_LATE,PDLIM3,PDLIM3,ortholog_one2one,1
HALLMARK_ESTROGEN_RESPONSE_LATE,PDZK1,PDZK1,ortholog_one2one,1
HALLMARK_ESTROGEN_RESPONSE_LATE,PERP,PERP,ortholog_one2one,1
HALLMARK_ESTROGEN_RESPONSE_LATE,PGR,PGR,ortholog_one2one,1
HALLMARK_ESTROGEN_RESPONSE_LATE,PKP3,PKP3,ortholog_one2one,1
HALLMARK_ESTROGEN_RESPONSE_LATE,PLAAT3,PLAAT3,ortholog_one2one,1
HALLMARK_ESTROGEN_RESPONSE_LATE,PLAC1,PLAC1,ortholog_one2one,1
HALLMARK_ESTROGEN_RESPONSE_LATE,PLK4,PLK4,ortholog_one2one,1
HALLMARK_ESTROGEN_RESPONSE_LATE,PLXNB1,PLXNB1,ortholog_one2one,1
HALLMARK_ESTROGEN_RESPONSE_LATE,PPIF,PPIF,ortholog_one2one,1
HALLMARK_ESTROGEN_RESPONSE_LATE,PRKAR2B,PRKAR2B,ortholog_one2one,1
HALLMARK_ESTROGEN_RESPONSE_LATE,PRLR,PRLR,ortholog_one2one,1
HALLMARK_ESTROGEN_RESPONSE_LATE,PRSS23,PRSS23,ortholog_one2one,1
HALLMARK_ESTROGEN_RESPONSE_LATE,PTGER3,PTGER3,ortholog_one2one,1
HALLMARK_ESTROGEN_RESPONSE_LATE,PTGES,PTGES,ortholog_one2one,1
HALLMARK_ESTROGEN_RESPONSE_LATE,PTPN6,PTPN6,ortholog_one2one,1
HALLMARK_ESTROGEN_RESPONSE_LATE,RAB31,RAB31,ortholog_one2one,1
HALLMARK_ESTROGEN_RESPONSE_LATE,RABEP1,RABEP1,ortholog_one2one,1
HALLMARK_ESTROGEN_RESPONSE_LATE,RAPGEFL1,RAPGEFL1,ortholog_one2one,1
HALLMARK_ESTROGEN_RESPONSE_LATE,RBBP8,RBBP8,ortholog_one2one,1
HALLMARK_ESTROGEN_RESPONSE_LATE,RET,RET,ortholog_one2one,1
HALLMARK_ESTROGEN_RESPONSE_LATE,RNASEH2A,RNASEH2A,ortholog_one2one,1
HALLMARK_ESTROGEN_RESPONSE_LATE,RPS6KA2,RPS6KA2,ortholog_one2one,1
HALLMARK_ESTROGEN_RESPONSE_LATE,S100A9,S100A9,ortholog_one2one,1
HALLMARK_ESTROGEN_RESPONSE_LATE,SCARB1,SCARB1,ortholog_one2one,1
HALLMARK_ESTROGEN_RESPONSE_LATE,SCNN1A,SCNN1A,ortholog_one2one,1
HALLMARK_ESTROGEN_RESPONSE_LATE,SCUBE2,SCUBE2,ortholog_one2one,1
HALLMARK_ESTROGEN_RESPONSE_LATE,SEMA3B,SEMA3B,ortholog_one2one,1
HALLMARK_ESTROGEN_RESPONSE_LATE,SERPINA1,SERPINA1,ortholog_one2one,1
HALLMARK_ESTROGEN_RESPONSE_LATE,SERPINA3,SERPINA3,ortholog_one2one,1
HALLMARK_ESTROGEN_RESPONSE_LATE,SERPINA5,SERPINA5,ortholog_one2one,1
HALLMARK_ESTROGEN_RESPONSE_LATE,SFN,SFN,ortholog_one2one,1
HALLMARK_ESTROGEN_RESPONSE_LATE,SGK1,SGK1,ortholog_one2one,1
HALLMARK_ESTROGEN_RESPONSE_LATE,SIAH2,SIAH2,ortholog_one2one,1
HALLMARK_ESTROGEN_RESPONSE_LATE,SLC16A1,SLC16A1,ortholog_one2one,1
HALLMARK_ESTROGEN_RESPONSE_LATE,SLC1A4,SLC1A4,ortholog_one2one,1
HALLMARK_ESTROGEN_RESPONSE_LATE,SLC22A5,SLC22A5,ortholog_one2one,1
HALLMARK_ESTROGEN_RESPONSE_LATE,SLC24A3,SLC24A3,ortholog_one2one,1
HALLMARK_ESTROGEN_RESPONSE_LATE,SLC26A2,SLC26A2,ortholog_one2one,1
HALLMARK_ESTROGEN_RESPONSE_LATE,SLC27A2,SLC27A2,ortholog_one2one,1
HALLMARK_ESTROGEN_RESPONSE_LATE,SLC29A1,SLC29A1,ortholog_one2one,1
HALLMARK_ESTROGEN_RESPONSE_LATE,SLC2A8,SLC2A8,ortholog_one2one,1
HALLMARK_ESTROGEN_RESPONSE_LATE,SLC7A5,SLC7A5,ortholog_one2one,1
HALLMARK_ESTROGEN_RESPONSE_LATE,SNX10,SNX10,ortholog_one2one,1
HALLMARK_ESTROGEN_RESPONSE_LATE,SORD,SORD,ortholog_one2one,1
HALLMARK_ESTROGEN_RESPONSE_LATE,SOX3,SOX3,ortholog_one2one,1
HALLMARK_ESTROGEN_RESPONSE_LATE,ST14,ST14,ortholog_one2one,1
HALLMARK_ESTROGEN_RESPONSE_LATE,ST6GALNAC2,ST6GALNAC2,ortholog_one2one,1
HALLMARK_ESTROGEN_RESPONSE_LATE,STIL,STIL,ortholog_one2one,1
HALLMARK_ESTROGEN_RESPONSE_LATE,SULT2B1,SULT2B1,ortholog_one2one,1
HALLMARK_ESTROGEN_RESPONSE_LATE,TFAP2C,TFAP2C,ortholog_one2one,1
HALLMARK_ESTROGEN_RESPONSE_LATE,TFF1,TFF1,ortholog_one2one,1
HALLMARK_ESTROGEN_RESPONSE_LATE,TFF3,TFF3,ortholog_one2one,1
HALLMARK_ESTROGEN_RESPONSE_LATE,TFPI2,TFPI2,ortholog_one2one,1
HALLMARK_ESTROGEN_RESPONSE_LATE,TH,TH,ortholog_one2one,1
HALLMARK_ESTROGEN_RESPONSE_LATE,TIAM1,TIAM1,ortholog_one2one,1
HALLMARK_ESTROGEN_RESPONSE_LATE,TJP3,TJP3,ortholog_one2one,1
HALLMARK_ESTROGEN_RESPONSE_LATE,TMPRSS3,TMPRSS3,ortholog_one2one,1
HALLMARK_ESTROGEN_RESPONSE_LATE,TNNC1,TNNC1,ortholog_one2one,1
HALLMARK_ESTROGEN_RESPONSE_LATE,TOB1,TOB1,ortholog_one2one,1
HALLMARK_ESTROGEN_RESPONSE_LATE,TOP2A,TOP2A,ortholog_one2one,1
HALLMARK_ESTROGEN_RESPONSE_LATE,TPBG,TPBG,ortholog_one2one,1
HALLMARK_ESTROGEN_RESPONSE_LATE,TPD52L1,TPD52L1,ortholog_one2one,1
HALLMARK_ESTROGEN_RESPONSE_LATE,TRIM29,TRIM29,ortholog_one2one,1
HALLMARK_ESTROGEN_RESPONSE_LATE,TSPAN13,TSPAN13,ortholog_one2one,1
HALLMARK_ESTROGEN_RESPONSE_LATE,TST,TST,ortholog_one2one,1
HALLMARK_ESTROGEN_RESPONSE_LATE,UGDH,UGDH,ortholog_one2one,1
HALLMARK_ESTROGEN_RESPONSE_LATE,WFS1,WFS1,ortholog_one2one,1
HALLMARK_ESTROGEN_RESPONSE_LATE,XRCC3,XRCC3,ortholog_one2one,1
HALLMARK_ESTROGEN_RESPONSE_LATE,ZFP36,ZFP36,ortholog_one2one,1
HALLMARK_FATTY_ACID_METABOLISM,AADAT,AADAT,ortholog_one2one,1
HALLMARK_FATTY_ACID_METABOLISM,ACAA1,ACAA1,ortholog_one2one,1
HALLMARK_FATTY_ACID_METABOLISM,ACAA2,ACAA2,ortholog_one2one,1
HALLMARK_FATTY_ACID_METABOLISM,ACADL,ACADL,ortholog_one2one,1
HALLMARK_FATTY_ACID_METABOLISM,ACADM,ACADM,ortholog_one2one,1
HALLMARK_FATTY_ACID_METABOLISM,ACADS,ACADS,ortholog_one2one,1
HALLMARK_FATTY_ACID_METABOLISM,ACADVL,ACADVL,ortholog_one2one,1
HALLMARK_FATTY_ACID_METABOLISM,ACO2,ACO2,ortholog_one2one,1
HALLMARK_FATTY_ACID_METABOLISM,ACOT8,ACOT8,ortholog_one2one,1
HALLMARK_FATTY_ACID_METABOLISM,ACOX1,ACOX1,ortholog_one2one,1
HALLMARK_FATTY_ACID_METABOLISM,ACSL1,ACSL1,ortholog_one2one,1
HALLMARK_FATTY_ACID_METABOLISM,ACSL5,ACSL5,ortholog_one2one,1
HALLMARK_FATTY_ACID_METABOLISM,ACSM3,ACSM3,ortholog_one2one,1
HALLMARK_FATTY_ACID_METABOLISM,ACSS1,ACSS1,ortholog_one2one,1
HALLMARK_FATTY_ACID_METABOLISM,ADH7,ADH7,ortholog_one2one,1
HALLMARK_FATTY_ACID_METABOLISM,ADIPOR2,ADIPOR2,ortholog_one2one,1
HALLMARK_FATTY_ACID_METABOLISM,ADSL,ADSL,ortholog_one2one,1
HALLMARK_FATTY_ACID_METABOLISM,ALAD,ALAD,ortholog_one2one,1
HALLMARK_FATTY_ACID_METABOLISM,ALDH1A1,ALDH1A1,ortholog_one2one,1
HALLMARK_FATTY_ACID_METABOLISM,ALDH3A1,ALDH3A1,ortholog_one2one,1
HALLMARK_FATTY_ACID_METABOLISM,ALDH3A2,ALDH3A2,ortholog_one2one,1
HALLMARK_FATTY_ACID_METABOLISM,ALDH9A1,ALDH9A1,ortholog_one2one,1
HALLMARK_FATTY_ACID_METABOLISM,ALDOA,ALDOA,ortholog_one2one,1
HALLMARK_FATTY_ACID_METABOLISM,AOC3,AOC3,ortholog_one2one,1
HALLMARK_FATTY_ACID_METABOLISM,AUH,AUH,ortholog_one2one,1
HALLMARK_FATTY_ACID_METABOLISM,BCKDHB,BCKDHB,ortholog_one2one,1
HALLMARK_FATTY_ACID_METABOLISM,BLVRA,BLVRA,ortholog_one2one,1
HALLMARK_FATTY_ACID_METABOLISM,BMPR1B,BMPR1B,ortholog_one2one,1
HALLMARK_FATTY_ACID_METABOLISM,BPHL,BPHL,ortholog_one2one,1
HALLMARK_FATTY_ACID_METABOLISM,CA2,CA2,ortholog_one2one,1
HALLMARK_FATTY_ACID_METABOLISM,CA4,CA4,ortholog_one2one,1
HALLMARK_FATTY_ACID_METABOLISM,CA6,CA6,ortholog_one2one,1
HALLMARK_FATTY_ACID_METABOLISM,CBR1,CBR1,ortholog_one2one,1
HALLMARK_FATTY_ACID_METABOLISM,CBR3,CBR3,ortholog_one2one,1
HALLMARK_FATTY_ACID_METABOLISM,CD1D,CD1D,ortholog_one2one,1
HALLMARK_FATTY_ACID_METABOLISM,CD36,CD36,ortholog_one2one,1
HALLMARK_FATTY_ACID_METABOLISM,CEL,CEL,ortholog_one2one,1
HALLMARK_FATTY_ACID_METABOLISM,CIDEA,CIDEA,ortholog_one2one,1
HALLMARK_FATTY_ACID_METABOLISM,CPOX,CPOX,ortholog_one2one,1
HALLMARK_FATTY_ACID_METABOLISM,CPT1A,CPT1A,ortholog_one2one,1
HALLMARK_FATTY_ACID_METABOLISM,CPT2,CPT2,ortholog_one2one,1
HALLMARK_FATTY_ACID_METABOLISM,CRAT,CRAT,ortholog_one2one,1
HALLMARK_FATTY_ACID_METABOLISM,CRYZ,CRYZ,ortholog_one2one,1
HALLMARK_FATTY_ACID_METABOLISM,CYP1A1,CYP1A1,ortholog_one2one,1
HALLMARK_FATTY_ACID_METABOLISM,CYP4A22,CYP4A22,ortholog_one2many,1
HALLMARK_FATTY_ACID_METABOLISM,D2HGDH,D2HGDH,ortholog_one2one,1
HALLMARK_FATTY_ACID_METABOLISM,DECR1,DECR1,ortholog_one2one,1
HALLMARK_FATTY_ACID_METABOLISM,DHCR24,DHCR24,ortholog_one2one,1
HALLMARK_FATTY_ACID_METABOLISM,DLD,DLD,ortholog_one2one,1
HALLMARK_FATTY_ACID_METABOLISM,DLST,DLST,ortholog_one2one,1
HALLMARK_FATTY_ACID_METABOLISM,ECH1,ECH1,ortholog_one2one,1
HALLMARK_FATTY_ACID_METABOLISM,ECHS1,ECHS1,ortholog_one2one,1
HALLMARK_FATTY_ACID_METABOLISM,ECI1,ECI1,ortholog_one2one,1
HALLMARK_FATTY_ACID_METABOLISM,ECI2,ECI2,ortholog_one2one,1
HALLMARK_FATTY_ACID_METABOLISM,EHHADH,EHHADH,ortholog_one2one,1
HALLMARK_FATTY_ACID_METABOLISM,ELOVL5,ELOVL5,ortholog_one2one,1
HALLMARK_FATTY_ACID_METABOLISM,ENO2,ENO2,ortholog_one2one,1
HALLMARK_FATTY_ACID_METABOLISM,ENO3,ENO3,ortholog_one2one,1
HALLMARK_FATTY_ACID_METABOLISM,EPHX1,EPHX1,ortholog_one2one,1
HALLMARK_FATTY_ACID_METABOLISM,ERP29,ERP29,ortholog_one2one,1
HALLMARK_FATTY_ACID_METABOLISM,ETFDH,ETFDH,ortholog_one2one,1
HALLMARK_FATTY_ACID_METABOLISM,FABP1,FABP1,ortholog_one2one,1
HALLMARK_FATTY_ACID_METABOLISM,FABP2,FABP2,ortholog_one2one,1
HALLMARK_FATTY_ACID_METABOLISM,FASN,FASN,ortholog_one2one,1
HALLMARK_FATTY_ACID_METABOLISM,FH,FH,ortholog_one2one,1
HALLMARK_FATTY_ACID_METABOLISM,FMO1,FMO1,ortholog_one2one,1
HALLMARK_FATTY_ACID_METABOLISM,G0S2,G0S2,ortholog_one2one,1
HALLMARK_FATTY_ACID_METABOLISM,GABARAPL1,GABARAPL1,ortholog_one2one,1
HALLMARK_FATTY_ACID_METABOLISM,GAD2,GAD2,ortholog_one2one,1
HALLMARK_FATTY_ACID_METABOLISM,GAPDHS,GAPDHS,ortholog_one2one,1
HALLMARK_FATTY_ACID_METABOLISM,GCDH,GCDH,ortholog_one2one,1
HALLMARK_FATTY_ACID_METABOLISM,GLUL,GLUL,ortholog_one2one,1
HALLMARK_FATTY_ACID_METABOLISM,GPD1,GPD1,ortholog_one2one,1
HALLMARK_FATTY_ACID_METABOLISM,GPD2,GPD2,ortholog_one2one,1
HALLMARK_FATTY_ACID_METABOLISM,GRHPR,GRHPR,ortholog_one2one,1
HALLMARK_FATTY_ACID_METABOLISM,GSTZ1,GSTZ1,ortholog_one2one,1
HALLMARK_FATTY_ACID_METABOLISM,HADH,HADH,ortholog_one2one,1
HALLMARK_FATTY_ACID_METABOLISM,HADHB,HADHB,ortholog_one2one,1
HALLMARK_FATTY_ACID_METABOLISM,HAO2,HAO2,ortholog_one2one,1
HALLMARK_FATTY_ACID_METABOLISM,HCCS,HCCS,ortholog_one2one,1
HALLMARK_FATTY_ACID_METABOLISM,HIBCH,HIBCH,ortholog_one2one,1
HALLMARK_FATTY_ACID_METABOLISM,HMGCL,HMGCL,ortholog_one2one,1
HALLMARK_FATTY_ACID_METABOLISM,HMGCS1,HMGCS1,ortholog_one2one,1
HALLMARK_FATTY_ACID_METABOLISM,HMGCS2,HMGCS2,ortholog_one2one,1
HALLMARK_FATTY_ACID_METABOLISM,HPGD,HPGD,ortholog_one2one,1
HALLMARK_FATTY_ACID_METABOLISM,HSD17B10,HSD17B10,ortholog_one2one,1
HALLMARK_FATTY_ACID_METABOLISM,HSD17B11,HSD17B11,ortholog_one2one,1
HALLMARK_FATTY_ACID_METABOLISM,HSD17B4,HSD17B4,ortholog_one2one,1
HALLMARK_FATTY_ACID_METABOLISM,HSD17B7,HSD17B7,ortholog_one2one,1
HALLMARK_FATTY_ACID_METABOLISM,HSDL2,HSDL2,ortholog_one2one,1
HALLMARK_FATTY_ACID_METABOLISM,HSP90AA1,HSP90AA1,ortholog_one2one,1
HALLMARK_FATTY_ACID_METABOLISM,HSPH1,HSPH1,ortholog_one2one,1
HALLMARK_FATTY_ACID_METABOLISM,IDH1,IDH1,ortholog_one2one,1
HALLMARK_FATTY_ACID_METABOLISM,IDH3B,IDH3B,ortholog_one2one,1
HALLMARK_FATTY_ACID_METABOLISM,IDH3G,IDH3G,ortholog_one2one,1
HALLMARK_FATTY_ACID_METABOLISM,IDI1,IDI1,ortholog_one2one,1
HALLMARK_FATTY_ACID_METABOLISM,IL4I1,IL4I1,ortholog_one2one,1
HALLMARK_FATTY_ACID_METABOLISM,INMT,INMT,ortholog_one2one,1
HALLMARK_FATTY_ACID_METABOLISM,KMT5A,KMT5A,ortholog_one2one,1
HALLMARK_FATTY_ACID_METABOLISM,LGALS1,LGALS1,ortholog_one2one,1
HALLMARK_FATTY_ACID_METABOLISM,LTC4S,LTC4S,ortholog_one2one,1
HALLMARK_FATTY_ACID_METABOLISM,MAOA,MAOA,ortholog_one2one,1
HALLMARK_FATTY_ACID_METABOLISM,MCEE,MCEE,ortholog_one2one,1
HALLMARK_FATTY_ACID_METABOLISM,MDH1,MDH1,ortholog_one2one,1
HALLMARK_FATTY_ACID_METABOLISM,MDH2,MDH2,ortholog_one2one,1
HALLMARK_FATTY_ACID_METABOLISM,ME1,ME1,ortholog_one2one,1
HALLMARK_FATTY_ACID_METABOLISM,METAP1,METAP1,ortholog_one2one,1
HALLMARK_FATTY_ACID_METABOLISM,MGLL,MGLL,ortholog_one2one,1
HALLMARK_FATTY_ACID_METABOLISM,MIF,MIF,ortholog_one2one,1
HALLMARK_FATTY_ACID_METABOLISM,MIX23,MIX23,ortholog_one2one,1
HALLMARK_FATTY_ACID_METABOLISM,MLYCD,MLYCD,ortholog_one2one,1
HALLMARK_FATTY_ACID_METABOLISM,NBN,NBN,ortholog_one2one,1
HALLMARK_FATTY_ACID_METABOLISM,NCAPH2,NCAPH2,ortholog_one2one,1
HALLMARK_FATTY_ACID_METABOLISM,NSDHL,NSDHL,ortholog_one2one,1
HALLMARK_FATTY_ACID_METABOLISM,NTHL1,NTHL1,ortholog_one2one,1
HALLMARK_FATTY_ACID_METABOLISM,PCBD1,PCBD1,ortholog_one2one,1
HALLMARK_FATTY_ACID_METABOLISM,PDHB,PDHB,ortholog_one2one,1
HALLMARK_FATTY_ACID_METABOLISM,PPARA,PPARA,ortholog_one2one,1
HALLMARK_FATTY_ACID_METABOLISM,PRDX6,PRDX6,ortholog_one2one,1
HALLMARK_FATTY_ACID_METABOLISM,PSME1,PSME1,ortholog_one2one,1
HALLMARK_FATTY_ACID_METABOLISM,PTPRG,PTPRG,ortholog_one2one,1
HALLMARK_FATTY_ACID_METABOLISM,PTS,PTS,ortholog_one2one,1
HALLMARK_FATTY_ACID_METABOLISM,RAP1GDS1,RAP1GDS1,ortholog_one2one,1
HALLMARK_FATTY_ACID_METABOLISM,RDH11,RDH11,ortholog_one2one,1
HALLMARK_FATTY_ACID_METABOLISM,RDH16,RDH16,ortholog_one2one,1
HALLMARK_FATTY_ACID_METABOLISM,RETSAT,RETSAT,ortholog_one2one,1
HALLMARK_FATTY_ACID_METABOLISM,SDHD,SDHD,ortholog_one2one,1
HALLMARK_FATTY_ACID_METABOLISM,SERINC1,SERINC1,ortholog_one2one,1
HALLMARK_FATTY_ACID_METABOLISM,SLC22A5,SLC22A5,ortholog_one2one,1
HALLMARK_FATTY_ACID_METABOLISM,SMS,SMS,ortholog_one2one,1
HALLMARK_FATTY_ACID_METABOLISM,SUCLA2,SUCLA2,ortholog_one2one,1
HALLMARK_FATTY_ACID_METABOLISM,SUCLG1,SUCLG1,ortholog_one2one,1
HALLMARK_FATTY_ACID_METABOLISM,SUCLG2,SUCLG2,ortholog_one2one,1
HALLMARK_FATTY_ACID_METABOLISM,TDO2,TDO2,ortholog_one2one,1
HALLMARK_FATTY_ACID_METABOLISM,TP53INP2,TP53INP2,ortholog_one2one,1
HALLMARK_FATTY_ACID_METABOLISM,UBE2L6,UBE2L6,ortholog_one2one,1
HALLMARK_FATTY_ACID_METABOLISM,UGDH,UGDH,ortholog_one2one,1
HALLMARK_FATTY_ACID_METABOLISM,UROD,UROD,ortholog_one2one,1
HALLMARK_FATTY_ACID_METABOLISM,UROS,UROS,ortholog_one2one,1
HALLMARK_FATTY_ACID_METABOLISM,VNN1,VNN1,ortholog_one2one,1
HALLMARK_FATTY_ACID_METABOLISM,YWHAH,YWHAH,ortholog_one2one,1
HALLMARK_G2M_CHECKPOINT,ABL1,ABL1,ortholog_one2one,1
HALLMARK_G2M_CHECKPOINT,AMD1,AMD1,ortholog_one2one,1
HALLMARK_G2M_CHECKPOINT,ARID4A,ARID4A,ortholog_one2one,1
HALLMARK_G2M_CHECKPOINT,ATF5,ATF5,ortholog_one2one,1
HALLMARK_G2M_CHECKPOINT,ATRX,ATRX,ortholog_one2one,1
HALLMARK_G2M_CHECKPOINT,AURKA,AURKA,ortholog_one2one,1
HALLMARK_G2M_CHECKPOINT,AURKB,AURKB,ortholog_one2one,1
HALLMARK_G2M_CHECKPOINT,BARD1,BARD1,ortholog_one2one,1
HALLMARK_G2M_CHECKPOINT,BCL3,BCL3,ortholog_one2one,1
HALLMARK_G2M_CHECKPOINT,BRCA2,BRCA2,ortholog_one2one,1
HALLMARK_G2M_CHECKPOINT,BUB1,BUB1,ortholog_one2one,1
HALLMARK_G2M_CHECKPOINT,BUB3,BUB3,ortholog_one2one,1
HALLMARK_G2M_CHECKPOINT,CASP8AP2,CASP8AP2,ortholog_one2one,1
HALLMARK_G2M_CHECKPOINT,CCNA2,CCNA2,ortholog_one2one,1
HALLMARK_G2M_CHECKPOINT,CCNB2,CCNB2,ortholog_one2one,1
HALLMARK_G2M_CHECKPOINT,CCND1,CCND1,ortholog_one2one,1
HALLMARK_G2M_CHECKPOINT,CCNF,CCNF,ortholog_one2one,1
HALLMARK_G2M_CHECKPOINT,CCNT1,CCNT1,ortholog_one2one,1
HALLMARK_G2M_CHECKPOINT,CDC20,CDC20,ortholog_one2one,1
HALLMARK_G2M_CHECKPOINT,CDC25A,CDC25A,ortholog_one2one,1
HALLMARK_G2M_CHECKPOINT,CDC25B,CDC25B,ortholog_one2one,1
HALLMARK_G2M_CHECKPOINT,CDC27,CDC27,ortholog_one2one,1
HALLMARK_G2M_CHECKPOINT,CDC45,CDC45,ortholog_one2one,1
HALLMARK_G2M_CHECKPOINT,CDC6,CDC6,ortholog_one2one,1
HALLMARK_G2M_CHECKPOINT,CDC7,CDC7,ortholog_one2one,1
HALLMARK_G2M_CHECKPOINT,CDK4,CDK4,ortholog_one2one,1
HALLMARK_G2M_CHECKPOINT,CDKN1B,CDKN1B,ortholog_one2one,1
HALLMARK_G2M_CHECKPOINT,CDKN2C,CDKN2C,ortholog_one2one,1
HALLMARK_G2M_CHECKPOINT,CDKN3,CDKN3,ortholog_one2one,1
HALLMARK_G2M_CHECKPOINT,CENPA,CENPA,ortholog_one2one,1
HALLMARK_G2M_CHECKPOINT,CENPF,CENPF,ortholog_one2one,1
HALLMARK_G2M_CHECKPOINT,CHAF1A,CHAF1A,ortholog_one2one,1
HALLMARK_G2M_CHECKPOINT,CHEK1,CHEK1,ortholog_one2one,1
HALLMARK_G2M_CHECKPOINT,CHMP1A,CHMP1A,ortholog_one2one,1
HALLMARK_G2M_CHECKPOINT,CTCF,CTCF,ortholog_one2one,1
HALLMARK_G2M_CHECKPOINT,CUL1,CUL1,ortholog_one2one,1
HALLMARK_G2M_CHECKPOINT,CUL3,CUL3,ortholog_one2one,1
HALLMARK_G2M_CHECKPOINT,CUL4A,CUL4A,ortholog_one2one,1
HALLMARK_G2M_CHECKPOINT,CUL5,CUL5,ortholog_one2one,1
HALLMARK_G2M_CHECKPOINT,DBF4,DBF4,ortholog_one2one,1
HALLMARK_G2M_CHECKPOINT,DDX39A,DDX39A,ortholog_one2one,1
HALLMARK_G2M_CHECKPOINT,DKC1,DKC1,ortholog_one2one,1
HALLMARK_G2M_CHECKPOINT,DR1,DR1,ortholog_one2one,1
HALLMARK_G2M_CHECKPOINT,DTYMK,DTYMK,ortholog_one2one,1
HALLMARK_G2M_CHECKPOINT,E2F1,E2F1,ortholog_one2one,1
HALLMARK_G2M_CHECKPOINT,E2F2,E2F2,ortholog_one2one,1
HALLMARK_G2M_CHECKPOINT,E2F4,E2F4,ortholog_one2one,1
HALLMARK_G2M_CHECKPOINT,EFNA5,EFNA5,ortholog_one2one,1
HALLMARK_G2M_CHECKPOINT,EGF,EGF,ortholog_one2one,1
HALLMARK_G2M_CHECKPOINT,ESPL1,ESPL1,ortholog_one2one,1
HALLMARK_G2M_CHECKPOINT,EWSR1,EWSR1,ortholog_one2one,1
HALLMARK_G2M_CHECKPOINT,EXO1,EXO1,ortholog_one2one,1
HALLMARK_G2M_CHECKPOINT,EZH2,EZH2,ortholog_one2one,1
HALLMARK_G2M_CHECKPOINT,FANCC,FANCC,ortholog_one2one,1
HALLMARK_G2M_CHECKPOINT,FBXO5,FBXO5,ortholog_one2one,1
HALLMARK_G2M_CHECKPOINT,FOXN3,FOXN3,ortholog_one2one,1
HALLMARK_G2M_CHECKPOINT,G3BP1,G3BP1,ortholog_one2one,1
HALLMARK_G2M_CHECKPOINT,GINS2,GINS2,ortholog_one2one,1
HALLMARK_G2M_CHECKPOINT,GSPT1,GSPT1,ortholog_one2one,1
HALLMARK_G2M_CHECKPOINT,H2AX,H2AX,ortholog_one2one,1
HALLMARK_G2M_CHECKPOINT,H2AZ2,H2AZ2,ortholog_one2one,1
HALLMARK_G2M_CHECKPOINT,HIF1A,HIF1A,ortholog_one2one,1
HALLMARK_G2M_CHECKPOINT,HIRA,HIRA,ortholog_one2one,1
HALLMARK_G2M_CHECKPOINT,HMGA1,HMGA1,ortholog_one2one,1
HALLMARK_G2M_CHECKPOINT,HMMR,HMMR,ortholog_one2one,1
HALLMARK_G2M_CHECKPOINT,HNRNPD,HNRNPD,ortholog_one2one,1
HALLMARK_G2M_CHECKPOINT,HNRNPU,HNRNPU,ortholog_one2one,1
HALLMARK_G2M_CHECKPOINT,HOXC10,HOXC10,ortholog_one2one,1
HALLMARK_G2M_CHECKPOINT,HUS1,HUS1,ortholog_one2one,1
HALLMARK_G2M_CHECKPOINT,ILF3,ILF3,ortholog_one2one,1
HALLMARK_G2M_CHECKPOINT,INCENP,INCENP,ortholog_one2one,1
HALLMARK_G2M_CHECKPOINT,JPT1,JPT1,ortholog_one2one,1
HALLMARK_G2M_CHECKPOINT,KATNA1,KATNA1,ortholog_one2one,1
HALLMARK_G2M_CHECKPOINT,KIF11,KIF11,ortholog_one2one,1
HALLMARK_G2M_CHECKPOINT,KIF15,KIF15,ortholog_one2one,1
HALLMARK_G2M_CHECKPOINT,KIF20B,KIF20B,ortholog_one2one,1
HALLMARK_G2M_CHECKPOINT,KIF22,KIF22,ortholog_one2one,1
HALLMARK_G2M_CHECKPOINT,KIF23,KIF23,ortholog_one2one,1
HALLMARK_G2M_CHECKPOINT,KIF2C,KIF2C,ortholog_one2one,1
HALLMARK_G2M_CHECKPOINT,KIF5B,KIF5B,ortholog_one2one,1
HALLMARK_G2M_CHECKPOINT,KMT5A,KMT5A,ortholog_one2one,1
HALLMARK_G2M_CHECKPOINT,KNL1,KNL1,ortholog_one2one,1
HALLMARK_G2M_CHECKPOINT,KPNA2,KPNA2,ortholog_one2one,1
HALLMARK_G2M_CHECKPOINT,KPNB1,KPNB1,ortholog_one2one,1
HALLMARK_G2M_CHECKPOINT,LBR,LBR,ortholog_one2one,1
HALLMARK_G2M_CHECKPOINT,LIG3,LIG3,ortholog_one2one,1
HALLMARK_G2M_CHECKPOINT,LMNB1,LMNB1,ortholog_one2one,1
HALLMARK_G2M_CHECKPOINT,MAPK14,MAPK14,ortholog_one2one,1
HALLMARK_G2M_CHECKPOINT,MARCKS,MARCKS,ortholog_one2one,1
HALLMARK_G2M_CHECKPOINT,MCM2,MCM2,ortholog_one2one,1
HALLMARK_G2M_CHECKPOINT,MCM3,MCM3,ortholog_one2one,1
HALLMARK_G2M_CHECKPOINT,MCM5,MCM5,ortholog_one2one,1
HALLMARK_G2M_CHECKPOINT,MCM6,MCM6,ortholog_one2one,1
HALLMARK_G2M_CHECKPOINT,MEIS1,MEIS1,ortholog_one2one,1
HALLMARK_G2M_CHECKPOINT,MEIS2,MEIS2,ortholog_one2one,1
HALLMARK_G2M_CHECKPOINT,MKI67,MKI67,ortholog_one2one,1
HALLMARK_G2M_CHECKPOINT,MNAT1,MNAT1,ortholog_one2one,1
HALLMARK_G2M_CHECKPOINT,MTF2,MTF2,ortholog_one2one,1
HALLMARK_G2M_CHECKPOINT,MYBL2,MYBL2,ortholog_one2one,1
HALLMARK_G2M_CHECKPOINT,MYC,MYC,ortholog_one2one,1
HALLMARK_G2M_CHECKPOINT,NASP,NASP,ortholog_one2one,1
HALLMARK_G2M_CHECKPOINT,NCL,NCL,ortholog_one2one,1
HALLMARK_G2M_CHECKPOINT,NDC80,NDC80,ortholog_one2one,1
HALLMARK_G2M_CHECKPOINT,NEK2,NEK2,ortholog_one2one,1
HALLMARK_G2M_CHECKPOINT,NOLC1,NOLC1,ortholog_one2one,1
HALLMARK_G2M_CHECKPOINT,NOTCH2,NOTCH2,ortholog_one2one,1
HALLMARK_G2M_CHECKPOINT,NSD2,NSD2,ortholog_one2one,1
HALLMARK_G2M_CHECKPOINT,NUMA1,NUMA1,ortholog_one2one,1
HALLMARK_G2M_CHECKPOINT,NUP50,NUP50,ortholog_one2one,1
HALLMARK_G2M_CHECKPOINT,NUP98,NUP98,ortholog_one2one,1
HALLMARK_G2M_CHECKPOINT,NUSAP1,NUSAP1,ortholog_one2one,1
HALLMARK_G2M_CHECKPOINT,ODF2,ODF2,ortholog_one2one,1
HALLMARK_G2M_CHECKPOINT,ORC5,ORC5,ortholog_one2one,1
HALLMARK_G2M_CHECKPOINT,ORC6,ORC6,ortholog_one2one,1
HALLMARK_G2M_CHECKPOINT,PAFAH1B1,PAFAH1B1,ortholog_one2one,1
HALLMARK_G2M_CHECKPOINT,PBK,PBK,ortholog_one2one,1
HALLMARK_G2M_CHECKPOINT,PDS5B,PDS5B,ortholog_one2one,1
HALLMARK_G2M_CHECKPOINT,PLK1,PLK1,ortholog_one2one,1
HALLMARK_G2M_CHECKPOINT,PLK4,PLK4,ortholog_one2one,1
HALLMARK_G2M_CHECKPOINT,PML,PML,ortholog_one2one,1
HALLMARK_G2M_CHECKPOINT,POLA2,POLA2,ortholog_one2one,1
HALLMARK_G2M_CHECKPOINT,POLE,POLE,ortholog_one2one,1
HALLMARK_G2M_CHECKPOINT,POLQ,POLQ,ortholog_one2one,1
HALLMARK_G2M_CHECKPOINT,PRC1,PRC1,ortholog_one2one,1
HALLMARK_G2M_CHECKPOINT,PRIM2,PRIM2,ortholog_one2one,1
HALLMARK_G2M_CHECKPOINT,PRMT5,PRMT5,ortholog_one2one,1
HALLMARK_G2M_CHECKPOINT,PRP4K,PRP4K,ortholog_one2one,1
HALLMARK_G2M_CHECKPOINT,PURA,PURA,ortholog_one2one,1
HALLMARK_G2M_CHECKPOINT,RACGAP1,RACGAP1,ortholog_one2one,1
HALLMARK_G2M_CHECKPOINT,RAD21,RAD21,ortholog_one2one,1
HALLMARK_G2M_CHECKPOINT,RAD23B,RAD23B,ortholog_one2one,1
HALLMARK_G2M_CHECKPOINT,RAD54L,RAD54L,ortholog_one2one,1
HALLMARK_G2M_CHECKPOINT,RASAL2,RASAL2,ortholog_one2one,1
HALLMARK_G2M_CHECKPOINT,RPA2,RPA2,ortholog_one2one,1
HALLMARK_G2M_CHECKPOINT,RPS6KA5,RPS6KA5,ortholog_one2one,1
HALLMARK_G2M_CHECKPOINT,SAP30,SAP30,ortholog_one2one,1
HALLMARK_G2M_CHECKPOINT,SFPQ,SFPQ,ortholog_one2one,1
HALLMARK_G2M_CHECKPOINT,SLC12A2,SLC12A2,ortholog_one2one,1
HALLMARK_G2M_CHECKPOINT,SLC38A1,SLC38A1,ortholog_one2one,1
HALLMARK_G2M_CHECKPOINT,SLC7A1,SLC7A1,ortholog_one2one,1
HALLMARK_G2M_CHECKPOINT,SLC7A5,SLC7A5,ortholog_one2one,1
HALLMARK_G2M_CHECKPOINT,SMAD3,SMAD3,ortholog_one2one,1
HALLMARK_G2M_CHECKPOINT,SMARCC1,SMARCC1,ortholog_one2one,1
HALLMARK_G2M_CHECKPOINT,SMC1A,SMC1A,ortholog_one2one,1
HALLMARK_G2M_CHECKPOINT,SMC2,SMC2,ortholog_one2one,1
HALLMARK_G2M_CHECKPOINT,SMC4,SMC4,ortholog_one2one,1
HALLMARK_G2M_CHECKPOINT,SNRPD1,SNRPD1,ortholog_one2one,1
HALLMARK_G2M_CHECKPOINT,SQLE,SQLE,ortholog_one2one,1
HALLMARK_G2M_CHECKPOINT,SRSF1,SRSF1,ortholog_one2one,1
HALLMARK_G2M_CHECKPOINT,SRSF10,SRSF10,ortholog_one2one,1
HALLMARK_G2M_CHECKPOINT,SRSF2,SRSF2,ortholog_one2one,1
HALLMARK_G2M_CHECKPOINT,SS18,SS18,ortholog_one2one,1
HALLMARK_G2M_CHECKPOINT,STAG1,STAG1,ortholog_one2one,1
HALLMARK_G2M_CHECKPOINT,STIL,STIL,ortholog_one2one,1
HALLMARK_G2M_CHECKPOINT,STMN1,STMN1,ortholog_one2one,1
HALLMARK_G2M_CHECKPOINT,SUV39H1,SUV39H1,ortholog_one2one,1
HALLMARK_G2M_CHECKPOINT,SYNCRIP,SYNCRIP,ortholog_one2one,1
HALLMARK_G2M_CHECKPOINT,TACC3,TACC3,ortholog_one2one,1
HALLMARK_G2M_CHECKPOINT,TENT4A,TENT4A,ortholog_one2one,1
HALLMARK_G2M_CHECKPOINT,TFDP1,TFDP1,ortholog_one2one,1
HALLMARK_G2M_CHECKPOINT,TGFB1,TGFB1,ortholog_one2one,1
HALLMARK_G2M_CHECKPOINT,TLE3,TLE3,ortholog_one2one,1
HALLMARK_G2M_CHECKPOINT,TMPO,TMPO,ortholog_one2one,1
HALLMARK_G2M_CHECKPOINT,TNPO2,TNPO2,ortholog_one2one,1
HALLMARK_G2M_CHECKPOINT,TOP1,TOP1,ortholog_one2one,1
HALLMARK_G2M_CHECKPOINT,TOP2A,TOP2A,ortholog_one2one,1
HALLMARK_G2M_CHECKPOINT,TPX2,TPX2,ortholog_one2one,1
HALLMARK_G2M_CHECKPOINT,TRA2B,TRA2B,ortholog_one2one,1
HALLMARK_G2M_CHECKPOINT,TRAIP,TRAIP,ortholog_one2one,1
HALLMARK_G2M_CHECKPOINT,TROAP,TROAP,ortholog_one2one,1
HALLMARK_G2M_CHECKPOINT,TTK,TTK,ortholog_one2one,1
HALLMARK_G2M_CHECKPOINT,UBE2S,UBE2S,ortholog_one2one,1
HALLMARK_G2M_CHECKPOINT,UCK2,UCK2,ortholog_one2one,1
HALLMARK_G2M_CHECKPOINT,UPF1,UPF1,ortholog_one2one,1
HALLMARK_G2M_CHECKPOINT,WRN,WRN,ortholog_one2one,1
HALLMARK_G2M_CHECKPOINT,XPO1,XPO1,ortholog_one2one,1
HALLMARK_G2M_CHECKPOINT,YTHDC1,YTHDC1,ortholog_one2one,1
HALLMARK_GLYCOLYSIS,ABCB6,ABCB6,ortholog_one2one,1
HALLMARK_GLYCOLYSIS,ADORA2B,ADORA2B,ortholog_one2one,1
HALLMARK_GLYCOLYSIS,AGL,AGL,ortholog_one2one,1
HALLMARK_GLYCOLYSIS,AGRN,AGRN,ortholog_one2one,1
HALLMARK_GLYCOLYSIS,AK3,AK3,ortholog_one2one,1
HALLMARK_GLYCOLYSIS,AKR1A1,AKR1A1,ortholog_one2one,1
HALLMARK_GLYCOLYSIS,ALDH7A1,ALDH7A1,ortholog_one2one,1
HALLMARK_GLYCOLYSIS,ALDH9A1,ALDH9A1,ortholog_one2one,1
HALLMARK_GLYCOLYSIS,ALDOA,ALDOA,ortholog_one2one,1
HALLMARK_GLYCOLYSIS,ALDOB,ALDOB,ortholog_one2one,1
HALLMARK_GLYCOLYSIS,ANGPTL4,ANGPTL4,ortholog_one2one,1
HALLMARK_GLYCOLYSIS,ANKZF1,ANKZF1,ortholog_one2one,1
HALLMARK_GLYCOLYSIS,ARPP19,ARPP19,ortholog_one2one,1
HALLMARK_GLYCOLYSIS,ARTN,ARTN,ortholog_one2one,1
HALLMARK_GLYCOLYSIS,AURKA,AURKA,ortholog_one2one,1
HALLMARK_GLYCOLYSIS,B3GALT6,B3GALT6,ortholog_one2one,1
HALLMARK_GLYCOLYSIS,B3GAT1,B3GAT1,ortholog_one2one,1
HALLMARK_GLYCOLYSIS,B3GAT3,B3GAT3,ortholog_one2one,1
HALLMARK_GLYCOLYSIS,B3GNT3,B3GNT3,ortholog_one2one,1
HALLMARK_GLYCOLYSIS,B4GALT1,B4GALT1,ortholog_one2one,1
HALLMARK_GLYCOLYSIS,B4GALT2,B4GALT2,ortholog_one2one,1
HALLMARK_GLYCOLYSIS,B4GALT4,B4GALT4,ortholog_one2one,1
HALLMARK_GLYCOLYSIS,B4GALT7,B4GALT7,ortholog_one2one,1
HALLMARK_GLYCOLYSIS,BIK,BIK,ortholog_one2one,1
HALLMARK_GLYCOLYSIS,BPNT1,BPNT1,ortholog_one2one,1
HALLMARK_GLYCOLYSIS,CACNA1H,CACNA1H,ortholog_one2one,1
HALLMARK_GLYCOLYSIS,CAPN5,CAPN5,ortholog_one2one,1
HALLMARK_GLYCOLYSIS,CASP6,CASP6,ortholog_one2one,1
HALLMARK_GLYCOLYSIS,CD44,CD44,ortholog_one2one,1
HALLMARK_GLYCOLYSIS,CENPA,CENPA,ortholog_one2one,1
HALLMARK_GLYCOLYSIS,CHPF,CHPF,ortholog_one2one,1
HALLMARK_GLYCOLYSIS,CHPF2,CHPF2,ortholog_one2one,1
HALLMARK_GLYCOLYSIS,CHST1,CHST1,ortholog_one2one,1
HALLMARK_GLYCOLYSIS,CHST12,CHST12,ortholog_one2one,1
HALLMARK_GLYCOLYSIS,CHST2,CHST2,ortholog_one2one,1
HALLMARK_GLYCOLYSIS,CHST4,CHST4,ortholog_one2one,1
HALLMARK_GLYCOLYSIS,CHST6,CHST6,ortholog_one2one,1
HALLMARK_GLYCOLYSIS,CITED2,CITED2,ortholog_one2one,1
HALLMARK_GLYCOLYSIS,CLDN3,CLDN3,ortholog_one2one,1
HALLMARK_GLYCOLYSIS,CLDN9,CLDN9,ortholog_one2one,1
HALLMARK_GLYCOLYSIS,CLN6,CLN6,ortholog_one2one,1
HALLMARK_GLYCOLYSIS,COG2,COG2,ortholog_one2one,1
HALLMARK_GLYCOLYSIS,COL5A1,COL5A1,ortholog_one2one,1
HALLMARK_GLYCOLYSIS,COPB2,COPB2,ortholog_one2one,1
HALLMARK_GLYCOLYSIS,CTH,CTH,ortholog_one2one,1
HALLMARK_GLYCOLYSIS,CXCR4,CXCR4,ortholog_one2one,1
HALLMARK_GLYCOLYSIS,CYB5A,CYB5A,ortholog_one2one,1
HALLMARK_GLYCOLYSIS,DCN,DCN,ortholog_one2one,1
HALLMARK_GLYCOLYSIS,DDIT4,DDIT4,ortholog_one2one,1
HALLMARK_GLYCOLYSIS,DEPDC1,DEPDC1,ortholog_one2one,1
HALLMARK_GLYCOLYSIS,DLD,DLD,ortholog_one2one,1
HALLMARK_GLYCOLYSIS,DPYSL4,DPYSL4,ortholog_one2one,1
HALLMARK_GLYCOLYSIS,DSC2,DSC2,ortholog_one2one,1
HALLMARK_GLYCOLYSIS,ECD,ECD,ortholog_one2one,1
HALLMARK_GLYCOLYSIS,EFNA3,EFNA3,ortholog_one2one,1
HALLMARK_GLYCOLYSIS,EGFR,EGFR,ortholog_one2one,1
HALLMARK_GLYCOLYSIS,EGLN3,EGLN3,ortholog_one2one,1
HALLMARK_GLYCOLYSIS,ELF3,ELF3,ortholog_one2one,1
HALLMARK_GLYCOLYSIS,ENO1,ENO1,ortholog_one2one,1
HALLMARK_GLYCOLYSIS,ENO2,ENO2,ortholog_one2one,1
HALLMARK_GLYCOLYSIS,ERO1A,ERO1A,ortholog_one2one,1
HALLMARK_GLYCOLYSIS,EXT1,EXT1,ortholog_one2one,1
HALLMARK_GLYCOLYSIS,EXT2,EXT2,ortholog_one2one,1
HALLMARK_GLYCOLYSIS,FAM162A,FAM162A,ortholog_one2one,1
HALLMARK_GLYCOLYSIS,FBP2,FBP2,ortholog_one2one,1
HALLMARK_GLYCOLYSIS,FKBP4,FKBP4,ortholog_one2one,1
HALLMARK_GLYCOLYSIS,FUT8,FUT8,ortholog_one2one,1
HALLMARK_GLYCOLYSIS,G6PD,G6PD,ortholog_one2one,1
HALLMARK_GLYCOLYSIS,GAL3ST1,GAL3ST1,ortholog_one2one,1
HALLMARK_GLYCOLYSIS,GALE,GALE,ortholog_one2one,1
HALLMARK_GLYCOLYSIS,GALK1,GALK1,ortholog_one2one,1
HALLMARK_GLYCOLYSIS,GALK2,GALK2,ortholog_one2one,1
HALLMARK_GLYCOLYSIS,GAPDHS,GAPDHS,ortholog_one2one,1
HALLMARK_GLYCOLYSIS,GCLC,GCLC,ortholog_one2one,1
HALLMARK_GLYCOLYSIS,GFPT1,GFPT1,ortholog_one2one,1
HALLMARK_GLYCOLYSIS,GFUS,GFUS,ortholog_one2one,1
HALLMARK_GLYCOLYSIS,GLCE,GLCE,ortholog_one2one,1
HALLMARK_GLYCOLYSIS,GLRX,GLRX,ortholog_one2one,1
HALLMARK_GLYCOLYSIS,GMPPA,GMPPA,ortholog_one2one,1
HALLMARK_GLYCOLYSIS,GMPPB,GMPPB,ortholog_one2one,1
HALLMARK_GLYCOLYSIS,GNE,GNE,ortholog_one2one,1
HALLMARK_GLYCOLYSIS,GNPDA1,GNPDA1,ortholog_one2one,1
HALLMARK_GLYCOLYSIS,GOT1,GOT1,ortholog_one2one,1
HALLMARK_GLYCOLYSIS,GOT2,GOT2,ortholog_one2one,1
HALLMARK_GLYCOLYSIS,GPC1,GPC1,ortholog_one2one,1
HALLMARK_GLYCOLYSIS,GPC4,GPC4,ortholog_one2one,1
HALLMARK_GLYCOLYSIS,GPR87,GPR87,ortholog_one2one,1
HALLMARK_GLYCOLYSIS,GYS1,GYS1,ortholog_one2one,1
HALLMARK_GLYCOLYSIS,GYS2,GYS2,ortholog_one2one,1
HALLMARK_GLYCOLYSIS,HAX1,HAX1,ortholog_one2one,1
HALLMARK_GLYCOLYSIS,HDLBP,HDLBP,ortholog_one2one,1
HALLMARK_GLYCOLYSIS,HK2,HK2,ortholog_one2one,1
HALLMARK_GLYCOLYSIS,HMMR,HMMR,ortholog_one2one,1
HALLMARK_GLYCOLYSIS,HOMER1,HOMER1,ortholog_one2one,1
HALLMARK_GLYCOLYSIS,HS2ST1,HS2ST1,ortholog_one2one,1
HALLMARK_GLYCOLYSIS,HS6ST2,HS6ST2,ortholog_one2one,1
HALLMARK_GLYCOLYSIS,HSPA5,HSPA5,ortholog_one2one,1
HALLMARK_GLYCOLYSIS,IDH1,IDH1,ortholog_one2one,1
HALLMARK_GLYCOLYSIS,IDUA,IDUA,ortholog_one2one,1
HALLMARK_GLYCOLYSIS,IER3,IER3,ortholog_one2one,1
HALLMARK_GLYCOLYSIS,IGFBP3,IGFBP3,ortholog_one2one,1
HALLMARK_GLYCOLYSIS,IL13RA1,IL13RA1,ortholog_one2one,1
HALLMARK_GLYCOLYSIS,IRS2,IRS2,ortholog_one2one,1
HALLMARK_GLYCOLYSIS,ISG20,ISG20,ortholog_one2one,1
HALLMARK_GLYCOLYSIS,KDELR3,KDELR3,ortholog_one2one,1
HALLMARK_GLYCOLYSIS,KIF20A,KIF20A,ortholog_one2one,1
HALLMARK_GLYCOLYSIS,KIF2A,KIF2A,ortholog_one2one,1
HALLMARK_GLYCOLYSIS,LCT,LCT,ortholog_one2one,1
HALLMARK_GLYCOLYSIS,LDHC,LDHC,ortholog_one2one,1
HALLMARK_GLYCOLYSIS,LHPP,LHPP,ortholog_one2one,1
HALLMARK_GLYCOLYSIS,LHX9,LHX9,ortholog_one2one,1
HALLMARK_GLYCOLYSIS,MDH1,MDH1,ortholog_one2one,1
HALLMARK_GLYCOLYSIS,MDH2,MDH2,ortholog_one2one,1
HALLMARK_GLYCOLYSIS,ME1,ME1,ortholog_one2one,1
HALLMARK_GLYCOLYSIS,ME2,ME2,ortholog_one2one,1
HALLMARK_GLYCOLYSIS,MED24,MED24,ortholog_one2one,1
HALLMARK_GLYCOLYSIS,MERTK,MERTK,ortholog_one2one,1
HALLMARK_GLYCOLYSIS,MET,MET,ortholog_one2one,1
HALLMARK_GLYCOLYSIS,MIF,MIF,ortholog_one2one,1
HALLMARK_GLYCOLYSIS,MIOX,MIOX,ortholog_one2one,1
HALLMARK_GLYCOLYSIS,MPI,MPI,ortholog_one2one,1
HALLMARK_GLYCOLYSIS,MXI1,MXI1,ortholog_one2one,1
HALLMARK_GLYCOLYSIS,NANP,NANP,ortholog_one2one,1
HALLMARK_GLYCOLYSIS,NASP,NASP,ortholog_one2one,1
HALLMARK_GLYCOLYSIS,NDST3,NDST3,ortholog_one2one,1
HALLMARK_GLYCOLYSIS,NDUFV3,NDUFV3,ortholog_one2one,1
HALLMARK_GLYCOLYSIS,NOL3,NOL3,ortholog_one2one,1
HALLMARK_GLYCOLYSIS,NSDHL,NSDHL,ortholog_one2one,1
HALLMARK_GLYCOLYSIS,NT5E,NT5E,ortholog_one2one,1
HALLMARK_GLYCOLYSIS,P4HA1,P4HA1,ortholog_one2one,1
HALLMARK_GLYCOLYSIS,P4HA2,P4HA2,ortholog_one2one,1
HALLMARK_GLYCOLYSIS,PAM,PAM,ortholog_one2one,1
HALLMARK_GLYCOLYSIS,PAXIP1,PAXIP1,ortholog_one2one,1
HALLMARK_GLYCOLYSIS,PC,PC,ortholog_one2one,1
HALLMARK_GLYCOLYSIS,PDK3,PDK3,ortholog_one2one,1
HALLMARK_GLYCOLYSIS,PFKFB1,PFKFB1,ortholog_one2one,1
HALLMARK_GLYCOLYSIS,PFKP,PFKP,ortholog_one2one,1
HALLMARK_GLYCOLYSIS,PGAM2,PGAM2,ortholog_one2one,1
HALLMARK_GLYCOLYSIS,PGLS,PGLS,ortholog_one2one,1
HALLMARK_GLYCOLYSIS,PGM2,PGM2,ortholog_one2one,1
HALLMARK_GLYCOLYSIS,PHKA2,PHKA2,ortholog_one2one,1
HALLMARK_GLYCOLYSIS,PKP2,PKP2,ortholog_one2one,1
HALLMARK_GLYCOLYSIS,PLOD1,PLOD1,ortholog_one2one,1
HALLMARK_GLYCOLYSIS,PLOD2,PLOD2,ortholog_one2one,1
HALLMARK_GLYCOLYSIS,PMM2,PMM2,ortholog_one2one,1
HALLMARK_GLYCOLYSIS,POLR3K,POLR3K,ortholog_one2one,1
HALLMARK_GLYCOLYSIS,PPFIA4,PPFIA4,ortholog_one2one,1
HALLMARK_GLYCOLYSIS,PPIA,PPIA,ortholog_one2one,1
HALLMARK_GLYCOLYSIS,PPP2CB,PPP2CB,ortholog_one2one,1
HALLMARK_GLYCOLYSIS,PRPS1,PRPS1,ortholog_one2one,1
HALLMARK_GLYCOLYSIS,PSMC4,PSMC4,ortholog_one2one,1
HALLMARK_GLYCOLYSIS,PYGB,PYGB,ortholog_one2one,1
HALLMARK_GLYCOLYSIS,PYGL,PYGL,ortholog_one2one,1
HALLMARK_GLYCOLYSIS,QSOX1,QSOX1,ortholog_one2one,1
HALLMARK_GLYCOLYSIS,RARS1,RARS1,ortholog_one2one,1
HALLMARK_GLYCOLYSIS,RBCK1,RBCK1,ortholog_one2one,1
HALLMARK_GLYCOLYSIS,RRAGD,RRAGD,ortholog_one2one,1
HALLMARK_GLYCOLYSIS,SAP30,SAP30,ortholog_one2one,1
HALLMARK_GLYCOLYSIS,SDC1,SDC1,ortholog_one2one,1
HALLMARK_GLYCOLYSIS,SDC2,SDC2,ortholog_one2one,1
HALLMARK_GLYCOLYSIS,SDC3,SDC3,ortholog_one2one,1
HALLMARK_GLYCOLYSIS,SLC16A3,SLC16A3,ortholog_one2one,1
HALLMARK_GLYCOLYSIS,SLC25A10,SLC25A10,ortholog_one2one,1
HALLMARK_GLYCOLYSIS,SLC25A13,SLC25A13,ortholog_one2one,1
HALLMARK_GLYCOLYSIS,SLC35A3,SLC35A3,ortholog_one2one,1
HALLMARK_GLYCOLYSIS,SLC37A4,SLC37A4,ortholog_one2one,1
HALLMARK_GLYCOLYSIS,SOX9,SOX9,ortholog_one2one,1
HALLMARK_GLYCOLYSIS,SPAG4,SPAG4,ortholog_one2one,1
HALLMARK_GLYCOLYSIS,SRD5A3,SRD5A3,ortholog_one2one,1
HALLMARK_GLYCOLYSIS,STC1,STC1,ortholog_one2one,1
HALLMARK_GLYCOLYSIS,STC2,STC2,ortholog_one2one,1
HALLMARK_GLYCOLYSIS,STMN1,STMN1,ortholog_one2one,1
HALLMARK_GLYCOLYSIS,TALDO1,TALDO1,ortholog_one2one,1
HALLMARK_GLYCOLYSIS,TFF3,TFF3,ortholog_one2one,1
HALLMARK_GLYCOLYSIS,TGFA,TGFA,ortholog_one2one,1
HALLMARK_GLYCOLYSIS,TGFBI,TGFBI,ortholog_one2one,1
HALLMARK_GLYCOLYSIS,TKTL1,TKTL1,ortholog_one2one,1
HALLMARK_GLYCOLYSIS,TPBG,TPBG,ortholog_one2one,1
HALLMARK_GLYCOLYSIS,TPI1,TPI1,ortholog_one2one,1
HALLMARK_GLYCOLYSIS,TPST1,TPST1,ortholog_one2one,1
HALLMARK_GLYCOLYSIS,UGP2,UGP2,ortholog_one2one,1
HALLMARK_GLYCOLYSIS,VCAN,VCAN,ortholog_one2one,1
HALLMARK_GLYCOLYSIS,VEGFA,VEGFA,ortholog_one2one,1
HALLMARK_GLYCOLYSIS,VLDLR,VLDLR,ortholog_one2one,1
HALLMARK_GLYCOLYSIS,XYLT2,XYLT2,ortholog_one2one,1
HALLMARK_GLYCOLYSIS,ZNF292,ZNF292,ortholog_one2one,1
HALLMARK_HEDGEHOG_SIGNALING,ACHE,ACHE,ortholog_one2one,1
HALLMARK_HEDGEHOG_SIGNALING,ADGRG1,ADGRG1,ortholog_one2one,1
HALLMARK_HEDGEHOG_SIGNALING,AMOT,AMOT,ortholog_one2one,1
HALLMARK_HEDGEHOG_SIGNALING,CDK5R1,CDK5R1,ortholog_one2one,1
HALLMARK_HEDGEHOG_SIGNALING,CDK6,CDK6,ortholog_one2one,1
HALLMARK_HEDGEHOG_SIGNALING,CELSR1,CELSR1,ortholog_one2one,1
HALLMARK_HEDGEHOG_SIGNALING,CNTFR,CNTFR,ortholog_one2one,1
HALLMARK_HEDGEHOG_SIGNALING,CRMP1,CRMP1,ortholog_one2one,1
HALLMARK_HEDGEHOG_SIGNALING,DPYSL2,DPYSL2,ortholog_one2one,1
HALLMARK_HEDGEHOG_SIGNALING,ETS2,ETS2,ortholog_one2one,1
HALLMARK_HEDGEHOG_SIGNALING,GLI1,GLI1,ortholog_one2one,1
HALLMARK_HEDGEHOG_SIGNALING,HEY1,HEY1,ortholog_one2one,1
HALLMARK_HEDGEHOG_SIGNALING,HEY2,HEY2,ortholog_one2one,1
HALLMARK_HEDGEHOG_SIGNALING,L1CAM,L1CAM,ortholog_one2one,1
HALLMARK_HEDGEHOG_SIGNALING,LDB1,LDB1,ortholog_one2one,1
HALLMARK_HEDGEHOG_SIGNALING,MYH9,MYH9,ortholog_one2one,1
HALLMARK_HEDGEHOG_SIGNALING,NF1,NF1,ortholog_one2one,1
HALLMARK_HEDGEHOG_SIGNALING,NKX6-1,NKX6-1,ortholog_one2one,1
HALLMARK_HEDGEHOG_SIGNALING,NRCAM,NRCAM,ortholog_one2one,1
HALLMARK_HEDGEHOG_SIGNALING,NRP1,NRP1,ortholog_one2one,1
HALLMARK_HEDGEHOG_SIGNALING,NRP2,NRP2,ortholog_one2one,1
HALLMARK_HEDGEHOG_SIGNALING,OPHN1,OPHN1,ortholog_one2one,1
HALLMARK_HEDGEHOG_SIGNALING,PML,PML,ortholog_one2one,1
HALLMARK_HEDGEHOG_SIGNALING,PTCH1,PTCH1,ortholog_one2one,1
HALLMARK_HEDGEHOG_SIGNALING,RASA1,RASA1,ortholog_one2one,1
HALLMARK_HEDGEHOG_SIGNALING,SCG2,SCG2,ortholog_one2one,1
HALLMARK_HEDGEHOG_SIGNALING,SHH,SHH,ortholog_one2one,1
HALLMARK_HEDGEHOG_SIGNALING,SLIT1,SLIT1,ortholog_one2one,1
HALLMARK_HEDGEHOG_SIGNALING,THY1,THY1,ortholog_one2one,1
HALLMARK_HEDGEHOG_SIGNALING,TLE1,TLE1,ortholog_one2one,1
HALLMARK_HEDGEHOG_SIGNALING,TLE3,TLE3,ortholog_one2one,1
HALLMARK_HEDGEHOG_SIGNALING,UNC5C,UNC5C,ortholog_one2one,1
HALLMARK_HEDGEHOG_SIGNALING,VEGFA,VEGFA,ortholog_one2one,1
HALLMARK_HEDGEHOG_SIGNALING,VLDLR,VLDLR,ortholog_one2one,1
HALLMARK_HEME_METABOLISM,ABCB6,ABCB6,ortholog_one2one,1
HALLMARK_HEME_METABOLISM,ACKR1,ACKR1,ortholog_one2one,1
HALLMARK_HEME_METABOLISM,ACP5,ACP5,ortholog_one2one,1
HALLMARK_HEME_METABOLISM,ACSL6,ACSL6,ortholog_one2one,1
HALLMARK_HEME_METABOLISM,ADD1,ADD1,ortholog_one2one,1
HALLMARK_HEME_METABOLISM,ADD2,ADD2,ortholog_one2one,1
HALLMARK_HEME_METABOLISM,ADIPOR1,ADIPOR1,ortholog_one2one,1
HALLMARK_HEME_METABOLISM,AGPAT4,AGPAT4,ortholog_one2one,1
HALLMARK_HEME_METABOLISM,AHSP,AHSP,ortholog_one2one,1
HALLMARK_HEME_METABOLISM,ALAD,ALAD,ortholog_one2one,1
HALLMARK_HEME_METABOLISM,ALAS2,ALAS2,ortholog_one2one,1
HALLMARK_HEME_METABOLISM,ALDH1L1,ALDH1L1,ortholog_one2one,1
HALLMARK_HEME_METABOLISM,ALDH6A1,ALDH6A1,ortholog_one2one,1
HALLMARK_HEME_METABOLISM,ANK1,ANK1,ortholog_one2one,1
HALLMARK_HEME_METABOLISM,AQP3,AQP3,ortholog_one2one,1
HALLMARK_HEME_METABOLISM,ARHGEF12,ARHGEF12,ortholog_one2one,1
HALLMARK_HEME_METABOLISM,ARL2BP,ARL2BP,ortholog_one2one,1
HALLMARK_HEME_METABOLISM,ASNS,ASNS,ortholog_one2one,1
HALLMARK_HEME_METABOLISM,ATG4A,ATG4A,ortholog_one2one,1
HALLMARK_HEME_METABOLISM,ATP6V0A1,ATP6V0A1,ortholog_one2one,1
HALLMARK_HEME_METABOLISM,BACH1,BACH1,ortholog_one2one,1
HALLMARK_HEME_METABOLISM,BCAM,BCAM,ortholog_one2one,1
HALLMARK_HEME_METABOLISM,BLVRA,BLVRA,ortholog_one2one,1
HALLMARK_HEME_METABOLISM,BLVRB,BLVRB,ortholog_one2one,1
HALLMARK_HEME_METABOLISM,BMP2K,BMP2K,ortholog_one2one,1
HALLMARK_HEME_METABOLISM,BNIP3L,BNIP3L,ortholog_one2one,1
HALLMARK_HEME_METABOLISM,BPGM,BPGM,ortholog_one2one,1
HALLMARK_HEME_METABOLISM,BSG,BSG,ortholog_one2one,1
HALLMARK_HEME_METABOLISM,BTG2,BTG2,ortholog_one2one,1
HALLMARK_HEME_METABOLISM,BTRC,BTRC,ortholog_one2one,1
HALLMARK_HEME_METABOLISM,C3,C3,ortholog_one2one,1
HALLMARK_HEME_METABOLISM,CA1,CA1,ortholog_one2one,1
HALLMARK_HEME_METABOLISM,CA2,CA2,ortholog_one2one,1
HALLMARK_HEME_METABOLISM,CAT,CAT,ortholog_one2one,1
HALLMARK_HEME_METABOLISM,CCDC28A,CCDC28A,ortholog_one2one,1
HALLMARK_HEME_METABOLISM,CCND3,CCND3,ortholog_one2one,1
HALLMARK_HEME_METABOLISM,CDC27,CDC27,ortholog_one2one,1
HALLMARK_HEME_METABOLISM,CDR2,CDR2,ortholog_one2one,1
HALLMARK_HEME_METABOLISM,CLCN3,CLCN3,ortholog_one2one,1
HALLMARK_HEME_METABOLISM,CLIC2,CLIC2,ortholog_one2one,1
HALLMARK_HEME_METABOLISM,CPOX,CPOX,ortholog_one2one,1
HALLMARK_HEME_METABOLISM,CTNS,CTNS,ortholog_one2one,1
HALLMARK_HEME_METABOLISM,CTSB,CTSB,ortholog_one2one,1
HALLMARK_HEME_METABOLISM,CTSE,CTSE,ortholog_one2one,1
HALLMARK_HEME_METABOLISM,DAAM1,DAAM1,ortholog_one2one,1
HALLMARK_HEME_METABOLISM,DCAF10,DCAF10,ortholog_one2one,1
HALLMARK_HEME_METABOLISM,DCAF11,DCAF11,ortholog_one2one,1
HALLMARK_HEME_METABOLISM,DCUN1D1,DCUN1D1,ortholog_one2one,1
HALLMARK_HEME_METABOLISM,DMTN,DMTN,ortholog_one2one,1
HALLMARK_HEME_METABOLISM,E2F2,E2F2,ortholog_one2one,1
HALLMARK_HEME_METABOLISM,EIF2AK1,EIF2AK1,ortholog_one2one,1
HALLMARK_HEME_METABOLISM,ELL2,ELL2,ortholog_one2one,1
HALLMARK_HEME_METABOLISM,ENDOD1,ENDOD1,ortholog_one2one,1
HALLMARK_HEME_METABOLISM,EPB41,EPB41,ortholog_one2one,1
HALLMARK_HEME_METABOLISM,EPB42,EPB42,ortholog_one2one,1
HALLMARK_HEME_METABOLISM,EPOR,EPOR,ortholog_one2one,1
HALLMARK_HEME_METABOLISM,ERMAP,ERMAP,ortholog_one2one,1
HALLMARK_HEME_METABOLISM,EZH1,EZH1,ortholog_one2one,1
HALLMARK_HEME_METABOLISM,FBXO34,FBXO34,ortholog_one2one,1
HALLMARK_HEME_METABOLISM,FBXO7,FBXO7,ortholog_one2one,1
HALLMARK_HEME_METABOLISM,FBXO9,FBXO9,ortholog_one2one,1
HALLMARK_HEME_METABOLISM,FECH,FECH,ortholog_one2one,1
HALLMARK_HEME_METABOLISM,FN3K,FN3K,ortholog_one2one,1
HALLMARK_HEME_METABOLISM,FOXJ2,FOXJ2,ortholog_one2one,1
HALLMARK_HEME_METABOLISM,FOXO3,FOXO3,ortholog_one2one,1
HALLMARK_HEME_METABOLISM,FTCD,FTCD,ortholog_one2one,1
HALLMARK_HEME_METABOLISM,GAPVD1,GAPVD1,ortholog_one2one,1
HALLMARK_HEME_METABOLISM,GATA1,GATA1,ortholog_one2one,1
HALLMARK_HEME_METABOLISM,GCLC,GCLC,ortholog_one2one,1
HALLMARK_HEME_METABOLISM,GCLM,GCLM,ortholog_one2one,1
HALLMARK_HEME_METABOLISM,GDE1,GDE1,ortholog_one2one,1
HALLMARK_HEME_METABOLISM,GLRX5,GLRX5,ortholog_one2one,1
HALLMARK_HEME_METABOLISM,GMPS,GMPS,ortholog_one2one,1
HALLMARK_HEME_METABOLISM,GYPC,GYPC,ortholog_one2one,1
HALLMARK_HEME_METABOLISM,H1-0,H1-0,ortholog_one2one,1
HALLMARK_HEME_METABOLISM,HAGH,HAGH,ortholog_one2one,1
HALLMARK_HEME_METABOLISM,HBB,HBB,ortholog_one2one,1
HALLMARK_HEME_METABOLISM,HBD,HBD,ortholog_one2one,1
HALLMARK_HEME_METABOLISM,HBQ1,HBQ1,ortholog_one2one,1
HALLMARK_HEME_METABOLISM,HBZ,HBZ,ortholog_one2one,1
HALLMARK_HEME_METABOLISM,HDGF,HDGF,ortholog_one2one,1
HALLMARK_HEME_METABOLISM,HEBP1,HEBP1,ortholog_one2one,1
HALLMARK_HEME_METABOLISM,HMBS,HMBS,ortholog_one2one,1
HALLMARK_HEME_METABOLISM,HTATIP2,HTATIP2,ortholog_one2one,1
HALLMARK_HEME_METABOLISM,HTRA2,HTRA2,ortholog_one2one,1
HALLMARK_HEME_METABOLISM,ICAM4,ICAM4,ortholog_one2one,1
HALLMARK_HEME_METABOLISM,IGSF3,IGSF3,ortholog_one2one,1
HALLMARK_HEME_METABOLISM,ISCA1,ISCA1,ortholog_one2one,1
HALLMARK_HEME_METABOLISM,KAT2B,KAT2B,ortholog_one2one,1
HALLMARK_HEME_METABOLISM,KDM7A,KDM7A,ortholog_one2one,1
HALLMARK_HEME_METABOLISM,KEL,KEL,ortholog_one2one,1
HALLMARK_HEME_METABOLISM,KHNYN,KHNYN,ortholog_one2one,1
HALLMARK_HEME_METABOLISM,KLF1,KLF1,ortholog_one2one,1
HALLMARK_HEME_METABOLISM,KLF3,KLF3,ortholog_one2one,1
HALLMARK_HEME_METABOLISM,LAMP2,LAMP2,ortholog_one2one,1
HALLMARK_HEME_METABOLISM,LMO2,LMO2,ortholog_one2one,1
HALLMARK_HEME_METABOLISM,LPIN2,LPIN2,ortholog_one2one,1
HALLMARK_HEME_METABOLISM,LRP10,LRP10,ortholog_one2one,1
HALLMARK_HEME_METABOLISM,MAP2K3,MAP2K3,ortholog_one2one,1
HALLMARK_HEME_METABOLISM,MARK3,MARK3,ortholog_one2one,1
HALLMARK_HEME_METABOLISM,MBOAT2,MBOAT2,ortholog_one2one,1
HALLMARK_HEME_METABOLISM,MFHAS1,MFHAS1,ortholog_one2one,1
HALLMARK_HEME_METABOLISM,MGST3,MGST3,ortholog_one2one,1
HALLMARK_HEME_METABOLISM,MINPP1,MINPP1,ortholog_one2one,1
HALLMARK_HEME_METABOLISM,MKRN1,MKRN1,ortholog_one2one,1
HALLMARK_HEME_METABOLISM,MOCOS,MOCOS,ortholog_one2one,1
HALLMARK_HEME_METABOLISM,MOSPD1,MOSPD1,ortholog_one2one,1
HALLMARK_HEME_METABOLISM,MPP1,MPP1,ortholog_one2one,1
HALLMARK_HEME_METABOLISM,MXI1,MXI1,ortholog_one2one,1
HALLMARK_HEME_METABOLISM,MYL4,MYL4,ortholog_one2one,1
HALLMARK_HEME_METABOLISM,NARF,NARF,ortholog_one2one,1
HALLMARK_HEME_METABOLISM,NCOA4,NCOA4,ortholog_one2one,1
HALLMARK_HEME_METABOLISM,NEK7,NEK7,ortholog_one2one,1
HALLMARK_HEME_METABOLISM,NFE2,NFE2,ortholog_one2one,1
HALLMARK_HEME_METABOLISM,NFE2L1,NFE2L1,ortholog_one2one,1
HALLMARK_HEME_METABOLISM,NNT,NNT,ortholog_one2one,1
HALLMARK_HEME_METABOLISM,NR3C1,NR3C1,ortholog_one2one,1
HALLMARK_HEME_METABOLISM,OPTN,OPTN,ortholog_one2one,1
HALLMARK_HEME_METABOLISM,OSBP2,OSBP2,ortholog_one2one,1
HALLMARK_HEME_METABOLISM,P4HA2,P4HA2,ortholog_one2one,1
HALLMARK_HEME_METABOLISM,PC,PC,ortholog_one2one,1
HALLMARK_HEME_METABOLISM,PDZK1IP1,PDZK1IP1,ortholog_one2one,1
HALLMARK_HEME_METABOLISM,PGLS,PGLS,ortholog_one2one,1
HALLMARK_HEME_METABOLISM,PICALM,PICALM,ortholog_one2one,1
HALLMARK_HEME_METABOLISM,PIGQ,PIGQ,ortholog_one2one,1
HALLMARK_HEME_METABOLISM,PPOX,PPOX,ortholog_one2one,1
HALLMARK_HEME_METABOLISM,PPP2R5B,PPP2R5B,ortholog_one2one,1
HALLMARK_HEME_METABOLISM,PRDX2,PRDX2,ortholog_one2one,1
HALLMARK_HEME_METABOLISM,PSMD9,PSMD9,ortholog_one2one,1
HALLMARK_HEME_METABOLISM,RAD23A,RAD23A,ortholog_one2one,1
HALLMARK_HEME_METABOLISM,RAP1GAP,RAP1GAP,ortholog_one2one,1
HALLMARK_HEME_METABOLISM,RBM38,RBM38,ortholog_one2one,1
HALLMARK_HEME_METABOLISM,RBM5,RBM5,ortholog_one2one,1
HALLMARK_HEME_METABOLISM,RCL1,RCL1,ortholog_one2one,1
HALLMARK_HEME_METABOLISM,RHAG,RHAG,ortholog_one2one,1
HALLMARK_HEME_METABOLISM,RIOK3,RIOK3,ortholog_one2one,1
HALLMARK_HEME_METABOLISM,RNF123,RNF123,ortholog_one2one,1
HALLMARK_HEME_METABOLISM,RNF19A,RNF19A,ortholog_one2one,1
HALLMARK_HEME_METABOLISM,SEC14L1,SEC14L1,ortholog_one2one,1
HALLMARK_HEME_METABOLISM,SELENBP1,SELENBP1,ortholog_one2one,1
HALLMARK_HEME_METABOLISM,SIDT2,SIDT2,ortholog_one2one,1
HALLMARK_HEME_METABOLISM,SLC10A3,SLC10A3,ortholog_one2one,1
HALLMARK_HEME_METABOLISM,SLC11A2,SLC11A2,ortholog_one2one,1
HALLMARK_HEME_METABOLISM,SLC22A4,SLC22A4,ortholog_one2one,1
HALLMARK_HEME_METABOLISM,SLC25A37,SLC25A37,ortholog_one2one,1
HALLMARK_HEME_METABOLISM,SLC25A38,SLC25A38,ortholog_one2one,1
HALLMARK_HEME_METABOLISM,SLC2A1,SLC2A1,ortholog_one2one,1
HALLMARK_HEME_METABOLISM,SLC30A1,SLC30A1,ortholog_one2one,1
HALLMARK_HEME_METABOLISM,SLC30A10,SLC30A10,ortholog_one2one,1
HALLMARK_HEME_METABOLISM,SLC4A1,SLC4A1,ortholog_one2one,1
HALLMARK_HEME_METABOLISM,SLC66A2,SLC66A2,ortholog_one2one,1
HALLMARK_HEME_METABOLISM,SLC6A9,SLC6A9,ortholog_one2one,1
HALLMARK_HEME_METABOLISM,SLC7A11,SLC7A11,ortholog_one2one,1
HALLMARK_HEME_METABOLISM,SNCA,SNCA,ortholog_one2one,1
HALLMARK_HEME_METABOLISM,SPTA1,SPTA1,ortholog_one2one,1
HALLMARK_HEME_METABOLISM,SPTB,SPTB,ortholog_one2one,1
HALLMARK_HEME_METABOLISM,SYNJ1,SYNJ1,ortholog_one2one,1
HALLMARK_HEME_METABOLISM,TAL1,TAL1,ortholog_one2one,1
HALLMARK_HEME_METABOLISM,TCEA1,TCEA1,ortholog_one2one,1
HALLMARK_HEME_METABOLISM,TENT5C,TENT5C,ortholog_one2one,1
HALLMARK_HEME_METABOLISM,TFDP2,TFDP2,ortholog_one2one,1
HALLMARK_HEME_METABOLISM,TFRC,TFRC,ortholog_one2one,1
HALLMARK_HEME_METABOLISM,TMCC2,TMCC2,ortholog_one2one,1
HALLMARK_HEME_METABOLISM,TMEM9B,TMEM9B,ortholog_one2one,1
HALLMARK_HEME_METABOLISM,TNRC6B,TNRC6B,ortholog_one2one,1
HALLMARK_HEME_METABOLISM,TNS1,TNS1,ortholog_one2one,1
HALLMARK_HEME_METABOLISM,TOP1,TOP1,ortholog_one2one,1
HALLMARK_HEME_METABOLISM,TRAK2,TRAK2,ortholog_one2one,1
HALLMARK_HEME_METABOLISM,TRIM10,TRIM10,ortholog_one2one,1
HALLMARK_HEME_METABOLISM,TRIM58,TRIM58,ortholog_one2one,1
HALLMARK_HEME_METABOLISM,TSPAN5,TSPAN5,ortholog_one2one,1
HALLMARK_HEME_METABOLISM,TSPO2,TSPO2,ortholog_one2one,1
HALLMARK_HEME_METABOLISM,TYR,TYR,ortholog_one2one,1
HALLMARK_HEME_METABOLISM,UBAC1,UBAC1,ortholog_one2one,1
HALLMARK_HEME_METABOLISM,UCP2,UCP2,ortholog_one2one,1
HALLMARK_HEME_METABOLISM,UROD,UROD,ortholog_one2one,1
HALLMARK_HEME_METABOLISM,UROS,UROS,ortholog_one2one,1
HALLMARK_HEME_METABOLISM,USP15,USP15,ortholog_one2one,1
HALLMARK_HEME_METABOLISM,VEZF1,VEZF1,ortholog_one2one,1
HALLMARK_HEME_METABOLISM,XK,XK,ortholog_one2one,1
HALLMARK_HEME_METABOLISM,XPO7,XPO7,ortholog_one2one,1
HALLMARK_HEME_METABOLISM,YPEL5,YPEL5,ortholog_one2one,1
HALLMARK_HYPOXIA,ACKR3,ACKR3,ortholog_one2one,1
HALLMARK_HYPOXIA,ADM,ADM,ortholog_one2one,1
HALLMARK_HYPOXIA,ADORA2B,ADORA2B,ortholog_one2one,1
HALLMARK_HYPOXIA,AKAP12,AKAP12,ortholog_one2one,1
HALLMARK_HYPOXIA,ALDOA,ALDOA,ortholog_one2one,1
HALLMARK_HYPOXIA,ALDOB,ALDOB,ortholog_one2one,1
HALLMARK_HYPOXIA,ALDOC,ALDOC,ortholog_one2one,1
HALLMARK_HYPOXIA,AMPD3,AMPD3,ortholog_one2one,1
HALLMARK_HYPOXIA,ANGPTL4,ANGPTL4,ortholog_one2one,1
HALLMARK_HYPOXIA,ANKZF1,ANKZF1,ortholog_one2one,1
HALLMARK_HYPOXIA,ATF3,ATF3,ortholog_one2one,1
HALLMARK_HYPOXIA,ATP7A,ATP7A,ortholog_one2one,1
HALLMARK_HYPOXIA,B3GALT6,B3GALT6,ortholog_one2one,1
HALLMARK_HYPOXIA,B4GALNT2,B4GALNT2,ortholog_one2one,1
HALLMARK_HYPOXIA,BCAN,BCAN,ortholog_one2one,1
HALLMARK_HYPOXIA,BCL2,BCL2,ortholog_one2one,1
HALLMARK_HYPOXIA,BGN,BGN,ortholog_one2one,1
HALLMARK_HYPOXIA,BHLHE40,BHLHE40,ortholog_one2one,1
HALLMARK_HYPOXIA,BNIP3L,BNIP3L,ortholog_one2one,1
HALLMARK_HYPOXIA,BRS3,BRS3,ortholog_one2one,1
HALLMARK_HYPOXIA,BTG1,BTG1,ortholog_one2one,1
HALLMARK_HYPOXIA,CA12,CA12,ortholog_one2one,1
HALLMARK_HYPOXIA,CASP6,CASP6,ortholog_one2one,1
HALLMARK_HYPOXIA,CAV1,CAV1,ortholog_one2one,1
HALLMARK_HYPOXIA,CAVIN1,CAVIN1,ortholog_one2one,1
HALLMARK_HYPOXIA,CAVIN3,CAVIN3,ortholog_one2one,1
HALLMARK_HYPOXIA,CCN1,CCN1,ortholog_one2one,1
HALLMARK_HYPOXIA,CCN2,CCN2,ortholog_one2one,1
HALLMARK_HYPOXIA,CCN5,CCN5,ortholog_one2one,1
HALLMARK_HYPOXIA,CCNG2,CCNG2,ortholog_one2one,1
HALLMARK_HYPOXIA,CDKN1A,CDKN1A,ortholog_one2one,1
HALLMARK_HYPOXIA,CDKN1B,CDKN1B,ortholog_one2one,1
HALLMARK_HYPOXIA,CDKN1C,CDKN1C,ortholog_one2one,1
HALLMARK_HYPOXIA,CHST2,CHST2,ortholog_one2one,1
HALLMARK_HYPOXIA,CHST3,CHST3,ortholog_one2one,1
HALLMARK_HYPOXIA,CITED2,CITED2,ortholog_one2one,1
HALLMARK_HYPOXIA,COL5A1,COL5A1,ortholog_one2one,1
HALLMARK_HYPOXIA,CP,CP,ortholog_one2one,1
HALLMARK_HYPOXIA,CSRP2,CSRP2,ortholog_one2one,1
HALLMARK_HYPOXIA,CXCR4,CXCR4,ortholog_one2one,1
HALLMARK_HYPOXIA,DCN,DCN,ortholog_one2one,1
HALLMARK_HYPOXIA,DDIT3,DDIT3,ortholog_one2one,1
HALLMARK_HYPOXIA,DDIT4,DDIT4,ortholog_one2one,1
HALLMARK_HYPOXIA,DPYSL4,DPYSL4,ortholog_one2one,1
HALLMARK_HYPOXIA,DTNA,DTNA,ortholog_one2one,1
HALLMARK_HYPOXIA,DUSP1,DUSP1,ortholog_one2one,1
HALLMARK_HYPOXIA,EDN2,EDN2,ortholog_one2one,1
HALLMARK_HYPOXIA,EFNA1,EFNA1,ortholog_one2one,1
HALLMARK_HYPOXIA,EFNA3,EFNA3,ortholog_one2one,1
HALLMARK_HYPOXIA,EGFR,EGFR,ortholog_one2one,1
HALLMARK_HYPOXIA,ENO1,ENO1,ortholog_one2one,1
HALLMARK_HYPOXIA,ENO2,ENO2,ortholog_one2one,1
HALLMARK_HYPOXIA,ENO3,ENO3,ortholog_one2one,1
HALLMARK_HYPOXIA,ERO1A,ERO1A,ortholog_one2one,1
HALLMARK_HYPOXIA,ERRFI1,ERRFI1,ortholog_one2one,1
HALLMARK_HYPOXIA,ETS1,ETS1,ortholog_one2one,1
HALLMARK_HYPOXIA,EXT1,EXT1,ortholog_one2one,1
HALLMARK_HYPOXIA,F3,F3,ortholog_one2one,1
HALLMARK_HYPOXIA,FAM162A,FAM162A,ortholog_one2one,1
HALLMARK_HYPOXIA,FBP1,FBP1,ortholog_one2one,1
HALLMARK_HYPOXIA,FOS,FOS,ortholog_one2one,1
HALLMARK_HYPOXIA,FOSL2,FOSL2,ortholog_one2one,1
HALLMARK_HYPOXIA,FOXO3,FOXO3,ortholog_one2one,1
HALLMARK_HYPOXIA,GAA,GAA,ortholog_one2one,1
HALLMARK_HYPOXIA,GALK1,GALK1,ortholog_one2one,1
HALLMARK_HYPOXIA,GAPDHS,GAPDHS,ortholog_one2one,1
HALLMARK_HYPOXIA,GBE1,GBE1,ortholog_one2one,1
HALLMARK_HYPOXIA,GCK,GCK,ortholog_one2one,1
HALLMARK_HYPOXIA,GCNT2,GCNT2,ortholog_one2one,1
HALLMARK_HYPOXIA,GLRX,GLRX,ortholog_one2one,1
HALLMARK_HYPOXIA,GPC1,GPC1,ortholog_one2one,1
HALLMARK_HYPOXIA,GPC4,GPC4,ortholog_one2one,1
HALLMARK_HYPOXIA,GPI,GPI,ortholog_one2one,1
HALLMARK_HYPOXIA,GRHPR,GRHPR,ortholog_one2one,1
HALLMARK_HYPOXIA,GYS1,GYS1,ortholog_one2one,1
HALLMARK_HYPOXIA,HAS1,HAS1,ortholog_one2one,1
HALLMARK_HYPOXIA,HDLBP,HDLBP,ortholog_one2one,1
HALLMARK_HYPOXIA,HEXA,HEXA,ortholog_one2one,1
HALLMARK_HYPOXIA,HK1,HK1,ortholog_one2one,1
HALLMARK_HYPOXIA,HK2,HK2,ortholog_one2one,1
HALLMARK_HYPOXIA,HMOX1,HMOX1,ortholog_one2one,1
HALLMARK_HYPOXIA,HOXB9,HOXB9,ortholog_one2one,1
HALLMARK_HYPOXIA,HS3ST1,HS3ST1,ortholog_one2one,1
HALLMARK_HYPOXIA,HSPA5,HSPA5,ortholog_one2one,1
HALLMARK_HYPOXIA,IDS,IDS,ortholog_one2one,1
HALLMARK_HYPOXIA,IER3,IER3,ortholog_one2one,1
HALLMARK_HYPOXIA,IGFBP1,IGFBP1,ortholog_one2one,1
HALLMARK_HYPOXIA,IGFBP3,IGFBP3,ortholog_one2one,1
HALLMARK_HYPOXIA,IL6,IL6,ortholog_one2one,1
HALLMARK_HYPOXIA,INHA,INHA,ortholog_one2one,1
HALLMARK_HYPOXIA,IRS2,IRS2,ortholog_one2one,1
HALLMARK_HYPOXIA,ISG20,ISG20,ortholog_one2one,1
HALLMARK_HYPOXIA,JMJD6,JMJD6,ortholog_one2one,1
HALLMARK_HYPOXIA,JUN,JUN,ortholog_one2one,1
HALLMARK_HYPOXIA,KDELR3,KDELR3,ortholog_one2one,1
HALLMARK_HYPOXIA,KDM3A,KDM3A,ortholog_one2one,1
HALLMARK_HYPOXIA,KIF5A,KIF5A,ortholog_one2one,1
HALLMARK_HYPOXIA,KLF6,KLF6,ortholog_one2one,1
HALLMARK_HYPOXIA,KLF7,KLF7,ortholog_one2one,1
HALLMARK_HYPOXIA,KLHL24,KLHL24,ortholog_one2one,1
HALLMARK_HYPOXIA,LALBA,LALBA,ortholog_one2one,1
HALLMARK_HYPOXIA,LARGE1,LARGE1,ortholog_one2one,1
HALLMARK_HYPOXIA,LDHC,LDHC,ortholog_one2one,1
HALLMARK_HYPOXIA,LOX,LOX,ortholog_one2one,1
HALLMARK_HYPOXIA,LXN,LXN,ortholog_one2one,1
HALLMARK_HYPOXIA,MAFF,MAFF,ortholog_one2one,1
HALLMARK_HYPOXIA,MAP3K1,MAP3K1,ortholog_one2one,1
HALLMARK_HYPOXIA,MIF,MIF,ortholog_one2one,1
HALLMARK_HYPOXIA,MXI1,MXI1,ortholog_one2one,1
HALLMARK_HYPOXIA,MYH9,MYH9,ortholog_one2one,1
HALLMARK_HYPOXIA,NAGK,NAGK,ortholog_one2one,1
HALLMARK_HYPOXIA,NCAN,NCAN,ortholog_one2one,1
HALLMARK_HYPOXIA,NDRG1,NDRG1,ortholog_one2one,1
HALLMARK_HYPOXIA,NDST1,NDST1,ortholog_one2one,1
HALLMARK_HYPOXIA,NDST2,NDST2,ortholog_one2one,1
HALLMARK_HYPOXIA,NEDD4L,NEDD4L,ortholog_one2one,1
HALLMARK_HYPOXIA,NFIL3,NFIL3,ortholog_one2one,1
HALLMARK_HYPOXIA,NOCT,NOCT,ortholog_one2one,1
HALLMARK_HYPOXIA,NR3C1,NR3C1,ortholog_one2one,1
HALLMARK_HYPOXIA,P4HA1,P4HA1,ortholog_one2one,1
HALLMARK_HYPOXIA,P4HA2,P4HA2,ortholog_one2one,1
HALLMARK_HYPOXIA,PAM,PAM,ortholog_one2one,1
HALLMARK_HYPOXIA,PCK1,PCK1,ortholog_one2one,1
HALLMARK_HYPOXIA,PDGFB,PDGFB,ortholog_one2one,1
HALLMARK_HYPOXIA,PDK1,PDK1,ortholog_one2one,1
HALLMARK_HYPOXIA,PDK3,PDK3,ortholog_one2one,1
HALLMARK_HYPOXIA,PFKFB3,PFKFB3,ortholog_one2one,1
HALLMARK_HYPOXIA,PFKL,PFKL,ortholog_one2one,1
HALLMARK_HYPOXIA,PFKP,PFKP,ortholog_one2one,1
HALLMARK_HYPOXIA,PGAM2,PGAM2,ortholog_one2one,1
HALLMARK_HYPOXIA,PGF,PGF,ortholog_one2one,1
HALLMARK_HYPOXIA,PGM1,PGM1,ortholog_one2one,1
HALLMARK_HYPOXIA,PGM2,PGM2,ortholog_one2one,1
HALLMARK_HYPOXIA,PHKG1,PHKG1,ortholog_one2one,1
HALLMARK_HYPOXIA,PIM1,PIM1,ortholog_one2one,1
HALLMARK_HYPOXIA,PKLR,PKLR,ortholog_one2one,1
HALLMARK_HYPOXIA,PKP1,PKP1,ortholog_one2one,1
HALLMARK_HYPOXIA,PLAC8,PLAC8,ortholog_one2one,1
HALLMARK_HYPOXIA,PLAUR,PLAUR,ortholog_one2one,1
HALLMARK_HYPOXIA,PLIN2,PLIN2,ortholog_one2one,1
HALLMARK_HYPOXIA,PNRC1,PNRC1,ortholog_one2one,1
HALLMARK_HYPOXIA,PPARGC1A,PPARGC1A,ortholog_one2one,1
HALLMARK_HYPOXIA,PPFIA4,PPFIA4,ortholog_one2one,1
HALLMARK_HYPOXIA,PPP1R15A,PPP1R15A,ortholog_one2one,1
HALLMARK_HYPOXIA,PPP1R3C,PPP1R3C,ortholog_one2one,1
HALLMARK_HYPOXIA,PRDX5,PRDX5,ortholog_one2one,1
HALLMARK_HYPOXIA,PRKCA,PRKCA,ortholog_one2one,1
HALLMARK_HYPOXIA,PYGM,PYGM,ortholog_one2one,1
HALLMARK_HYPOXIA,RBPJ,RBPJ,ortholog_one2one,1
HALLMARK_HYPOXIA,RORA,RORA,ortholog_one2one,1
HALLMARK_HYPOXIA,RRAGD,RRAGD,ortholog_one2one,1
HALLMARK_HYPOXIA,S100A4,S100A4,ortholog_one2one,1
HALLMARK_HYPOXIA,SAP30,SAP30,ortholog_one2one,1
HALLMARK_HYPOXIA,SCARB1,SCARB1,ortholog_one2one,1
HALLMARK_HYPOXIA,SDC2,SDC2,ortholog_one2one,1
HALLMARK_HYPOXIA,SDC3,SDC3,ortholog_one2one,1
HALLMARK_HYPOXIA,SDC4,SDC4,ortholog_one2one,1
HALLMARK_HYPOXIA,SELENBP1,SELENBP1,ortholog_one2one,1
HALLMARK_HYPOXIA,SERPINE1,SERPINE1,ortholog_one2one,1
HALLMARK_HYPOXIA,SIAH2,SIAH2,ortholog_one2one,1
HALLMARK_HYPOXIA,SLC2A1,SLC2A1,ortholog_one2one,1
HALLMARK_HYPOXIA,SLC2A3,SLC2A3,ortholog_one2one,1
HALLMARK_HYPOXIA,SLC2A5,SLC2A5,ortholog_one2one,1
HALLMARK_HYPOXIA,SLC37A4,SLC37A4,ortholog_one2one,1
HALLMARK_HYPOXIA,SLC6A6,SLC6A6,ortholog_one2one,1
HALLMARK_HYPOXIA,SRPX,SRPX,ortholog_one2one,1
HALLMARK_HYPOXIA,STBD1,STBD1,ortholog_one2one,1
HALLMARK_HYPOXIA,STC1,STC1,ortholog_one2one,1
HALLMARK_HYPOXIA,STC2,STC2,ortholog_one2one,1
HALLMARK_HYPOXIA,SULT2B1,SULT2B1,ortholog_one2one,1
HALLMARK_HYPOXIA,TES,TES,ortholog_one2one,1
HALLMARK_HYPOXIA,TGFB3,TGFB3,ortholog_one2one,1
HALLMARK_HYPOXIA,TGFBI,TGFBI,ortholog_one2one,1
HALLMARK_HYPOXIA,TGM2,TGM2,ortholog_one2one,1
HALLMARK_HYPOXIA,TIPARP,TIPARP,ortholog_one2one,1
HALLMARK_HYPOXIA,TKTL1,TKTL1,ortholog_one2one,1
HALLMARK_HYPOXIA,TMEM45A,TMEM45A,ortholog_one2one,1
HALLMARK_HYPOXIA,TNFAIP3,TNFAIP3,ortholog_one2one,1
HALLMARK_HYPOXIA,TPBG,TPBG,ortholog_one2one,1
HALLMARK_HYPOXIA,TPD52,TPD52,ortholog_one2one,1
HALLMARK_HYPOXIA,TPI1,TPI1,ortholog_one2one,1
HALLMARK_HYPOXIA,TPST2,TPST2,ortholog_one2one,1
HALLMARK_HYPOXIA,UGP2,UGP2,ortholog_one2one,1
HALLMARK_HYPOXIA,VEGFA,VEGFA,ortholog_one2one,1
HALLMARK_HYPOXIA,VHL,VHL,ortholog_one2one,1
HALLMARK_HYPOXIA,VLDLR,VLDLR,ortholog_one2one,1
HALLMARK_HYPOXIA,WSB1,WSB1,ortholog_one2one,1
HALLMARK_HYPOXIA,XPNPEP1,XPNPEP1,ortholog_one2one,1
HALLMARK_HYPOXIA,ZFP36,ZFP36,ortholog_one2one,1
HALLMARK_HYPOXIA,ZNF292,ZNF292,ortholog_one2one,1
HALLMARK_IL2_STAT5_SIGNALING,ABCB1,ABCB1,ortholog_one2one,1
HALLMARK_IL2_STAT5_SIGNALING,ADAM19,ADAM19,ortholog_one2one,1
HALLMARK_IL2_STAT5_SIGNALING,AGER,AGER,ortholog_one2one,1
HALLMARK_IL2_STAT5_SIGNALING,AHCY,AHCY,ortholog_one2one,1
HALLMARK_IL2_STAT5_SIGNALING,AHNAK,AHNAK,ortholog_one2one,1
HALLMARK_IL2_STAT5_SIGNALING,AHR,AHR,ortholog_one2one,1
HALLMARK_IL2_STAT5_SIGNALING,ALCAM,ALCAM,ortholog_one2one,1
HALLMARK_IL2_STAT5_SIGNALING,AMACR,AMACR,ortholog_one2one,1
HALLMARK_IL2_STAT5_SIGNALING,ANXA4,ANXA4,ortholog_one2one,1
HALLMARK_IL2_STAT5_SIGNALING,APLP1,APLP1,ortholog_one2one,1
HALLMARK_IL2_STAT5_SIGNALING,BATF,BATF,ortholog_one2one,1
HALLMARK_IL2_STAT5_SIGNALING,BATF3,BATF3,ortholog_one2one,1
HALLMARK_IL2_STAT5_SIGNALING,BCL2,BCL2,ortholog_one2one,1
HALLMARK_IL2_STAT5_SIGNALING,BCL2L1,BCL2L1,ortholog_one2one,1
HALLMARK_IL2_STAT5_SIGNALING,BHLHE40,BHLHE40,ortholog_one2one,1
HALLMARK_IL2_STAT5_SIGNALING,BMP2,BMP2,ortholog_one2one,1
HALLMARK_IL2_STAT5_SIGNALING,BMPR2,BMPR2,ortholog_one2one,1
HALLMARK_IL2_STAT5_SIGNALING,CA2,CA2,ortholog_one2one,1
HALLMARK_IL2_STAT5_SIGNALING,CAPG,CAPG,ortholog_one2one,1
HALLMARK_IL2_STAT5_SIGNALING,CAPN3,CAPN3,ortholog_one2one,1
HALLMARK_IL2_STAT5_SIGNALING,CASP3,CASP3,ortholog_one2one,1
HALLMARK_IL2_STAT5_SIGNALING,CCND2,CCND2,ortholog_one2one,1
HALLMARK_IL2_STAT5_SIGNALING,CCND3,CCND3,ortholog_one2one,1
HALLMARK_IL2_STAT5_SIGNALING,CCNE1,CCNE1,ortholog_one2one,1
HALLMARK_IL2_STAT5_SIGNALING,CCR4,CCR4,ortholog_one2one,1
HALLMARK_IL2_STAT5_SIGNALING,CD44,CD44,ortholog_one2one,1
HALLMARK_IL2_STAT5_SIGNALING,CD48,CD48,ortholog_one2one,1
HALLMARK_IL2_STAT5_SIGNALING,CD79B,CD79B,ortholog_one2one,1
HALLMARK_IL2_STAT5_SIGNALING,CD81,CD81,ortholog_one2one,1
HALLMARK_IL2_STAT5_SIGNALING,CD83,CD83,ortholog_one2one,1
HALLMARK_IL2_STAT5_SIGNALING,CD86,CD86,ortholog_one2one,1
HALLMARK_IL2_STAT5_SIGNALING,CDC42SE2,CDC42SE2,ortholog_one2one,1
HALLMARK_IL2_STAT5_SIGNALING,CDC6,CDC6,ortholog_one2one,1
HALLMARK_IL2_STAT5_SIGNALING,CDCP1,CDCP1,ortholog_one2one,1
HALLMARK_IL2_STAT5_SIGNALING,CDKN1C,CDKN1C,ortholog_one2one,1
HALLMARK_IL2_STAT5_SIGNALING,CISH,CISH,ortholog_one2one,1
HALLMARK_IL2_STAT5_SIGNALING,CKAP4,CKAP4,ortholog_one2one,1
HALLMARK_IL2_STAT5_SIGNALING,COCH,COCH,ortholog_one2one,1
HALLMARK_IL2_STAT5_SIGNALING,CSF1,CSF1,ortholog_one2one,1
HALLMARK_IL2_STAT5_SIGNALING,CSF2,CSF2,ortholog_one2one,1
HALLMARK_IL2_STAT5_SIGNALING,CTLA4,CTLA4,ortholog_one2one,1
HALLMARK_IL2_STAT5_SIGNALING,CTSZ,CTSZ,ortholog_one2one,1
HALLMARK_IL2_STAT5_SIGNALING,CXCL10,CXCL10,ortholog_one2one,1
HALLMARK_IL2_STAT5_SIGNALING,CYFIP1,CYFIP1,ortholog_one2one,1
HALLMARK_IL2_STAT5_SIGNALING,DCPS,DCPS,ortholog_one2one,1
HALLMARK_IL2_STAT5_SIGNALING,DENND5A,DENND5A,ortholog_one2one,1
HALLMARK_IL2_STAT5_SIGNALING,DHRS3,DHRS3,ortholog_one2one,1
HALLMARK_IL2_STAT5_SIGNALING,ECM1,ECM1,ortholog_one2one,1
HALLMARK_IL2_STAT5_SIGNALING,EEF1AKMT1,EEF1AKMT1,ortholog_one2one,1
HALLMARK_IL2_STAT5_SIGNALING,EMP1,EMP1,ortholog_one2one,1
HALLMARK_IL2_STAT5_SIGNALING,ENO3,ENO3,ortholog_one2one,1
HALLMARK_IL2_STAT5_SIGNALING,ENPP1,ENPP1,ortholog_one2one,1
HALLMARK_IL2_STAT5_SIGNALING,EOMES,EOMES,ortholog_one2one,1
HALLMARK_IL2_STAT5_SIGNALING,ETFBKMT,ETFBKMT,ortholog_one2one,1
HALLMARK_IL2_STAT5_SIGNALING,ETV4,ETV4,ortholog_one2one,1
HALLMARK_IL2_STAT5_SIGNALING,F2RL2,F2RL2,ortholog_one2one,1
HALLMARK_IL2_STAT5_SIGNALING,FAH,FAH,ortholog_one2one,1
HALLMARK_IL2_STAT5_SIGNALING,FGL2,FGL2,ortholog_one2one,1
HALLMARK_IL2_STAT5_SIGNALING,FLT3LG,FLT3LG,ortholog_one2one,1
HALLMARK_IL2_STAT5_SIGNALING,FURIN,FURIN,ortholog_one2one,1
HALLMARK_IL2_STAT5_SIGNALING,GABARAPL1,GABARAPL1,ortholog_one2one,1
HALLMARK_IL2_STAT5_SIGNALING,GADD45B,GADD45B,ortholog_one2one,1
HALLMARK_IL2_STAT5_SIGNALING,GALM,GALM,ortholog_one2one,1
HALLMARK_IL2_STAT5_SIGNALING,GATA1,GATA1,ortholog_one2one,1
HALLMARK_IL2_STAT5_SIGNALING,GLIPR2,GLIPR2,ortholog_one2one,1
HALLMARK_IL2_STAT5_SIGNALING,GPR65,GPR65,ortholog_one2one,1
HALLMARK_IL2_STAT5_SIGNALING,GPR83,GPR83,ortholog_one2one,1
HALLMARK_IL2_STAT5_SIGNALING,GUCY1B1,GUCY1B1,ortholog_one2one,1
HALLMARK_IL2_STAT5_SIGNALING,HIPK2,HIPK2,ortholog_one2one,1
HALLMARK_IL2_STAT5_SIGNALING,HK2,HK2,ortholog_one2one,1
HALLMARK_IL2_STAT5_SIGNALING,HOPX,HOPX,ortholog_one2one,1
HALLMARK_IL2_STAT5_SIGNALING,HUWE1,HUWE1,ortholog_one2one,1
HALLMARK_IL2_STAT5_SIGNALING,HYCC2,HYCC2,ortholog_one2one,1
HALLMARK_IL2_STAT5_SIGNALING,ICOS,ICOS,ortholog_one2one,1
HALLMARK_IL2_STAT5_SIGNALING,IFNGR1,IFNGR1,ortholog_one2one,1
HALLMARK_IL2_STAT5_SIGNALING,IGF1R,IGF1R,ortholog_one2one,1
HALLMARK_IL2_STAT5_SIGNALING,IGF2R,IGF2R,ortholog_one2one,1
HALLMARK_IL2_STAT5_SIGNALING,IKZF2,IKZF2,ortholog_one2one,1
HALLMARK_IL2_STAT5_SIGNALING,IKZF4,IKZF4,ortholog_one2one,1
HALLMARK_IL2_STAT5_SIGNALING,IL10,IL10,ortholog_one2one,1
HALLMARK_IL2_STAT5_SIGNALING,IL10RA,IL10RA,ortholog_one2one,1
HALLMARK_IL2_STAT5_SIGNALING,IL13,IL13,ortholog_one2one,1
HALLMARK_IL2_STAT5_SIGNALING,IL18R1,IL18R1,ortholog_one2one,1
HALLMARK_IL2_STAT5_SIGNALING,IL1R2,IL1R2,ortholog_one2one,1
HALLMARK_IL2_STAT5_SIGNALING,IL1RL1,IL1RL1,ortholog_one2one,1
HALLMARK_IL2_STAT5_SIGNALING,IL2RA,IL2RA,ortholog_one2one,1
HALLMARK_IL2_STAT5_SIGNALING,IL2RB,IL2RB,ortholog_one2one,1
HALLMARK_IL2_STAT5_SIGNALING,IL3RA,IL3RA,ortholog_one2one,1
HALLMARK_IL2_STAT5_SIGNALING,IL4R,IL4R,ortholog_one2one,1
HALLMARK_IL2_STAT5_SIGNALING,IRF4,IRF4,ortholog_one2one,1
HALLMARK_IL2_STAT5_SIGNALING,IRF6,IRF6,ortholog_one2one,1
HALLMARK_IL2_STAT5_SIGNALING,IRF8,IRF8,ortholog_one2one,1
HALLMARK_IL2_STAT5_SIGNALING,ITGA6,ITGA6,ortholog_one2one,1
HALLMARK_IL2_STAT5_SIGNALING,ITGAV,ITGAV,ortholog_one2one,1
HALLMARK_IL2_STAT5_SIGNALING,ITIH5,ITIH5,ortholog_one2one,1
HALLMARK_IL2_STAT5_SIGNALING,KLF6,KLF6,ortholog_one2one,1
HALLMARK_IL2_STAT5_SIGNALING,LCLAT1,LCLAT1,ortholog_one2one,1
HALLMARK_IL2_STAT5_SIGNALING,LIF,LIF,ortholog_one2one,1
HALLMARK_IL2_STAT5_SIGNALING,LRIG1,LRIG1,ortholog_one2one,1
HALLMARK_IL2_STAT5_SIGNALING,LRRC8C,LRRC8C,ortholog_one2one,1
HALLMARK_IL2_STAT5_SIGNALING,MAFF,MAFF,ortholog_one2one,1
HALLMARK_IL2_STAT5_SIGNALING,MAP3K8,MAP3K8,ortholog_one2one,1
HALLMARK_IL2_STAT5_SIGNALING,MAP6,MAP6,ortholog_one2one,1
HALLMARK_IL2_STAT5_SIGNALING,MAPKAPK2,MAPKAPK2,ortholog_one2one,1
HALLMARK_IL2_STAT5_SIGNALING,MUC1,MUC1,ortholog_one2one,1
HALLMARK_IL2_STAT5_SIGNALING,MXD1,MXD1,ortholog_one2one,1
HALLMARK_IL2_STAT5_SIGNALING,MYC,MYC,ortholog_one2one,1
HALLMARK_IL2_STAT5_SIGNALING,MYO1C,MYO1C,ortholog_one2one,1
HALLMARK_IL2_STAT5_SIGNALING,MYO1E,MYO1E,ortholog_one2one,1
HALLMARK_IL2_STAT5_SIGNALING,NCOA3,NCOA3,ortholog_one2one,1
HALLMARK_IL2_STAT5_SIGNALING,NDRG1,NDRG1,ortholog_one2one,1
HALLMARK_IL2_STAT5_SIGNALING,NFIL3,NFIL3,ortholog_one2one,1
HALLMARK_IL2_STAT5_SIGNALING,NFKBIZ,NFKBIZ,ortholog_one2one,1
HALLMARK_IL2_STAT5_SIGNALING,NOP2,NOP2,ortholog_one2one,1
HALLMARK_IL2_STAT5_SIGNALING,NRP1,NRP1,ortholog_one2one,1
HALLMARK_IL2_STAT5_SIGNALING,NT5E,NT5E,ortholog_one2one,1
HALLMARK_IL2_STAT5_SIGNALING,P2RX4,P2RX4,ortholog_one2one,1
HALLMARK_IL2_STAT5_SIGNALING,P4HA1,P4HA1,ortholog_one2one,1
HALLMARK_IL2_STAT5_SIGNALING,PDCD2L,PDCD2L,ortholog_one2one,1
HALLMARK_IL2_STAT5_SIGNALING,PENK,PENK,ortholog_one2one,1
HALLMARK_IL2_STAT5_SIGNALING,PHTF2,PHTF2,ortholog_one2one,1
HALLMARK_IL2_STAT5_SIGNALING,PIM1,PIM1,ortholog_one2one,1
HALLMARK_IL2_STAT5_SIGNALING,PLAGL1,PLAGL1,ortholog_one2one,1
HALLMARK_IL2_STAT5_SIGNALING,PLEC,PLEC,ortholog_one2one,1
HALLMARK_IL2_STAT5_SIGNALING,PLIN2,PLIN2,ortholog_one2one,1
HALLMARK_IL2_STAT5_SIGNALING,PLPP1,PLPP1,ortholog_one2one,1
HALLMARK_IL2_STAT5_SIGNALING,PLSCR1,PLSCR1,ortholog_one2one,1
HALLMARK_IL2_STAT5_SIGNALING,PNP,PNP,ortholog_one2one,1
HALLMARK_IL2_STAT5_SIGNALING,POU2F1,POU2F1,ortholog_one2one,1
HALLMARK_IL2_STAT5_SIGNALING,PRAF2,PRAF2,ortholog_one2one,1
HALLMARK_IL2_STAT5_SIGNALING,PRKCH,PRKCH,ortholog_one2one,1
HALLMARK_IL2_STAT5_SIGNALING,PRNP,PRNP,ortholog_one2one,1
HALLMARK_IL2_STAT5_SIGNALING,PTCH1,PTCH1,ortholog_one2one,1
HALLMARK_IL2_STAT5_SIGNALING,PTGER2,PTGER2,ortholog_one2one,1
HALLMARK_IL2_STAT5_SIGNALING,PTH1R,PTH1R,ortholog_one2one,1
HALLMARK_IL2_STAT5_SIGNALING,PTRH2,PTRH2,ortholog_one2one,1
HALLMARK_IL2_STAT5_SIGNALING,PUS1,PUS1,ortholog_one2one,1
HALLMARK_IL2_STAT5_SIGNALING,RGS16,RGS16,ortholog_one2one,1
HALLMARK_IL2_STAT5_SIGNALING,RHOB,RHOB,ortholog_one2one,1
HALLMARK_IL2_STAT5_SIGNALING,RHOH,RHOH,ortholog_one2one,1
HALLMARK_IL2_STAT5_SIGNALING,RNH1,RNH1,ortholog_one2one,1
HALLMARK_IL2_STAT5_SIGNALING,RORA,RORA,ortholog_one2one,1
HALLMARK_IL2_STAT5_SIGNALING,RRAGD,RRAGD,ortholog_one2one,1
HALLMARK_IL2_STAT5_SIGNALING,S100A1,S100A1,ortholog_one2one,1
HALLMARK_IL2_STAT5_SIGNALING,SCN9A,SCN9A,ortholog_one2one,1
HALLMARK_IL2_STAT5_SIGNALING,SELL,SELL,ortholog_one2one,1
HALLMARK_IL2_STAT5_SIGNALING,SELP,SELP,ortholog_one2one,1
HALLMARK_IL2_STAT5_SIGNALING,SERPINB6,SERPINB6,ortholog_one2one,1
HALLMARK_IL2_STAT5_SIGNALING,SH3BGRL2,SH3BGRL2,ortholog_one2one,1
HALLMARK_IL2_STAT5_SIGNALING,SHE,SHE,ortholog_one2one,1
HALLMARK_IL2_STAT5_SIGNALING,SLC29A2,SLC29A2,ortholog_one2one,1
HALLMARK_IL2_STAT5_SIGNALING,SLC2A3,SLC2A3,ortholog_one2one,1
HALLMARK_IL2_STAT5_SIGNALING,SLC39A8,SLC39A8,ortholog_one2one,1
HALLMARK_IL2_STAT5_SIGNALING,SMPDL3A,SMPDL3A,ortholog_one2one,1
HALLMARK_IL2_STAT5_SIGNALING,SNX14,SNX14,ortholog_one2one,1
HALLMARK_IL2_STAT5_SIGNALING,SNX9,SNX9,ortholog_one2one,1
HALLMARK_IL2_STAT5_SIGNALING,SOCS1,SOCS1,ortholog_one2one,1
HALLMARK_IL2_STAT5_SIGNALING,SOCS2,SOCS2,ortholog_one2one,1
HALLMARK_IL2_STAT5_SIGNALING,SPP1,SPP1,ortholog_one2one,1
HALLMARK_IL2_STAT5_SIGNALING,SPRED2,SPRED2,ortholog_one2one,1
HALLMARK_IL2_STAT5_SIGNALING,SPRY4,SPRY4,ortholog_one2one,1
HALLMARK_IL2_STAT5_SIGNALING,ST3GAL4,ST3GAL4,ortholog_one2one,1
HALLMARK_IL2_STAT5_SIGNALING,SWAP70,SWAP70,ortholog_one2one,1
HALLMARK_IL2_STAT5_SIGNALING,SYNGR2,SYNGR2,ortholog_one2one,1
HALLMARK_IL2_STAT5_SIGNALING,SYT11,SYT11,ortholog_one2one,1
HALLMARK_IL2_STAT5_SIGNALING,TGM2,TGM2,ortholog_one2one,1
HALLMARK_IL2_STAT5_SIGNALING,TIAM1,TIAM1,ortholog_one2one,1
HALLMARK_IL2_STAT5_SIGNALING,TLR7,TLR7,ortholog_one2one,1
HALLMARK_IL2_STAT5_SIGNALING,TNFRSF18,TNFRSF18,ortholog_one2one,1
HALLMARK_IL2_STAT5_SIGNALING,TNFRSF1B,TNFRSF1B,ortholog_one2one,1
HALLMARK_IL2_STAT5_SIGNALING,TNFRSF21,TNFRSF21,ortholog_one2one,1
HALLMARK_IL2_STAT5_SIGNALING,TNFRSF4,TNFRSF4,ortholog_one2one,1
HALLMARK_IL2_STAT5_SIGNALING,TNFRSF8,TNFRSF8,ortholog_one2one,1
HALLMARK_IL2_STAT5_SIGNALING,TNFRSF9,TNFRSF9,ortholog_one2one,1
HALLMARK_IL2_STAT5_SIGNALING,TNFSF10,TNFSF10,ortholog_one2one,1
HALLMARK_IL2_STAT5_SIGNALING,TNFSF11,TNFSF11,ortholog_one2one,1
HALLMARK_IL2_STAT5_SIGNALING,TRAF1,TRAF1,ortholog_one2one,1
HALLMARK_IL2_STAT5_SIGNALING,TTC39B,TTC39B,ortholog_one2one,1
HALLMARK_IL2_STAT5_SIGNALING,TWSG1,TWSG1,ortholog_one2one,1
HALLMARK_IL2_STAT5_SIGNALING,UCK2,UCK2,ortholog_one2one,1
HALLMARK_IL2_STAT5_SIGNALING,UMPS,UMPS,ortholog_one2one,1
HALLMARK_IL2_STAT5_SIGNALING,WLS,WLS,ortholog_one2one,1
HALLMARK_IL6_JAK_STAT3_SIGNALING,A2M,A2M,ortholog_one2one,1
HALLMARK_IL6_JAK_STAT3_SIGNALING,ACVR1B,ACVR1B,ortholog_one2one,1
HALLMARK_IL6_JAK_STAT3_SIGNALING,ACVRL1,ACVRL1,ortholog_one2one,1
HALLMARK_IL6_JAK_STAT3_SIGNALING,BAK1,BAK1,ortholog_one2one,1
HALLMARK_IL6_JAK_STAT3_SIGNALING,CBL,CBL,ortholog_one2one,1
HALLMARK_IL6_JAK_STAT3_SIGNALING,CCR1,CCR1,ortholog_one2one,1
HALLMARK_IL6_JAK_STAT3_SIGNALING,CD14,CD14,ortholog_one2one,1
HALLMARK_IL6_JAK_STAT3_SIGNALING,CD36,CD36,ortholog_one2one,1
HALLMARK_IL6_JAK_STAT3_SIGNALING,CD38,CD38,ortholog_one2one,1
HALLMARK_IL6_JAK_STAT3_SIGNALING,CD44,CD44,ortholog_one2one,1
HALLMARK_IL6_JAK_STAT3_SIGNALING,CD9,CD9,ortholog_one2one,1
HALLMARK_IL6_JAK_STAT3_SIGNALING,CNTFR,CNTFR,ortholog_one2one,1
HALLMARK_IL6_JAK_STAT3_SIGNALING,CRLF2,CRLF2,ortholog_one2one,1
HALLMARK_IL6_JAK_STAT3_SIGNALING,CSF1,CSF1,ortholog_one2one,1
HALLMARK_IL6_JAK_STAT3_SIGNALING,CSF2,CSF2,ortholog_one2one,1
HALLMARK_IL6_JAK_STAT3_SIGNALING,CSF2RA,CSF2RA,ortholog_one2one,1
HALLMARK_IL6_JAK_STAT3_SIGNALING,CSF2RB,CSF2RB,ortholog_one2one,1
HALLMARK_IL6_JAK_STAT3_SIGNALING,CSF3R,CSF3R,ortholog_one2one,1
HALLMARK_IL6_JAK_STAT3_SIGNALING,CXCL1,CXCL1,ortholog_one2one,1
HALLMARK_IL6_JAK_STAT3_SIGNALING,CXCL10,CXCL10,ortholog_one2one,1
HALLMARK_IL6_JAK_STAT3_SIGNALING,CXCL11,CXCL11,ortholog_one2one,1
HALLMARK_IL6_JAK_STAT3_SIGNALING,CXCL13,CXCL13,ortholog_one2one,1
HALLMARK_IL6_JAK_STAT3_SIGNALING,CXCL9,CXCL9,ortholog_one2one,1
HALLMARK_IL6_JAK_STAT3_SIGNALING,DNTT,DNTT,ortholog_one2one,1
HALLMARK_IL6_JAK_STAT3_SIGNALING,EBI3,EBI3,ortholog_one2one,1
HALLMARK_IL6_JAK_STAT3_SIGNALING,GRB2,GRB2,ortholog_one2one,1
HALLMARK_IL6_JAK_STAT3_SIGNALING,HAX1,HAX1,ortholog_one2one,1
HALLMARK_IL6_JAK_STAT3_SIGNALING,HMOX1,HMOX1,ortholog_one2one,1
HALLMARK_IL6_JAK_STAT3_SIGNALING,IFNAR1,IFNAR1,ortholog_one2one,1
HALLMARK_IL6_JAK_STAT3_SIGNALING,IFNGR1,IFNGR1,ortholog_one2one,1
HALLMARK_IL6_JAK_STAT3_SIGNALING,IFNGR2,IFNGR2,ortholog_one2one,1
HALLMARK_IL6_JAK_STAT3_SIGNALING,IL10RB,IL10RB,ortholog_one2one,1
HALLMARK_IL6_JAK_STAT3_SIGNALING,IL12RB1,IL12RB1,ortholog_one2one,1
HALLMARK_IL6_JAK_STAT3_SIGNALING,IL13RA1,IL13RA1,ortholog_one2one,1
HALLMARK_IL6_JAK_STAT3_SIGNALING,IL15RA,IL15RA,ortholog_one2one,1
HALLMARK_IL6_JAK_STAT3_SIGNALING,IL17RA,IL17RA,ortholog_one2one,1
HALLMARK_IL6_JAK_STAT3_SIGNALING,IL17RB,IL17RB,ortholog_one2one,1
HALLMARK_IL6_JAK_STAT3_SIGNALING,IL18R1,IL18R1,ortholog_one2one,1
HALLMARK_IL6_JAK_STAT3_SIGNALING,IL1B,IL1B,ortholog_one2one,1
HALLMARK_IL6_JAK_STAT3_SIGNALING,IL1R1,IL1R1,ortholog_one2one,1
HALLMARK_IL6_JAK_STAT3_SIGNALING,IL1R2,IL1R2,ortholog_one2one,1
HALLMARK_IL6_JAK_STAT3_SIGNALING,IL2RA,IL2RA,ortholog_one2one,1
HALLMARK_IL6_JAK_STAT3_SIGNALING,IL2RG,IL2RG,ortholog_one2one,1
HALLMARK_IL6_JAK_STAT3_SIGNALING,IL3RA,IL3RA,ortholog_one2one,1
HALLMARK_IL6_JAK_STAT3_SIGNALING,IL4R,IL4R,ortholog_one2one,1
HALLMARK_IL6_JAK_STAT3_SIGNALING,IL6,IL6,ortholog_one2one,1
HALLMARK_IL6_JAK_STAT3_SIGNALING,IL6ST,IL6ST,ortholog_one2one,1
HALLMARK_IL6_JAK_STAT3_SIGNALING,IL7,IL7,ortholog_one2one,1
HALLMARK_IL6_JAK_STAT3_SIGNALING,IL9R,IL9R,ortholog_one2one,1
HALLMARK_IL6_JAK_STAT3_SIGNALING,INHBE,INHBE,ortholog_one2one,1
HALLMARK_IL6_JAK_STAT3_SIGNALING,IRF1,IRF1,ortholog_one2one,1
HALLMARK_IL6_JAK_STAT3_SIGNALING,IRF9,IRF9,ortholog_one2one,1
HALLMARK_IL6_JAK_STAT3_SIGNALING,ITGA4,ITGA4,ortholog_one2one,1
HALLMARK_IL6_JAK_STAT3_SIGNALING,ITGB3,ITGB3,ortholog_one2one,1
HALLMARK_IL6_JAK_STAT3_SIGNALING,JUN,JUN,ortholog_one2one,1
HALLMARK_IL6_JAK_STAT3_SIGNALING,LEPR,LEPR,ortholog_one2one,1
HALLMARK_IL6_JAK_STAT3_SIGNALING,LTBR,LTBR,ortholog_one2one,1
HALLMARK_IL6_JAK_STAT3_SIGNALING,MAP3K8,MAP3K8,ortholog_one2one,1
HALLMARK_IL6_JAK_STAT3_SIGNALING,MYD88,MYD88,ortholog_one2one,1
HALLMARK_IL6_JAK_STAT3_SIGNALING,OSMR,OSMR,ortholog_one2one,1
HALLMARK_IL6_JAK_STAT3_SIGNALING,PDGFC,PDGFC,ortholog_one2one,1
HALLMARK_IL6_JAK_STAT3_SIGNALING,PIK3R5,PIK3R5,ortholog_one2one,1
HALLMARK_IL6_JAK_STAT3_SIGNALING,PIM1,PIM1,ortholog_one2one,1
HALLMARK_IL6_JAK_STAT3_SIGNALING,PLA2G2A,PLA2G2A,ortholog_one2one,1
HALLMARK_IL6_JAK_STAT3_SIGNALING,PTPN1,PTPN1,ortholog_one2one,1
HALLMARK_IL6_JAK_STAT3_SIGNALING,PTPN11,PTPN11,ortholog_one2one,1
HALLMARK_IL6_JAK_STAT3_SIGNALING,PTPN2,PTPN2,ortholog_one2one,1
HALLMARK_IL6_JAK_STAT3_SIGNALING,REG1A,REG1A,ortholog_one2one,1
HALLMARK_IL6_JAK_STAT3_SIGNALING,SOCS1,SOCS1,ortholog_one2one,1
HALLMARK_IL6_JAK_STAT3_SIGNALING,SOCS3,SOCS3,ortholog_one2one,1
HALLMARK_IL6_JAK_STAT3_SIGNALING,STAM2,STAM2,ortholog_one2one,1
HALLMARK_IL6_JAK_STAT3_SIGNALING,STAT1,STAT1,ortholog_one2one,1
HALLMARK_IL6_JAK_STAT3_SIGNALING,STAT2,STAT2,ortholog_one2one,1
HALLMARK_IL6_JAK_STAT3_SIGNALING,STAT3,STAT3,ortholog_one2one,1
HALLMARK_IL6_JAK_STAT3_SIGNALING,TGFB1,TGFB1,ortholog_one2one,1
HALLMARK_IL6_JAK_STAT3_SIGNALING,TLR2,TLR2,ortholog_one2one,1
HALLMARK_IL6_JAK_STAT3_SIGNALING,TNFRSF12A,TNFRSF12A,ortholog_one2one,1
HALLMARK_IL6_JAK_STAT3_SIGNALING,TNFRSF1A,TNFRSF1A,ortholog_one2one,1
HALLMARK_IL6_JAK_STAT3_SIGNALING,TNFRSF1B,TNFRSF1B,ortholog_one2one,1
HALLMARK_IL6_JAK_STAT3_SIGNALING,TNFRSF21,TNFRSF21,ortholog_one2one,1
HALLMARK_IL6_JAK_STAT3_SIGNALING,TYK2,TYK2,ortholog_one2one,1
HALLMARK_INFLAMMATORY_RESPONSE,ABCA1,ABCA1,ortholog_one2one,1
HALLMARK_INFLAMMATORY_RESPONSE,ABI1,ABI1,ortholog_one2one,1
HALLMARK_INFLAMMATORY_RESPONSE,ACVR1B,ACVR1B,ortholog_one2one,1
HALLMARK_INFLAMMATORY_RESPONSE,ACVR2A,ACVR2A,ortholog_one2one,1
HALLMARK_INFLAMMATORY_RESPONSE,ADGRE1,ADGRE1,ortholog_one2one,1
HALLMARK_INFLAMMATORY_RESPONSE,ADM,ADM,ortholog_one2one,1
HALLMARK_INFLAMMATORY_RESPONSE,ADORA2B,ADORA2B,ortholog_one2one,1
HALLMARK_INFLAMMATORY_RESPONSE,ADRM1,ADRM1,ortholog_one2one,1
HALLMARK_INFLAMMATORY_RESPONSE,AHR,AHR,ortholog_one2one,1
HALLMARK_INFLAMMATORY_RESPONSE,APLNR,APLNR,ortholog_one2one,1
HALLMARK_INFLAMMATORY_RESPONSE,AQP9,AQP9,ortholog_one2one,1
HALLMARK_INFLAMMATORY_RESPONSE,ATP2A2,ATP2A2,ortholog_one2one,1
HALLMARK_INFLAMMATORY_RESPONSE,ATP2B1,ATP2B1,ortholog_one2one,1
HALLMARK_INFLAMMATORY_RESPONSE,ATP2C1,ATP2C1,ortholog_one2one,1
HALLMARK_INFLAMMATORY_RESPONSE,AXL,AXL,ortholog_one2one,1
HALLMARK_INFLAMMATORY_RESPONSE,BDKRB1,BDKRB1,ortholog_one2one,1
HALLMARK_INFLAMMATORY_RESPONSE,BEST1,BEST1,ortholog_one2one,1
HALLMARK_INFLAMMATORY_RESPONSE,BST2,BST2,ortholog_one2one,1
HALLMARK_INFLAMMATORY_RESPONSE,BTG2,BTG2,ortholog_one2one,1
HALLMARK_INFLAMMATORY_RESPONSE,C3AR1,C3AR1,ortholog_one2one,1
HALLMARK_INFLAMMATORY_RESPONSE,C5AR1,C5AR1,ortholog_one2one,1
HALLMARK_INFLAMMATORY_RESPONSE,CALCRL,CALCRL,ortholog_one2one,1
HALLMARK_INFLAMMATORY_RESPONSE,CCL17,CCL17,ortholog_one2one,1
HALLMARK_INFLAMMATORY_RESPONSE,CCL2,CCL2,ortholog_one2one,1
HALLMARK_INFLAMMATORY_RESPONSE,CCL20,CCL20,ortholog_one2one,1
HALLMARK_INFLAMMATORY_RESPONSE,CCL22,CCL22,ortholog_one2one,1
HALLMARK_INFLAMMATORY_RESPONSE,CCL24,CCL24,ortholog_one2one,1
HALLMARK_INFLAMMATORY_RESPONSE,CCL5,CCL5,ortholog_one2one,1
HALLMARK_INFLAMMATORY_RESPONSE,CCR7,CCR7,ortholog_one2one,1
HALLMARK_INFLAMMATORY_RESPONSE,CCRL2,CCRL2,ortholog_one2one,1
HALLMARK_INFLAMMATORY_RESPONSE,CD14,CD14,ortholog_one2one,1
HALLMARK_INFLAMMATORY_RESPONSE,CD40,CD40,ortholog_one2one,1
HALLMARK_INFLAMMATORY_RESPONSE,CD48,CD48,ortholog_one2one,1
HALLMARK_INFLAMMATORY_RESPONSE,CD55,CD55,ortholog_one2one,1
HALLMARK_INFLAMMATORY_RESPONSE,CD69,CD69,ortholog_one2one,1
HALLMARK_INFLAMMATORY_RESPONSE,CD70,CD70,ortholog_one2one,1
HALLMARK_INFLAMMATORY_RESPONSE,CD82,CD82,ortholog_one2one,1
HALLMARK_INFLAMMATORY_RESPONSE,CDKN1A,CDKN1A,ortholog_one2one,1
HALLMARK_INFLAMMATORY_RESPONSE,CHST2,CHST2,ortholog_one2one,1
HALLMARK_INFLAMMATORY_RESPONSE,CLEC5A,CLEC5A,ortholog_one2one,1
HALLMARK_INFLAMMATORY_RESPONSE,CMKLR1,CMKLR1,ortholog_one2one,1
HALLMARK_INFLAMMATORY_RESPONSE,CSF1,CSF1,ortholog_one2one,1
HALLMARK_INFLAMMATORY_RESPONSE,CSF3,CSF3,ortholog_one2one,1
HALLMARK_INFLAMMATORY_RESPONSE,CSF3R,CSF3R,ortholog_one2one,1
HALLMARK_INFLAMMATORY_RESPONSE,CX3CL1,CX3CL1,ortholog_one2one,1
HALLMARK_INFLAMMATORY_RESPONSE,CXCL10,CXCL10,ortholog_one2one,1
HALLMARK_INFLAMMATORY_RESPONSE,CXCL11,CXCL11,ortholog_one2one,1
HALLMARK_INFLAMMATORY_RESPONSE,CXCL6,CXCL6,ortholog_one2one,1
HALLMARK_INFLAMMATORY_RESPONSE,CXCL8,CXCL8,ortholog_one2one,1
HALLMARK_INFLAMMATORY_RESPONSE,CXCL9,CXCL9,ortholog_one2one,1
HALLMARK_INFLAMMATORY_RESPONSE,CXCR6,CXCR6,ortholog_one2one,1
HALLMARK_INFLAMMATORY_RESPONSE,CYBB,CYBB,ortholog_one2one,1
HALLMARK_INFLAMMATORY_RESPONSE,DCBLD2,DCBLD2,ortholog_one2one,1
HALLMARK_INFLAMMATORY_RESPONSE,EBI3,EBI3,ortholog_one2one,1
HALLMARK_INFLAMMATORY_RESPONSE,EDN1,EDN1,ortholog_one2one,1
HALLMARK_INFLAMMATORY_RESPONSE,EIF2AK2,EIF2AK2,ortholog_one2one,1
HALLMARK_INFLAMMATORY_RESPONSE,EMP3,EMP3,ortholog_one2one,1
HALLMARK_INFLAMMATORY_RESPONSE,EREG,EREG,ortholog_one2one,1
HALLMARK_INFLAMMATORY_RESPONSE,F3,F3,ortholog_one2one,1
HALLMARK_INFLAMMATORY_RESPONSE,FFAR2,FFAR2,ortholog_one2one,1
HALLMARK_INFLAMMATORY_RESPONSE,FPR1,FPR1,ortholog_one2one,1
HALLMARK_INFLAMMATORY_RESPONSE,FZD5,FZD5,ortholog_one2one,1
HALLMARK_INFLAMMATORY_RESPONSE,GABBR1,GABBR1,ortholog_one2one,1
HALLMARK_INFLAMMATORY_RESPONSE,GCH1,GCH1,ortholog_one2one,1
HALLMARK_INFLAMMATORY_RESPONSE,GNA15,GNA15,ortholog_one2one,1
HALLMARK_INFLAMMATORY_RESPONSE,GNAI3,GNAI3,ortholog_one2one,1
HALLMARK_INFLAMMATORY_RESPONSE,GP1BA,GP1BA,ortholog_one2one,1
HALLMARK_INFLAMMATORY_RESPONSE,GPR183,GPR183,ortholog_one2one,1
HALLMARK_INFLAMMATORY_RESPONSE,HAS2,HAS2,ortholog_one2one,1
HALLMARK_INFLAMMATORY_RESPONSE,HBEGF,HBEGF,ortholog_one2one,1
HALLMARK_INFLAMMATORY_RESPONSE,HIF1A,HIF1A,ortholog_one2one,1
HALLMARK_INFLAMMATORY_RESPONSE,HPN,HPN,ortholog_one2one,1
HALLMARK_INFLAMMATORY_RESPONSE,HRH1,HRH1,ortholog_one2one,1
HALLMARK_INFLAMMATORY_RESPONSE,ICAM1,ICAM1,ortholog_one2one,1
HALLMARK_INFLAMMATORY_RESPONSE,ICAM4,ICAM4,ortholog_one2one,1
HALLMARK_INFLAMMATORY_RESPONSE,ICOSLG,ICOSLG,ortholog_one2one,1
HALLMARK_INFLAMMATORY_RESPONSE,IFNAR1,IFNAR1,ortholog_one2one,1
HALLMARK_INFLAMMATORY_RESPONSE,IFNGR2,IFNGR2,ortholog_one2one,1
HALLMARK_INFLAMMATORY_RESPONSE,IL10,IL10,ortholog_one2one,1
HALLMARK_INFLAMMATORY_RESPONSE,IL10RA,IL10RA,ortholog_one2one,1
HALLMARK_INFLAMMATORY_RESPONSE,IL12B,IL12B,ortholog_one2one,1
HALLMARK_INFLAMMATORY_RESPONSE,IL15,IL15,ortholog_one2one,1
HALLMARK_INFLAMMATORY_RESPONSE,IL15RA,IL15RA,ortholog_one2one,1
HALLMARK_INFLAMMATORY_RESPONSE,IL18,IL18,ortholog_one2one,1
HALLMARK_INFLAMMATORY_RESPONSE,IL18R1,IL18R1,ortholog_one2one,1
HALLMARK_INFLAMMATORY_RESPONSE,IL18RAP,IL18RAP,ortholog_one2one,1
HALLMARK_INFLAMMATORY_RESPONSE,IL1A,IL1A,ortholog_one2one,1
HALLMARK_INFLAMMATORY_RESPONSE,IL1B,IL1B,ortholog_one2one,1
HALLMARK_INFLAMMATORY_RESPONSE,IL1R1,IL1R1,ortholog_one2one,1
HALLMARK_INFLAMMATORY_RESPONSE,IL2RB,IL2RB,ortholog_one2one,1
HALLMARK_INFLAMMATORY_RESPONSE,IL4R,IL4R,ortholog_one2one,1
HALLMARK_INFLAMMATORY_RESPONSE,IL6,IL6,ortholog_one2one,1
HALLMARK_INFLAMMATORY_RESPONSE,IL7R,IL7R,ortholog_one2one,1
HALLMARK_INFLAMMATORY_RESPONSE,INHBA,INHBA,ortholog_one2one,1
HALLMARK_INFLAMMATORY_RESPONSE,IRAK2,IRAK2,ortholog_one2one,1
HALLMARK_INFLAMMATORY_RESPONSE,IRF1,IRF1,ortholog_one2one,1
HALLMARK_INFLAMMATORY_RESPONSE,IRF7,IRF7,ortholog_one2one,1
HALLMARK_INFLAMMATORY_RESPONSE,ITGA5,ITGA5,ortholog_one2one,1
HALLMARK_INFLAMMATORY_RESPONSE,ITGB3,ITGB3,ortholog_one2one,1
HALLMARK_INFLAMMATORY_RESPONSE,ITGB8,ITGB8,ortholog_one2one,1
HALLMARK_INFLAMMATORY_RESPONSE,KCNA3,KCNA3,ortholog_one2one,1
HALLMARK_INFLAMMATORY_RESPONSE,KCNJ2,KCNJ2,ortholog_one2one,1
HALLMARK_INFLAMMATORY_RESPONSE,KCNMB2,KCNMB2,ortholog_one2one,1
HALLMARK_INFLAMMATORY_RESPONSE,KIF1B,KIF1B,ortholog_one2one,1
HALLMARK_INFLAMMATORY_RESPONSE,KLF6,KLF6,ortholog_one2one,1
HALLMARK_INFLAMMATORY_RESPONSE,LCK,LCK,ortholog_one2one,1
HALLMARK_INFLAMMATORY_RESPONSE,LCP2,LCP2,ortholog_one2one,1
HALLMARK_INFLAMMATORY_RESPONSE,LDLR,LDLR,ortholog_one2one,1
HALLMARK_INFLAMMATORY_RESPONSE,LIF,LIF,ortholog_one2one,1
HALLMARK_INFLAMMATORY_RESPONSE,LPAR1,LPAR1,ortholog_one2one,1
HALLMARK_INFLAMMATORY_RESPONSE,LY6E,LY6E,ortholog_one2one,1
HALLMARK_INFLAMMATORY_RESPONSE,LYN,LYN,ortholog_one2one,1
HALLMARK_INFLAMMATORY_RESPONSE,MARCO,MARCO,ortholog_one2one,1
HALLMARK_INFLAMMATORY_RESPONSE,MEFV,MEFV,ortholog_one2one,1
HALLMARK_INFLAMMATORY_RESPONSE,MEP1A,MEP1A,ortholog_one2one,1
HALLMARK_INFLAMMATORY_RESPONSE,MET,MET,ortholog_one2one,1
HALLMARK_INFLAMMATORY_RESPONSE,MMP14,MMP14,ortholog_one2one,1
HALLMARK_INFLAMMATORY_RESPONSE,MSR1,MSR1,ortholog_one2one,1
HALLMARK_INFLAMMATORY_RESPONSE,MXD1,MXD1,ortholog_one2one,1
HALLMARK_INFLAMMATORY_RESPONSE,MYC,MYC,ortholog_one2one,1
HALLMARK_INFLAMMATORY_RESPONSE,NAMPT,NAMPT,ortholog_one2one,1
HALLMARK_INFLAMMATORY_RESPONSE,NDP,NDP,ortholog_one2one,1
HALLMARK_INFLAMMATORY_RESPONSE,NFKB1,NFKB1,ortholog_one2one,1
HALLMARK_INFLAMMATORY_RESPONSE,NFKBIA,NFKBIA,ortholog_one2one,1
HALLMARK_INFLAMMATORY_RESPONSE,NLRP3,NLRP3,ortholog_one2one,1
HALLMARK_INFLAMMATORY_RESPONSE,NMI,NMI,ortholog_one2one,1
HALLMARK_INFLAMMATORY_RESPONSE,NMUR1,NMUR1,ortholog_one2one,1
HALLMARK_INFLAMMATORY_RESPONSE,NOD2,NOD2,ortholog_one2one,1
HALLMARK_INFLAMMATORY_RESPONSE,NPFFR2,NPFFR2,ortholog_one2one,1
HALLMARK_INFLAMMATORY_RESPONSE,OLR1,OLR1,ortholog_one2one,1
HALLMARK_INFLAMMATORY_RESPONSE,OPRK1,OPRK1,ortholog_one2one,1
HALLMARK_INFLAMMATORY_RESPONSE,OSM,OSM,ortholog_one2one,1
HALLMARK_INFLAMMATORY_RESPONSE,OSMR,OSMR,ortholog_one2one,1
HALLMARK_INFLAMMATORY_RESPONSE,P2RX4,P2RX4,ortholog_one2one,1
HALLMARK_INFLAMMATORY_RESPONSE,P2RX7,P2RX7,ortholog_one2one,1
HALLMARK_INFLAMMATORY_RESPONSE,P2RY2,P2RY2,ortholog_one2one,1
HALLMARK_INFLAMMATORY_RESPONSE,PCDH7,PCDH7,ortholog_one2one,1
HALLMARK_INFLAMMATORY_RESPONSE,PDE4B,PDE4B,ortholog_one2one,1
HALLMARK_INFLAMMATORY_RESPONSE,PDPN,PDPN,ortholog_one2one,1
HALLMARK_INFLAMMATORY_RESPONSE,PIK3R5,PIK3R5,ortholog_one2one,1
HALLMARK_INFLAMMATORY_RESPONSE,PLAUR,PLAUR,ortholog_one2one,1
HALLMARK_INFLAMMATORY_RESPONSE,PSEN1,PSEN1,ortholog_one2one,1
HALLMARK_INFLAMMATORY_RESPONSE,PTAFR,PTAFR,ortholog_one2one,1
HALLMARK_INFLAMMATORY_RESPONSE,PTGER2,PTGER2,ortholog_one2one,1
HALLMARK_INFLAMMATORY_RESPONSE,PTGER4,PTGER4,ortholog_one2one,1
HALLMARK_INFLAMMATORY_RESPONSE,PTGIR,PTGIR,ortholog_one2one,1
HALLMARK_INFLAMMATORY_RESPONSE,PTPRE,PTPRE,ortholog_one2one,1
HALLMARK_INFLAMMATORY_RESPONSE,RAF1,RAF1,ortholog_one2one,1
HALLMARK_INFLAMMATORY_RESPONSE,RASGRP1,RASGRP1,ortholog_one2one,1
HALLMARK_INFLAMMATORY_RESPONSE,RELA,RELA,ortholog_one2one,1
HALLMARK_INFLAMMATORY_RESPONSE,RGS1,RGS1,ortholog_one2one,1
HALLMARK_INFLAMMATORY_RESPONSE,RGS16,RGS16,ortholog_one2one,1
HALLMARK_INFLAMMATORY_RESPONSE,RHOG,RHOG,ortholog_one2one,1
HALLMARK_INFLAMMATORY_RESPONSE,RIPK2,RIPK2,ortholog_one2one,1
HALLMARK_INFLAMMATORY_RESPONSE,RNF144B,RNF144B,ortholog_one2one,1
HALLMARK_INFLAMMATORY_RESPONSE,ROS1,ROS1,ortholog_one2one,1
HALLMARK_INFLAMMATORY_RESPONSE,RTP4,RTP4,ortholog_one2one,1
HALLMARK_INFLAMMATORY_RESPONSE,SCARF1,SCARF1,ortholog_one2one,1
HALLMARK_INFLAMMATORY_RESPONSE,SCN1B,SCN1B,ortholog_one2one,1
HALLMARK_INFLAMMATORY_RESPONSE,SELE,SELE,ortholog_one2one,1
HALLMARK_INFLAMMATORY_RESPONSE,SELENOS,SELENOS,ortholog_one2one,1
HALLMARK_INFLAMMATORY_RESPONSE,SELL,SELL,ortholog_one2one,1
HALLMARK_INFLAMMATORY_RESPONSE,SEMA4D,SEMA4D,ortholog_one2one,1
HALLMARK_INFLAMMATORY_RESPONSE,SERPINE1,SERPINE1,ortholog_one2one,1
HALLMARK_INFLAMMATORY_RESPONSE,SGMS2,SGMS2,ortholog_one2one,1
HALLMARK_INFLAMMATORY_RESPONSE,SLAMF1,SLAMF1,ortholog_one2one,1
HALLMARK_INFLAMMATORY_RESPONSE,SLC11A2,SLC11A2,ortholog_one2one,1
HALLMARK_INFLAMMATORY_RESPONSE,SLC1A2,SLC1A2,ortholog_one2one,1
HALLMARK_INFLAMMATORY_RESPONSE,SLC31A1,SLC31A1,ortholog_one2one,1
HALLMARK_INFLAMMATORY_RESPONSE,SLC31A2,SLC31A2,ortholog_one2one,1
HALLMARK_INFLAMMATORY_RESPONSE,SLC4A4,SLC4A4,ortholog_one2one,1
HALLMARK_INFLAMMATORY_RESPONSE,SLC7A1,SLC7A1,ortholog_one2one,1
HALLMARK_INFLAMMATORY_RESPONSE,SLC7A2,SLC7A2,ortholog_one2one,1
HALLMARK_INFLAMMATORY_RESPONSE,SPHK1,SPHK1,ortholog_one2one,1
HALLMARK_INFLAMMATORY_RESPONSE,SRI,SRI,ortholog_one2one,1
HALLMARK_INFLAMMATORY_RESPONSE,STAB1,STAB1,ortholog_one2one,1
HALLMARK_INFLAMMATORY_RESPONSE,TACR1,TACR1,ortholog_one2one,1
HALLMARK_INFLAMMATORY_RESPONSE,TACR3,TACR3,ortholog_one2one,1
HALLMARK_INFLAMMATORY_RESPONSE,TAPBP,TAPBP,ortholog_one2one,1
HALLMARK_INFLAMMATORY_RESPONSE,TIMP1,TIMP1,ortholog_one2one,1
HALLMARK_INFLAMMATORY_RESPONSE,TLR1,TLR1,ortholog_one2one,1
HALLMARK_INFLAMMATORY_RESPONSE,TLR2,TLR2,ortholog_one2one,1
HALLMARK_INFLAMMATORY_RESPONSE,TLR3,TLR3,ortholog_one2one,1
HALLMARK_INFLAMMATORY_RESPONSE,TNFAIP6,TNFAIP6,ortholog_one2one,1
HALLMARK_INFLAMMATORY_RESPONSE,TNFRSF1B,TNFRSF1B,ortholog_one2one,1
HALLMARK_INFLAMMATORY_RESPONSE,TNFRSF9,TNFRSF9,ortholog_one2one,1
HALLMARK_INFLAMMATORY_RESPONSE,TNFSF10,TNFSF10,ortholog_one2one,1
HALLMARK_INFLAMMATORY_RESPONSE,TNFSF15,TNFSF15,ortholog_one2one,1
HALLMARK_INFLAMMATORY_RESPONSE,TNFSF9,TNFSF9,ortholog_one2one,1
HALLMARK_INFLAMMATORY_RESPONSE,TPBG,TPBG,ortholog_one2one,1
HALLMARK_INFLAMMATORY_RESPONSE,VIP,VIP,ortholog_one2one,1
HALLMARK_INTERFERON_ALPHA_RESPONSE,ADAR,ADAR,ortholog_one2one,1
HALLMARK_INTERFERON_ALPHA_RESPONSE,B2M,B2M,ortholog_one2one,1
HALLMARK_INTERFERON_ALPHA_RESPONSE,BATF2,BATF2,ortholog_one2one,1
HALLMARK_INTERFERON_ALPHA_RESPONSE,BST2,BST2,ortholog_one2one,1
HALLMARK_INTERFERON_ALPHA_RESPONSE,C1S,C1S,ortholog_one2one,1
HALLMARK_INTERFERON_ALPHA_RESPONSE,CASP8,CASP8,ortholog_one2one,1
HALLMARK_INTERFERON_ALPHA_RESPONSE,CCRL2,CCRL2,ortholog_one2one,1
HALLMARK_INTERFERON_ALPHA_RESPONSE,CD47,CD47,ortholog_one2one,1
HALLMARK_INTERFERON_ALPHA_RESPONSE,CD74,CD74,ortholog_one2one,1
HALLMARK_INTERFERON_ALPHA_RESPONSE,CMPK2,CMPK2,ortholog_one2one,1
HALLMARK_INTERFERON_ALPHA_RESPONSE,CMTR1,CMTR1,ortholog_one2one,1
HALLMARK_INTERFERON_ALPHA_RESPONSE,CNP,CNP,ortholog_one2one,1
HALLMARK_INTERFERON_ALPHA_RESPONSE,CSF1,CSF1,ortholog_one2one,1
HALLMARK_INTERFERON_ALPHA_RESPONSE,CXCL10,CXCL10,ortholog_one2one,1
HALLMARK_INTERFERON_ALPHA_RESPONSE,CXCL11,CXCL11,ortholog_one2one,1
HALLMARK_INTERFERON_ALPHA_RESPONSE,DDX60,DDX60,ortholog_one2one,1
HALLMARK_INTERFERON_ALPHA_RESPONSE,DHX58,DHX58,ortholog_one2one,1
HALLMARK_INTERFERON_ALPHA_RESPONSE,EIF2AK2,EIF2AK2,ortholog_one2one,1
HALLMARK_INTERFERON_ALPHA_RESPONSE,ELF1,ELF1,ortholog_one2one,1
HALLMARK_INTERFERON_ALPHA_RESPONSE,EPSTI1,EPSTI1,ortholog_one2one,1
HALLMARK_INTERFERON_ALPHA_RESPONSE,GMPR,GMPR,ortholog_one2one,1
HALLMARK_INTERFERON_ALPHA_RESPONSE,HELZ2,HELZ2,ortholog_one2one,1
HALLMARK_INTERFERON_ALPHA_RESPONSE,HERC6,HERC6,ortholog_one2one,1
HALLMARK_INTERFERON_ALPHA_RESPONSE,IFI30,IFI30,ortholog_one2one,1
HALLMARK_INTERFERON_ALPHA_RESPONSE,IFI35,IFI35,ortholog_one2one,1
HALLMARK_INTERFERON_ALPHA_RESPONSE,IFI44,IFI44,ortholog_one2one,1
HALLMARK_INTERFERON_ALPHA_RESPONSE,IFI44L,IFI44L,ortholog_one2one,1
HALLMARK_INTERFERON_ALPHA_RESPONSE,IFIH1,IFIH1,ortholog_one2one,1
HALLMARK_INTERFERON_ALPHA_RESPONSE,IFIT2,IFIT2,ortholog_one2one,1
HALLMARK_INTERFERON_ALPHA_RESPONSE,IFIT3,IFIT3,ortholog_one2one,1
HALLMARK_INTERFERON_ALPHA_RESPONSE,IL15,IL15,ortholog_one2one,1
HALLMARK_INTERFERON_ALPHA_RESPONSE,IL4R,IL4R,ortholog_one2one,1
HALLMARK_INTERFERON_ALPHA_RESPONSE,IL7,IL7,ortholog_one2one,1
HALLMARK_INTERFERON_ALPHA_RESPONSE,IRF1,IRF1,ortholog_one2one,1
HALLMARK_INTERFERON_ALPHA_RESPONSE,IRF2,IRF2,ortholog_one2one,1
HALLMARK_INTERFERON_ALPHA_RESPONSE,IRF7,IRF7,ortholog_one2one,1
HALLMARK_INTERFERON_ALPHA_RESPONSE,IRF9,IRF9,ortholog_one2one,1
HALLMARK_INTERFERON_ALPHA_RESPONSE,ISG15,ISG15,ortholog_one2one,1
HALLMARK_INTERFERON_ALPHA_RESPONSE,ISG20,ISG20,ortholog_one2one,1
HALLMARK_INTERFERON_ALPHA_RESPONSE,LAP3,LAP3,ortholog_one2one,1
HALLMARK_INTERFERON_ALPHA_RESPONSE,LGALS3BP,LGALS3BP,ortholog_one2one,1
HALLMARK_INTERFERON_ALPHA_RESPONSE,LPAR6,LPAR6,ortholog_one2one,1
HALLMARK_INTERFERON_ALPHA_RESPONSE,LY6E,LY6E,ortholog_one2one,1
HALLMARK_INTERFERON_ALPHA_RESPONSE,MOV10,MOV10,ortholog_one2one,1
HALLMARK_INTERFERON_ALPHA_RESPONSE,MVB12A,MVB12A,ortholog_one2one,1
HALLMARK_INTERFERON_ALPHA_RESPONSE,MX1,MX1,ortholog_one2one,1
HALLMARK_INTERFERON_ALPHA_RESPONSE,NCOA7,NCOA7,ortholog_one2one,1
HALLMARK_INTERFERON_ALPHA_RESPONSE,NMI,NMI,ortholog_one2one,1
HALLMARK_INTERFERON_ALPHA_RESPONSE,NUB1,NUB1,ortholog_one2one,1
HALLMARK_INTERFERON_ALPHA_RESPONSE,OAS1,OAS1,ortholog_one2one,1
HALLMARK_INTERFERON_ALPHA_RESPONSE,OASL,OASL,ortholog_one2one,1
HALLMARK_INTERFERON_ALPHA_RESPONSE,OGFR,OGFR,ortholog_one2one,1
HALLMARK_INTERFERON_ALPHA_RESPONSE,PARP12,PARP12,ortholog_one2one,1
HALLMARK_INTERFERON_ALPHA_RESPONSE,PARP14,PARP14,ortholog_one2one,1
HALLMARK_INTERFERON_ALPHA_RESPONSE,PARP9,PARP9,ortholog_one2one,1
HALLMARK_INTERFERON_ALPHA_RESPONSE,PLSCR1,PLSCR1,ortholog_one2one,1
HALLMARK_INTERFERON_ALPHA_RESPONSE,PNPT1,PNPT1,ortholog_one2one,1
HALLMARK_INTERFERON_ALPHA_RESPONSE,PROCR,PROCR,ortholog_one2one,1
HALLMARK_INTERFERON_ALPHA_RESPONSE,PSMA3,PSMA3,ortholog_one2one,1
HALLMARK_INTERFERON_ALPHA_RESPONSE,PSMB8,PSMB8,ortholog_one2one,1
HALLMARK_INTERFERON_ALPHA_RESPONSE,PSMB9,PSMB9,ortholog_one2one,1
HALLMARK_INTERFERON_ALPHA_RESPONSE,PSME1,PSME1,ortholog_one2one,1
HALLMARK_INTERFERON_ALPHA_RESPONSE,PSME2,PSME2,ortholog_one2one,1
HALLMARK_INTERFERON_ALPHA_RESPONSE,RIPK2,RIPK2,ortholog_one2one,1
HALLMARK_INTERFERON_ALPHA_RESPONSE,RNF31,RNF31,ortholog_one2one,1
HALLMARK_INTERFERON_ALPHA_RESPONSE,RSAD2,RSAD2,ortholog_one2one,1
HALLMARK_INTERFERON_ALPHA_RESPONSE,RTP4,RTP4,ortholog_one2one,1
HALLMARK_INTERFERON_ALPHA_RESPONSE,SAMD9,SAMD9,ortholog_one2one,1
HALLMARK_INTERFERON_ALPHA_RESPONSE,SAMD9L,SAMD9L,ortholog_one2one,1
HALLMARK_INTERFERON_ALPHA_RESPONSE,SELL,SELL,ortholog_one2one,1
HALLMARK_INTERFERON_ALPHA_RESPONSE,SLC25A28,SLC25A28,ortholog_one2one,1
HALLMARK_INTERFERON_ALPHA_RESPONSE,STAT2,STAT2,ortholog_one2one,1
HALLMARK_INTERFERON_ALPHA_RESPONSE,TAP1,TAP1,ortholog_one2one,1
HALLMARK_INTERFERON_ALPHA_RESPONSE,TDRD7,TDRD7,ortholog_one2one,1
HALLMARK_INTERFERON_ALPHA_RESPONSE,TENT5A,TENT5A,ortholog_one2one,1
HALLMARK_INTERFERON_ALPHA_RESPONSE,TMEM140,TMEM140,ortholog_one2one,1
HALLMARK_INTERFERON_ALPHA_RESPONSE,TRAFD1,TRAFD1,ortholog_one2one,1
HALLMARK_INTERFERON_ALPHA_RESPONSE,TRIM14,TRIM14,ortholog_one2one,1
HALLMARK_INTERFERON_ALPHA_RESPONSE,TRIM21,TRIM21,ortholog_one2one,1
HALLMARK_INTERFERON_ALPHA_RESPONSE,TRIM25,TRIM25,ortholog_one2one,1
HALLMARK_INTERFERON_ALPHA_RESPONSE,TRIM26,TRIM26,ortholog_one2one,1
HALLMARK_INTERFERON_ALPHA_RESPONSE,TRIM5,TRIM5,ortholog_one2one,1
HALLMARK_INTERFERON_ALPHA_RESPONSE,TXNIP,TXNIP,ortholog_one2one,1
HALLMARK_INTERFERON_ALPHA_RESPONSE,UBA7,UBA7,ortholog_one2one,1
HALLMARK_INTERFERON_ALPHA_RESPONSE,UBE2L6,UBE2L6,ortholog_one2one,1
HALLMARK_INTERFERON_ALPHA_RESPONSE,USP18,USP18,ortholog_one2one,1
HALLMARK_INTERFERON_ALPHA_RESPONSE,WARS1,WARS1,ortholog_one2one,1
HALLMARK_INTERFERON_GAMMA_RESPONSE,ADAR,ADAR,ortholog_one2one,1
HALLMARK_INTERFERON_GAMMA_RESPONSE,APOL6,APOL6,ortholog_one2one,1
HALLMARK_INTERFERON_GAMMA_RESPONSE,ARID5B,ARID5B,ortholog_one2one,1
HALLMARK_INTERFERON_GAMMA_RESPONSE,AUTS2,AUTS2,ortholog_one2one,1
HALLMARK_INTERFERON_GAMMA_RESPONSE,B2M,B2M,ortholog_one2one,1
HALLMARK_INTERFERON_GAMMA_RESPONSE,BANK1,BANK1,ortholog_one2one,1
HALLMARK_INTERFERON_GAMMA_RESPONSE,BATF2,BATF2,ortholog_one2one,1
HALLMARK_INTERFERON_GAMMA_RESPONSE,BPGM,BPGM,ortholog_one2one,1
HALLMARK_INTERFERON_GAMMA_RESPONSE,BST2,BST2,ortholog_one2one,1
HALLMARK_INTERFERON_GAMMA_RESPONSE,BTG1,BTG1,ortholog_one2one,1
HALLMARK_INTERFERON_GAMMA_RESPONSE,C1R,C1R,ortholog_one2one,1
HALLMARK_INTERFERON_GAMMA_RESPONSE,C1S,C1S,ortholog_one2one,1
HALLMARK_INTERFERON_GAMMA_RESPONSE,CASP3,CASP3,ortholog_one2one,1
HALLMARK_INTERFERON_GAMMA_RESPONSE,CASP4,CASP4,ortholog_one2one,1
HALLMARK_INTERFERON_GAMMA_RESPONSE,CASP7,CASP7,ortholog_one2one,1
HALLMARK_INTERFERON_GAMMA_RESPONSE,CASP8,CASP8,ortholog_one2one,1
HALLMARK_INTERFERON_GAMMA_RESPONSE,CCL2,CCL2,ortholog_one2one,1
HALLMARK_INTERFERON_GAMMA_RESPONSE,CCL5,CCL5,ortholog_one2one,1
HALLMARK_INTERFERON_GAMMA_RESPONSE,CD274,CD274,ortholog_one2one,1
HALLMARK_INTERFERON_GAMMA_RESPONSE,CD38,CD38,ortholog_one2one,1
HALLMARK_INTERFERON_GAMMA_RESPONSE,CD40,CD40,ortholog_one2one,1
HALLMARK_INTERFERON_GAMMA_RESPONSE,CD69,CD69,ortholog_one2one,1
HALLMARK_INTERFERON_GAMMA_RESPONSE,CD74,CD74,ortholog_one2one,1
HALLMARK_INTERFERON_GAMMA_RESPONSE,CD86,CD86,ortholog_one2one,1
HALLMARK_INTERFERON_GAMMA_RESPONSE,CDKN1A,CDKN1A,ortholog_one2one,1
HALLMARK_INTERFERON_GAMMA_RESPONSE,CFB,CFB,ortholog_one2one,1
HALLMARK_INTERFERON_GAMMA_RESPONSE,CFH,CFH,ortholog_one2one,1
HALLMARK_INTERFERON_GAMMA_RESPONSE,CIITA,CIITA,ortholog_one2one,1
HALLMARK_INTERFERON_GAMMA_RESPONSE,CMKLR1,CMKLR1,ortholog_one2one,1
HALLMARK_INTERFERON_GAMMA_RESPONSE,CMPK2,CMPK2,ortholog_one2one,1
HALLMARK_INTERFERON_GAMMA_RESPONSE,CMTR1,CMTR1,ortholog_one2one,1
HALLMARK_INTERFERON_GAMMA_RESPONSE,CSF2RB,CSF2RB,ortholog_one2one,1
HALLMARK_INTERFERON_GAMMA_RESPONSE,CXCL10,CXCL10,ortholog_one2one,1
HALLMARK_INTERFERON_GAMMA_RESPONSE,CXCL11,CXCL11,ortholog_one2one,1
HALLMARK_INTERFERON_GAMMA_RESPONSE,CXCL9,CXCL9,ortholog_one2one,1
HALLMARK_INTERFERON_GAMMA_RESPONSE,DDX60,DDX60,ortholog_one2one,1
HALLMARK_INTERFERON_GAMMA_RESPONSE,DHX58,DHX58,ortholog_one2one,1
HALLMARK_INTERFERON_GAMMA_RESPONSE,EIF2AK2,EIF2AK2,ortholog_one2one,1
HALLMARK_INTERFERON_GAMMA_RESPONSE,EPSTI1,EPSTI1,ortholog_one2one,1
HALLMARK_INTERFERON_GAMMA_RESPONSE,FCGR1A,FCGR1A,ortholog_one2one,1
HALLMARK_INTERFERON_GAMMA_RESPONSE,FGL2,FGL2,ortholog_one2one,1
HALLMARK_INTERFERON_GAMMA_RESPONSE,FPR1,FPR1,ortholog_one2one,1
HALLMARK_INTERFERON_GAMMA_RESPONSE,GCH1,GCH1,ortholog_one2one,1
HALLMARK_INTERFERON_GAMMA_RESPONSE,GPR18,GPR18,ortholog_one2one,1
HALLMARK_INTERFERON_GAMMA_RESPONSE,GZMA,GZMA,ortholog_one2one,1
HALLMARK_INTERFERON_GAMMA_RESPONSE,HELZ2,HELZ2,ortholog_one2one,1
HALLMARK_INTERFERON_GAMMA_RESPONSE,HERC6,HERC6,ortholog_one2one,1
HALLMARK_INTERFERON_GAMMA_RESPONSE,HIF1A,HIF1A,ortholog_one2one,1
HALLMARK_INTERFERON_GAMMA_RESPONSE,HLA-A,Chsa-A,ortholog_one2many,1
HALLMARK_INTERFERON_GAMMA_RESPONSE,HLA-DMA,HLA-DMA,ortholog_one2one,1
HALLMARK_INTERFERON_GAMMA_RESPONSE,HLA-DQA1,HLA-DQA1,ortholog_one2one,1
HALLMARK_INTERFERON_GAMMA_RESPONSE,HLA-DRB1,HLA-DRB1,ortholog_one2one,1
HALLMARK_INTERFERON_GAMMA_RESPONSE,ICAM1,ICAM1,ortholog_one2one,1
HALLMARK_INTERFERON_GAMMA_RESPONSE,IDO1,IDO1,ortholog_one2one,1
HALLMARK_INTERFERON_GAMMA_RESPONSE,IFI30,IFI30,ortholog_one2one,1
HALLMARK_INTERFERON_GAMMA_RESPONSE,IFI35,IFI35,ortholog_one2one,1
HALLMARK_INTERFERON_GAMMA_RESPONSE,IFI44,IFI44,ortholog_one2one,1
HALLMARK_INTERFERON_GAMMA_RESPONSE,IFI44L,IFI44L,ortholog_one2one,1
HALLMARK_INTERFERON_GAMMA_RESPONSE,IFIH1,IFIH1,ortholog_one2one,1
HALLMARK_INTERFERON_GAMMA_RESPONSE,IFIT1,IFIT1,ortholog_one2one,1
HALLMARK_INTERFERON_GAMMA_RESPONSE,IFIT2,IFIT2,ortholog_one2one,1
HALLMARK_INTERFERON_GAMMA_RESPONSE,IFIT3,IFIT3,ortholog_one2one,1
HALLMARK_INTERFERON_GAMMA_RESPONSE,IFNAR2,IFNAR2,ortholog_one2one,1
HALLMARK_INTERFERON_GAMMA_RESPONSE,IL10RA,IL10RA,ortholog_one2one,1
HALLMARK_INTERFERON_GAMMA_RESPONSE,IL15,IL15,ortholog_one2one,1
HALLMARK_INTERFERON_GAMMA_RESPONSE,IL15RA,IL15RA,ortholog_one2one,1
HALLMARK_INTERFERON_GAMMA_RESPONSE,IL18BP,IL18BP,ortholog_one2one,1
HALLMARK_INTERFERON_GAMMA_RESPONSE,IL2RB,IL2RB,ortholog_one2one,1
HALLMARK_INTERFERON_GAMMA_RESPONSE,IL4R,IL4R,ortholog_one2one,1
HALLMARK_INTERFERON_GAMMA_RESPONSE,IL6,IL6,ortholog_one2one,1
HALLMARK_INTERFERON_GAMMA_RESPONSE,IL7,IL7,ortholog_one2one,1
HALLMARK_INTERFERON_GAMMA_RESPONSE,IRF1,IRF1,ortholog_one2one,1
HALLMARK_INTERFERON_GAMMA_RESPONSE,IRF2,IRF2,ortholog_one2one,1
HALLMARK_INTERFERON_GAMMA_RESPONSE,IRF4,IRF4,ortholog_one2one,1
HALLMARK_INTERFERON_GAMMA_RESPONSE,IRF5,IRF5,ortholog_one2one,1
HALLMARK_INTERFERON_GAMMA_RESPONSE,IRF7,IRF7,ortholog_one2one,1
HALLMARK_INTERFERON_GAMMA_RESPONSE,IRF8,IRF8,ortholog_one2one,1
HALLMARK_INTERFERON_GAMMA_RESPONSE,IRF9,IRF9,ortholog_one2one,1
HALLMARK_INTERFERON_GAMMA_RESPONSE,ISG15,ISG15,ortholog_one2one,1
HALLMARK_INTERFERON_GAMMA_RESPONSE,ISG20,ISG20,ortholog_one2one,1
HALLMARK_INTERFERON_GAMMA_RESPONSE,ISOC1,ISOC1,ortholog_one2one,1
HALLMARK_INTERFERON_GAMMA_RESPONSE,ITGB7,ITGB7,ortholog_one2one,1
HALLMARK_INTERFERON_GAMMA_RESPONSE,JAK2,JAK2,ortholog_one2one,1
HALLMARK_INTERFERON_GAMMA_RESPONSE,KLRK1,KLRK1,ortholog_one2one,1
HALLMARK_INTERFERON_GAMMA_RESPONSE,LAP3,LAP3,ortholog_one2one,1
HALLMARK_INTERFERON_GAMMA_RESPONSE,LCP2,LCP2,ortholog_one2one,1
HALLMARK_INTERFERON_GAMMA_RESPONSE,LGALS3BP,LGALS3BP,ortholog_one2one,1
HALLMARK_INTERFERON_GAMMA_RESPONSE,LY6E,LY6E,ortholog_one2one,1
HALLMARK_INTERFERON_GAMMA_RESPONSE,LYSMD2,LYSMD2,ortholog_one2one,1
HALLMARK_INTERFERON_GAMMA_RESPONSE,MARCHF1,MARCHF1,ortholog_one2one,1
HALLMARK_INTERFERON_GAMMA_RESPONSE,MTHFD2,MTHFD2,ortholog_one2one,1
HALLMARK_INTERFERON_GAMMA_RESPONSE,MVP,MVP,ortholog_one2one,1
HALLMARK_INTERFERON_GAMMA_RESPONSE,MX1,MX1,ortholog_one2one,1
HALLMARK_INTERFERON_GAMMA_RESPONSE,MX2,MX2,ortholog_one2one,1
HALLMARK_INTERFERON_GAMMA_RESPONSE,MYD88,MYD88,ortholog_one2one,1
HALLMARK_INTERFERON_GAMMA_RESPONSE,NAMPT,NAMPT,ortholog_one2one,1
HALLMARK_INTERFERON_GAMMA_RESPONSE,NCOA3,NCOA3,ortholog_one2one,1
HALLMARK_INTERFERON_GAMMA_RESPONSE,NFKB1,NFKB1,ortholog_one2one,1
HALLMARK_INTERFERON_GAMMA_RESPONSE,NFKBIA,NFKBIA,ortholog_one2one,1
HALLMARK_INTERFERON_GAMMA_RESPONSE,NLRC5,NLRC5,ortholog_one2one,1
HALLMARK_INTERFERON_GAMMA_RESPONSE,NMI,NMI,ortholog_one2one,1
HALLMARK_INTERFERON_GAMMA_RESPONSE,NOD1,NOD1,ortholog_one2one,1
HALLMARK_INTERFERON_GAMMA_RESPONSE,NUP93,NUP93,ortholog_one2one,1
HALLMARK_INTERFERON_GAMMA_RESPONSE,OAS2,OAS2,ortholog_one2one,1
HALLMARK_INTERFERON_GAMMA_RESPONSE,OAS3,OAS3,ortholog_one2one,1
HALLMARK_INTERFERON_GAMMA_RESPONSE,OASL,OASL,ortholog_one2one,1
HALLMARK_INTERFERON_GAMMA_RESPONSE,OGFR,OGFR,ortholog_one2one,1
HALLMARK_INTERFERON_GAMMA_RESPONSE,P2RY14,P2RY14,ortholog_one2one,1
HALLMARK_INTERFERON_GAMMA_RESPONSE,PARP12,PARP12,ortholog_one2one,1
HALLMARK_INTERFERON_GAMMA_RESPONSE,PARP14,PARP14,ortholog_one2one,1
HALLMARK_INTERFERON_GAMMA_RESPONSE,PDE4B,PDE4B,ortholog_one2one,1
HALLMARK_INTERFERON_GAMMA_RESPONSE,PELI1,PELI1,ortholog_one2one,1
HALLMARK_INTERFERON_GAMMA_RESPONSE,PFKP,PFKP,ortholog_one2one,1
HALLMARK_INTERFERON_GAMMA_RESPONSE,PIM1,PIM1,ortholog_one2one,1
HALLMARK_INTERFERON_GAMMA_RESPONSE,PLA2G4A,PLA2G4A,ortholog_one2one,1
HALLMARK_INTERFERON_GAMMA_RESPONSE,PLSCR1,PLSCR1,ortholog_one2one,1
HALLMARK_INTERFERON_GAMMA_RESPONSE,PML,PML,ortholog_one2one,1
HALLMARK_INTERFERON_GAMMA_RESPONSE,PNP,PNP,ortholog_one2one,1
HALLMARK_INTERFERON_GAMMA_RESPONSE,PNPT1,PNPT1,ortholog_one2one,1
HALLMARK_INTERFERON_GAMMA_RESPONSE,PSMA2,PSMA2,ortholog_one2one,1
HALLMARK_INTERFERON_GAMMA_RESPONSE,PSMA3,PSMA3,ortholog_one2one,1
HALLMARK_INTERFERON_GAMMA_RESPONSE,PSMB10,PSMB10,ortholog_one2one,1
HALLMARK_INTERFERON_GAMMA_RESPONSE,PSMB2,PSMB2,ortholog_one2one,1
HALLMARK_INTERFERON_GAMMA_RESPONSE,PSMB8,PSMB8,ortholog_one2one,1
HALLMARK_INTERFERON_GAMMA_RESPONSE,PSMB9,PSMB9,ortholog_one2one,1
HALLMARK_INTERFERON_GAMMA_RESPONSE,PSME1,PSME1,ortholog_one2one,1
HALLMARK_INTERFERON_GAMMA_RESPONSE,PSME2,PSME2,ortholog_one2one,1
HALLMARK_INTERFERON_GAMMA_RESPONSE,PTGS2,PTGS2,ortholog_one2one,1
HALLMARK_INTERFERON_GAMMA_RESPONSE,PTPN1,PTPN1,ortholog_one2one,1
HALLMARK_INTERFERON_GAMMA_RESPONSE,PTPN2,PTPN2,ortholog_one2one,1
HALLMARK_INTERFERON_GAMMA_RESPONSE,PTPN6,PTPN6,ortholog_one2one,1
HALLMARK_INTERFERON_GAMMA_RESPONSE,RAPGEF6,RAPGEF6,ortholog_one2one,1
HALLMARK_INTERFERON_GAMMA_RESPONSE,RBCK1,RBCK1,ortholog_one2one,1
HALLMARK_INTERFERON_GAMMA_RESPONSE,RIGI,RIGI,ortholog_one2one,1
HALLMARK_INTERFERON_GAMMA_RESPONSE,RIPK1,RIPK1,ortholog_one2one,1
HALLMARK_INTERFERON_GAMMA_RESPONSE,RIPK2,RIPK2,ortholog_one2one,1
HALLMARK_INTERFERON_GAMMA_RESPONSE,RNF213,RNF213,ortholog_one2one,1
HALLMARK_INTERFERON_GAMMA_RESPONSE,RNF31,RNF31,ortholog_one2one,1
HALLMARK_INTERFERON_GAMMA_RESPONSE,RSAD2,RSAD2,ortholog_one2one,1
HALLMARK_INTERFERON_GAMMA_RESPONSE,RTP4,RTP4,ortholog_one2one,1
HALLMARK_INTERFERON_GAMMA_RESPONSE,SAMD9L,SAMD9L,ortholog_one2one,1
HALLMARK_INTERFERON_GAMMA_RESPONSE,SAMHD1,SAMHD1,ortholog_one2one,1
HALLMARK_INTERFERON_GAMMA_RESPONSE,SECTM1,SECTM1,ortholog_one2one,1
HALLMARK_INTERFERON_GAMMA_RESPONSE,SELP,SELP,ortholog_one2one,1
HALLMARK_INTERFERON_GAMMA_RESPONSE,SERPING1,SERPING1,ortholog_one2one,1
HALLMARK_INTERFERON_GAMMA_RESPONSE,SLAMF7,SLAMF7,ortholog_one2one,1
HALLMARK_INTERFERON_GAMMA_RESPONSE,SLC25A28,SLC25A28,ortholog_one2one,1
HALLMARK_INTERFERON_GAMMA_RESPONSE,SOCS1,SOCS1,ortholog_one2one,1
HALLMARK_INTERFERON_GAMMA_RESPONSE,SOCS3,SOCS3,ortholog_one2one,1
HALLMARK_INTERFERON_GAMMA_RESPONSE,SOD2,SOD2,ortholog_one2one,1
HALLMARK_INTERFERON_GAMMA_RESPONSE,SPPL2A,SPPL2A,ortholog_one2one,1
HALLMARK_INTERFERON_GAMMA_RESPONSE,SRI,SRI,ortholog_one2one,1
HALLMARK_INTERFERON_GAMMA_RESPONSE,SSPN,SSPN,ortholog_one2one,1
HALLMARK_INTERFERON_GAMMA_RESPONSE,ST3GAL5,ST3GAL5,ortholog_one2one,1
HALLMARK_INTERFERON_GAMMA_RESPONSE,ST8SIA4,ST8SIA4,ortholog_one2one,1
HALLMARK_INTERFERON_GAMMA_RESPONSE,STAT1,STAT1,ortholog_one2one,1
HALLMARK_INTERFERON_GAMMA_RESPONSE,STAT2,STAT2,ortholog_one2one,1
HALLMARK_INTERFERON_GAMMA_RESPONSE,STAT3,STAT3,ortholog_one2one,1
HALLMARK_INTERFERON_GAMMA_RESPONSE,STAT4,STAT4,ortholog_one2one,1
HALLMARK_INTERFERON_GAMMA_RESPONSE,TAP1,TAP1,ortholog_one2one,1
HALLMARK_INTERFERON_GAMMA_RESPONSE,TAPBP,TAPBP,ortholog_one2one,1
HALLMARK_INTERFERON_GAMMA_RESPONSE,TDRD7,TDRD7,ortholog_one2one,1
HALLMARK_INTERFERON_GAMMA_RESPONSE,TMT1B,TMT1B,ortholog_one2one,1
HALLMARK_INTERFERON_GAMMA_RESPONSE,TNFAIP2,TNFAIP2,ortholog_one2one,1
HALLMARK_INTERFERON_GAMMA_RESPONSE,TNFAIP3,TNFAIP3,ortholog_one2one,1
HALLMARK_INTERFERON_GAMMA_RESPONSE,TNFAIP6,TNFAIP6,ortholog_one2one,1
HALLMARK_INTERFERON_GAMMA_RESPONSE,TNFSF10,TNFSF10,ortholog_one2one,1
HALLMARK_INTERFERON_GAMMA_RESPONSE,TOR1B,TOR1B,ortholog_one2one,1
HALLMARK_INTERFERON_GAMMA_RESPONSE,TRAFD1,TRAFD1,ortholog_one2one,1
HALLMARK_INTERFERON_GAMMA_RESPONSE,TRIM14,TRIM14,ortholog_one2one,1
HALLMARK_INTERFERON_GAMMA_RESPONSE,TRIM21,TRIM21,ortholog_one2one,1
HALLMARK_INTERFERON_GAMMA_RESPONSE,TRIM25,TRIM25,ortholog_one2one,1
HALLMARK_INTERFERON_GAMMA_RESPONSE,TRIM26,TRIM26,ortholog_one2one,1
HALLMARK_INTERFERON_GAMMA_RESPONSE,TXNIP,TXNIP,ortholog_one2one,1
HALLMARK_INTERFERON_GAMMA_RESPONSE,UBE2L6,UBE2L6,ortholog_one2one,1
HALLMARK_INTERFERON_GAMMA_RESPONSE,UPP1,UPP1,ortholog_one2one,1
HALLMARK_INTERFERON_GAMMA_RESPONSE,USP18,USP18,ortholog_one2one,1
HALLMARK_INTERFERON_GAMMA_RESPONSE,VAMP5,VAMP5,ortholog_one2one,1
HALLMARK_INTERFERON_GAMMA_RESPONSE,VAMP8,VAMP8,ortholog_one2one,1
HALLMARK_INTERFERON_GAMMA_RESPONSE,VCAM1,VCAM1,ortholog_one2one,1
HALLMARK_INTERFERON_GAMMA_RESPONSE,WARS1,WARS1,ortholog_one2one,1
HALLMARK_INTERFERON_GAMMA_RESPONSE,XAF1,XAF1,ortholog_one2one,1
HALLMARK_KRAS_SIGNALING_DN,ABCB11,ABCB11,ortholog_one2one,1
HALLMARK_KRAS_SIGNALING_DN,ABCG4,ABCG4,ortholog_one2one,1
HALLMARK_KRAS_SIGNALING_DN,ACTC1,ACTC1,ortholog_one2one,1
HALLMARK_KRAS_SIGNALING_DN,ADRA2C,ADRA2C,ortholog_one2one,1
HALLMARK_KRAS_SIGNALING_DN,ALOX12B,ALOX12B,ortholog_one2one,1
HALLMARK_KRAS_SIGNALING_DN,AMBN,AMBN,ortholog_one2one,1
HALLMARK_KRAS_SIGNALING_DN,ARHGDIG,ARHGDIG,ortholog_one2one,1
HALLMARK_KRAS_SIGNALING_DN,ARPP21,ARPP21,ortholog_one2one,1
HALLMARK_KRAS_SIGNALING_DN,ASB7,ASB7,ortholog_one2one,1
HALLMARK_KRAS_SIGNALING_DN,ATP4A,ATP4A,ortholog_one2one,1
HALLMARK_KRAS_SIGNALING_DN,ATP6V1B1,ATP6V1B1,ortholog_one2one,1
HALLMARK_KRAS_SIGNALING_DN,BARD1,BARD1,ortholog_one2one,1
HALLMARK_KRAS_SIGNALING_DN,BMPR1B,BMPR1B,ortholog_one2one,1
HALLMARK_KRAS_SIGNALING_DN,BRDT,BRDT,ortholog_one2one,1
HALLMARK_KRAS_SIGNALING_DN,BTG2,BTG2,ortholog_one2one,1
HALLMARK_KRAS_SIGNALING_DN,C5,C5,ortholog_one2one,1
HALLMARK_KRAS_SIGNALING_DN,CACNG1,CACNG1,ortholog_one2one,1
HALLMARK_KRAS_SIGNALING_DN,CALCB,CALCB,ortholog_one2one,1
HALLMARK_KRAS_SIGNALING_DN,CALML5,CALML5,ortholog_one2one,1
HALLMARK_KRAS_SIGNALING_DN,CAMK1D,CAMK1D,ortholog_one2one,1
HALLMARK_KRAS_SIGNALING_DN,CAPN9,CAPN9,ortholog_one2one,1
HALLMARK_KRAS_SIGNALING_DN,CCDC106,CCDC106,ortholog_one2one,1
HALLMARK_KRAS_SIGNALING_DN,CCNA1,CCNA1,ortholog_one2one,1
HALLMARK_KRAS_SIGNALING_DN,CCR8,CCR8,ortholog_one2one,1
HALLMARK_KRAS_SIGNALING_DN,CD207,CD207,ortholog_one2one,1
HALLMARK_KRAS_SIGNALING_DN,CD40LG,CD40LG,ortholog_one2one,1
HALLMARK_KRAS_SIGNALING_DN,CDH16,CDH16,ortholog_one2one,1
HALLMARK_KRAS_SIGNALING_DN,CDKAL1,CDKAL1,ortholog_one2one,1
HALLMARK_KRAS_SIGNALING_DN,CELSR2,CELSR2,ortholog_one2one,1
HALLMARK_KRAS_SIGNALING_DN,CHRNG,CHRNG,ortholog_one2one,1
HALLMARK_KRAS_SIGNALING_DN,CHST2,CHST2,ortholog_one2one,1
HALLMARK_KRAS_SIGNALING_DN,CKM,CKM,ortholog_one2one,1
HALLMARK_KRAS_SIGNALING_DN,CLDN16,CLDN16,ortholog_one2one,1
HALLMARK_KRAS_SIGNALING_DN,CLDN8,CLDN8,ortholog_one2one,1
HALLMARK_KRAS_SIGNALING_DN,CLPS,CLPS,ortholog_one2one,1
HALLMARK_KRAS_SIGNALING_DN,CLSTN3,CLSTN3,ortholog_one2one,1
HALLMARK_KRAS_SIGNALING_DN,CNTFR,CNTFR,ortholog_one2one,1
HALLMARK_KRAS_SIGNALING_DN,COL2A1,COL2A1,ortholog_one2one,1
HALLMARK_KRAS_SIGNALING_DN,COPZ2,COPZ2,ortholog_one2one,1
HALLMARK_KRAS_SIGNALING_DN,COQ8A,COQ8A,ortholog_one2one,1
HALLMARK_KRAS_SIGNALING_DN,CPA2,CPA2,ortholog_one2one,1
HALLMARK_KRAS_SIGNALING_DN,CPB1,CPB1,ortholog_one2one,1
HALLMARK_KRAS_SIGNALING_DN,CPEB3,CPEB3,ortholog_one2one,1
HALLMARK_KRAS_SIGNALING_DN,CYP11B2,CYP11B2,ortholog_one2one,1
HALLMARK_KRAS_SIGNALING_DN,CYP39A1,CYP39A1,ortholog_one2one,1
HALLMARK_KRAS_SIGNALING_DN,DCC,DCC,ortholog_one2one,1
HALLMARK_KRAS_SIGNALING_DN,DLK2,DLK2,ortholog_one2one,1
HALLMARK_KRAS_SIGNALING_DN,DTNB,DTNB,ortholog_one2one,1
HALLMARK_KRAS_SIGNALING_DN,EDAR,EDAR,ortholog_one2one,1
HALLMARK_KRAS_SIGNALING_DN,EDN1,EDN1,ortholog_one2one,1
HALLMARK_KRAS_SIGNALING_DN,EDN2,EDN2,ortholog_one2one,1
HALLMARK_KRAS_SIGNALING_DN,EFHD1,EFHD1,ortholog_one2one,1
HALLMARK_KRAS_SIGNALING_DN,EGF,EGF,ortholog_one2one,1
HALLMARK_KRAS_SIGNALING_DN,ENTPD7,ENTPD7,ortholog_one2one,1
HALLMARK_KRAS_SIGNALING_DN,EPHA5,EPHA5,ortholog_one2one,1
HALLMARK_KRAS_SIGNALING_DN,FGF16,FGF16,ortholog_one2one,1
HALLMARK_KRAS_SIGNALING_DN,FGF22,FGF22,ortholog_one2one,1
HALLMARK_KRAS_SIGNALING_DN,FGFR3,FGFR3,ortholog_one2one,1
HALLMARK_KRAS_SIGNALING_DN,FGGY,FGGY,ortholog_one2one,1
HALLMARK_KRAS_SIGNALING_DN,FSHB,FSHB,ortholog_one2one,1
HALLMARK_KRAS_SIGNALING_DN,GAMT,GAMT,ortholog_one2one,1
HALLMARK_KRAS_SIGNALING_DN,GDNF,GDNF,ortholog_one2one,1
HALLMARK_KRAS_SIGNALING_DN,GP1BA,GP1BA,ortholog_one2one,1
HALLMARK_KRAS_SIGNALING_DN,GP2,GP2,ortholog_one2one,1
HALLMARK_KRAS_SIGNALING_DN,GPR19,GPR19,ortholog_one2one,1
HALLMARK_KRAS_SIGNALING_DN,GPR3,GPR3,ortholog_one2one,1
HALLMARK_KRAS_SIGNALING_DN,GPRC5C,GPRC5C,ortholog_one2one,1
HALLMARK_KRAS_SIGNALING_DN,GTF3C5,GTF3C5,ortholog_one2one,1
HALLMARK_KRAS_SIGNALING_DN,HNF1A,HNF1A,ortholog_one2one,1
HALLMARK_KRAS_SIGNALING_DN,HSD11B2,HSD11B2,ortholog_one2one,1
HALLMARK_KRAS_SIGNALING_DN,HTR1B,HTR1B,ortholog_one2one,1
HALLMARK_KRAS_SIGNALING_DN,HTR1D,HTR1D,ortholog_one2one,1
HALLMARK_KRAS_SIGNALING_DN,IDUA,IDUA,ortholog_one2one,1
HALLMARK_KRAS_SIGNALING_DN,IFI44L,IFI44L,ortholog_one2one,1
HALLMARK_KRAS_SIGNALING_DN,IFNG,IFNG,ortholog_one2one,1
HALLMARK_KRAS_SIGNALING_DN,IGFBP2,IGFBP2,ortholog_one2one,1
HALLMARK_KRAS_SIGNALING_DN,IL12B,IL12B,ortholog_one2one,1
HALLMARK_KRAS_SIGNALING_DN,IL5,IL5,ortholog_one2one,1
HALLMARK_KRAS_SIGNALING_DN,INSL5,INSL5,ortholog_one2one,1
HALLMARK_KRAS_SIGNALING_DN,IRS4,IRS4,ortholog_one2one,1
HALLMARK_KRAS_SIGNALING_DN,ITGB1BP2,ITGB1BP2,ortholog_one2one,1
HALLMARK_KRAS_SIGNALING_DN,ITIH3,ITIH3,ortholog_one2one,1
HALLMARK_KRAS_SIGNALING_DN,KCND1,KCND1,ortholog_one2one,1
HALLMARK_KRAS_SIGNALING_DN,KCNE2,KCNE2,ortholog_one2one,1
HALLMARK_KRAS_SIGNALING_DN,KCNMB1,KCNMB1,ortholog_one2one,1
HALLMARK_KRAS_SIGNALING_DN,KCNN1,KCNN1,ortholog_one2one,1
HALLMARK_KRAS_SIGNALING_DN,KCNQ2,KCNQ2,ortholog_one2one,1
HALLMARK_KRAS_SIGNALING_DN,KLHDC8A,KLHDC8A,ortholog_one2one,1
HALLMARK_KRAS_SIGNALING_DN,KLK7,KLK7,ortholog_one2one,1
HALLMARK_KRAS_SIGNALING_DN,KLK8,KLK8,ortholog_one2one,1
HALLMARK_KRAS_SIGNALING_DN,KMT2D,KMT2D,ortholog_one2one,1
HALLMARK_KRAS_SIGNALING_DN,KRT1,KRT1,ortholog_one2one,1
HALLMARK_KRAS_SIGNALING_DN,KRT15,KRT15,ortholog_one2one,1
HALLMARK_KRAS_SIGNALING_DN,KRT5,KRT5,ortholog_one2one,1
HALLMARK_KRAS_SIGNALING_DN,LFNG,LFNG,ortholog_one2one,1
HALLMARK_KRAS_SIGNALING_DN,LYPD3,LYPD3,ortholog_one2one,1
HALLMARK_KRAS_SIGNALING_DN,MACROH2A2,MACROH2A2,ortholog_one2one,1
HALLMARK_KRAS_SIGNALING_DN,MAGIX,MAGIX,ortholog_one2one,1
HALLMARK_KRAS_SIGNALING_DN,MAST3,MAST3,ortholog_one2one,1
HALLMARK_KRAS_SIGNALING_DN,MEFV,MEFV,ortholog_one2one,1
HALLMARK_KRAS_SIGNALING_DN,MFSD6,MFSD6,ortholog_one2one,1
HALLMARK_KRAS_SIGNALING_DN,MSH5,MSH5,ortholog_one2one,1
HALLMARK_KRAS_SIGNALING_DN,MTHFR,MTHFR,ortholog_one2one,1
HALLMARK_KRAS_SIGNALING_DN,MX1,MX1,ortholog_one2one,1
HALLMARK_KRAS_SIGNALING_DN,MYH7,MYH7,ortholog_one2one,1
HALLMARK_KRAS_SIGNALING_DN,MYO15A,MYO15A,ortholog_one2one,1
HALLMARK_KRAS_SIGNALING_DN,MYOT,MYOT,ortholog_one2one,1
HALLMARK_KRAS_SIGNALING_DN,NGB,NGB,ortholog_one2one,1
HALLMARK_KRAS_SIGNALING_DN,NOS1,NOS1,ortholog_one2one,1
HALLMARK_KRAS_SIGNALING_DN,NPHS1,NPHS1,ortholog_one2one,1
HALLMARK_KRAS_SIGNALING_DN,NR4A2,NR4A2,ortholog_one2one,1
HALLMARK_KRAS_SIGNALING_DN,NR6A1,NR6A1,ortholog_one2one,1
HALLMARK_KRAS_SIGNALING_DN,NRIP2,NRIP2,ortholog_one2one,1
HALLMARK_KRAS_SIGNALING_DN,NTF3,NTF3,ortholog_one2one,1
HALLMARK_KRAS_SIGNALING_DN,OXT,OXT,ortholog_one2one,1
HALLMARK_KRAS_SIGNALING_DN,P2RX6,P2RX6,ortholog_one2one,1
HALLMARK_KRAS_SIGNALING_DN,P2RY4,P2RY4,ortholog_one2one,1
HALLMARK_KRAS_SIGNALING_DN,PAX3,PAX3,ortholog_one2one,1
HALLMARK_KRAS_SIGNALING_DN,PAX4,PAX4,ortholog_one2one,1
HALLMARK_KRAS_SIGNALING_DN,PCDHB1,PCDHB1,ortholog_one2one,1
HALLMARK_KRAS_SIGNALING_DN,PDCD1,PDCD1,ortholog_one2one,1
HALLMARK_KRAS_SIGNALING_DN,PDE6B,PDE6B,ortholog_one2one,1
HALLMARK_KRAS_SIGNALING_DN,PDK2,PDK2,ortholog_one2one,1
HALLMARK_KRAS_SIGNALING_DN,PKP1,PKP1,ortholog_one2one,1
HALLMARK_KRAS_SIGNALING_DN,PLAG1,PLAG1,ortholog_one2one,1
HALLMARK_KRAS_SIGNALING_DN,PNMT,PNMT,ortholog_one2one,1
HALLMARK_KRAS_SIGNALING_DN,PRKN,PRKN,ortholog_one2one,1
HALLMARK_KRAS_SIGNALING_DN,PROP1,PROP1,ortholog_one2one,1
HALLMARK_KRAS_SIGNALING_DN,PTGFR,PTGFR,ortholog_one2one,1
HALLMARK_KRAS_SIGNALING_DN,PTPRJ,PTPRJ,ortholog_one2one,1
HALLMARK_KRAS_SIGNALING_DN,RGS11,RGS11,ortholog_one2one,1
HALLMARK_KRAS_SIGNALING_DN,RIBC2,RIBC2,ortholog_one2one,1
HALLMARK_KRAS_SIGNALING_DN,RSAD2,RSAD2,ortholog_one2one,1
HALLMARK_KRAS_SIGNALING_DN,RYR1,RYR1,ortholog_one2one,1
HALLMARK_KRAS_SIGNALING_DN,RYR2,RYR2,ortholog_one2one,1
HALLMARK_KRAS_SIGNALING_DN,SCGB1A1,SCGB1A1,ortholog_one2one,1
HALLMARK_KRAS_SIGNALING_DN,SCN10A,SCN10A,ortholog_one2one,1
HALLMARK_KRAS_SIGNALING_DN,SERPINA10,SERPINA10,ortholog_one2one,1
HALLMARK_KRAS_SIGNALING_DN,SERPINB2,SERPINB2,ortholog_one2one,1
HALLMARK_KRAS_SIGNALING_DN,SGK1,SGK1,ortholog_one2one,1
HALLMARK_KRAS_SIGNALING_DN,SHOX2,SHOX2,ortholog_one2one,1
HALLMARK_KRAS_SIGNALING_DN,SIDT1,SIDT1,ortholog_one2one,1
HALLMARK_KRAS_SIGNALING_DN,SKIL,SKIL,ortholog_one2one,1
HALLMARK_KRAS_SIGNALING_DN,SLC12A3,SLC12A3,ortholog_one2one,1
HALLMARK_KRAS_SIGNALING_DN,SLC16A7,SLC16A7,ortholog_one2one,1
HALLMARK_KRAS_SIGNALING_DN,SLC25A23,SLC25A23,ortholog_one2one,1
HALLMARK_KRAS_SIGNALING_DN,SLC29A3,SLC29A3,ortholog_one2one,1
HALLMARK_KRAS_SIGNALING_DN,SLC30A3,SLC30A3,ortholog_one2one,1
HALLMARK_KRAS_SIGNALING_DN,SLC38A3,SLC38A3,ortholog_one2one,1
HALLMARK_KRAS_SIGNALING_DN,SLC6A14,SLC6A14,ortholog_one2one,1
HALLMARK_KRAS_SIGNALING_DN,SLC6A3,SLC6A3,ortholog_one2one,1
HALLMARK_KRAS_SIGNALING_DN,SMPX,SMPX,ortholog_one2one,1
HALLMARK_KRAS_SIGNALING_DN,SNCB,SNCB,ortholog_one2one,1
HALLMARK_KRAS_SIGNALING_DN,SNN,SNN,ortholog_one2one,1
HALLMARK_KRAS_SIGNALING_DN,SOX10,SOX10,ortholog_one2one,1
HALLMARK_KRAS_SIGNALING_DN,SPHK2,SPHK2,ortholog_one2one,1
HALLMARK_KRAS_SIGNALING_DN,SPRR3,SPRR3,ortholog_one2one,1
HALLMARK_KRAS_SIGNALING_DN,SPTBN2,SPTBN2,ortholog_one2one,1
HALLMARK_KRAS_SIGNALING_DN,SSTR4,SSTR4,ortholog_one2one,1
HALLMARK_KRAS_SIGNALING_DN,STAG3,STAG3,ortholog_one2one,1
HALLMARK_KRAS_SIGNALING_DN,SYNPO,SYNPO,ortholog_one2one,1
HALLMARK_KRAS_SIGNALING_DN,TAS2R4,TAS2R4,ortholog_one2one,1
HALLMARK_KRAS_SIGNALING_DN,TCF7L1,TCF7L1,ortholog_one2one,1
HALLMARK_KRAS_SIGNALING_DN,TCL1A,TCL1A,ortholog_one2one,1
HALLMARK_KRAS_SIGNALING_DN,TENM2,TENM2,ortholog_one2one,1
HALLMARK_KRAS_SIGNALING_DN,TENT5C,TENT5C,ortholog_one2one,1
HALLMARK_KRAS_SIGNALING_DN,TEX15,TEX15,ortholog_one2one,1
HALLMARK_KRAS_SIGNALING_DN,TFAP2B,TFAP2B,ortholog_one2one,1
HALLMARK_KRAS_SIGNALING_DN,TFCP2L1,TFCP2L1,ortholog_one2one,1
HALLMARK_KRAS_SIGNALING_DN,TFF2,TFF2,ortholog_one2one,1
HALLMARK_KRAS_SIGNALING_DN,TG,TG,ortholog_one2one,1
HALLMARK_KRAS_SIGNALING_DN,TGFB2,TGFB2,ortholog_one2one,1
HALLMARK_KRAS_SIGNALING_DN,TGM1,TGM1,ortholog_one2one,1
HALLMARK_KRAS_SIGNALING_DN,THNSL2,THNSL2,ortholog_one2one,1
HALLMARK_KRAS_SIGNALING_DN,THRB,THRB,ortholog_one2one,1
HALLMARK_KRAS_SIGNALING_DN,TLX1,TLX1,ortholog_one2one,1
HALLMARK_KRAS_SIGNALING_DN,TNNI3,TNNI3,ortholog_one2one,1
HALLMARK_KRAS_SIGNALING_DN,TSHB,TSHB,ortholog_one2one,1
HALLMARK_KRAS_SIGNALING_DN,UPK3B,UPK3B,ortholog_one2one,1
HALLMARK_KRAS_SIGNALING_DN,VPREB1,VPREB1,ortholog_one2one,1
HALLMARK_KRAS_SIGNALING_DN,VPS50,VPS50,ortholog_one2one,1
HALLMARK_KRAS_SIGNALING_DN,WNT16,WNT16,ortholog_one2one,1
HALLMARK_KRAS_SIGNALING_DN,YBX2,YBX2,ortholog_one2one,1
HALLMARK_KRAS_SIGNALING_DN,YPEL1,YPEL1,ortholog_one2one,1
HALLMARK_KRAS_SIGNALING_DN,ZBTB16,ZBTB16,ortholog_one2one,1
HALLMARK_KRAS_SIGNALING_DN,ZC2HC1C,ZC2HC1C,ortholog_one2one,1
HALLMARK_KRAS_SIGNALING_DN,ZNF112,ZNF112,ortholog_one2one,1
HALLMARK_KRAS_SIGNALING_UP,ABCB1,ABCB1,ortholog_one2one,1
HALLMARK_KRAS_SIGNALING_UP,ACE,ACE,ortholog_one2one,1
HALLMARK_KRAS_SIGNALING_UP,ADAM17,ADAM17,ortholog_one2one,1
HALLMARK_KRAS_SIGNALING_UP,ADAM8,ADAM8,ortholog_one2one,1
HALLMARK_KRAS_SIGNALING_UP,ADAMDEC1,ADAMDEC1,ortholog_one2one,1
HALLMARK_KRAS_SIGNALING_UP,ADGRA2,ADGRA2,ortholog_one2one,1
HALLMARK_KRAS_SIGNALING_UP,ADGRL4,ADGRL4,ortholog_one2one,1
HALLMARK_KRAS_SIGNALING_UP,AKAP12,AKAP12,ortholog_one2one,1
HALLMARK_KRAS_SIGNALING_UP,AKT2,AKT2,ortholog_one2one,1
HALLMARK_KRAS_SIGNALING_UP,ALDH1A2,ALDH1A2,ortholog_one2one,1
HALLMARK_KRAS_SIGNALING_UP,ALDH1A3,ALDH1A3,ortholog_one2one,1
HALLMARK_KRAS_SIGNALING_UP,AMMECR1,AMMECR1,ortholog_one2one,1
HALLMARK_KRAS_SIGNALING_UP,ANGPTL4,ANGPTL4,ortholog_one2one,1
HALLMARK_KRAS_SIGNALING_UP,ANKH,ANKH,ortholog_one2one,1
HALLMARK_KRAS_SIGNALING_UP,ANO1,ANO1,ortholog_one2one,1
HALLMARK_KRAS_SIGNALING_UP,ANXA10,ANXA10,ortholog_one2one,1
HALLMARK_KRAS_SIGNALING_UP,APOD,APOD,ortholog_one2one,1
HALLMARK_KRAS_SIGNALING_UP,ARG1,ARG1,ortholog_one2one,1
HALLMARK_KRAS_SIGNALING_UP,ATG10,ATG10,ortholog_one2one,1
HALLMARK_KRAS_SIGNALING_UP,AVL9,AVL9,ortholog_one2one,1
HALLMARK_KRAS_SIGNALING_UP,BIRC3,BIRC3,ortholog_one2one,1
HALLMARK_KRAS_SIGNALING_UP,BMP2,BMP2,ortholog_one2one,1
HALLMARK_KRAS_SIGNALING_UP,BPGM,BPGM,ortholog_one2one,1
HALLMARK_KRAS_SIGNALING_UP,BTBD3,BTBD3,ortholog_one2one,1
HALLMARK_KRAS_SIGNALING_UP,BTC,BTC,ortholog_one2one,1
HALLMARK_KRAS_SIGNALING_UP,C3AR1,C3AR1,ortholog_one2one,1
HALLMARK_KRAS_SIGNALING_UP,CA2,CA2,ortholog_one2one,1
HALLMARK_KRAS_SIGNALING_UP,CAB39L,CAB39L,ortholog_one2one,1
HALLMARK_KRAS_SIGNALING_UP,CBL,CBL,ortholog_one2one,1
HALLMARK_KRAS_SIGNALING_UP,CBR4,CBR4,ortholog_one2one,1
HALLMARK_KRAS_SIGNALING_UP,CBX8,CBX8,ortholog_one2one,1
HALLMARK_KRAS_SIGNALING_UP,CCL20,CCL20,ortholog_one2one,1
HALLMARK_KRAS_SIGNALING_UP,CCND2,CCND2,ortholog_one2one,1
HALLMARK_KRAS_SIGNALING_UP,CCSER2,CCSER2,ortholog_one2one,1
HALLMARK_KRAS_SIGNALING_UP,CD37,CD37,ortholog_one2one,1
HALLMARK_KRAS_SIGNALING_UP,CDADC1,CDADC1,ortholog_one2one,1
HALLMARK_KRAS_SIGNALING_UP,CFB,CFB,ortholog_one2one,1
HALLMARK_KRAS_SIGNALING_UP,CFH,CFH,ortholog_one2one,1
HALLMARK_KRAS_SIGNALING_UP,CFHR2,CFHR2,ortholog_one2one,1
HALLMARK_KRAS_SIGNALING_UP,CIDEA,CIDEA,ortholog_one2one,1
HALLMARK_KRAS_SIGNALING_UP,CLEC4A,CLEC4A,ortholog_one2one,1
HALLMARK_KRAS_SIGNALING_UP,CMKLR1,CMKLR1,ortholog_one2one,1
HALLMARK_KRAS_SIGNALING_UP,CPE,CPE,ortholog_one2one,1
HALLMARK_KRAS_SIGNALING_UP,CROT,CROT,ortholog_one2one,1
HALLMARK_KRAS_SIGNALING_UP,CSF2,CSF2,ortholog_one2one,1
HALLMARK_KRAS_SIGNALING_UP,CSF2RA,CSF2RA,ortholog_one2one,1
HALLMARK_KRAS_SIGNALING_UP,CTSS,CTSS,ortholog_one2one,1
HALLMARK_KRAS_SIGNALING_UP,CXCL10,CXCL10,ortholog_one2one,1
HALLMARK_KRAS_SIGNALING_UP,CXCR4,CXCR4,ortholog_one2one,1
HALLMARK_KRAS_SIGNALING_UP,DCBLD2,DCBLD2,ortholog_one2one,1
HALLMARK_KRAS_SIGNALING_UP,DNMBP,DNMBP,ortholog_one2one,1
HALLMARK_KRAS_SIGNALING_UP,DOCK2,DOCK2,ortholog_one2one,1
HALLMARK_KRAS_SIGNALING_UP,DUSP6,DUSP6,ortholog_one2one,1
HALLMARK_KRAS_SIGNALING_UP,EMP1,EMP1,ortholog_one2one,1
HALLMARK_KRAS_SIGNALING_UP,ENG,ENG,ortholog_one2one,1
HALLMARK_KRAS_SIGNALING_UP,EPB41L3,EPB41L3,ortholog_one2one,1
HALLMARK_KRAS_SIGNALING_UP,EPHB2,EPHB2,ortholog_one2one,1
HALLMARK_KRAS_SIGNALING_UP,EREG,EREG,ortholog_one2one,1
HALLMARK_KRAS_SIGNALING_UP,ERO1A,ERO1A,ortholog_one2one,1
HALLMARK_KRAS_SIGNALING_UP,ETS1,ETS1,ortholog_one2one,1
HALLMARK_KRAS_SIGNALING_UP,ETV1,ETV1,ortholog_one2one,1
HALLMARK_KRAS_SIGNALING_UP,ETV4,ETV4,ortholog_one2one,1
HALLMARK_KRAS_SIGNALING_UP,ETV5,ETV5,ortholog_one2one,1
HALLMARK_KRAS_SIGNALING_UP,EVI5,EVI5,ortholog_one2one,1
HALLMARK_KRAS_SIGNALING_UP,F13A1,F13A1,ortholog_one2one,1
HALLMARK_KRAS_SIGNALING_UP,F2RL1,F2RL1,ortholog_one2one,1
HALLMARK_KRAS_SIGNALING_UP,FBXO4,FBXO4,ortholog_one2one,1
HALLMARK_KRAS_SIGNALING_UP,FCER1G,FCER1G,ortholog_one2one,1
HALLMARK_KRAS_SIGNALING_UP,FGF9,FGF9,ortholog_one2one,1
HALLMARK_KRAS_SIGNALING_UP,FLT4,FLT4,ortholog_one2one,1
HALLMARK_KRAS_SIGNALING_UP,G0S2,G0S2,ortholog_one2one,1
HALLMARK_KRAS_SIGNALING_UP,GABRA3,GABRA3,ortholog_one2one,1
HALLMARK_KRAS_SIGNALING_UP,GADD45G,GADD45G,ortholog_one2one,1
HALLMARK_KRAS_SIGNALING_UP,GALNT3,GALNT3,ortholog_one2one,1
HALLMARK_KRAS_SIGNALING_UP,GFPT2,GFPT2,ortholog_one2one,1
HALLMARK_KRAS_SIGNALING_UP,GLRX,GLRX,ortholog_one2one,1
HALLMARK_KRAS_SIGNALING_UP,GNG11,GNG11,ortholog_one2one,1
HALLMARK_KRAS_SIGNALING_UP,GPNMB,GPNMB,ortholog_one2one,1
HALLMARK_KRAS_SIGNALING_UP,GPRC5B,GPRC5B,ortholog_one2one,1
HALLMARK_KRAS_SIGNALING_UP,GUCY1A1,GUCY1A1,ortholog_one2one,1
HALLMARK_KRAS_SIGNALING_UP,GYPC,GYPC,ortholog_one2one,1
HALLMARK_KRAS_SIGNALING_UP,H2BC3,H2BC3,ortholog_one2one,1
HALLMARK_KRAS_SIGNALING_UP,HBEGF,HBEGF,ortholog_one2one,1
HALLMARK_KRAS_SIGNALING_UP,HKDC1,HKDC1,ortholog_one2one,1
HALLMARK_KRAS_SIGNALING_UP,HOXD11,HOXD11,ortholog_one2one,1
HALLMARK_KRAS_SIGNALING_UP,HSD11B1,HSD11B1,ortholog_one2one,1
HALLMARK_KRAS_SIGNALING_UP,ID2,ID2,ortholog_one2one,1
HALLMARK_KRAS_SIGNALING_UP,IGF2,IGF2,ortholog_one2one,1
HALLMARK_KRAS_SIGNALING_UP,IGFBP3,IGFBP3,ortholog_one2one,1
HALLMARK_KRAS_SIGNALING_UP,IKZF1,IKZF1,ortholog_one2one,1
HALLMARK_KRAS_SIGNALING_UP,IL10RA,IL10RA,ortholog_one2one,1
HALLMARK_KRAS_SIGNALING_UP,IL1B,IL1B,ortholog_one2one,1
HALLMARK_KRAS_SIGNALING_UP,IL1RL2,IL1RL2,ortholog_one2one,1
HALLMARK_KRAS_SIGNALING_UP,IL2RG,IL2RG,ortholog_one2one,1
HALLMARK_KRAS_SIGNALING_UP,IL33,IL33,ortholog_one2one,1
HALLMARK_KRAS_SIGNALING_UP,IL7R,IL7R,ortholog_one2one,1
HALLMARK_KRAS_SIGNALING_UP,INHBA,INHBA,ortholog_one2one,1
HALLMARK_KRAS_SIGNALING_UP,IRF8,IRF8,ortholog_one2one,1
HALLMARK_KRAS_SIGNALING_UP,ITGA2,ITGA2,ortholog_one2one,1
HALLMARK_KRAS_SIGNALING_UP,ITGB2,ITGB2,ortholog_one2one,1
HALLMARK_KRAS_SIGNALING_UP,ITGBL1,ITGBL1,ortholog_one2one,1
HALLMARK_KRAS_SIGNALING_UP,JUP,JUP,ortholog_one2one,1
HALLMARK_KRAS_SIGNALING_UP,KIF5C,KIF5C,ortholog_one2one,1
HALLMARK_KRAS_SIGNALING_UP,KLF4,KLF4,ortholog_one2one,1
HALLMARK_KRAS_SIGNALING_UP,LAPTM5,LAPTM5,ortholog_one2one,1
HALLMARK_KRAS_SIGNALING_UP,LAT2,LAT2,ortholog_one2one,1
HALLMARK_KRAS_SIGNALING_UP,LCP1,LCP1,ortholog_one2one,1
HALLMARK_KRAS_SIGNALING_UP,LIF,LIF,ortholog_one2one,1
HALLMARK_KRAS_SIGNALING_UP,LY96,LY96,ortholog_one2one,1
HALLMARK_KRAS_SIGNALING_UP,MAFB,MAFB,ortholog_one2one,1
HALLMARK_KRAS_SIGNALING_UP,MALL,MALL,ortholog_one2one,1
HALLMARK_KRAS_SIGNALING_UP,MAP3K1,MAP3K1,ortholog_one2one,1
HALLMARK_KRAS_SIGNALING_UP,MAP4K1,MAP4K1,ortholog_one2one,1
HALLMARK_KRAS_SIGNALING_UP,MAP7,MAP7,ortholog_one2one,1
HALLMARK_KRAS_SIGNALING_UP,MMD,MMD,ortholog_one2one,1
HALLMARK_KRAS_SIGNALING_UP,MMP10,MMP10,ortholog_one2one,1
HALLMARK_KRAS_SIGNALING_UP,MMP11,MMP11,ortholog_one2one,1
HALLMARK_KRAS_SIGNALING_UP,MMP9,MMP9,ortholog_one2one,1
HALLMARK_KRAS_SIGNALING_UP,MPZL2,MPZL2,ortholog_one2one,1
HALLMARK_KRAS_SIGNALING_UP,MTMR10,MTMR10,ortholog_one2one,1
HALLMARK_KRAS_SIGNALING_UP,MYCN,MYCN,ortholog_one2one,1
HALLMARK_KRAS_SIGNALING_UP,NAP1L2,NAP1L2,ortholog_one2one,1
HALLMARK_KRAS_SIGNALING_UP,NGF,NGF,ortholog_one2one,1
HALLMARK_KRAS_SIGNALING_UP,NIN,NIN,ortholog_one2one,1
HALLMARK_KRAS_SIGNALING_UP,NR0B2,NR0B2,ortholog_one2one,1
HALLMARK_KRAS_SIGNALING_UP,NR1H4,NR1H4,ortholog_one2one,1
HALLMARK_KRAS_SIGNALING_UP,NRP1,NRP1,ortholog_one2one,1
HALLMARK_KRAS_SIGNALING_UP,PCP4,PCP4,ortholog_one2one,1
HALLMARK_KRAS_SIGNALING_UP,PCSK1N,PCSK1N,ortholog_one2one,1
HALLMARK_KRAS_SIGNALING_UP,PDCD1LG2,PDCD1LG2,ortholog_one2one,1
HALLMARK_KRAS_SIGNALING_UP,PECAM1,PECAM1,ortholog_one2one,1
HALLMARK_KRAS_SIGNALING_UP,PEG3,PEG3,ortholog_one2one,1
HALLMARK_KRAS_SIGNALING_UP,PIGR,PIGR,ortholog_one2one,1
HALLMARK_KRAS_SIGNALING_UP,PLAT,PLAT,ortholog_one2one,1
HALLMARK_KRAS_SIGNALING_UP,PLAU,PLAU,ortholog_one2one,1
HALLMARK_KRAS_SIGNALING_UP,PLAUR,PLAUR,ortholog_one2one,1
HALLMARK_KRAS_SIGNALING_UP,PLEK2,PLEK2,ortholog_one2one,1
HALLMARK_KRAS_SIGNALING_UP,PLVAP,PLVAP,ortholog_one2one,1
HALLMARK_KRAS_SIGNALING_UP,PPBP,PPBP,ortholog_one2one,1
HALLMARK_KRAS_SIGNALING_UP,PPP1R15A,PPP1R15A,ortholog_one2one,1
HALLMARK_KRAS_SIGNALING_UP,PRDM1,PRDM1,ortholog_one2one,1
HALLMARK_KRAS_SIGNALING_UP,PRKG2,PRKG2,ortholog_one2one,1
HALLMARK_KRAS_SIGNALING_UP,PRRX1,PRRX1,ortholog_one2one,1
HALLMARK_KRAS_SIGNALING_UP,PSMB8,PSMB8,ortholog_one2one,1
HALLMARK_KRAS_SIGNALING_UP,PTBP2,PTBP2,ortholog_one2one,1
HALLMARK_KRAS_SIGNALING_UP,PTCD2,PTCD2,ortholog_one2one,1
HALLMARK_KRAS_SIGNALING_UP,PTGS2,PTGS2,ortholog_one2one,1
HALLMARK_KRAS_SIGNALING_UP,PTPRR,PTPRR,ortholog_one2one,1
HALLMARK_KRAS_SIGNALING_UP,RBP4,RBP4,ortholog_one2one,1
HALLMARK_KRAS_SIGNALING_UP,RELN,RELN,ortholog_one2one,1
HALLMARK_KRAS_SIGNALING_UP,RETN,RETN,ortholog_one2one,1
HALLMARK_KRAS_SIGNALING_UP,RGS16,RGS16,ortholog_one2one,1
HALLMARK_KRAS_SIGNALING_UP,SATB1,SATB1,ortholog_one2one,1
HALLMARK_KRAS_SIGNALING_UP,SCG3,SCG3,ortholog_one2one,1
HALLMARK_KRAS_SIGNALING_UP,SCG5,SCG5,ortholog_one2one,1
HALLMARK_KRAS_SIGNALING_UP,SCN1B,SCN1B,ortholog_one2one,1
HALLMARK_KRAS_SIGNALING_UP,SDCCAG8,SDCCAG8,ortholog_one2one,1
HALLMARK_KRAS_SIGNALING_UP,SEMA3B,SEMA3B,ortholog_one2one,1
HALLMARK_KRAS_SIGNALING_UP,SERPINA3,SERPINA3,ortholog_one2one,1
HALLMARK_KRAS_SIGNALING_UP,SLPI,SLPI,ortholog_one2one,1
HALLMARK_KRAS_SIGNALING_UP,SNAP25,SNAP25,ortholog_one2one,1
HALLMARK_KRAS_SIGNALING_UP,SOX9,SOX9,ortholog_one2one,1
HALLMARK_KRAS_SIGNALING_UP,SPARCL1,SPARCL1,ortholog_one2one,1
HALLMARK_KRAS_SIGNALING_UP,SPON1,SPON1,ortholog_one2one,1
HALLMARK_KRAS_SIGNALING_UP,SPP1,SPP1,ortholog_one2one,1
HALLMARK_KRAS_SIGNALING_UP,SPRY2,SPRY2,ortholog_one2one,1
HALLMARK_KRAS_SIGNALING_UP,ST6GAL1,ST6GAL1,ortholog_one2one,1
HALLMARK_KRAS_SIGNALING_UP,STRN,STRN,ortholog_one2one,1
HALLMARK_KRAS_SIGNALING_UP,TFPI,TFPI,ortholog_one2one,1
HALLMARK_KRAS_SIGNALING_UP,TLR8,TLR8,ortholog_one2one,1
HALLMARK_KRAS_SIGNALING_UP,TMEM100,TMEM100,ortholog_one2one,1
HALLMARK_KRAS_SIGNALING_UP,TMEM158,TMEM158,ortholog_one2one,1
HALLMARK_KRAS_SIGNALING_UP,TMEM176A,TMEM176A,ortholog_one2one,1
HALLMARK_KRAS_SIGNALING_UP,TMEM176B,TMEM176B,ortholog_one2one,1
HALLMARK_KRAS_SIGNALING_UP,TNFAIP3,TNFAIP3,ortholog_one2one,1
HALLMARK_KRAS_SIGNALING_UP,TNFRSF1B,TNFRSF1B,ortholog_one2one,1
HALLMARK_KRAS_SIGNALING_UP,TNNT2,TNNT2,ortholog_one2one,1
HALLMARK_KRAS_SIGNALING_UP,TOR1AIP2,TOR1AIP2,ortholog_one2one,1
HALLMARK_KRAS_SIGNALING_UP,TPH1,TPH1,ortholog_one2one,1
HALLMARK_KRAS_SIGNALING_UP,TRAF1,TRAF1,ortholog_one2one,1
HALLMARK_KRAS_SIGNALING_UP,TRIB1,TRIB1,ortholog_one2one,1
HALLMARK_KRAS_SIGNALING_UP,TRIB2,TRIB2,ortholog_one2one,1
HALLMARK_KRAS_SIGNALING_UP,TSPAN1,TSPAN1,ortholog_one2one,1
HALLMARK_KRAS_SIGNALING_UP,TSPAN13,TSPAN13,ortholog_one2one,1
HALLMARK_KRAS_SIGNALING_UP,TSPAN7,TSPAN7,ortholog_one2one,1
HALLMARK_KRAS_SIGNALING_UP,USH1C,USH1C,ortholog_one2one,1
HALLMARK_KRAS_SIGNALING_UP,VWA5A,VWA5A,ortholog_one2one,1
HALLMARK_KRAS_SIGNALING_UP,WDR33,WDR33,ortholog_one2one,1
HALLMARK_KRAS_SIGNALING_UP,WNT7A,WNT7A,ortholog_one2one,1
HALLMARK_KRAS_SIGNALING_UP,YRDC,YRDC,ortholog_one2one,1
HALLMARK_KRAS_SIGNALING_UP,ZNF277,ZNF277,ortholog_one2one,1
HALLMARK_KRAS_SIGNALING_UP,ZNF639,ZNF639,ortholog_one2one,1
HALLMARK_MITOTIC_SPINDLE,ABI1,ABI1,ortholog_one2one,1
HALLMARK_MITOTIC_SPINDLE,ABL1,ABL1,ortholog_one2one,1
HALLMARK_MITOTIC_SPINDLE,ABR,ABR,ortholog_one2one,1
HALLMARK_MITOTIC_SPINDLE,ACTN4,ACTN4,ortholog_one2one,1
HALLMARK_MITOTIC_SPINDLE,AKAP13,AKAP13,ortholog_one2one,1
HALLMARK_MITOTIC_SPINDLE,ALMS1,ALMS1,ortholog_one2one,1
HALLMARK_MITOTIC_SPINDLE,ANLN,ANLN,ortholog_one2one,1
HALLMARK_MITOTIC_SPINDLE,APC,APC,ortholog_one2one,1
HALLMARK_MITOTIC_SPINDLE,ARAP3,ARAP3,ortholog_one2one,1
HALLMARK_MITOTIC_SPINDLE,ARF6,ARF6,ortholog_one2one,1
HALLMARK_MITOTIC_SPINDLE,ARFGEF1,ARFGEF1,ortholog_one2one,1
HALLMARK_MITOTIC_SPINDLE,ARFIP2,ARFIP2,ortholog_one2one,1
HALLMARK_MITOTIC_SPINDLE,ARHGAP10,ARHGAP10,ortholog_one2one,1
HALLMARK_MITOTIC_SPINDLE,ARHGAP27,ARHGAP27,ortholog_one2one,1
HALLMARK_MITOTIC_SPINDLE,ARHGAP29,ARHGAP29,ortholog_one2one,1
HALLMARK_MITOTIC_SPINDLE,ARHGAP4,ARHGAP4,ortholog_one2one,1
HALLMARK_MITOTIC_SPINDLE,ARHGAP5,ARHGAP5,ortholog_one2one,1
HALLMARK_MITOTIC_SPINDLE,ARHGDIA,ARHGDIA,ortholog_one2one,1
HALLMARK_MITOTIC_SPINDLE,ARHGEF11,ARHGEF11,ortholog_one2one,1
HALLMARK_MITOTIC_SPINDLE,ARHGEF12,ARHGEF12,ortholog_one2one,1
HALLMARK_MITOTIC_SPINDLE,ARHGEF2,ARHGEF2,ortholog_one2one,1
HALLMARK_MITOTIC_SPINDLE,ARHGEF3,ARHGEF3,ortholog_one2one,1
HALLMARK_MITOTIC_SPINDLE,ARHGEF7,ARHGEF7,ortholog_one2one,1
HALLMARK_MITOTIC_SPINDLE,ARL8A,ARL8A,ortholog_one2one,1
HALLMARK_MITOTIC_SPINDLE,ATG4B,ATG4B,ortholog_one2one,1
HALLMARK_MITOTIC_SPINDLE,AURKA,AURKA,ortholog_one2one,1
HALLMARK_MITOTIC_SPINDLE,BCAR1,BCAR1,ortholog_one2one,1
HALLMARK_MITOTIC_SPINDLE,BCL2L11,BCL2L11,ortholog_one2one,1
HALLMARK_MITOTIC_SPINDLE,BCR,BCR,ortholog_one2one,1
HALLMARK_MITOTIC_SPINDLE,BIN1,BIN1,ortholog_one2one,1
HALLMARK_MITOTIC_SPINDLE,BRCA2,BRCA2,ortholog_one2one,1
HALLMARK_MITOTIC_SPINDLE,BUB1,BUB1,ortholog_one2one,1
HALLMARK_MITOTIC_SPINDLE,CAPZB,CAPZB,ortholog_one2one,1
HALLMARK_MITOTIC_SPINDLE,CCDC88A,CCDC88A,ortholog_one2one,1
HALLMARK_MITOTIC_SPINDLE,CCNB2,CCNB2,ortholog_one2one,1
HALLMARK_MITOTIC_SPINDLE,CD2AP,CD2AP,ortholog_one2one,1
HALLMARK_MITOTIC_SPINDLE,CDC27,CDC27,ortholog_one2one,1
HALLMARK_MITOTIC_SPINDLE,CDC42,CDC42,ortholog_one2one,1
HALLMARK_MITOTIC_SPINDLE,CDC42BPA,CDC42BPA,ortholog_one2one,1
HALLMARK_MITOTIC_SPINDLE,CDC42EP1,CDC42EP1,ortholog_one2one,1
HALLMARK_MITOTIC_SPINDLE,CDC42EP2,CDC42EP2,ortholog_one2one,1
HALLMARK_MITOTIC_SPINDLE,CDC42EP4,CDC42EP4,ortholog_one2one,1
HALLMARK_MITOTIC_SPINDLE,CDK5RAP2,CDK5RAP2,ortholog_one2one,1
HALLMARK_MITOTIC_SPINDLE,CENPF,CENPF,ortholog_one2one,1
HALLMARK_MITOTIC_SPINDLE,CEP131,CEP131,ortholog_one2one,1
HALLMARK_MITOTIC_SPINDLE,CEP192,CEP192,ortholog_one2one,1
HALLMARK_MITOTIC_SPINDLE,CEP250,CEP250,ortholog_one2one,1
HALLMARK_MITOTIC_SPINDLE,CEP57,CEP57,ortholog_one2one,1
HALLMARK_MITOTIC_SPINDLE,CEP72,CEP72,ortholog_one2one,1
HALLMARK_MITOTIC_SPINDLE,CKAP5,CKAP5,ortholog_one2one,1
HALLMARK_MITOTIC_SPINDLE,CLASP1,CLASP1,ortholog_one2one,1
HALLMARK_MITOTIC_SPINDLE,CLIP1,CLIP1,ortholog_one2one,1
HALLMARK_MITOTIC_SPINDLE,CLIP2,CLIP2,ortholog_one2one,1
HALLMARK_MITOTIC_SPINDLE,CNTRL,CNTRL,ortholog_one2one,1
HALLMARK_MITOTIC_SPINDLE,CNTROB,CNTROB,ortholog_one2one,1
HALLMARK_MITOTIC_SPINDLE,CPAP,CENPJ,ortholog_one2one,1
HALLMARK_MITOTIC_SPINDLE,CSNK1D,CSNK1D,ortholog_one2one,1
HALLMARK_MITOTIC_SPINDLE,CTTN,CTTN,ortholog_one2one,1
HALLMARK_MITOTIC_SPINDLE,CYTH2,CYTH2,ortholog_one2one,1
HALLMARK_MITOTIC_SPINDLE,DLG1,DLG1,ortholog_one2one,1
HALLMARK_MITOTIC_SPINDLE,DLGAP5,DLGAP5,ortholog_one2one,1
HALLMARK_MITOTIC_SPINDLE,DOCK2,DOCK2,ortholog_one2one,1
HALLMARK_MITOTIC_SPINDLE,DOCK4,DOCK4,ortholog_one2one,1
HALLMARK_MITOTIC_SPINDLE,DST,DST,ortholog_one2one,1
HALLMARK_MITOTIC_SPINDLE,DYNC1H1,DYNC1H1,ortholog_one2one,1
HALLMARK_MITOTIC_SPINDLE,DYNLL2,DYNLL2,ortholog_one2one,1
HALLMARK_MITOTIC_SPINDLE,ECT2,ECT2,ortholog_one2one,1
HALLMARK_MITOTIC_SPINDLE,EPB41,EPB41,ortholog_one2one,1
HALLMARK_MITOTIC_SPINDLE,EPB41L2,EPB41L2,ortholog_one2one,1
HALLMARK_MITOTIC_SPINDLE,ESPL1,ESPL1,ortholog_one2one,1
HALLMARK_MITOTIC_SPINDLE,EZR,EZR,ortholog_one2one,1
HALLMARK_MITOTIC_SPINDLE,FARP1,FARP1,ortholog_one2one,1
HALLMARK_MITOTIC_SPINDLE,FBXO5,FBXO5,ortholog_one2one,1
HALLMARK_MITOTIC_SPINDLE,FGD4,FGD4,ortholog_one2one,1
HALLMARK_MITOTIC_SPINDLE,FGD6,FGD6,ortholog_one2one,1
HALLMARK_MITOTIC_SPINDLE,FLNA,FLNA,ortholog_one2one,1
HALLMARK_MITOTIC_SPINDLE,FLNB,FLNB,ortholog_one2one,1
HALLMARK_MITOTIC_SPINDLE,FSCN1,FSCN1,ortholog_one2one,1
HALLMARK_MITOTIC_SPINDLE,GEMIN4,GEMIN4,ortholog_one2one,1
HALLMARK_MITOTIC_SPINDLE,GSN,GSN,ortholog_one2one,1
HALLMARK_MITOTIC_SPINDLE,HDAC6,HDAC6,ortholog_one2one,1
HALLMARK_MITOTIC_SPINDLE,HOOK3,HOOK3,ortholog_one2one,1
HALLMARK_MITOTIC_SPINDLE,INCENP,INCENP,ortholog_one2one,1
HALLMARK_MITOTIC_SPINDLE,ITSN1,ITSN1,ortholog_one2one,1
HALLMARK_MITOTIC_SPINDLE,KATNA1,KATNA1,ortholog_one2one,1
HALLMARK_MITOTIC_SPINDLE,KATNB1,KATNB1,ortholog_one2one,1
HALLMARK_MITOTIC_SPINDLE,KIF11,KIF11,ortholog_one2one,1
HALLMARK_MITOTIC_SPINDLE,KIF15,KIF15,ortholog_one2one,1
HALLMARK_MITOTIC_SPINDLE,KIF1B,KIF1B,ortholog_one2one,1
HALLMARK_MITOTIC_SPINDLE,KIF20B,KIF20B,ortholog_one2one,1
HALLMARK_MITOTIC_SPINDLE,KIF22,KIF22,ortholog_one2one,1
HALLMARK_MITOTIC_SPINDLE,KIF23,KIF23,ortholog_one2one,1
HALLMARK_MITOTIC_SPINDLE,KIF2C,KIF2C,ortholog_one2one,1
HALLMARK_MITOTIC_SPINDLE,KIF3B,KIF3B,ortholog_one2one,1
HALLMARK_MITOTIC_SPINDLE,KIF3C,KIF3C,ortholog_one2one,1
HALLMARK_MITOTIC_SPINDLE,KIF5B,KIF5B,ortholog_one2one,1
HALLMARK_MITOTIC_SPINDLE,KIFAP3,KIFAP3,ortholog_one2one,1
HALLMARK_MITOTIC_SPINDLE,KLC1,KLC1,ortholog_one2one,1
HALLMARK_MITOTIC_SPINDLE,KNTC1,KNTC1,ortholog_one2one,1
HALLMARK_MITOTIC_SPINDLE,KPTN,KPTN,ortholog_one2one,1
HALLMARK_MITOTIC_SPINDLE,LATS1,LATS1,ortholog_one2one,1
HALLMARK_MITOTIC_SPINDLE,LLGL1,LLGL1,ortholog_one2one,1
HALLMARK_MITOTIC_SPINDLE,LMNB1,LMNB1,ortholog_one2one,1
HALLMARK_MITOTIC_SPINDLE,MAP1S,MAP1S,ortholog_one2one,1
HALLMARK_MITOTIC_SPINDLE,MAP3K11,MAP3K11,ortholog_one2one,1
HALLMARK_MITOTIC_SPINDLE,MAPRE1,MAPRE1,ortholog_one2one,1
HALLMARK_MITOTIC_SPINDLE,MARCKS,MARCKS,ortholog_one2one,1
HALLMARK_MITOTIC_SPINDLE,MARK4,MARK4,ortholog_one2one,1
HALLMARK_MITOTIC_SPINDLE,MID1,MID1,ortholog_one2one,1
HALLMARK_MITOTIC_SPINDLE,MID1IP1,MID1IP1,ortholog_one2one,1
HALLMARK_MITOTIC_SPINDLE,MYH10,MYH10,ortholog_one2one,1
HALLMARK_MITOTIC_SPINDLE,MYH9,MYH9,ortholog_one2one,1
HALLMARK_MITOTIC_SPINDLE,MYO1E,MYO1E,ortholog_one2one,1
HALLMARK_MITOTIC_SPINDLE,MYO9B,MYO9B,ortholog_one2one,1
HALLMARK_MITOTIC_SPINDLE,NCK1,NCK1,ortholog_one2one,1
HALLMARK_MITOTIC_SPINDLE,NCK2,NCK2,ortholog_one2one,1
HALLMARK_MITOTIC_SPINDLE,NDC80,NDC80,ortholog_one2one,1
HALLMARK_MITOTIC_SPINDLE,NEDD9,NEDD9,ortholog_one2one,1
HALLMARK_MITOTIC_SPINDLE,NEK2,NEK2,ortholog_one2one,1
HALLMARK_MITOTIC_SPINDLE,NET1,NET1,ortholog_one2one,1
HALLMARK_MITOTIC_SPINDLE,NF1,NF1,ortholog_one2one,1
HALLMARK_MITOTIC_SPINDLE,NIN,NIN,ortholog_one2one,1
HALLMARK_MITOTIC_SPINDLE,NOTCH2,NOTCH2,ortholog_one2one,1
HALLMARK_MITOTIC_SPINDLE,NUMA1,NUMA1,ortholog_one2one,1
HALLMARK_MITOTIC_SPINDLE,NUSAP1,NUSAP1,ortholog_one2one,1
HALLMARK_MITOTIC_SPINDLE,OPHN1,OPHN1,ortholog_one2one,1
HALLMARK_MITOTIC_SPINDLE,PAFAH1B1,PAFAH1B1,ortholog_one2one,1
HALLMARK_MITOTIC_SPINDLE,PALLD,PALLD,ortholog_one2one,1
HALLMARK_MITOTIC_SPINDLE,PCGF5,PCGF5,ortholog_one2one,1
HALLMARK_MITOTIC_SPINDLE,PCM1,PCM1,ortholog_one2one,1
HALLMARK_MITOTIC_SPINDLE,PCNT,PCNT,ortholog_one2one,1
HALLMARK_MITOTIC_SPINDLE,PDLIM5,PDLIM5,ortholog_one2one,1
HALLMARK_MITOTIC_SPINDLE,PIF1,PIF1,ortholog_one2one,1
HALLMARK_MITOTIC_SPINDLE,PKD2,PKD2,ortholog_one2one,1
HALLMARK_MITOTIC_SPINDLE,PLEKHG2,PLEKHG2,ortholog_one2one,1
HALLMARK_MITOTIC_SPINDLE,PLK1,PLK1,ortholog_one2one,1
HALLMARK_MITOTIC_SPINDLE,PRC1,PRC1,ortholog_one2one,1
HALLMARK_MITOTIC_SPINDLE,PREX1,PREX1,ortholog_one2one,1
HALLMARK_MITOTIC_SPINDLE,PXN,PXN,ortholog_one2one,1
HALLMARK_MITOTIC_SPINDLE,RAB3GAP1,RAB3GAP1,ortholog_one2one,1
HALLMARK_MITOTIC_SPINDLE,RABGAP1,RABGAP1,ortholog_one2one,1
HALLMARK_MITOTIC_SPINDLE,RACGAP1,RACGAP1,ortholog_one2one,1
HALLMARK_MITOTIC_SPINDLE,RALBP1,RALBP1,ortholog_one2one,1
HALLMARK_MITOTIC_SPINDLE,RANBP9,RANBP9,ortholog_one2one,1
HALLMARK_MITOTIC_SPINDLE,RAPGEF5,RAPGEF5,ortholog_one2one,1
HALLMARK_MITOTIC_SPINDLE,RAPGEF6,RAPGEF6,ortholog_one2one,1
HALLMARK_MITOTIC_SPINDLE,RASA1,RASA1,ortholog_one2one,1
HALLMARK_MITOTIC_SPINDLE,RASA2,RASA2,ortholog_one2one,1
HALLMARK_MITOTIC_SPINDLE,RASAL2,RASAL2,ortholog_one2one,1
HALLMARK_MITOTIC_SPINDLE,RFC1,RFC1,ortholog_one2one,1
HALLMARK_MITOTIC_SPINDLE,RHOF,RHOF,ortholog_one2one,1
HALLMARK_MITOTIC_SPINDLE,RHOT2,RHOT2,ortholog_one2one,1
HALLMARK_MITOTIC_SPINDLE,RICTOR,RICTOR,ortholog_one2one,1
HALLMARK_MITOTIC_SPINDLE,ROCK1,ROCK1,ortholog_one2one,1
HALLMARK_MITOTIC_SPINDLE,SAC3D1,SAC3D1,ortholog_one2one,1
HALLMARK_MITOTIC_SPINDLE,SASS6,SASS6,ortholog_one2one,1
HALLMARK_MITOTIC_SPINDLE,SEPTIN9,SEPTIN9,ortholog_one2one,1
HALLMARK_MITOTIC_SPINDLE,SHROOM1,SHROOM1,ortholog_one2one,1
HALLMARK_MITOTIC_SPINDLE,SHROOM2,SHROOM2,ortholog_one2one,1
HALLMARK_MITOTIC_SPINDLE,SMC1A,SMC1A,ortholog_one2one,1
HALLMARK_MITOTIC_SPINDLE,SMC3,SMC3,ortholog_one2one,1
HALLMARK_MITOTIC_SPINDLE,SMC4,SMC4,ortholog_one2one,1
HALLMARK_MITOTIC_SPINDLE,SORBS2,SORBS2,ortholog_one2one,1
HALLMARK_MITOTIC_SPINDLE,SOS1,SOS1,ortholog_one2one,1
HALLMARK_MITOTIC_SPINDLE,SPTAN1,SPTAN1,ortholog_one2one,1
HALLMARK_MITOTIC_SPINDLE,SPTBN1,SPTBN1,ortholog_one2one,1
HALLMARK_MITOTIC_SPINDLE,SSH2,SSH2,ortholog_one2one,1
HALLMARK_MITOTIC_SPINDLE,STAU1,STAU1,ortholog_one2one,1
HALLMARK_MITOTIC_SPINDLE,STK38L,STK38L,ortholog_one2one,1
HALLMARK_MITOTIC_SPINDLE,SUN2,SUN2,ortholog_one2one,1
HALLMARK_MITOTIC_SPINDLE,SYNPO,SYNPO,ortholog_one2one,1
HALLMARK_MITOTIC_SPINDLE,TAOK2,TAOK2,ortholog_one2one,1
HALLMARK_MITOTIC_SPINDLE,TBCD,TBCD,ortholog_one2one,1
HALLMARK_MITOTIC_SPINDLE,TIAM1,TIAM1,ortholog_one2one,1
HALLMARK_MITOTIC_SPINDLE,TLK1,TLK1,ortholog_one2one,1
HALLMARK_MITOTIC_SPINDLE,TOP2A,TOP2A,ortholog_one2one,1
HALLMARK_MITOTIC_SPINDLE,TPX2,TPX2,ortholog_one2one,1
HALLMARK_MITOTIC_SPINDLE,TRIO,TRIO,ortholog_one2one,1
HALLMARK_MITOTIC_SPINDLE,TSC1,TSC1,ortholog_one2one,1
HALLMARK_MITOTIC_SPINDLE,TTK,TTK,ortholog_one2one,1
HALLMARK_MITOTIC_SPINDLE,TUBA4A,TUBA4A,ortholog_one2one,1
HALLMARK_MITOTIC_SPINDLE,TUBD1,TUBD1,ortholog_one2one,1
HALLMARK_MITOTIC_SPINDLE,TUBGCP2,TUBGCP2,ortholog_one2one,1
HALLMARK_MITOTIC_SPINDLE,TUBGCP3,TUBGCP3,ortholog_one2one,1
HALLMARK_MITOTIC_SPINDLE,TUBGCP5,TUBGCP5,ortholog_one2one,1
HALLMARK_MITOTIC_SPINDLE,TUBGCP6,TUBGCP6,ortholog_one2one,1
HALLMARK_MITOTIC_SPINDLE,UXT,UXT,ortholog_one2one,1
HALLMARK_MITOTIC_SPINDLE,VCL,VCL,ortholog_one2one,1
HALLMARK_MITOTIC_SPINDLE,WASF1,WASF1,ortholog_one2one,1
HALLMARK_MITOTIC_SPINDLE,WASF2,WASF2,ortholog_one2one,1
HALLMARK_MITOTIC_SPINDLE,WASL,WASL,ortholog_one2one,1
HALLMARK_MITOTIC_SPINDLE,YWHAE,YWHAE,ortholog_one2one,1
HALLMARK_MTORC1_SIGNALING,ABCF2,ABCF2,ortholog_one2one,1
HALLMARK_MTORC1_SIGNALING,ACACA,ACACA,ortholog_one2one,1
HALLMARK_MTORC1_SIGNALING,ACLY,ACLY,ortholog_one2one,1
HALLMARK_MTORC1_SIGNALING,ACSL3,ACSL3,ortholog_one2one,1
HALLMARK_MTORC1_SIGNALING,ACTR2,ACTR2,ortholog_one2one,1
HALLMARK_MTORC1_SIGNALING,ACTR3,ACTR3,ortholog_one2one,1
HALLMARK_MTORC1_SIGNALING,ADD3,ADD3,ortholog_one2one,1
HALLMARK_MTORC1_SIGNALING,ADIPOR2,ADIPOR2,ortholog_one2one,1
HALLMARK_MTORC1_SIGNALING,ALDOA,ALDOA,ortholog_one2one,1
HALLMARK_MTORC1_SIGNALING,ARPC5L,ARPC5L,ortholog_one2one,1
HALLMARK_MTORC1_SIGNALING,ASNS,ASNS,ortholog_one2one,1
HALLMARK_MTORC1_SIGNALING,ATP2A2,ATP2A2,ortholog_one2one,1
HALLMARK_MTORC1_SIGNALING,ATP5MC1,ATP5MC1,ortholog_one2one,1
HALLMARK_MTORC1_SIGNALING,AURKA,AURKA,ortholog_one2one,1
HALLMARK_MTORC1_SIGNALING,BCAT1,BCAT1,ortholog_one2one,1
HALLMARK_MTORC1_SIGNALING,BHLHE40,BHLHE40,ortholog_one2one,1
HALLMARK_MTORC1_SIGNALING,BTG2,BTG2,ortholog_one2one,1
HALLMARK_MTORC1_SIGNALING,BUB1,BUB1,ortholog_one2one,1
HALLMARK_MTORC1_SIGNALING,CACYBP,CACYBP,ortholog_one2one,1
HALLMARK_MTORC1_SIGNALING,CALR,CALR,ortholog_one2one,1
HALLMARK_MTORC1_SIGNALING,CANX,CANX,ortholog_one2one,1
HALLMARK_MTORC1_SIGNALING,CCNF,CCNF,ortholog_one2one,1
HALLMARK_MTORC1_SIGNALING,CCNG1,CCNG1,ortholog_one2one,1
HALLMARK_MTORC1_SIGNALING,CCT6A,CCT6A,ortholog_one2one,1
HALLMARK_MTORC1_SIGNALING,CD9,CD9,ortholog_one2one,1
HALLMARK_MTORC1_SIGNALING,CDC25A,CDC25A,ortholog_one2one,1
HALLMARK_MTORC1_SIGNALING,CDKN1A,CDKN1A,ortholog_one2one,1
HALLMARK_MTORC1_SIGNALING,CFP,CFP,ortholog_one2one,1
HALLMARK_MTORC1_SIGNALING,COPS5,COPS5,ortholog_one2one,1
HALLMARK_MTORC1_SIGNALING,CORO1A,CORO1A,ortholog_one2one,1
HALLMARK_MTORC1_SIGNALING,CTH,CTH,ortholog_one2one,1
HALLMARK_MTORC1_SIGNALING,CTSC,CTSC,ortholog_one2one,1
HALLMARK_MTORC1_SIGNALING,CXCR4,CXCR4,ortholog_one2one,1
HALLMARK_MTORC1_SIGNALING,CYB5B,CYB5B,ortholog_one2one,1
HALLMARK_MTORC1_SIGNALING,CYP51A1,CYP51A1,ortholog_one2one,1
HALLMARK_MTORC1_SIGNALING,DAPP1,DAPP1,ortholog_one2one,1
HALLMARK_MTORC1_SIGNALING,DDIT3,DDIT3,ortholog_one2one,1
HALLMARK_MTORC1_SIGNALING,DDIT4,DDIT4,ortholog_one2one,1
HALLMARK_MTORC1_SIGNALING,DDX39A,DDX39A,ortholog_one2one,1
HALLMARK_MTORC1_SIGNALING,DHCR24,DHCR24,ortholog_one2one,1
HALLMARK_MTORC1_SIGNALING,DHCR7,DHCR7,ortholog_one2one,1
HALLMARK_MTORC1_SIGNALING,DHFR,DHFR,ortholog_one2one,1
HALLMARK_MTORC1_SIGNALING,EBP,EBP,ortholog_one2one,1
HALLMARK_MTORC1_SIGNALING,EDEM1,EDEM1,ortholog_one2one,1
HALLMARK_MTORC1_SIGNALING,EEF1E1,EEF1E1,ortholog_one2one,1
HALLMARK_MTORC1_SIGNALING,EGLN3,EGLN3,ortholog_one2one,1
HALLMARK_MTORC1_SIGNALING,EIF2S2,EIF2S2,ortholog_one2one,1
HALLMARK_MTORC1_SIGNALING,ELOVL5,ELOVL5,ortholog_one2one,1
HALLMARK_MTORC1_SIGNALING,ELOVL6,ELOVL6,ortholog_one2one,1
HALLMARK_MTORC1_SIGNALING,ENO1,ENO1,ortholog_one2one,1
HALLMARK_MTORC1_SIGNALING,EPRS1,EPRS1,ortholog_one2one,1
HALLMARK_MTORC1_SIGNALING,ERO1A,ERO1A,ortholog_one2one,1
HALLMARK_MTORC1_SIGNALING,FADS1,FADS1,ortholog_one2one,1
HALLMARK_MTORC1_SIGNALING,FADS2,FADS2,ortholog_one2one,1
HALLMARK_MTORC1_SIGNALING,FDXR,FDXR,ortholog_one2one,1
HALLMARK_MTORC1_SIGNALING,FGL2,FGL2,ortholog_one2one,1
HALLMARK_MTORC1_SIGNALING,FKBP2,FKBP2,ortholog_one2one,1
HALLMARK_MTORC1_SIGNALING,G6PD,G6PD,ortholog_one2one,1
HALLMARK_MTORC1_SIGNALING,GBE1,GBE1,ortholog_one2one,1
HALLMARK_MTORC1_SIGNALING,GCLC,GCLC,ortholog_one2one,1
HALLMARK_MTORC1_SIGNALING,GGA2,GGA2,ortholog_one2one,1
HALLMARK_MTORC1_SIGNALING,GLA,GLA,ortholog_one2one,1
HALLMARK_MTORC1_SIGNALING,GLRX,GLRX,ortholog_one2one,1
HALLMARK_MTORC1_SIGNALING,GMPS,GMPS,ortholog_one2one,1
HALLMARK_MTORC1_SIGNALING,GOT1,GOT1,ortholog_one2one,1
HALLMARK_MTORC1_SIGNALING,GPI,GPI,ortholog_one2one,1
HALLMARK_MTORC1_SIGNALING,GSK3B,GSK3B,ortholog_one2one,1
HALLMARK_MTORC1_SIGNALING,GSR,GSR,ortholog_one2one,1
HALLMARK_MTORC1_SIGNALING,GTF2H1,GTF2H1,ortholog_one2one,1
HALLMARK_MTORC1_SIGNALING,HK2,HK2,ortholog_one2one,1
HALLMARK_MTORC1_SIGNALING,HMBS,HMBS,ortholog_one2one,1
HALLMARK_MTORC1_SIGNALING,HMGCR,HMGCR,ortholog_one2one,1
HALLMARK_MTORC1_SIGNALING,HMGCS1,HMGCS1,ortholog_one2one,1
HALLMARK_MTORC1_SIGNALING,HPRT1,HPRT1,ortholog_one2one,1
HALLMARK_MTORC1_SIGNALING,HSP90B1,HSP90B1,ortholog_one2one,1
HALLMARK_MTORC1_SIGNALING,HSPA4,HSPA4,ortholog_one2one,1
HALLMARK_MTORC1_SIGNALING,HSPA5,HSPA5,ortholog_one2one,1
HALLMARK_MTORC1_SIGNALING,HSPA9,HSPA9,ortholog_one2one,1
HALLMARK_MTORC1_SIGNALING,HSPD1,HSPD1,ortholog_one2one,1
HALLMARK_MTORC1_SIGNALING,IDH1,IDH1,ortholog_one2one,1
HALLMARK_MTORC1_SIGNALING,IDI1,IDI1,ortholog_one2one,1
HALLMARK_MTORC1_SIGNALING,IFI30,IFI30,ortholog_one2one,1
HALLMARK_MTORC1_SIGNALING,IFRD1,IFRD1,ortholog_one2one,1
HALLMARK_MTORC1_SIGNALING,IGFBP5,IGFBP5,ortholog_one2one,1
HALLMARK_MTORC1_SIGNALING,IMMT,IMMT,ortholog_one2one,1
HALLMARK_MTORC1_SIGNALING,INSIG1,INSIG1,ortholog_one2one,1
HALLMARK_MTORC1_SIGNALING,ITGB2,ITGB2,ortholog_one2one,1
HALLMARK_MTORC1_SIGNALING,LDLR,LDLR,ortholog_one2one,1
HALLMARK_MTORC1_SIGNALING,LGMN,LGMN,ortholog_one2one,1
HALLMARK_MTORC1_SIGNALING,LTA4H,LTA4H,ortholog_one2one,1
HALLMARK_MTORC1_SIGNALING,M6PR,M6PR,ortholog_one2one,1
HALLMARK_MTORC1_SIGNALING,MAP2K3,MAP2K3,ortholog_one2one,1
HALLMARK_MTORC1_SIGNALING,MCM2,MCM2,ortholog_one2one,1
HALLMARK_MTORC1_SIGNALING,MCM4,MCM4,ortholog_one2one,1
HALLMARK_MTORC1_SIGNALING,ME1,ME1,ortholog_one2one,1
HALLMARK_MTORC1_SIGNALING,MLLT11,MLLT11,ortholog_one2one,1
HALLMARK_MTORC1_SIGNALING,MTHFD2,MTHFD2,ortholog_one2one,1
HALLMARK_MTORC1_SIGNALING,MTHFD2L,MTHFD2L,ortholog_one2one,1
HALLMARK_MTORC1_SIGNALING,NAMPT,NAMPT,ortholog_one2one,1
HALLMARK_MTORC1_SIGNALING,NFIL3,NFIL3,ortholog_one2one,1
HALLMARK_MTORC1_SIGNALING,NFKBIB,NFKBIB,ortholog_one2one,1
HALLMARK_MTORC1_SIGNALING,NFYC,NFYC,ortholog_one2one,1
HALLMARK_MTORC1_SIGNALING,NHERF1,NHERF1,ortholog_one2one,1
HALLMARK_MTORC1_SIGNALING,NIBAN1,NIBAN1,ortholog_one2one,1
HALLMARK_MTORC1_SIGNALING,NMT1,NMT1,ortholog_one2one,1
HALLMARK_MTORC1_SIGNALING,NUFIP1,NUFIP1,ortholog_one2one,1
HALLMARK_MTORC1_SIGNALING,NUP205,NUP205,ortholog_one2one,1
HALLMARK_MTORC1_SIGNALING,NUPR1,NUPR1,ortholog_one2one,1
HALLMARK_MTORC1_SIGNALING,P4HA1,P4HA1,ortholog_one2one,1
HALLMARK_MTORC1_SIGNALING,PDK1,PDK1,ortholog_one2one,1
HALLMARK_MTORC1_SIGNALING,PFKL,PFKL,ortholog_one2one,1
HALLMARK_MTORC1_SIGNALING,PGM1,PGM1,ortholog_one2one,1
HALLMARK_MTORC1_SIGNALING,PHGDH,PHGDH,ortholog_one2one,1
HALLMARK_MTORC1_SIGNALING,PIK3R3,PIK3R3,ortholog_one2one,1
HALLMARK_MTORC1_SIGNALING,PITPNB,PITPNB,ortholog_one2one,1
HALLMARK_MTORC1_SIGNALING,PLK1,PLK1,ortholog_one2one,1
HALLMARK_MTORC1_SIGNALING,PLOD2,PLOD2,ortholog_one2one,1
HALLMARK_MTORC1_SIGNALING,PNO1,PNO1,ortholog_one2one,1
HALLMARK_MTORC1_SIGNALING,PNP,PNP,ortholog_one2one,1
HALLMARK_MTORC1_SIGNALING,PPA1,PPA1,ortholog_one2one,1
HALLMARK_MTORC1_SIGNALING,PPIA,PPIA,ortholog_one2one,1
HALLMARK_MTORC1_SIGNALING,PPP1R15A,PPP1R15A,ortholog_one2one,1
HALLMARK_MTORC1_SIGNALING,PRDX1,PRDX1,ortholog_one2one,1
HALLMARK_MTORC1_SIGNALING,PSMA3,PSMA3,ortholog_one2one,1
HALLMARK_MTORC1_SIGNALING,PSMA4,PSMA4,ortholog_one2one,1
HALLMARK_MTORC1_SIGNALING,PSMB5,PSMB5,ortholog_one2one,1
HALLMARK_MTORC1_SIGNALING,PSMC2,PSMC2,ortholog_one2one,1
HALLMARK_MTORC1_SIGNALING,PSMC4,PSMC4,ortholog_one2one,1
HALLMARK_MTORC1_SIGNALING,PSMC6,PSMC6,ortholog_one2one,1
HALLMARK_MTORC1_SIGNALING,PSMD12,PSMD12,ortholog_one2one,1
HALLMARK_MTORC1_SIGNALING,PSMD13,PSMD13,ortholog_one2one,1
HALLMARK_MTORC1_SIGNALING,PSMD14,PSMD14,ortholog_one2one,1
HALLMARK_MTORC1_SIGNALING,PSME3,PSME3,ortholog_one2one,1
HALLMARK_MTORC1_SIGNALING,PSMG1,PSMG1,ortholog_one2one,1
HALLMARK_MTORC1_SIGNALING,PSPH,PSPH,ortholog_one2one,1
HALLMARK_MTORC1_SIGNALING,QDPR,QDPR,ortholog_one2one,1
HALLMARK_MTORC1_SIGNALING,RDH11,RDH11,ortholog_one2one,1
HALLMARK_MTORC1_SIGNALING,RIT1,RIT1,ortholog_one2one,1
HALLMARK_MTORC1_SIGNALING,RPA1,RPA1,ortholog_one2one,1
HALLMARK_MTORC1_SIGNALING,RPN1,RPN1,ortholog_one2one,1
HALLMARK_MTORC1_SIGNALING,RRM2,RRM2,ortholog_one2one,1
HALLMARK_MTORC1_SIGNALING,RRP9,RRP9,ortholog_one2one,1
HALLMARK_MTORC1_SIGNALING,SC5D,SC5D,ortholog_one2one,1
HALLMARK_MTORC1_SIGNALING,SCD,SCD,ortholog_one2one,1
HALLMARK_MTORC1_SIGNALING,SDF2L1,SDF2L1,ortholog_one2one,1
HALLMARK_MTORC1_SIGNALING,SEC11A,SEC11A,ortholog_one2one,1
HALLMARK_MTORC1_SIGNALING,SERP1,SERP1,ortholog_one2one,1
HALLMARK_MTORC1_SIGNALING,SERPINH1,SERPINH1,ortholog_one2one,1
HALLMARK_MTORC1_SIGNALING,SHMT2,SHMT2,ortholog_one2one,1
HALLMARK_MTORC1_SIGNALING,SKAP2,SKAP2,ortholog_one2one,1
HALLMARK_MTORC1_SIGNALING,SLA,SLA,ortholog_one2one,1
HALLMARK_MTORC1_SIGNALING,SLC1A4,SLC1A4,ortholog_one2one,1
HALLMARK_MTORC1_SIGNALING,SLC2A1,SLC2A1,ortholog_one2one,1
HALLMARK_MTORC1_SIGNALING,SLC2A3,SLC2A3,ortholog_one2one,1
HALLMARK_MTORC1_SIGNALING,SLC37A4,SLC37A4,ortholog_one2one,1
HALLMARK_MTORC1_SIGNALING,SLC6A6,SLC6A6,ortholog_one2one,1
HALLMARK_MTORC1_SIGNALING,SLC7A11,SLC7A11,ortholog_one2one,1
HALLMARK_MTORC1_SIGNALING,SLC7A5,SLC7A5,ortholog_one2one,1
HALLMARK_MTORC1_SIGNALING,SORD,SORD,ortholog_one2one,1
HALLMARK_MTORC1_SIGNALING,SQLE,SQLE,ortholog_one2one,1
HALLMARK_MTORC1_SIGNALING,SQSTM1,SQSTM1,ortholog_one2one,1
HALLMARK_MTORC1_SIGNALING,SRD5A1,SRD5A1,ortholog_one2one,1
HALLMARK_MTORC1_SIGNALING,SSR1,SSR1,ortholog_one2one,1
HALLMARK_MTORC1_SIGNALING,STARD4,STARD4,ortholog_one2one,1
HALLMARK_MTORC1_SIGNALING,STC1,STC1,ortholog_one2one,1
HALLMARK_MTORC1_SIGNALING,STIP1,STIP1,ortholog_one2one,1
HALLMARK_MTORC1_SIGNALING,SYTL2,SYTL2,ortholog_one2one,1
HALLMARK_MTORC1_SIGNALING,TBK1,TBK1,ortholog_one2one,1
HALLMARK_MTORC1_SIGNALING,TCEA1,TCEA1,ortholog_one2one,1
HALLMARK_MTORC1_SIGNALING,TES,TES,ortholog_one2one,1
HALLMARK_MTORC1_SIGNALING,TFRC,TFRC,ortholog_one2one,1
HALLMARK_MTORC1_SIGNALING,TM7SF2,TM7SF2,ortholog_one2one,1
HALLMARK_MTORC1_SIGNALING,TMEM97,TMEM97,ortholog_one2one,1
HALLMARK_MTORC1_SIGNALING,TOMM40,TOMM40,ortholog_one2one,1
HALLMARK_MTORC1_SIGNALING,TPI1,TPI1,ortholog_one2one,1
HALLMARK_MTORC1_SIGNALING,TRIB3,TRIB3,ortholog_one2one,1
HALLMARK_MTORC1_SIGNALING,TUBA4A,TUBA4A,ortholog_one2one,1
HALLMARK_MTORC1_SIGNALING,TUBG1,TUBG1,ortholog_one2one,1
HALLMARK_MTORC1_SIGNALING,TXNRD1,TXNRD1,ortholog_one2one,1
HALLMARK_MTORC1_SIGNALING,UCHL5,UCHL5,ortholog_one2one,1
HALLMARK_MTORC1_SIGNALING,UFM1,UFM1,ortholog_one2one,1
HALLMARK_MTORC1_SIGNALING,UNG,UNG,ortholog_one2one,1
HALLMARK_MTORC1_SIGNALING,USO1,USO1,ortholog_one2one,1
HALLMARK_MTORC1_SIGNALING,VLDLR,VLDLR,ortholog_one2one,1
HALLMARK_MTORC1_SIGNALING,WARS1,WARS1,ortholog_one2one,1
HALLMARK_MTORC1_SIGNALING,YKT6,YKT6,ortholog_one2one,1
HALLMARK_MYC_TARGETS_V1,ABCE1,ABCE1,ortholog_one2one,1
HALLMARK_MYC_TARGETS_V1,ACP1,ACP1,ortholog_one2one,1
HALLMARK_MYC_TARGETS_V1,AIMP2,AIMP2,ortholog_one2one,1
HALLMARK_MYC_TARGETS_V1,AP3S1,AP3S1,ortholog_one2one,1
HALLMARK_MYC_TARGETS_V1,BUB3,BUB3,ortholog_one2one,1
HALLMARK_MYC_TARGETS_V1,C1QBP,C1QBP,ortholog_one2one,1
HALLMARK_MYC_TARGETS_V1,CAD,CAD,ortholog_one2one,1
HALLMARK_MYC_TARGETS_V1,CANX,CANX,ortholog_one2one,1
HALLMARK_MYC_TARGETS_V1,CCNA2,CCNA2,ortholog_one2one,1
HALLMARK_MYC_TARGETS_V1,CCT2,CCT2,ortholog_one2one,1
HALLMARK_MYC_TARGETS_V1,CCT3,CCT3,ortholog_one2one,1
HALLMARK_MYC_TARGETS_V1,CCT4,CCT4,ortholog_one2one,1
HALLMARK_MYC_TARGETS_V1,CCT5,CCT5,ortholog_one2one,1
HALLMARK_MYC_TARGETS_V1,CCT7,CCT7,ortholog_one2one,1
HALLMARK_MYC_TARGETS_V1,CDC20,CDC20,ortholog_one2one,1
HALLMARK_MYC_TARGETS_V1,CDC45,CDC45,ortholog_one2one,1
HALLMARK_MYC_TARGETS_V1,CDK2,CDK2,ortholog_one2one,1
HALLMARK_MYC_TARGETS_V1,CDK4,CDK4,ortholog_one2one,1
HALLMARK_MYC_TARGETS_V1,CLNS1A,CLNS1A,ortholog_one2one,1
HALLMARK_MYC_TARGETS_V1,CNBP,CNBP,ortholog_one2one,1
HALLMARK_MYC_TARGETS_V1,COPS5,COPS5,ortholog_one2one,1
HALLMARK_MYC_TARGETS_V1,COX5A,COX5A,ortholog_one2one,1
HALLMARK_MYC_TARGETS_V1,CSTF2,CSTF2,ortholog_one2one,1
HALLMARK_MYC_TARGETS_V1,CTPS1,CTPS1,ortholog_one2one,1
HALLMARK_MYC_TARGETS_V1,CUL1,CUL1,ortholog_one2one,1
HALLMARK_MYC_TARGETS_V1,CYC1,CYC1,ortholog_one2one,1
HALLMARK_MYC_TARGETS_V1,DDX18,DDX18,ortholog_one2one,1
HALLMARK_MYC_TARGETS_V1,DHX15,DHX15,ortholog_one2one,1
HALLMARK_MYC_TARGETS_V1,DUT,DUT,ortholog_one2one,1
HALLMARK_MYC_TARGETS_V1,EIF1AX,EIF1AX,ortholog_one2one,1
HALLMARK_MYC_TARGETS_V1,EIF2S1,EIF2S1,ortholog_one2one,1
HALLMARK_MYC_TARGETS_V1,EIF2S2,EIF2S2,ortholog_one2one,1
HALLMARK_MYC_TARGETS_V1,EIF3B,EIF3B,ortholog_one2one,1
HALLMARK_MYC_TARGETS_V1,EIF3D,EIF3D,ortholog_one2one,1
HALLMARK_MYC_TARGETS_V1,EIF4A1,EIF4A1,ortholog_one2one,1
HALLMARK_MYC_TARGETS_V1,EIF4E,EIF4E,ortholog_one2one,1
HALLMARK_MYC_TARGETS_V1,EIF4G2,EIF4G2,ortholog_one2one,1
HALLMARK_MYC_TARGETS_V1,EIF4H,EIF4H,ortholog_one2one,1
HALLMARK_MYC_TARGETS_V1,EPRS1,EPRS1,ortholog_one2one,1
HALLMARK_MYC_TARGETS_V1,ERH,ERH,ortholog_one2one,1
HALLMARK_MYC_TARGETS_V1,EXOSC7,EXOSC7,ortholog_one2one,1
HALLMARK_MYC_TARGETS_V1,FAM120A,FAM120A,ortholog_one2one,1
HALLMARK_MYC_TARGETS_V1,FBL,FBL,ortholog_one2one,1
HALLMARK_MYC_TARGETS_V1,G3BP1,G3BP1,ortholog_one2one,1
HALLMARK_MYC_TARGETS_V1,GLO1,GLO1,ortholog_one2one,1
HALLMARK_MYC_TARGETS_V1,GNL3,GNL3,ortholog_one2one,1
HALLMARK_MYC_TARGETS_V1,GOT2,GOT2,ortholog_one2one,1
HALLMARK_MYC_TARGETS_V1,GSPT1,GSPT1,ortholog_one2one,1
HALLMARK_MYC_TARGETS_V1,HDAC2,HDAC2,ortholog_one2one,1
HALLMARK_MYC_TARGETS_V1,HDDC2,HDDC2,ortholog_one2one,1
HALLMARK_MYC_TARGETS_V1,HDGF,HDGF,ortholog_one2one,1
HALLMARK_MYC_TARGETS_V1,HNRNPC,HNRNPC,ortholog_one2one,1
HALLMARK_MYC_TARGETS_V1,HNRNPD,HNRNPD,ortholog_one2one,1
HALLMARK_MYC_TARGETS_V1,HNRNPR,HNRNPR,ortholog_one2one,1
HALLMARK_MYC_TARGETS_V1,HNRNPU,HNRNPU,ortholog_one2one,1
HALLMARK_MYC_TARGETS_V1,HPRT1,HPRT1,ortholog_one2one,1
HALLMARK_MYC_TARGETS_V1,HSP90AB1,HSP90AB1,ortholog_one2one,1
HALLMARK_MYC_TARGETS_V1,HSPD1,HSPD1,ortholog_one2one,1
HALLMARK_MYC_TARGETS_V1,IARS1,IARS1,ortholog_one2one,1
HALLMARK_MYC_TARGETS_V1,IFRD1,IFRD1,ortholog_one2one,1
HALLMARK_MYC_TARGETS_V1,IMPDH2,IMPDH,ortholog_one2one,1
HALLMARK_MYC_TARGETS_V1,KARS1,KARS1,ortholog_one2one,1
HALLMARK_MYC_TARGETS_V1,KPNA2,KPNA2,ortholog_one2one,1
HALLMARK_MYC_TARGETS_V1,KPNB1,KPNB1,ortholog_one2one,1
HALLMARK_MYC_TARGETS_V1,LSM2,LSM2,ortholog_one2one,1
HALLMARK_MYC_TARGETS_V1,LSM7,LSM7,ortholog_one2one,1
HALLMARK_MYC_TARGETS_V1,MCM2,MCM2,ortholog_one2one,1
HALLMARK_MYC_TARGETS_V1,MCM4,MCM4,ortholog_one2one,1
HALLMARK_MYC_TARGETS_V1,MCM5,MCM5,ortholog_one2one,1
HALLMARK_MYC_TARGETS_V1,MCM6,MCM6,ortholog_one2one,1
HALLMARK_MYC_TARGETS_V1,MCM7,MCM7,ortholog_one2one,1
HALLMARK_MYC_TARGETS_V1,MRPL9,MRPL9,ortholog_one2one,1
HALLMARK_MYC_TARGETS_V1,MYC,MYC,ortholog_one2one,1
HALLMARK_MYC_TARGETS_V1,NAP1L1,NAP1L1,ortholog_one2one,1
HALLMARK_MYC_TARGETS_V1,NCBP1,NCBP1,ortholog_one2one,1
HALLMARK_MYC_TARGETS_V1,NCBP2,NCBP2,ortholog_one2one,1
HALLMARK_MYC_TARGETS_V1,NDUFAB1,NDUFAB1,ortholog_one2one,1
HALLMARK_MYC_TARGETS_V1,NHP2,NHP2,ortholog_one2one,1
HALLMARK_MYC_TARGETS_V1,NME1,NME1,ortholog_one2one,1
HALLMARK_MYC_TARGETS_V1,NOLC1,NOLC1,ortholog_one2one,1
HALLMARK_MYC_TARGETS_V1,NOP16,NOP16,ortholog_one2one,1
HALLMARK_MYC_TARGETS_V1,NOP56,NOP56,ortholog_one2one,1
HALLMARK_MYC_TARGETS_V1,NPM1,NPM1,ortholog_one2one,1
HALLMARK_MYC_TARGETS_V1,ORC2,ORC2,ortholog_one2one,1
HALLMARK_MYC_TARGETS_V1,PA2G4,PA2G4,ortholog_one2one,1
HALLMARK_MYC_TARGETS_V1,PABPC1,PABPC1,ortholog_one2one,1
HALLMARK_MYC_TARGETS_V1,PABPC4,PABPC4,ortholog_one2one,1
HALLMARK_MYC_TARGETS_V1,PCBP1,PCBP1,ortholog_one2one,1
HALLMARK_MYC_TARGETS_V1,PCNA,PCNA,ortholog_one2one,1
HALLMARK_MYC_TARGETS_V1,PHB2,PHB2,ortholog_one2one,1
HALLMARK_MYC_TARGETS_V1,POLD2,POLD2,ortholog_one2one,1
HALLMARK_MYC_TARGETS_V1,POLE3,POLE3,ortholog_one2one,1
HALLMARK_MYC_TARGETS_V1,PPIA,PPIA,ortholog_one2one,1
HALLMARK_MYC_TARGETS_V1,PPM1G,PPM1G,ortholog_one2one,1
HALLMARK_MYC_TARGETS_V1,PRDX3,PRDX3,ortholog_one2one,1
HALLMARK_MYC_TARGETS_V1,PRDX4,PRDX4,ortholog_one2one,1
HALLMARK_MYC_TARGETS_V1,PRPF31,PRPF31,ortholog_one2one,1
HALLMARK_MYC_TARGETS_V1,PRPS2,PRPS2,ortholog_one2one,1
HALLMARK_MYC_TARGETS_V1,PSMA2,PSMA2,ortholog_one2one,1
HALLMARK_MYC_TARGETS_V1,PSMA4,PSMA4,ortholog_one2one,1
HALLMARK_MYC_TARGETS_V1,PSMA6,PSMA6,ortholog_one2many,1
HALLMARK_MYC_TARGETS_V1,PSMA7,PSMA7,ortholog_one2one,1
HALLMARK_MYC_TARGETS_V1,PSMB2,PSMB2,ortholog_one2one,1
HALLMARK_MYC_TARGETS_V1,PSMB3,PSMB3,ortholog_one2one,1
HALLMARK_MYC_TARGETS_V1,PSMC4,PSMC4,ortholog_one2one,1
HALLMARK_MYC_TARGETS_V1,PSMC6,PSMC6,ortholog_one2one,1
HALLMARK_MYC_TARGETS_V1,PSMD1,PSMD1,ortholog_one2one,1
HALLMARK_MYC_TARGETS_V1,PSMD14,PSMD14,ortholog_one2one,1
HALLMARK_MYC_TARGETS_V1,PSMD3,PSMD3,ortholog_one2one,1
HALLMARK_MYC_TARGETS_V1,PSMD7,PSMD7,ortholog_one2one,1
HALLMARK_MYC_TARGETS_V1,PSMD8,PSMD8,ortholog_one2one,1
HALLMARK_MYC_TARGETS_V1,PWP1,PWP1,ortholog_one2one,1
HALLMARK_MYC_TARGETS_V1,RACK1,RACK1,ortholog_one2one,1
HALLMARK_MYC_TARGETS_V1,RAD23B,RAD23B,ortholog_one2one,1
HALLMARK_MYC_TARGETS_V1,RANBP1,RANBP1,ortholog_one2one,1
HALLMARK_MYC_TARGETS_V1,RFC4,RFC4,ortholog_one2one,1
HALLMARK_MYC_TARGETS_V1,RPL14,RPL14,ortholog_one2one,1
HALLMARK_MYC_TARGETS_V1,RPS2,RPS2,ortholog_one2one,1
HALLMARK_MYC_TARGETS_V1,RPS3,RPS3,ortholog_one2one,1
HALLMARK_MYC_TARGETS_V1,RPS5,RPS5,ortholog_one2one,1
HALLMARK_MYC_TARGETS_V1,RRM1,RRM1,ortholog_one2one,1
HALLMARK_MYC_TARGETS_V1,RRP9,RRP9,ortholog_one2one,1
HALLMARK_MYC_TARGETS_V1,RSL1D1,RSL1D1,ortholog_one2one,1
HALLMARK_MYC_TARGETS_V1,RUVBL2,RUVBL2,ortholog_one2one,1
HALLMARK_MYC_TARGETS_V1,SERBP1,SERBP1,ortholog_one2one,1
HALLMARK_MYC_TARGETS_V1,SF3A1,SF3A1,ortholog_one2one,1
HALLMARK_MYC_TARGETS_V1,SF3B3,SF3B3,ortholog_one2one,1
HALLMARK_MYC_TARGETS_V1,SLC25A3,SLC25A3,ortholog_one2one,1
HALLMARK_MYC_TARGETS_V1,SMARCC1,SMARCC1,ortholog_one2one,1
HALLMARK_MYC_TARGETS_V1,SNRPA,SNRPA,ortholog_one2one,1
HALLMARK_MYC_TARGETS_V1,SNRPA1,SNRPA1,ortholog_one2one,1
HALLMARK_MYC_TARGETS_V1,SNRPB2,SNRPB2,ortholog_one2one,1
HALLMARK_MYC_TARGETS_V1,SNRPD1,SNRPD1,ortholog_one2one,1
HALLMARK_MYC_TARGETS_V1,SNRPD2,SNRPD2,ortholog_one2one,1
HALLMARK_MYC_TARGETS_V1,SNRPD3,SNRPD3,ortholog_one2one,1
HALLMARK_MYC_TARGETS_V1,SNRPG,SNRPG,ortholog_one2one,1
HALLMARK_MYC_TARGETS_V1,SRM,SRM,ortholog_one2one,1
HALLMARK_MYC_TARGETS_V1,SRPK1,SRPK1,ortholog_one2one,1
HALLMARK_MYC_TARGETS_V1,SRSF1,SRSF1,ortholog_one2one,1
HALLMARK_MYC_TARGETS_V1,SRSF2,SRSF2,ortholog_one2one,1
HALLMARK_MYC_TARGETS_V1,SRSF3,SRSF3,ortholog_one2one,1
HALLMARK_MYC_TARGETS_V1,SRSF7,SRSF7,ortholog_one2one,1
HALLMARK_MYC_TARGETS_V1,SSB,SSB,ortholog_one2one,1
HALLMARK_MYC_TARGETS_V1,SSBP1,SSBP1,ortholog_one2one,1
HALLMARK_MYC_TARGETS_V1,STARD7,STARD7,ortholog_one2one,1
HALLMARK_MYC_TARGETS_V1,SYNCRIP,SYNCRIP,ortholog_one2one,1
HALLMARK_MYC_TARGETS_V1,TCP1,TCP1,ortholog_one2one,1
HALLMARK_MYC_TARGETS_V1,TFDP1,TFDP1,ortholog_one2one,1
HALLMARK_MYC_TARGETS_V1,TOMM70,TOMM70,ortholog_one2one,1
HALLMARK_MYC_TARGETS_V1,TRA2B,TRA2B,ortholog_one2one,1
HALLMARK_MYC_TARGETS_V1,TRIM28,TRIM28,ortholog_one2one,1
HALLMARK_MYC_TARGETS_V1,TUFM,TUFM,ortholog_one2one,1
HALLMARK_MYC_TARGETS_V1,TXNL4A,TXNL4A,ortholog_one2one,1
HALLMARK_MYC_TARGETS_V1,TYMS,TYMS,ortholog_one2one,1
HALLMARK_MYC_TARGETS_V1,U2AF1,U2AF1,ortholog_one2one,1
HALLMARK_MYC_TARGETS_V1,UBA2,UBA2,ortholog_one2one,1
HALLMARK_MYC_TARGETS_V1,UBE2E1,UBE2E1,ortholog_one2one,1
HALLMARK_MYC_TARGETS_V1,USP1,USP1,ortholog_one2one,1
HALLMARK_MYC_TARGETS_V1,VDAC3,VDAC3,ortholog_one2one,1
HALLMARK_MYC_TARGETS_V1,XPO1,XPO1,ortholog_one2one,1
HALLMARK_MYC_TARGETS_V1,XPOT,XPOT,ortholog_one2one,1
HALLMARK_MYC_TARGETS_V1,XRCC6,XRCC6,ortholog_one2one,1
HALLMARK_MYC_TARGETS_V1,YWHAE,YWHAE,ortholog_one2one,1
HALLMARK_MYC_TARGETS_V1,YWHAQ,YWHAQ,ortholog_one2one,1
HALLMARK_MYC_TARGETS_V2,AIMP2,AIMP2,ortholog_one2one,1
HALLMARK_MYC_TARGETS_V2,BYSL,BYSL,ortholog_one2one,1
HALLMARK_MYC_TARGETS_V2,CDK4,CDK4,ortholog_one2one,1
HALLMARK_MYC_TARGETS_V2,DCTPP1,DCTPP1,ortholog_one2one,1
HALLMARK_MYC_TARGETS_V2,DDX18,DDX18,ortholog_one2one,1
HALLMARK_MYC_TARGETS_V2,DUSP2,DUSP2,ortholog_one2one,1
HALLMARK_MYC_TARGETS_V2,EXOSC5,EXOSC5,ortholog_one2one,1
HALLMARK_MYC_TARGETS_V2,FARSA,FARSA,ortholog_one2one,1
HALLMARK_MYC_TARGETS_V2,GNL3,GNL3,ortholog_one2one,1
HALLMARK_MYC_TARGETS_V2,GRWD1,GRWD1,ortholog_one2one,1
HALLMARK_MYC_TARGETS_V2,HK2,HK2,ortholog_one2one,1
HALLMARK_MYC_TARGETS_V2,HSPD1,HSPD1,ortholog_one2one,1
HALLMARK_MYC_TARGETS_V2,IMP4,IMP4,ortholog_one2one,1
HALLMARK_MYC_TARGETS_V2,IPO4,IPO4,ortholog_one2one,1
HALLMARK_MYC_TARGETS_V2,LAS1L,LAS1L,ortholog_one2one,1
HALLMARK_MYC_TARGETS_V2,MAP3K6,MAP3K6,ortholog_one2one,1
HALLMARK_MYC_TARGETS_V2,MCM4,MCM4,ortholog_one2one,1
HALLMARK_MYC_TARGETS_V2,MCM5,MCM5,ortholog_one2one,1
HALLMARK_MYC_TARGETS_V2,MPHOSPH10,MPHOSPH10,ortholog_one2one,1
HALLMARK_MYC_TARGETS_V2,MYBBP1A,MYBBP1A,ortholog_one2one,1
HALLMARK_MYC_TARGETS_V2,MYC,MYC,ortholog_one2one,1
HALLMARK_MYC_TARGETS_V2,NDUFAF4,NDUFAF4,ortholog_one2one,1
HALLMARK_MYC_TARGETS_V2,NIP7,NIP7,ortholog_one2one,1
HALLMARK_MYC_TARGETS_V2,NOC4L,NOC4L,ortholog_one2one,1
HALLMARK_MYC_TARGETS_V2,NOLC1,NOLC1,ortholog_one2one,1
HALLMARK_MYC_TARGETS_V2,NOP16,NOP16,ortholog_one2one,1
HALLMARK_MYC_TARGETS_V2,NOP2,NOP2,ortholog_one2one,1
HALLMARK_MYC_TARGETS_V2,NOP56,NOP56,ortholog_one2one,1
HALLMARK_MYC_TARGETS_V2,NPM1,NPM1,ortholog_one2one,1
HALLMARK_MYC_TARGETS_V2,PA2G4,PA2G4,ortholog_one2one,1
HALLMARK_MYC_TARGETS_V2,PES1,PES1,ortholog_one2one,1
HALLMARK_MYC_TARGETS_V2,PLK1,PLK1,ortholog_one2one,1
HALLMARK_MYC_TARGETS_V2,PLK4,PLK4,ortholog_one2one,1
HALLMARK_MYC_TARGETS_V2,PPAN,PPAN,ortholog_one2one,1
HALLMARK_MYC_TARGETS_V2,PPRC1,PPRC1,ortholog_one2one,1
HALLMARK_MYC_TARGETS_V2,PRMT3,PRMT3,ortholog_one2one,1
HALLMARK_MYC_TARGETS_V2,PUS1,PUS1,ortholog_one2one,1
HALLMARK_MYC_TARGETS_V2,RABEPK,RABEPK,ortholog_one2one,1
HALLMARK_MYC_TARGETS_V2,RCL1,RCL1,ortholog_one2one,1
HALLMARK_MYC_TARGETS_V2,RRP12,RRP12,ortholog_one2one,1
HALLMARK_MYC_TARGETS_V2,RRP9,RRP9,ortholog_one2one,1
HALLMARK_MYC_TARGETS_V2,SLC19A1,SLC19A1,ortholog_one2one,1
HALLMARK_MYC_TARGETS_V2,SLC29A2,SLC29A2,ortholog_one2one,1
HALLMARK_MYC_TARGETS_V2,SORD,SORD,ortholog_one2one,1
HALLMARK_MYC_TARGETS_V2,SRM,SRM,ortholog_one2one,1
HALLMARK_MYC_TARGETS_V2,SUPV3L1,SUPV3L1,ortholog_one2one,1
HALLMARK_MYC_TARGETS_V2,TBRG4,TBRG4,ortholog_one2one,1
HALLMARK_MYC_TARGETS_V2,TCOF1,TCOF1,ortholog_one2one,1
HALLMARK_MYC_TARGETS_V2,TFB2M,TFB2M,ortholog_one2one,1
HALLMARK_MYC_TARGETS_V2,TMEM97,TMEM97,ortholog_one2one,1
HALLMARK_MYC_TARGETS_V2,UNG,UNG,ortholog_one2one,1
HALLMARK_MYC_TARGETS_V2,UTP20,UTP20,ortholog_one2one,1
HALLMARK_MYC_TARGETS_V2,WDR43,WDR43,ortholog_one2one,1
HALLMARK_MYC_TARGETS_V2,WDR74,WDR74,ortholog_one2one,1
HALLMARK_MYOGENESIS,ABLIM1,ABLIM1,ortholog_one2one,1
HALLMARK_MYOGENESIS,ACHE,ACHE,ortholog_one2one,1
HALLMARK_MYOGENESIS,ACSL1,ACSL1,ortholog_one2one,1
HALLMARK_MYOGENESIS,ACTA1,ACTA1,ortholog_one2one,1
HALLMARK_MYOGENESIS,ACTC1,ACTC1,ortholog_one2one,1
HALLMARK_MYOGENESIS,ACTN2,ACTN2,ortholog_one2one,1
HALLMARK_MYOGENESIS,ACTN3,ACTN3,ortholog_one2one,1
HALLMARK_MYOGENESIS,ADAM12,ADAM12,ortholog_one2one,1
HALLMARK_MYOGENESIS,ADCY9,ADCY9,ortholog_one2one,1
HALLMARK_MYOGENESIS,AEBP1,AEBP1,ortholog_one2one,1
HALLMARK_MYOGENESIS,AGL,AGL,ortholog_one2one,1
HALLMARK_MYOGENESIS,AGRN,AGRN,ortholog_one2one,1
HALLMARK_MYOGENESIS,AK1,AK1,ortholog_one2one,1
HALLMARK_MYOGENESIS,AKT2,AKT2,ortholog_one2one,1
HALLMARK_MYOGENESIS,ANKRD2,ANKRD2,ortholog_one2one,1
HALLMARK_MYOGENESIS,APLNR,APLNR,ortholog_one2one,1
HALLMARK_MYOGENESIS,APOD,APOD,ortholog_one2one,1
HALLMARK_MYOGENESIS,APP,APP,ortholog_one2one,1
HALLMARK_MYOGENESIS,ATP2A1,ATP2A1,ortholog_one2one,1
HALLMARK_MYOGENESIS,ATP6AP1,ATP6AP1,ortholog_one2one,1
HALLMARK_MYOGENESIS,BAG1,BAG1,ortholog_one2one,1
HALLMARK_MYOGENESIS,BDKRB2,BDKRB2,ortholog_one2one,1
HALLMARK_MYOGENESIS,BHLHE40,BHLHE40,ortholog_one2one,1
HALLMARK_MYOGENESIS,BIN1,BIN1,ortholog_one2one,1
HALLMARK_MYOGENESIS,CACNA1H,CACNA1H,ortholog_one2one,1
HALLMARK_MYOGENESIS,CACNG1,CACNG1,ortholog_one2one,1
HALLMARK_MYOGENESIS,CAMK2B,CAMK2B,ortholog_one2one,1
HALLMARK_MYOGENESIS,CASQ1,CASQ1,ortholog_one2one,1
HALLMARK_MYOGENESIS,CASQ2,CASQ2,ortholog_one2one,1
HALLMARK_MYOGENESIS,CAV3,CAV3,ortholog_one2one,1
HALLMARK_MYOGENESIS,CD36,CD36,ortholog_one2one,1
HALLMARK_MYOGENESIS,CDH13,CDH13,ortholog_one2one,1
HALLMARK_MYOGENESIS,CDKN1A,CDKN1A,ortholog_one2one,1
HALLMARK_MYOGENESIS,CFD,CFD,ortholog_one2one,1
HALLMARK_MYOGENESIS,CHRNA1,CHRNA1,ortholog_one2one,1
HALLMARK_MYOGENESIS,CHRNB1,CHRNB1,ortholog_one2one,1
HALLMARK_MYOGENESIS,CHRNG,CHRNG,ortholog_one2one,1
HALLMARK_MYOGENESIS,CKM,CKM,ortholog_one2one,1
HALLMARK_MYOGENESIS,CKMT2,CKMT2,ortholog_one2one,1
HALLMARK_MYOGENESIS,CLU,CLU,ortholog_one2one,1
HALLMARK_MYOGENESIS,CNN3,CNN3,ortholog_one2one,1
HALLMARK_MYOGENESIS,COL1A1,COL1A1,ortholog_one2one,1
HALLMARK_MYOGENESIS,COL3A1,COL3A1,ortholog_one2one,1
HALLMARK_MYOGENESIS,COL4A2,COL4A2,ortholog_one2one,1
HALLMARK_MYOGENESIS,COL6A2,COL6A2,ortholog_one2one,1
HALLMARK_MYOGENESIS,COL6A3,COL6A3,ortholog_one2one,1
HALLMARK_MYOGENESIS,COX6A2,COX6A2,ortholog_one2one,1
HALLMARK_MYOGENESIS,COX7A1,COX7A1,ortholog_one2one,1
HALLMARK_MYOGENESIS,CRAT,CRAT,ortholog_one2one,1
HALLMARK_MYOGENESIS,CRYAB,CRYAB,ortholog_one2one,1
HALLMARK_MYOGENESIS,CSRP3,CSRP3,ortholog_one2one,1
HALLMARK_MYOGENESIS,CTF1,CTF1,ortholog_one2one,1
HALLMARK_MYOGENESIS,DAPK2,DAPK2,ortholog_one2one,1
HALLMARK_MYOGENESIS,DENND2B,DENND2B,ortholog_one2one,1
HALLMARK_MYOGENESIS,DES,DES,ortholog_one2one,1
HALLMARK_MYOGENESIS,DMPK,DMPK,ortholog_one2one,1
HALLMARK_MYOGENESIS,DTNA,DTNA,ortholog_one2one,1
HALLMARK_MYOGENESIS,EFS,EFS,ortholog_one2one,1
HALLMARK_MYOGENESIS,EIF4A2,EIF4A2,ortholog_one2one,1
HALLMARK_MYOGENESIS,ENO3,ENO3,ortholog_one2one,1
HALLMARK_MYOGENESIS,EPHB3,EPHB3,ortholog_one2one,1
HALLMARK_MYOGENESIS,ERBB3,ERBB3,ortholog_one2one,1
HALLMARK_MYOGENESIS,FABP3,FABP3,ortholog_one2one,1
HALLMARK_MYOGENESIS,FGF2,FGF2,ortholog_one2one,1
HALLMARK_MYOGENESIS,FHL1,FHL1,ortholog_one2one,1
HALLMARK_MYOGENESIS,FKBP1B,FKBP1B,ortholog_one2one,1
HALLMARK_MYOGENESIS,FLII,FLII,ortholog_one2one,1
HALLMARK_MYOGENESIS,FOXO4,FOXO4,ortholog_one2one,1
HALLMARK_MYOGENESIS,FST,FST,ortholog_one2one,1
HALLMARK_MYOGENESIS,FXYD1,FXYD1,ortholog_one2one,1
HALLMARK_MYOGENESIS,GAA,GAA,ortholog_one2one,1
HALLMARK_MYOGENESIS,GABARAPL2,GABARAPL2,ortholog_one2one,1
HALLMARK_MYOGENESIS,GADD45B,GADD45B,ortholog_one2one,1
HALLMARK_MYOGENESIS,GJA5,GJA5,ortholog_one2one,1
HALLMARK_MYOGENESIS,GNAO1,GNAO1,ortholog_one2one,1
HALLMARK_MYOGENESIS,GSN,GSN,ortholog_one2one,1
HALLMARK_MYOGENESIS,HBEGF,HBEGF,ortholog_one2one,1
HALLMARK_MYOGENESIS,HDAC5,HDAC5,ortholog_one2one,1
HALLMARK_MYOGENESIS,HRC,HRC,ortholog_one2one,1
HALLMARK_MYOGENESIS,HSPB2,HSPB2,ortholog_one2one,1
HALLMARK_MYOGENESIS,HSPB8,HSPB8,ortholog_one2one,1
HALLMARK_MYOGENESIS,IFRD1,IFRD1,ortholog_one2one,1
HALLMARK_MYOGENESIS,IGF1,IGF1,ortholog_one2one,1
HALLMARK_MYOGENESIS,IGFBP3,IGFBP3,ortholog_one2one,1
HALLMARK_MYOGENESIS,IGFBP7,IGFBP7,ortholog_one2one,1
HALLMARK_MYOGENESIS,ITGA7,ITGA7,ortholog_one2one,1
HALLMARK_MYOGENESIS,ITGB1,ITGB1,ortholog_one2one,1
HALLMARK_MYOGENESIS,ITGB5,ITGB5,ortholog_one2one,1
HALLMARK_MYOGENESIS,KCNH1,KCNH1,ortholog_one2one,1
HALLMARK_MYOGENESIS,KCNH2,KCNH2,ortholog_one2one,1
HALLMARK_MYOGENESIS,KIFC3,KIFC3,ortholog_one2one,1
HALLMARK_MYOGENESIS,LAMA2,LAMA2,ortholog_one2one,1
HALLMARK_MYOGENESIS,LARGE1,LARGE1,ortholog_one2one,1
HALLMARK_MYOGENESIS,LDB3,LDB3,ortholog_one2one,1
HALLMARK_MYOGENESIS,LPIN1,LPIN1,ortholog_one2one,1
HALLMARK_MYOGENESIS,LSP1,LSP1,ortholog_one2one,1
HALLMARK_MYOGENESIS,MAPK12,MAPK12,ortholog_one2one,1
HALLMARK_MYOGENESIS,MAPRE3,MAPRE3,ortholog_one2one,1
HALLMARK_MYOGENESIS,MB,MB,ortholog_one2one,1
HALLMARK_MYOGENESIS,MEF2A,MEF2A,ortholog_one2one,1
HALLMARK_MYOGENESIS,MEF2C,MEF2C,ortholog_one2one,1
HALLMARK_MYOGENESIS,MEF2D,MEF2D,ortholog_one2one,1
HALLMARK_MYOGENESIS,MRAS,MRAS,ortholog_one2one,1
HALLMARK_MYOGENESIS,MYBPC3,MYBPC3,ortholog_one2one,1
HALLMARK_MYOGENESIS,MYBPH,MYBPH,ortholog_one2one,1
HALLMARK_MYOGENESIS,MYF6,MYF6,ortholog_one2one,1
HALLMARK_MYOGENESIS,MYH1,MYH1,ortholog_one2one,1
HALLMARK_MYOGENESIS,MYH11,MYH11,ortholog_one2one,1
HALLMARK_MYOGENESIS,MYH3,MYH3,ortholog_one2one,1
HALLMARK_MYOGENESIS,MYH4,MYH4,ortholog_one2one,1
HALLMARK_MYOGENESIS,MYH7,MYH7,ortholog_one2one,1
HALLMARK_MYOGENESIS,MYH8,MYH8,ortholog_one2one,1
HALLMARK_MYOGENESIS,MYH9,MYH9,ortholog_one2one,1
HALLMARK_MYOGENESIS,MYL1,MYL1,ortholog_one2one,1
HALLMARK_MYOGENESIS,MYL11,MYL11,ortholog_one2one,1
HALLMARK_MYOGENESIS,MYL2,MYL2,ortholog_one2one,1
HALLMARK_MYOGENESIS,MYL3,MYL3,ortholog_one2one,1
HALLMARK_MYOGENESIS,MYL4,MYL4,ortholog_one2one,1
HALLMARK_MYOGENESIS,MYL6B,MYL6B,ortholog_one2one,1
HALLMARK_MYOGENESIS,MYL7,MYL7,ortholog_one2one,1
HALLMARK_MYOGENESIS,MYLK,MYLK,ortholog_one2one,1
HALLMARK_MYOGENESIS,MYO1C,MYO1C,ortholog_one2one,1
HALLMARK_MYOGENESIS,MYOG,MYOG,ortholog_one2one,1
HALLMARK_MYOGENESIS,MYOM1,MYOM1,ortholog_one2one,1
HALLMARK_MYOGENESIS,MYOM2,MYOM2,ortholog_one2one,1
HALLMARK_MYOGENESIS,MYOZ1,MYOZ1,ortholog_one2one,1
HALLMARK_MYOGENESIS,NAV2,NAV2,ortholog_one2one,1
HALLMARK_MYOGENESIS,NCAM1,NCAM1,ortholog_one2one,1
HALLMARK_MYOGENESIS,NOS1,NOS1,ortholog_one2one,1
HALLMARK_MYOGENESIS,NOTCH1,NOTCH1,ortholog_one2one,1
HALLMARK_MYOGENESIS,NQO1,NQO1,ortholog_one2one,1
HALLMARK_MYOGENESIS,OCEL1,OCEL1,ortholog_one2one,1
HALLMARK_MYOGENESIS,PC,PC,ortholog_one2one,1
HALLMARK_MYOGENESIS,PDE4DIP,PDE4DIP,ortholog_one2one,1
HALLMARK_MYOGENESIS,PDLIM7,PDLIM7,ortholog_one2one,1
HALLMARK_MYOGENESIS,PFKM,PFKM,ortholog_one2one,1
HALLMARK_MYOGENESIS,PGAM2,PGAM2,ortholog_one2one,1
HALLMARK_MYOGENESIS,PICK1,PICK1,ortholog_one2one,1
HALLMARK_MYOGENESIS,PKIA,PKIA,ortholog_one2one,1
HALLMARK_MYOGENESIS,PLXNB2,PLXNB2,ortholog_one2one,1
HALLMARK_MYOGENESIS,PPFIA4,PPFIA4,ortholog_one2one,1
HALLMARK_MYOGENESIS,PPP1R3C,PPP1R3C,ortholog_one2one,1
HALLMARK_MYOGENESIS,PRNP,PRNP,ortholog_one2one,1
HALLMARK_MYOGENESIS,PSEN2,PSEN2,ortholog_one2one,1
HALLMARK_MYOGENESIS,PTGIS,PTGIS,ortholog_one2one,1
HALLMARK_MYOGENESIS,PTP4A3,PTP4A3,ortholog_one2one,1
HALLMARK_MYOGENESIS,PVALB,PVALB,ortholog_one2one,1
HALLMARK_MYOGENESIS,PYGM,PYGM,ortholog_one2one,1
HALLMARK_MYOGENESIS,RB1,RB1,ortholog_one2one,1
HALLMARK_MYOGENESIS,REEP1,REEP1,ortholog_one2one,1
HALLMARK_MYOGENESIS,RIT1,RIT1,ortholog_one2one,1
HALLMARK_MYOGENESIS,RYR1,RYR1,ortholog_one2one,1
HALLMARK_MYOGENESIS,SCD,SCD,ortholog_one2one,1
HALLMARK_MYOGENESIS,SGCA,SGCA,ortholog_one2one,1
HALLMARK_MYOGENESIS,SGCD,SGCD,ortholog_one2one,1
HALLMARK_MYOGENESIS,SGCG,SGCG,ortholog_one2one,1
HALLMARK_MYOGENESIS,SH2B1,SH2B1,ortholog_one2one,1
HALLMARK_MYOGENESIS,SH3BGR,SH3BGR,ortholog_one2one,1
HALLMARK_MYOGENESIS,SIRT2,SIRT2,ortholog_one2one,1
HALLMARK_MYOGENESIS,SMTN,SMTN,ortholog_one2one,1
HALLMARK_MYOGENESIS,SOD3,SOD3,ortholog_one2one,1
HALLMARK_MYOGENESIS,SORBS1,SORBS1,ortholog_one2one,1
HALLMARK_MYOGENESIS,SORBS3,SORBS3,ortholog_one2one,1
HALLMARK_MYOGENESIS,SPARC,SPARC,ortholog_one2one,1
HALLMARK_MYOGENESIS,SPDEF,SPDEF,ortholog_one2one,1
HALLMARK_MYOGENESIS,SPEG,SPEG,ortholog_one2one,1
HALLMARK_MYOGENESIS,SPHK1,SPHK1,ortholog_one2one,1
HALLMARK_MYOGENESIS,SPTAN1,SPTAN1,ortholog_one2one,1
HALLMARK_MYOGENESIS,SSPN,SSPN,ortholog_one2one,1
HALLMARK_MYOGENESIS,STC2,STC2,ortholog_one2one,1
HALLMARK_MYOGENESIS,SVIL,SVIL,ortholog_one2many,1
HALLMARK_MYOGENESIS,SYNGR2,SYNGR2,ortholog_one2one,1
HALLMARK_MYOGENESIS,TAGLN,TAGLN,ortholog_one2one,1
HALLMARK_MYOGENESIS,TCAP,TCAP,ortholog_one2one,1
HALLMARK_MYOGENESIS,TEAD4,TEAD4,ortholog_one2one,1
HALLMARK_MYOGENESIS,TGFB1,TGFB1,ortholog_one2one,1
HALLMARK_MYOGENESIS,TNNC1,TNNC1,ortholog_one2one,1
HALLMARK_MYOGENESIS,TNNC2,TNNC2,ortholog_one2one,1
HALLMARK_MYOGENESIS,TNNI1,TNNI1,ortholog_one2one,1
HALLMARK_MYOGENESIS,TNNI2,TNNI2,ortholog_one2one,1
HALLMARK_MYOGENESIS,TNNT1,TNNT1,ortholog_one2one,1
HALLMARK_MYOGENESIS,TNNT2,TNNT2,ortholog_one2one,1
HALLMARK_MYOGENESIS,TPD52L1,TPD52L1,ortholog_one2one,1
HALLMARK_MYOGENESIS,TPM2,TPM2,ortholog_one2one,1
HALLMARK_MYOGENESIS,TSC2,TSC2,ortholog_one2one,1
HALLMARK_MYOGENESIS,VIPR1,VIPR1,ortholog_one2one,1
HALLMARK_MYOGENESIS,WWTR1,WWTR1,ortholog_one2one,1
HALLMARK_NOTCH_SIGNALING,APH1A,APH1A,ortholog_one2one,1
HALLMARK_NOTCH_SIGNALING,ARRB1,ARRB1,ortholog_one2one,1
HALLMARK_NOTCH_SIGNALING,CCND1,CCND1,ortholog_one2one,1
HALLMARK_NOTCH_SIGNALING,CUL1,CUL1,ortholog_one2one,1
HALLMARK_NOTCH_SIGNALING,DLL1,DLL1,ortholog_one2one,1
HALLMARK_NOTCH_SIGNALING,DTX1,DTX1,ortholog_one2one,1
HALLMARK_NOTCH_SIGNALING,DTX2,DTX2,ortholog_one2one,1
HALLMARK_NOTCH_SIGNALING,DTX4,DTX4,ortholog_one2one,1
HALLMARK_NOTCH_SIGNALING,FBXW11,FBXW11,ortholog_one2one,1
HALLMARK_NOTCH_SIGNALING,FZD1,FZD1,ortholog_one2one,1
HALLMARK_NOTCH_SIGNALING,FZD5,FZD5,ortholog_one2one,1
HALLMARK_NOTCH_SIGNALING,FZD7,FZD7,ortholog_one2one,1
HALLMARK_NOTCH_SIGNALING,HES1,HES1,ortholog_one2one,1
HALLMARK_NOTCH_SIGNALING,HEYL,HEYL,ortholog_one2one,1
HALLMARK_NOTCH_SIGNALING,JAG1,JAG1,ortholog_one2one,1
HALLMARK_NOTCH_SIGNALING,KAT2A,KAT2A,ortholog_one2one,1
HALLMARK_NOTCH_SIGNALING,LFNG,LFNG,ortholog_one2one,1
HALLMARK_NOTCH_SIGNALING,MAML2,MAML2,ortholog_one2one,1
HALLMARK_NOTCH_SIGNALING,NOTCH1,NOTCH1,ortholog_one2one,1
HALLMARK_NOTCH_SIGNALING,NOTCH2,NOTCH2,ortholog_one2one,1
HALLMARK_NOTCH_SIGNALING,NOTCH3,NOTCH3,ortholog_one2one,1
HALLMARK_NOTCH_SIGNALING,PPARD,PPARD,ortholog_one2one,1
HALLMARK_NOTCH_SIGNALING,PRKCA,PRKCA,ortholog_one2one,1
HALLMARK_NOTCH_SIGNALING,PSEN2,PSEN2,ortholog_one2one,1
HALLMARK_NOTCH_SIGNALING,PSENEN,PSENEN,ortholog_one2one,1
HALLMARK_NOTCH_SIGNALING,RBX1,RBX1,ortholog_one2one,1
HALLMARK_NOTCH_SIGNALING,SAP30,SAP30,ortholog_one2one,1
HALLMARK_NOTCH_SIGNALING,SKP1,SKP1,ortholog_one2one,1
HALLMARK_NOTCH_SIGNALING,ST3GAL6,ST3GAL6,ortholog_one2one,1
HALLMARK_NOTCH_SIGNALING,WNT2,WNT2,ortholog_one2one,1
HALLMARK_NOTCH_SIGNALING,WNT5A,WNT5A,ortholog_one2one,1
HALLMARK_OXIDATIVE_PHOSPHORYLATION,ABCB7,ABCB7,ortholog_one2one,1
HALLMARK_OXIDATIVE_PHOSPHORYLATION,ACAA1,ACAA1,ortholog_one2one,1
HALLMARK_OXIDATIVE_PHOSPHORYLATION,ACAA2,ACAA2,ortholog_one2one,1
HALLMARK_OXIDATIVE_PHOSPHORYLATION,ACADM,ACADM,ortholog_one2one,1
HALLMARK_OXIDATIVE_PHOSPHORYLATION,ACADSB,ACADSB,ortholog_one2one,1
HALLMARK_OXIDATIVE_PHOSPHORYLATION,ACADVL,ACADVL,ortholog_one2one,1
HALLMARK_OXIDATIVE_PHOSPHORYLATION,ACAT1,ACAT1,ortholog_one2one,1
HALLMARK_OXIDATIVE_PHOSPHORYLATION,ACO2,ACO2,ortholog_one2one,1
HALLMARK_OXIDATIVE_PHOSPHORYLATION,AFG3L2,AFG3L2,ortholog_one2one,1
HALLMARK_OXIDATIVE_PHOSPHORYLATION,AIFM1,AIFM1,ortholog_one2one,1
HALLMARK_OXIDATIVE_PHOSPHORYLATION,ALAS1,ALAS1,ortholog_one2one,1
HALLMARK_OXIDATIVE_PHOSPHORYLATION,ALDH6A1,ALDH6A1,ortholog_one2one,1
HALLMARK_OXIDATIVE_PHOSPHORYLATION,ATP1B1,ATP1B1,ortholog_one2one,1
HALLMARK_OXIDATIVE_PHOSPHORYLATION,ATP5F1A,ATP5F1A,ortholog_one2one,1
HALLMARK_OXIDATIVE_PHOSPHORYLATION,ATP5F1C,ATP5F1C,ortholog_one2one,1
HALLMARK_OXIDATIVE_PHOSPHORYLATION,ATP5F1D,ATP5F1D,ortholog_one2one,1
HALLMARK_OXIDATIVE_PHOSPHORYLATION,ATP5F1E,ATP5F1E,ortholog_one2one,1
HALLMARK_OXIDATIVE_PHOSPHORYLATION,ATP5MC1,ATP5MC1,ortholog_one2one,1
HALLMARK_OXIDATIVE_PHOSPHORYLATION,ATP5ME,ATP5ME,ortholog_one2one,1
HALLMARK_OXIDATIVE_PHOSPHORYLATION,ATP5PB,ATP5PB,ortholog_one2one,1
HALLMARK_OXIDATIVE_PHOSPHORYLATION,ATP5PF,ATP5PF,ortholog_one2one,1
HALLMARK_OXIDATIVE_PHOSPHORYLATION,ATP6AP1,ATP6AP1,ortholog_one2one,1
HALLMARK_OXIDATIVE_PHOSPHORYLATION,ATP6V0B,ATP6V0B,ortholog_one2one,1
HALLMARK_OXIDATIVE_PHOSPHORYLATION,ATP6V0C,ATP6V0C,ortholog_one2one,1
HALLMARK_OXIDATIVE_PHOSPHORYLATION,ATP6V0E1,ATP6V0E1,ortholog_one2one,1
HALLMARK_OXIDATIVE_PHOSPHORYLATION,ATP6V1C1,ATP6V1C1,ortholog_one2one,1
HALLMARK_OXIDATIVE_PHOSPHORYLATION,ATP6V1E1,ATP6V1E1,ortholog_one2one,1
HALLMARK_OXIDATIVE_PHOSPHORYLATION,ATP6V1F,ATP6V1F,ortholog_one2one,1
HALLMARK_OXIDATIVE_PHOSPHORYLATION,ATP6V1G1,ATP6V1G1,ortholog_one2one,1
HALLMARK_OXIDATIVE_PHOSPHORYLATION,ATP6V1H,ATP6V1H,ortholog_one2one,1
HALLMARK_OXIDATIVE_PHOSPHORYLATION,BAX,BAX,ortholog_one2one,1
HALLMARK_OXIDATIVE_PHOSPHORYLATION,BCKDHA,BCKDHA,ortholog_one2one,1
HALLMARK_OXIDATIVE_PHOSPHORYLATION,BDH2,BDH2,ortholog_one2one,1
HALLMARK_OXIDATIVE_PHOSPHORYLATION,CASP7,CASP7,ortholog_one2one,1
HALLMARK_OXIDATIVE_PHOSPHORYLATION,COX10,COX10,ortholog_one2one,1
HALLMARK_OXIDATIVE_PHOSPHORYLATION,COX11,COX11,ortholog_one2one,1
HALLMARK_OXIDATIVE_PHOSPHORYLATION,COX15,COX15,ortholog_one2one,1
HALLMARK_OXIDATIVE_PHOSPHORYLATION,COX17,COX17,ortholog_one2one,1
HALLMARK_OXIDATIVE_PHOSPHORYLATION,COX4I1,COX4I1,ortholog_one2one,1
HALLMARK_OXIDATIVE_PHOSPHORYLATION,COX5A,COX5A,ortholog_one2one,1
HALLMARK_OXIDATIVE_PHOSPHORYLATION,COX5B,COX5B,ortholog_one2one,1
HALLMARK_OXIDATIVE_PHOSPHORYLATION,COX6A1,COX6A1,ortholog_one2one,1
HALLMARK_OXIDATIVE_PHOSPHORYLATION,COX7A2,COX7A2,ortholog_one2one,1
HALLMARK_OXIDATIVE_PHOSPHORYLATION,COX8A,COX8A,ortholog_one2one,1
HALLMARK_OXIDATIVE_PHOSPHORYLATION,CPT1A,CPT1A,ortholog_one2one,1
HALLMARK_OXIDATIVE_PHOSPHORYLATION,CS,CS,ortholog_one2one,1
HALLMARK_OXIDATIVE_PHOSPHORYLATION,CYB5A,CYB5A,ortholog_one2one,1
HALLMARK_OXIDATIVE_PHOSPHORYLATION,CYB5R3,CYB5R3,ortholog_one2one,1
HALLMARK_OXIDATIVE_PHOSPHORYLATION,CYC1,CYC1,ortholog_one2one,1
HALLMARK_OXIDATIVE_PHOSPHORYLATION,DECR1,DECR1,ortholog_one2one,1
HALLMARK_OXIDATIVE_PHOSPHORYLATION,DLD,DLD,ortholog_one2one,1
HALLMARK_OXIDATIVE_PHOSPHORYLATION,DLST,DLST,ortholog_one2one,1
HALLMARK_OXIDATIVE_PHOSPHORYLATION,ECH1,ECH1,ortholog_one2one,1
HALLMARK_OXIDATIVE_PHOSPHORYLATION,ECHS1,ECHS1,ortholog_one2one,1
HALLMARK_OXIDATIVE_PHOSPHORYLATION,ECI1,ECI1,ortholog_one2one,1
HALLMARK_OXIDATIVE_PHOSPHORYLATION,ETFA,ETFA,ortholog_one2one,1
HALLMARK_OXIDATIVE_PHOSPHORYLATION,ETFB,ETFB,ortholog_one2one,1
HALLMARK_OXIDATIVE_PHOSPHORYLATION,ETFDH,ETFDH,ortholog_one2one,1
HALLMARK_OXIDATIVE_PHOSPHORYLATION,FDX1,FDX1,ortholog_one2one,1
HALLMARK_OXIDATIVE_PHOSPHORYLATION,FH,FH,ortholog_one2one,1
HALLMARK_OXIDATIVE_PHOSPHORYLATION,FXN,FXN,ortholog_one2one,1
HALLMARK_OXIDATIVE_PHOSPHORYLATION,GLUD1,GLUD1,ortholog_one2one,1
HALLMARK_OXIDATIVE_PHOSPHORYLATION,GOT2,GOT2,ortholog_one2one,1
HALLMARK_OXIDATIVE_PHOSPHORYLATION,GPI,GPI,ortholog_one2one,1
HALLMARK_OXIDATIVE_PHOSPHORYLATION,GRPEL1,GRPEL1,ortholog_one2one,1
HALLMARK_OXIDATIVE_PHOSPHORYLATION,HADHA,HADHA,ortholog_one2one,1
HALLMARK_OXIDATIVE_PHOSPHORYLATION,HADHB,HADHB,ortholog_one2one,1
HALLMARK_OXIDATIVE_PHOSPHORYLATION,HCCS,HCCS,ortholog_one2one,1
HALLMARK_OXIDATIVE_PHOSPHORYLATION,HSD17B10,HSD17B10,ortholog_one2one,1
HALLMARK_OXIDATIVE_PHOSPHORYLATION,HSPA9,HSPA9,ortholog_one2one,1
HALLMARK_OXIDATIVE_PHOSPHORYLATION,HTRA2,HTRA2,ortholog_one2one,1
HALLMARK_OXIDATIVE_PHOSPHORYLATION,IDH1,IDH1,ortholog_one2one,1
HALLMARK_OXIDATIVE_PHOSPHORYLATION,IDH2,IDH2,ortholog_one2one,1
HALLMARK_OXIDATIVE_PHOSPHORYLATION,IDH3A,IDH3A,ortholog_one2one,1
HALLMARK_OXIDATIVE_PHOSPHORYLATION,IDH3B,IDH3B,ortholog_one2one,1
HALLMARK_OXIDATIVE_PHOSPHORYLATION,IDH3G,IDH3G,ortholog_one2one,1
HALLMARK_OXIDATIVE_PHOSPHORYLATION,IMMT,IMMT,ortholog_one2one,1
HALLMARK_OXIDATIVE_PHOSPHORYLATION,ISCA1,ISCA1,ortholog_one2one,1
HALLMARK_OXIDATIVE_PHOSPHORYLATION,ISCU,ISCU,ortholog_one2one,1
HALLMARK_OXIDATIVE_PHOSPHORYLATION,MAOB,MAOB,ortholog_one2one,1
HALLMARK_OXIDATIVE_PHOSPHORYLATION,MDH1,MDH1,ortholog_one2one,1
HALLMARK_OXIDATIVE_PHOSPHORYLATION,MDH2,MDH2,ortholog_one2one,1
HALLMARK_OXIDATIVE_PHOSPHORYLATION,MFN2,MFN2,ortholog_one2one,1
HALLMARK_OXIDATIVE_PHOSPHORYLATION,MGST3,MGST3,ortholog_one2one,1
HALLMARK_OXIDATIVE_PHOSPHORYLATION,MRPL11,MRPL11,ortholog_one2one,1
HALLMARK_OXIDATIVE_PHOSPHORYLATION,MRPL15,MRPL15,ortholog_one2one,1
HALLMARK_OXIDATIVE_PHOSPHORYLATION,MRPL34,MRPL34,ortholog_one2one,1
HALLMARK_OXIDATIVE_PHOSPHORYLATION,MRPS11,MRPS11,ortholog_one2one,1
HALLMARK_OXIDATIVE_PHOSPHORYLATION,MRPS12,MRPS12,ortholog_one2one,1
HALLMARK_OXIDATIVE_PHOSPHORYLATION,MRPS15,MRPS15,ortholog_one2one,1
HALLMARK_OXIDATIVE_PHOSPHORYLATION,MRPS22,MRPS22,ortholog_one2one,1
HALLMARK_OXIDATIVE_PHOSPHORYLATION,MRPS30,MRPS30,ortholog_one2one,1
HALLMARK_OXIDATIVE_PHOSPHORYLATION,MTRF1,MTRF1,ortholog_one2one,1
HALLMARK_OXIDATIVE_PHOSPHORYLATION,MTRR,MTRR,ortholog_one2one,1
HALLMARK_OXIDATIVE_PHOSPHORYLATION,MTX2,MTX2,ortholog_one2one,1
HALLMARK_OXIDATIVE_PHOSPHORYLATION,NDUFA2,NDUFA2,ortholog_one2one,1
HALLMARK_OXIDATIVE_PHOSPHORYLATION,NDUFA5,NDUFA5,ortholog_one2one,1
HALLMARK_OXIDATIVE_PHOSPHORYLATION,NDUFA6,NDUFA6,ortholog_one2one,1
HALLMARK_OXIDATIVE_PHOSPHORYLATION,NDUFA7,NDUFA7,ortholog_one2one,1
HALLMARK_OXIDATIVE_PHOSPHORYLATION,NDUFA8,NDUFA8,ortholog_one2one,1
HALLMARK_OXIDATIVE_PHOSPHORYLATION,NDUFA9,NDUFA9,ortholog_one2one,1
HALLMARK_OXIDATIVE_PHOSPHORYLATION,NDUFAB1,NDUFAB1,ortholog_one2one,1
HALLMARK_OXIDATIVE_PHOSPHORYLATION,NDUFB1,NDUFB1,ortholog_one2one,1
HALLMARK_OXIDATIVE_PHOSPHORYLATION,NDUFB2,NDUFB2,ortholog_one2one,1
HALLMARK_OXIDATIVE_PHOSPHORYLATION,NDUFB3,NDUFB3,ortholog_one2one,1
HALLMARK_OXIDATIVE_PHOSPHORYLATION,NDUFB5,NDUFB5,ortholog_one2one,1
HALLMARK_OXIDATIVE_PHOSPHORYLATION,NDUFB6,NDUFB6,ortholog_one2one,1
HALLMARK_OXIDATIVE_PHOSPHORYLATION,NDUFB7,NDUFB7,ortholog_one2one,1
HALLMARK_OXIDATIVE_PHOSPHORYLATION,NDUFB8,NDUFB8,ortholog_one2one,1
HALLMARK_OXIDATIVE_PHOSPHORYLATION,NDUFC1,NDUFC1,ortholog_one2one,1
HALLMARK_OXIDATIVE_PHOSPHORYLATION,NDUFC2,NDUFC2,ortholog_one2one,1
HALLMARK_OXIDATIVE_PHOSPHORYLATION,NDUFS1,NDUFS1,ortholog_one2one,1
HALLMARK_OXIDATIVE_PHOSPHORYLATION,NDUFS2,NDUFS2,ortholog_one2one,1
HALLMARK_OXIDATIVE_PHOSPHORYLATION,NDUFS3,NDUFS3,ortholog_one2one,1
HALLMARK_OXIDATIVE_PHOSPHORYLATION,NDUFS4,NDUFS4,ortholog_one2one,1
HALLMARK_OXIDATIVE_PHOSPHORYLATION,NDUFS6,NDUFS6,ortholog_one2one,1
HALLMARK_OXIDATIVE_PHOSPHORYLATION,NDUFS7,NDUFS7,ortholog_one2one,1
HALLMARK_OXIDATIVE_PHOSPHORYLATION,NDUFS8,NDUFS8,ortholog_one2one,1
HALLMARK_OXIDATIVE_PHOSPHORYLATION,NDUFV1,NDUFV1,ortholog_one2one,1
HALLMARK_OXIDATIVE_PHOSPHORYLATION,NDUFV2,NDUFV2,ortholog_one2one,1
HALLMARK_OXIDATIVE_PHOSPHORYLATION,NNT,NNT,ortholog_one2one,1
HALLMARK_OXIDATIVE_PHOSPHORYLATION,NQO2,NQO2,ortholog_one2one,1
HALLMARK_OXIDATIVE_PHOSPHORYLATION,OAT,OAT,ortholog_one2one,1
HALLMARK_OXIDATIVE_PHOSPHORYLATION,OGDH,OGDH,ortholog_one2one,1
HALLMARK_OXIDATIVE_PHOSPHORYLATION,OPA1,OPA1,ortholog_one2one,1
HALLMARK_OXIDATIVE_PHOSPHORYLATION,OXA1L,OXA1L,ortholog_one2one,1
HALLMARK_OXIDATIVE_PHOSPHORYLATION,PDHB,PDHB,ortholog_one2one,1
HALLMARK_OXIDATIVE_PHOSPHORYLATION,PDHX,PDHX,ortholog_one2one,1
HALLMARK_OXIDATIVE_PHOSPHORYLATION,PDK4,PDK4,ortholog_one2one,1
HALLMARK_OXIDATIVE_PHOSPHORYLATION,PDP1,PDP1,ortholog_one2one,1
HALLMARK_OXIDATIVE_PHOSPHORYLATION,PHB2,PHB2,ortholog_one2one,1
HALLMARK_OXIDATIVE_PHOSPHORYLATION,PHYH,PHYH,ortholog_one2one,1
HALLMARK_OXIDATIVE_PHOSPHORYLATION,PMPCA,PMPCA,ortholog_one2one,1
HALLMARK_OXIDATIVE_PHOSPHORYLATION,POLR2F,POLR2F,ortholog_one2one,1
HALLMARK_OXIDATIVE_PHOSPHORYLATION,POR,POR,ortholog_one2one,1
HALLMARK_OXIDATIVE_PHOSPHORYLATION,PRDX3,PRDX3,ortholog_one2one,1
HALLMARK_OXIDATIVE_PHOSPHORYLATION,RETSAT,RETSAT,ortholog_one2one,1
HALLMARK_OXIDATIVE_PHOSPHORYLATION,RHOT1,RHOT1,ortholog_one2one,1
HALLMARK_OXIDATIVE_PHOSPHORYLATION,RHOT2,RHOT2,ortholog_one2one,1
HALLMARK_OXIDATIVE_PHOSPHORYLATION,SDHB,SDHB,ortholog_one2one,1
HALLMARK_OXIDATIVE_PHOSPHORYLATION,SDHD,SDHD,ortholog_one2one,1
HALLMARK_OXIDATIVE_PHOSPHORYLATION,SLC25A11,SLC25A11,ortholog_one2one,1
HALLMARK_OXIDATIVE_PHOSPHORYLATION,SLC25A12,SLC25A12,ortholog_one2one,1
HALLMARK_OXIDATIVE_PHOSPHORYLATION,SLC25A20,SLC25A20,ortholog_one2one,1
HALLMARK_OXIDATIVE_PHOSPHORYLATION,SLC25A3,SLC25A3,ortholog_one2one,1
HALLMARK_OXIDATIVE_PHOSPHORYLATION,SLC25A4,SLC25A4,ortholog_one2one,1
HALLMARK_OXIDATIVE_PHOSPHORYLATION,SLC25A5,SLC25A5,ortholog_one2one,1
HALLMARK_OXIDATIVE_PHOSPHORYLATION,SLC25A6,SLC25A6,ortholog_one2one,1
HALLMARK_OXIDATIVE_PHOSPHORYLATION,SUCLA2,SUCLA2,ortholog_one2one,1
HALLMARK_OXIDATIVE_PHOSPHORYLATION,SUCLG1,SUCLG1,ortholog_one2one,1
HALLMARK_OXIDATIVE_PHOSPHORYLATION,SUPV3L1,SUPV3L1,ortholog_one2one,1
HALLMARK_OXIDATIVE_PHOSPHORYLATION,SURF1,SURF1,ortholog_one2one,1
HALLMARK_OXIDATIVE_PHOSPHORYLATION,TCIRG1,TCIRG1,ortholog_one2one,1
HALLMARK_OXIDATIVE_PHOSPHORYLATION,TIMM10,TIMM10,ortholog_one2one,1
HALLMARK_OXIDATIVE_PHOSPHORYLATION,TIMM13,TIMM13,ortholog_one2one,1
HALLMARK_OXIDATIVE_PHOSPHORYLATION,TIMM8B,TIMM8B,ortholog_one2one,1
HALLMARK_OXIDATIVE_PHOSPHORYLATION,TOMM70,TOMM70,ortholog_one2one,1
HALLMARK_OXIDATIVE_PHOSPHORYLATION,UQCR10,UQCR10,ortholog_one2one,1
HALLMARK_OXIDATIVE_PHOSPHORYLATION,UQCRB,UQCRB,ortholog_one2one,1
HALLMARK_OXIDATIVE_PHOSPHORYLATION,UQCRC1,UQCRC1,ortholog_one2one,1
HALLMARK_OXIDATIVE_PHOSPHORYLATION,UQCRC2,UQCRC2,ortholog_one2one,1
HALLMARK_OXIDATIVE_PHOSPHORYLATION,UQCRFS1,UQCRFS1,ortholog_one2one,1
HALLMARK_OXIDATIVE_PHOSPHORYLATION,UQCRQ,UQCRQ,ortholog_one2one,1
HALLMARK_OXIDATIVE_PHOSPHORYLATION,VDAC2,VDAC2,ortholog_one2one,1
HALLMARK_OXIDATIVE_PHOSPHORYLATION,VDAC3,VDAC3,ortholog_one2one,1
HALLMARK_P53_PATHWAY,ABAT,ABAT,ortholog_one2one,1
HALLMARK_P53_PATHWAY,ABCC5,ABCC5,ortholog_one2one,1
HALLMARK_P53_PATHWAY,ABHD4,ABHD4,ortholog_one2one,1
HALLMARK_P53_PATHWAY,ACVR1B,ACVR1B,ortholog_one2one,1
HALLMARK_P53_PATHWAY,AEN,AEN,ortholog_one2one,1
HALLMARK_P53_PATHWAY,AK1,AK1,ortholog_one2one,1
HALLMARK_P53_PATHWAY,ALOX15B,ALOX15B,ortholog_one2one,1
HALLMARK_P53_PATHWAY,ANKRA2,ANKRA2,ortholog_one2one,1
HALLMARK_P53_PATHWAY,APAF1,APAF1,ortholog_one2one,1
HALLMARK_P53_PATHWAY,APP,APP,ortholog_one2one,1
HALLMARK_P53_PATHWAY,ATF3,ATF3,ortholog_one2one,1
HALLMARK_P53_PATHWAY,BAIAP2,BAIAP2,ortholog_one2one,1
HALLMARK_P53_PATHWAY,BAK1,BAK1,ortholog_one2one,1
HALLMARK_P53_PATHWAY,BAX,BAX,ortholog_one2one,1
HALLMARK_P53_PATHWAY,BLCAP,BLCAP,ortholog_one2one,1
HALLMARK_P53_PATHWAY,BMP2,BMP2,ortholog_one2one,1
HALLMARK_P53_PATHWAY,BTG1,BTG1,ortholog_one2one,1
HALLMARK_P53_PATHWAY,BTG2,BTG2,ortholog_one2one,1
HALLMARK_P53_PATHWAY,CCND2,CCND2,ortholog_one2one,1
HALLMARK_P53_PATHWAY,CCND3,CCND3,ortholog_one2one,1
HALLMARK_P53_PATHWAY,CCNG1,CCNG1,ortholog_one2one,1
HALLMARK_P53_PATHWAY,CCNK,CCNK,ortholog_one2one,1
HALLMARK_P53_PATHWAY,CCP110,CCP110,ortholog_one2one,1
HALLMARK_P53_PATHWAY,CD81,CD81,ortholog_one2one,1
HALLMARK_P53_PATHWAY,CD82,CD82,ortholog_one2one,1
HALLMARK_P53_PATHWAY,CDH13,CDH13,ortholog_one2one,1
HALLMARK_P53_PATHWAY,CDK5R1,CDK5R1,ortholog_one2one,1
HALLMARK_P53_PATHWAY,CDKN1A,CDKN1A,ortholog_one2one,1
HALLMARK_P53_PATHWAY,CDKN2AIP,CDKN2AIP,ortholog_one2one,1
HALLMARK_P53_PATHWAY,CDKN2B,CDKN2B,ortholog_one2one,1
HALLMARK_P53_PATHWAY,CEBPA,CEBPA,ortholog_one2one,1
HALLMARK_P53_PATHWAY,CLCA2,CLCA2,ortholog_one2one,1
HALLMARK_P53_PATHWAY,COQ8A,COQ8A,ortholog_one2one,1
HALLMARK_P53_PATHWAY,CSRNP2,CSRNP2,ortholog_one2one,1
HALLMARK_P53_PATHWAY,CTSD,CTSD,ortholog_one2one,1
HALLMARK_P53_PATHWAY,CTSF,CTSF,ortholog_one2one,1
HALLMARK_P53_PATHWAY,CYFIP2,CYFIP2,ortholog_one2one,1
HALLMARK_P53_PATHWAY,DCXR,DCXR,ortholog_one2one,1
HALLMARK_P53_PATHWAY,DDB2,DDB2,ortholog_one2one,1
HALLMARK_P53_PATHWAY,DDIT3,DDIT3,ortholog_one2one,1
HALLMARK_P53_PATHWAY,DDIT4,DDIT4,ortholog_one2one,1
HALLMARK_P53_PATHWAY,DEF6,DEF6,ortholog_one2one,1
HALLMARK_P53_PATHWAY,DGKA,DGKA,ortholog_one2one,1
HALLMARK_P53_PATHWAY,DNTTIP2,DNTTIP2,ortholog_one2one,1
HALLMARK_P53_PATHWAY,DRAM1,DRAM1,ortholog_one2one,1
HALLMARK_P53_PATHWAY,EI24,EI24,ortholog_one2one,1
HALLMARK_P53_PATHWAY,ELP1,ELP1,ortholog_one2one,1
HALLMARK_P53_PATHWAY,EPHA2,EPHA2,ortholog_one2one,1
HALLMARK_P53_PATHWAY,EPHX1,EPHX1,ortholog_one2one,1
HALLMARK_P53_PATHWAY,EPS8L2,EPS8L2,ortholog_one2one,1
HALLMARK_P53_PATHWAY,F2R,F2R,ortholog_one2one,1
HALLMARK_P53_PATHWAY,FAM162A,FAM162A,ortholog_one2one,1
HALLMARK_P53_PATHWAY,FBXW7,FBXW7,ortholog_one2one,1
HALLMARK_P53_PATHWAY,FDXR,FDXR,ortholog_one2one,1
HALLMARK_P53_PATHWAY,FOS,FOS,ortholog_one2one,1
HALLMARK_P53_PATHWAY,FOXO3,FOXO3,ortholog_one2one,1
HALLMARK_P53_PATHWAY,GADD45A,GADD45A,ortholog_one2one,1
HALLMARK_P53_PATHWAY,GLS2,GLS2,ortholog_one2one,1
HALLMARK_P53_PATHWAY,GM2A,GM2A,ortholog_one2one,1
HALLMARK_P53_PATHWAY,H1-2,H1-2,ortholog_one2one,1
HALLMARK_P53_PATHWAY,H2AC25,H2AC25,ortholog_one2one,1
HALLMARK_P53_PATHWAY,H2AJ,H2AJ,ortholog_one2one,1
HALLMARK_P53_PATHWAY,HBEGF,HBEGF,ortholog_one2one,1
HALLMARK_P53_PATHWAY,HEXIM1,HEXIM1,ortholog_one2one,1
HALLMARK_P53_PATHWAY,HINT1,HINT1,ortholog_one2one,1
HALLMARK_P53_PATHWAY,HMOX1,HMOX1,ortholog_one2one,1
HALLMARK_P53_PATHWAY,HRAS,HRAS,ortholog_one2one,1
HALLMARK_P53_PATHWAY,HSPA4L,HSPA4L,ortholog_one2one,1
HALLMARK_P53_PATHWAY,IER3,IER3,ortholog_one2one,1
HALLMARK_P53_PATHWAY,IER5,IER5,ortholog_one2one,1
HALLMARK_P53_PATHWAY,IFI30,IFI30,ortholog_one2one,1
HALLMARK_P53_PATHWAY,IL1A,IL1A,ortholog_one2one,1
HALLMARK_P53_PATHWAY,INHBB,INHBB,ortholog_one2one,1
HALLMARK_P53_PATHWAY,IP6K2,IP6K2,ortholog_one2one,1
HALLMARK_P53_PATHWAY,IRAG2,IRAG2,ortholog_one2one,1
HALLMARK_P53_PATHWAY,IRAK1,IRAK1,ortholog_one2one,1
HALLMARK_P53_PATHWAY,ISCU,ISCU,ortholog_one2one,1
HALLMARK_P53_PATHWAY,JAG2,JAG2,ortholog_one2one,1
HALLMARK_P53_PATHWAY,JUN,JUN,ortholog_one2one,1
HALLMARK_P53_PATHWAY,KIF13B,KIF13B,ortholog_one2one,1
HALLMARK_P53_PATHWAY,KLF4,KLF4,ortholog_one2one,1
HALLMARK_P53_PATHWAY,KLK8,KLK8,ortholog_one2one,1
HALLMARK_P53_PATHWAY,KRT17,KRT17,ortholog_one2one,1
HALLMARK_P53_PATHWAY,LIF,LIF,ortholog_one2one,1
HALLMARK_P53_PATHWAY,MDM2,MDM2,ortholog_one2one,1
HALLMARK_P53_PATHWAY,MKNK2,MKNK2,ortholog_one2one,1
HALLMARK_P53_PATHWAY,MXD1,MXD1,ortholog_one2one,1
HALLMARK_P53_PATHWAY,MXD4,MXD4,ortholog_one2one,1
HALLMARK_P53_PATHWAY,NDRG1,NDRG1,ortholog_one2one,1
HALLMARK_P53_PATHWAY,NHLH2,NHLH2,ortholog_one2one,1
HALLMARK_P53_PATHWAY,NINJ1,NINJ1,ortholog_one2one,1
HALLMARK_P53_PATHWAY,NOL8,NOL8,ortholog_one2one,1
HALLMARK_P53_PATHWAY,NOTCH1,NOTCH1,ortholog_one2one,1
HALLMARK_P53_PATHWAY,NUDT15,NUDT15,ortholog_one2one,1
HALLMARK_P53_PATHWAY,NUPR1,NUPR1,ortholog_one2one,1
HALLMARK_P53_PATHWAY,OSGIN1,OSGIN1,ortholog_one2one,1
HALLMARK_P53_PATHWAY,PCNA,PCNA,ortholog_one2one,1
HALLMARK_P53_PATHWAY,PDGFA,PDGFA,ortholog_one2one,1
HALLMARK_P53_PATHWAY,PERP,PERP,ortholog_one2one,1
HALLMARK_P53_PATHWAY,PHLDA3,PHLDA3,ortholog_one2one,1
HALLMARK_P53_PATHWAY,PIDD1,PIDD1,ortholog_one2one,1
HALLMARK_P53_PATHWAY,PITPNC1,PITPNC1,ortholog_one2one,1
HALLMARK_P53_PATHWAY,PLK2,PLK2,ortholog_one2one,1
HALLMARK_P53_PATHWAY,PLK3,PLK3,ortholog_one2one,1
HALLMARK_P53_PATHWAY,PLXNB2,PLXNB2,ortholog_one2one,1
HALLMARK_P53_PATHWAY,PMM1,PMM1,ortholog_one2one,1
HALLMARK_P53_PATHWAY,POLH,POLH,ortholog_one2one,1
HALLMARK_P53_PATHWAY,PPM1D,PPM1D,ortholog_one2one,1
HALLMARK_P53_PATHWAY,PPP1R15A,PPP1R15A,ortholog_one2one,1
HALLMARK_P53_PATHWAY,PRKAB1,PRKAB1,ortholog_one2one,1
HALLMARK_P53_PATHWAY,PRMT2,PRMT2,ortholog_one2one,1
HALLMARK_P53_PATHWAY,PROCR,PROCR,ortholog_one2one,1
HALLMARK_P53_PATHWAY,PTPN14,PTPN14,ortholog_one2one,1
HALLMARK_P53_PATHWAY,PTPRE,PTPRE,ortholog_one2one,1
HALLMARK_P53_PATHWAY,RAB40C,RAB40C,ortholog_one2one,1
HALLMARK_P53_PATHWAY,RACK1,RACK1,ortholog_one2one,1
HALLMARK_P53_PATHWAY,RAD51C,RAD51C,ortholog_one2one,1
HALLMARK_P53_PATHWAY,RAD9A,RAD9A,ortholog_one2one,1
HALLMARK_P53_PATHWAY,RALGDS,RALGDS,ortholog_one2one,1
HALLMARK_P53_PATHWAY,RAP2B,RAP2B,ortholog_one2one,1
HALLMARK_P53_PATHWAY,RB1,RB1,ortholog_one2one,1
HALLMARK_P53_PATHWAY,RCHY1,RCHY1,ortholog_one2one,1
HALLMARK_P53_PATHWAY,RETSAT,RETSAT,ortholog_one2one,1
HALLMARK_P53_PATHWAY,RGS16,RGS16,ortholog_one2one,1
HALLMARK_P53_PATHWAY,RHBDF2,RHBDF2,ortholog_one2one,1
HALLMARK_P53_PATHWAY,RNF19B,RNF19B,ortholog_one2one,1
HALLMARK_P53_PATHWAY,RRAD,RRAD,ortholog_one2one,1
HALLMARK_P53_PATHWAY,RRP8,RRP8,ortholog_one2one,1
HALLMARK_P53_PATHWAY,RXRA,RXRA,ortholog_one2one,1
HALLMARK_P53_PATHWAY,S100A4,S100A4,ortholog_one2one,1
HALLMARK_P53_PATHWAY,SAT1,SAT1,ortholog_one2one,1
HALLMARK_P53_PATHWAY,SDC1,SDC1,ortholog_one2one,1
HALLMARK_P53_PATHWAY,SEC61A1,SEC61A1,ortholog_one2one,1
HALLMARK_P53_PATHWAY,SERPINB5,SERPINB5,ortholog_one2one,1
HALLMARK_P53_PATHWAY,SERTAD3,SERTAD3,ortholog_one2one,1
HALLMARK_P53_PATHWAY,SESN1,SESN1,ortholog_one2one,1
HALLMARK_P53_PATHWAY,SFN,SFN,ortholog_one2one,1
HALLMARK_P53_PATHWAY,SLC19A2,SLC19A2,ortholog_one2one,1
HALLMARK_P53_PATHWAY,SLC35D1,SLC35D1,ortholog_one2one,1
HALLMARK_P53_PATHWAY,SLC3A2,SLC3A2,ortholog_one2one,1
HALLMARK_P53_PATHWAY,SLC7A11,SLC7A11,ortholog_one2one,1
HALLMARK_P53_PATHWAY,SOCS1,SOCS1,ortholog_one2one,1
HALLMARK_P53_PATHWAY,SP1,SP1,ortholog_one2one,1
HALLMARK_P53_PATHWAY,SPHK1,SPHK1,ortholog_one2one,1
HALLMARK_P53_PATHWAY,ST14,ST14,ortholog_one2one,1
HALLMARK_P53_PATHWAY,STEAP3,STEAP3,ortholog_one2one,1
HALLMARK_P53_PATHWAY,STOM,STOM,ortholog_one2one,1
HALLMARK_P53_PATHWAY,TAP1,TAP1,ortholog_one2one,1
HALLMARK_P53_PATHWAY,TCN2,TCN2,ortholog_one2one,1
HALLMARK_P53_PATHWAY,TGFA,TGFA,ortholog_one2one,1
HALLMARK_P53_PATHWAY,TGFB1,TGFB1,ortholog_one2one,1
HALLMARK_P53_PATHWAY,TM4SF1,TM4SF1,ortholog_one2one,1
HALLMARK_P53_PATHWAY,TM7SF3,TM7SF3,ortholog_one2one,1
HALLMARK_P53_PATHWAY,TNFSF9,TNFSF9,ortholog_one2one,1
HALLMARK_P53_PATHWAY,TNNI1,TNNI1,ortholog_one2one,1
HALLMARK_P53_PATHWAY,TOB1,TOB1,ortholog_one2one,1
HALLMARK_P53_PATHWAY,TP53,TP53,ortholog_one2one,1
HALLMARK_P53_PATHWAY,TP63,TP63,ortholog_one2one,1
HALLMARK_P53_PATHWAY,TPD52L1,TPD52L1,ortholog_one2one,1
HALLMARK_P53_PATHWAY,TPRKB,TPRKB,ortholog_one2one,1
HALLMARK_P53_PATHWAY,TRAF4,TRAF4,ortholog_one2one,1
HALLMARK_P53_PATHWAY,TRAFD1,TRAFD1,ortholog_one2one,1
HALLMARK_P53_PATHWAY,TRIAP1,TRIAP1,ortholog_one2one,1
HALLMARK_P53_PATHWAY,TRIB3,TRIB3,ortholog_one2one,1
HALLMARK_P53_PATHWAY,TSC22D1,TSC22D1,ortholog_one2one,1
HALLMARK_P53_PATHWAY,TSPYL2,TSPYL2,ortholog_one2one,1
HALLMARK_P53_PATHWAY,TXNIP,TXNIP,ortholog_one2one,1
HALLMARK_P53_PATHWAY,UPP1,UPP1,ortholog_one2one,1
HALLMARK_P53_PATHWAY,VAMP8,VAMP8,ortholog_one2one,1
HALLMARK_P53_PATHWAY,VDR,VDR,ortholog_one2one,1
HALLMARK_P53_PATHWAY,VWA5A,VWA5A,ortholog_one2one,1
HALLMARK_P53_PATHWAY,WRAP73,WRAP73,ortholog_one2one,1
HALLMARK_P53_PATHWAY,WWP1,WWP1,ortholog_one2one,1
HALLMARK_P53_PATHWAY,XPC,XPC,ortholog_one2one,1
HALLMARK_P53_PATHWAY,ZBTB16,ZBTB16,ortholog_one2one,1
HALLMARK_P53_PATHWAY,ZFP36L1,ZFP36L1,ortholog_one2one,1
HALLMARK_P53_PATHWAY,ZMAT3,ZMAT3,ortholog_one2one,1
HALLMARK_P53_PATHWAY,ZNF365,ZNF365,ortholog_one2one,1
HALLMARK_PANCREAS_BETA_CELLS,ABCC8,ABCC8,ortholog_one2one,1
HALLMARK_PANCREAS_BETA_CELLS,AKT3,AKT3,ortholog_one2one,1
HALLMARK_PANCREAS_BETA_CELLS,CHGA,CHGA,ortholog_one2one,1
HALLMARK_PANCREAS_BETA_CELLS,DCX,DCX,ortholog_one2one,1
HALLMARK_PANCREAS_BETA_CELLS,DPP4,DPP4,ortholog_one2one,1
HALLMARK_PANCREAS_BETA_CELLS,ELP4,ELP4,ortholog_one2one,1
HALLMARK_PANCREAS_BETA_CELLS,FOXA2,FOXA2,ortholog_one2one,1
HALLMARK_PANCREAS_BETA_CELLS,FOXO1,FOXO1,ortholog_one2one,1
HALLMARK_PANCREAS_BETA_CELLS,GCG,GCG,ortholog_one2one,1
HALLMARK_PANCREAS_BETA_CELLS,GCK,GCK,ortholog_one2one,1
HALLMARK_PANCREAS_BETA_CELLS,HNF1A,HNF1A,ortholog_one2one,1
HALLMARK_PANCREAS_BETA_CELLS,IAPP,IAPP,ortholog_one2one,1
HALLMARK_PANCREAS_BETA_CELLS,INS,INS,ortholog_one2one,1
HALLMARK_PANCREAS_BETA_CELLS,INSM1,INSM1,ortholog_one2one,1
HALLMARK_PANCREAS_BETA_CELLS,ISL1,ISL1,ortholog_one2one,1
HALLMARK_PANCREAS_BETA_CELLS,LMO2,LMO2,ortholog_one2one,1
HALLMARK_PANCREAS_BETA_CELLS,MAFB,MAFB,ortholog_one2one,1
HALLMARK_PANCREAS_BETA_CELLS,NEUROD1,NEUROD1,ortholog_one2one,1
HALLMARK_PANCREAS_BETA_CELLS,NEUROG3,NEUROG3,ortholog_one2one,1
HALLMARK_PANCREAS_BETA_CELLS,NKX2-2,NKX2-2,ortholog_one2one,1
HALLMARK_PANCREAS_BETA_CELLS,NKX6-1,NKX6-1,ortholog_one2one,1
HALLMARK_PANCREAS_BETA_CELLS,PAK3,PAK3,ortholog_one2one,1
HALLMARK_PANCREAS_BETA_CELLS,PAX4,PAX4,ortholog_one2one,1
HALLMARK_PANCREAS_BETA_CELLS,PAX6,PAX6,ortholog_one2one,1
HALLMARK_PANCREAS_BETA_CELLS,PCSK1,PCSK1,ortholog_one2one,1
HALLMARK_PANCREAS_BETA_CELLS,PCSK2,PCSK2,ortholog_one2one,1
HALLMARK_PANCREAS_BETA_CELLS,PDX1,PDX1,ortholog_one2one,1
HALLMARK_PANCREAS_BETA_CELLS,PKLR,PKLR,ortholog_one2one,1
HALLMARK_PANCREAS_BETA_CELLS,SCGN,SCGN,ortholog_one2one,1
HALLMARK_PANCREAS_BETA_CELLS,SEC11A,SEC11A,ortholog_one2one,1
HALLMARK_PANCREAS_BETA_CELLS,SLC2A2,SLC2A2,ortholog_one2one,1
HALLMARK_PANCREAS_BETA_CELLS,SPCS1,SPCS1,ortholog_one2one,1
HALLMARK_PANCREAS_BETA_CELLS,SRPRB,SRPRB,ortholog_one2one,1
HALLMARK_PANCREAS_BETA_CELLS,SST,SST,ortholog_one2one,1
HALLMARK_PANCREAS_BETA_CELLS,STXBP1,STXBP1,ortholog_one2one,1
HALLMARK_PANCREAS_BETA_CELLS,SYT13,SYT13,ortholog_one2one,1
HALLMARK_PANCREAS_BETA_CELLS,VDR,VDR,ortholog_one2one,1
HALLMARK_PEROXISOME,ABCB1,ABCB1,ortholog_one2one,1
HALLMARK_PEROXISOME,ABCB9,ABCB9,ortholog_one2one,1
HALLMARK_PEROXISOME,ABCC5,ABCC5,ortholog_one2one,1
HALLMARK_PEROXISOME,ABCC8,ABCC8,ortholog_one2one,1
HALLMARK_PEROXISOME,ABCD2,ABCD2,ortholog_one2one,1
HALLMARK_PEROXISOME,ABCD3,ABCD3,ortholog_one2one,1
HALLMARK_PEROXISOME,ACAA1,ACAA1,ortholog_one2one,1
HALLMARK_PEROXISOME,ACOT8,ACOT8,ortholog_one2one,1
HALLMARK_PEROXISOME,ACOX1,ACOX1,ortholog_one2one,1
HALLMARK_PEROXISOME,ACSL1,ACSL1,ortholog_one2one,1
HALLMARK_PEROXISOME,ACSL5,ACSL5,ortholog_one2one,1
HALLMARK_PEROXISOME,ALB,ALB,ortholog_one2one,1
HALLMARK_PEROXISOME,ALDH1A1,ALDH1A1,ortholog_one2one,1
HALLMARK_PEROXISOME,ALDH9A1,ALDH9A1,ortholog_one2one,1
HALLMARK_PEROXISOME,ATXN1,ATXN1,ortholog_one2one,1
HALLMARK_PEROXISOME,BCL10,BCL10,ortholog_one2one,1
HALLMARK_PEROXISOME,CACNA1B,CACNA1B,ortholog_one2one,1
HALLMARK_PEROXISOME,CADM1,CADM1,ortholog_one2one,1
HALLMARK_PEROXISOME,CAT,CAT,ortholog_one2one,1
HALLMARK_PEROXISOME,CDK7,CDK7,ortholog_one2one,1
HALLMARK_PEROXISOME,CEL,CEL,ortholog_one2one,1
HALLMARK_PEROXISOME,CLN6,CLN6,ortholog_one2one,1
HALLMARK_PEROXISOME,CLN8,CLN8,ortholog_one2one,1
HALLMARK_PEROXISOME,CNBP,CNBP,ortholog_one2one,1
HALLMARK_PEROXISOME,CRABP1,CRABP1,ortholog_one2one,1
HALLMARK_PEROXISOME,CRABP2,CRABP2,ortholog_one2one,1
HALLMARK_PEROXISOME,CRAT,CRAT,ortholog_one2one,1
HALLMARK_PEROXISOME,CTBP1,CTBP1,ortholog_one2one,1
HALLMARK_PEROXISOME,CTPS1,CTPS1,ortholog_one2one,1
HALLMARK_PEROXISOME,DHCR24,DHCR24,ortholog_one2one,1
HALLMARK_PEROXISOME,DHRS3,DHRS3,ortholog_one2one,1
HALLMARK_PEROXISOME,DLG4,DLG4,ortholog_one2one,1
HALLMARK_PEROXISOME,ECH1,ECH1,ortholog_one2one,1
HALLMARK_PEROXISOME,ECI2,ECI2,ortholog_one2one,1
HALLMARK_PEROXISOME,EHHADH,EHHADH,ortholog_one2one,1
HALLMARK_PEROXISOME,ELOVL5,ELOVL5,ortholog_one2one,1
HALLMARK_PEROXISOME,EPHX2,EPHX2,ortholog_one2one,1
HALLMARK_PEROXISOME,ERCC1,ERCC1,ortholog_one2one,1
HALLMARK_PEROXISOME,ERCC3,ERCC3,ortholog_one2one,1
HALLMARK_PEROXISOME,ESR2,ESR2,ortholog_one2one,1
HALLMARK_PEROXISOME,FABP6,FABP6,ortholog_one2one,1
HALLMARK_PEROXISOME,FADS1,FADS1,ortholog_one2one,1
HALLMARK_PEROXISOME,FIS1,FIS1,ortholog_one2one,1
HALLMARK_PEROXISOME,GNPAT,GNPAT,ortholog_one2one,1
HALLMARK_PEROXISOME,GSTK1,GSTK1,ortholog_one2one,1
HALLMARK_PEROXISOME,HAO2,HAO2,ortholog_one2one,1
HALLMARK_PEROXISOME,HMGCL,HMGCL,ortholog_one2one,1
HALLMARK_PEROXISOME,HRAS,HRAS,ortholog_one2one,1
HALLMARK_PEROXISOME,HSD11B2,HSD11B2,ortholog_one2one,1
HALLMARK_PEROXISOME,HSD17B11,HSD17B11,ortholog_one2one,1
HALLMARK_PEROXISOME,HSD17B4,HSD17B4,ortholog_one2one,1
HALLMARK_PEROXISOME,HSD3B7,HSD3B7,ortholog_one2one,1
HALLMARK_PEROXISOME,IDE,IDE,ortholog_one2one,1
HALLMARK_PEROXISOME,IDH1,IDH1,ortholog_one2one,1
HALLMARK_PEROXISOME,IDH2,IDH2,ortholog_one2one,1
HALLMARK_PEROXISOME,IDI1,IDI1,ortholog_one2one,1
HALLMARK_PEROXISOME,ISOC1,ISOC1,ortholog_one2one,1
HALLMARK_PEROXISOME,ITGB1BP1,ITGB1BP1,ortholog_one2one,1
HALLMARK_PEROXISOME,LONP2,LONP2,ortholog_one2one,1
HALLMARK_PEROXISOME,MLYCD,MLYCD,ortholog_one2one,1
HALLMARK_PEROXISOME,MSH2,MSH2,ortholog_one2one,1
HALLMARK_PEROXISOME,MVP,MVP,ortholog_one2one,1
HALLMARK_PEROXISOME,NR1I2,NR1I2,ortholog_one2one,1
HALLMARK_PEROXISOME,NUDT19,NUDT19,ortholog_one2one,1
HALLMARK_PEROXISOME,PABPC1,PABPC1,ortholog_one2one,1
HALLMARK_PEROXISOME,PEX11A,PEX11A,ortholog_one2one,1
HALLMARK_PEROXISOME,PEX11B,PEX11B,ortholog_one2one,1
HALLMARK_PEROXISOME,PEX13,PEX13,ortholog_one2one,1
HALLMARK_PEROXISOME,PEX14,PEX14,ortholog_one2one,1
HALLMARK_PEROXISOME,PEX2,PEX2,ortholog_one2one,1
HALLMARK_PEROXISOME,PEX5,PEX5,ortholog_one2one,1
HALLMARK_PEROXISOME,PEX6,PEX6,ortholog_one2one,1
HALLMARK_PEROXISOME,PRDX1,PRDX1,ortholog_one2one,1
HALLMARK_PEROXISOME,PRDX5,PRDX5,ortholog_one2one,1
HALLMARK_PEROXISOME,RDH11,RDH11,ortholog_one2one,1
HALLMARK_PEROXISOME,RETSAT,RETSAT,ortholog_one2one,1
HALLMARK_PEROXISOME,RXRG,RXRG,ortholog_one2one,1
HALLMARK_PEROXISOME,SCGB1A1,SCGB1A1,ortholog_one2one,1
HALLMARK_PEROXISOME,SCP2,SCP2,ortholog_one2one,1
HALLMARK_PEROXISOME,SEMA3C,SEMA3C,ortholog_one2one,1
HALLMARK_PEROXISOME,SERPINA6,SERPINA6,ortholog_one2one,1
HALLMARK_PEROXISOME,SIAH1,SIAH1,ortholog_one2one,1
HALLMARK_PEROXISOME,SLC23A2,SLC23A2,ortholog_one2one,1
HALLMARK_PEROXISOME,SLC25A17,SLC25A17,ortholog_one2one,1
HALLMARK_PEROXISOME,SLC25A19,SLC25A19,ortholog_one2one,1
HALLMARK_PEROXISOME,SLC25A4,SLC25A4,ortholog_one2one,1
HALLMARK_PEROXISOME,SLC27A2,SLC27A2,ortholog_one2one,1
HALLMARK_PEROXISOME,SLC35B2,SLC35B2,ortholog_one2one,1
HALLMARK_PEROXISOME,SMARCC1,SMARCC1,ortholog_one2one,1
HALLMARK_PEROXISOME,SOD2,SOD2,ortholog_one2one,1
HALLMARK_PEROXISOME,STS,STS,ortholog_one2one,1
HALLMARK_PEROXISOME,SULT2B1,SULT2B1,ortholog_one2one,1
HALLMARK_PEROXISOME,TOP2A,TOP2A,ortholog_one2one,1
HALLMARK_PEROXISOME,TSPO,TSPO,ortholog_one2one,1
HALLMARK_PEROXISOME,TTR,TTR,ortholog_one2one,1
HALLMARK_PEROXISOME,VPS4B,VPS4B,ortholog_one2one,1
HALLMARK_PEROXISOME,YWHAH,YWHAH,ortholog_one2one,1
HALLMARK_PI3K_AKT_MTOR_SIGNALING,ACACA,ACACA,ortholog_one2one,1
HALLMARK_PI3K_AKT_MTOR_SIGNALING,ACTR2,ACTR2,ortholog_one2one,1
HALLMARK_PI3K_AKT_MTOR_SIGNALING,ACTR3,ACTR3,ortholog_one2one,1
HALLMARK_PI3K_AKT_MTOR_SIGNALING,ADCY2,ADCY2,ortholog_one2one,1
HALLMARK_PI3K_AKT_MTOR_SIGNALING,AKT1,AKT1,ortholog_one2one,1
HALLMARK_PI3K_AKT_MTOR_SIGNALING,AKT1S1,AKT1S1,ortholog_one2one,1
HALLMARK_PI3K_AKT_MTOR_SIGNALING,AP2M1,AP2M1,ortholog_one2one,1
HALLMARK_PI3K_AKT_MTOR_SIGNALING,ARF1,ARF1,ortholog_one2one,1
HALLMARK_PI3K_AKT_MTOR_SIGNALING,ARHGDIA,ARHGDIA,ortholog_one2one,1
HALLMARK_PI3K_AKT_MTOR_SIGNALING,ATF1,ATF1,ortholog_one2one,1
HALLMARK_PI3K_AKT_MTOR_SIGNALING,CAB39,CAB39,ortholog_one2one,1
HALLMARK_PI3K_AKT_MTOR_SIGNALING,CAB39L,CAB39L,ortholog_one2one,1
HALLMARK_PI3K_AKT_MTOR_SIGNALING,CALR,CALR,ortholog_one2one,1
HALLMARK_PI3K_AKT_MTOR_SIGNALING,CAMK4,CAMK4,ortholog_one2one,1
HALLMARK_PI3K_AKT_MTOR_SIGNALING,CDK2,CDK2,ortholog_one2one,1
HALLMARK_PI3K_AKT_MTOR_SIGNALING,CDK4,CDK4,ortholog_one2one,1
HALLMARK_PI3K_AKT_MTOR_SIGNALING,CDKN1A,CDKN1A,ortholog_one2one,1
HALLMARK_PI3K_AKT_MTOR_SIGNALING,CDKN1B,CDKN1B,ortholog_one2one,1
HALLMARK_PI3K_AKT_MTOR_SIGNALING,CLTC,CLTC,ortholog_one2one,1
HALLMARK_PI3K_AKT_MTOR_SIGNALING,CSNK2B,CSNK2B,ortholog_one2one,1
HALLMARK_PI3K_AKT_MTOR_SIGNALING,CXCR4,CXCR4,ortholog_one2one,1
HALLMARK_PI3K_AKT_MTOR_SIGNALING,DAPP1,DAPP1,ortholog_one2one,1
HALLMARK_PI3K_AKT_MTOR_SIGNALING,DDIT3,DDIT3,ortholog_one2one,1
HALLMARK_PI3K_AKT_MTOR_SIGNALING,DUSP3,DUSP3,ortholog_one2one,1
HALLMARK_PI3K_AKT_MTOR_SIGNALING,E2F1,E2F1,ortholog_one2one,1
HALLMARK_PI3K_AKT_MTOR_SIGNALING,ECSIT,ECSIT,ortholog_one2one,1
HALLMARK_PI3K_AKT_MTOR_SIGNALING,EGFR,EGFR,ortholog_one2one,1
HALLMARK_PI3K_AKT_MTOR_SIGNALING,EIF4E,EIF4E,ortholog_one2one,1
HALLMARK_PI3K_AKT_MTOR_SIGNALING,FASLG,FASLG,ortholog_one2one,1
HALLMARK_PI3K_AKT_MTOR_SIGNALING,FGF17,FGF17,ortholog_one2one,1
HALLMARK_PI3K_AKT_MTOR_SIGNALING,FGF22,FGF22,ortholog_one2one,1
HALLMARK_PI3K_AKT_MTOR_SIGNALING,FGF6,FGF6,ortholog_one2one,1
HALLMARK_PI3K_AKT_MTOR_SIGNALING,GNA14,GNA14,ortholog_one2one,1
HALLMARK_PI3K_AKT_MTOR_SIGNALING,GNGT1,GNGT1,ortholog_one2one,1
HALLMARK_PI3K_AKT_MTOR_SIGNALING,GRB2,GRB2,ortholog_one2one,1
HALLMARK_PI3K_AKT_MTOR_SIGNALING,GRK2,GRK2,ortholog_one2one,1
HALLMARK_PI3K_AKT_MTOR_SIGNALING,GSK3B,GSK3B,ortholog_one2one,1
HALLMARK_PI3K_AKT_MTOR_SIGNALING,HRAS,HRAS,ortholog_one2one,1
HALLMARK_PI3K_AKT_MTOR_SIGNALING,HSP90B1,HSP90B1,ortholog_one2one,1
HALLMARK_PI3K_AKT_MTOR_SIGNALING,IL2RG,IL2RG,ortholog_one2one,1
HALLMARK_PI3K_AKT_MTOR_SIGNALING,IL4,IL4,ortholog_one2one,1
HALLMARK_PI3K_AKT_MTOR_SIGNALING,IRAK4,IRAK4,ortholog_one2one,1
HALLMARK_PI3K_AKT_MTOR_SIGNALING,ITPR2,ITPR2,ortholog_one2one,1
HALLMARK_PI3K_AKT_MTOR_SIGNALING,LCK,LCK,ortholog_one2one,1
HALLMARK_PI3K_AKT_MTOR_SIGNALING,MAP2K3,MAP2K3,ortholog_one2one,1
HALLMARK_PI3K_AKT_MTOR_SIGNALING,MAP2K6,MAP2K6,ortholog_one2one,1
HALLMARK_PI3K_AKT_MTOR_SIGNALING,MAP3K7,MAP3K7,ortholog_one2one,1
HALLMARK_PI3K_AKT_MTOR_SIGNALING,MAPK1,MAPK1,ortholog_one2one,1
HALLMARK_PI3K_AKT_MTOR_SIGNALING,MAPK10,MAPK10,ortholog_one2one,1
HALLMARK_PI3K_AKT_MTOR_SIGNALING,MAPK8,MAPK8,ortholog_one2one,1
HALLMARK_PI3K_AKT_MTOR_SIGNALING,MAPK9,MAPK9,ortholog_one2one,1
HALLMARK_PI3K_AKT_MTOR_SIGNALING,MAPKAP1,MAPKAP1,ortholog_one2one,1
HALLMARK_PI3K_AKT_MTOR_SIGNALING,MKNK1,MKNK1,ortholog_one2one,1
HALLMARK_PI3K_AKT_MTOR_SIGNALING,MKNK2,MKNK2,ortholog_one2one,1
HALLMARK_PI3K_AKT_MTOR_SIGNALING,MYD88,MYD88,ortholog_one2one,1
HALLMARK_PI3K_AKT_MTOR_SIGNALING,NCK1,NCK1,ortholog_one2one,1
HALLMARK_PI3K_AKT_MTOR_SIGNALING,NFKBIB,NFKBIB,ortholog_one2one,1
HALLMARK_PI3K_AKT_MTOR_SIGNALING,NGF,NGF,ortholog_one2one,1
HALLMARK_PI3K_AKT_MTOR_SIGNALING,NOD1,NOD1,ortholog_one2one,1
HALLMARK_PI3K_AKT_MTOR_SIGNALING,PAK4,PAK4,ortholog_one2one,1
HALLMARK_PI3K_AKT_MTOR_SIGNALING,PDK1,PDK1,ortholog_one2one,1
HALLMARK_PI3K_AKT_MTOR_SIGNALING,PFN1,PFN1,ortholog_one2one,1
HALLMARK_PI3K_AKT_MTOR_SIGNALING,PIK3R3,PIK3R3,ortholog_one2one,1
HALLMARK_PI3K_AKT_MTOR_SIGNALING,PIKFYVE,PIKFYVE,ortholog_one2one,1
HALLMARK_PI3K_AKT_MTOR_SIGNALING,PIN1,PIN1,ortholog_one2one,1
HALLMARK_PI3K_AKT_MTOR_SIGNALING,PITX2,PITX2,ortholog_one2one,1
HALLMARK_PI3K_AKT_MTOR_SIGNALING,PLA2G12A,PLA2G12A,ortholog_one2one,1
HALLMARK_PI3K_AKT_MTOR_SIGNALING,PLCB1,PLCB1,ortholog_one2one,1
HALLMARK_PI3K_AKT_MTOR_SIGNALING,PLCG1,PLCG1,ortholog_one2one,1
HALLMARK_PI3K_AKT_MTOR_SIGNALING,PPP1CA,PPP1CA,ortholog_one2one,1
HALLMARK_PI3K_AKT_MTOR_SIGNALING,PPP2R1B,PPP2R1B,ortholog_one2one,1
HALLMARK_PI3K_AKT_MTOR_SIGNALING,PRKAA2,PRKAA2,ortholog_one2one,1
HALLMARK_PI3K_AKT_MTOR_SIGNALING,PRKAG1,PRKAG1,ortholog_one2one,1
HALLMARK_PI3K_AKT_MTOR_SIGNALING,PRKAR2A,PRKAR2A,ortholog_one2one,1
HALLMARK_PI3K_AKT_MTOR_SIGNALING,PRKCB,PRKCB,ortholog_one2one,1
HALLMARK_PI3K_AKT_MTOR_SIGNALING,PTEN,PTEN,ortholog_one2one,1
HALLMARK_PI3K_AKT_MTOR_SIGNALING,PTPN11,PTPN11,ortholog_one2one,1
HALLMARK_PI3K_AKT_MTOR_SIGNALING,RAF1,RAF1,ortholog_one2one,1
HALLMARK_PI3K_AKT_MTOR_SIGNALING,RALB,RALB,ortholog_one2one,1
HALLMARK_PI3K_AKT_MTOR_SIGNALING,RIPK1,RIPK1,ortholog_one2one,1
HALLMARK_PI3K_AKT_MTOR_SIGNALING,RIT1,RIT1,ortholog_one2one,1
HALLMARK_PI3K_AKT_MTOR_SIGNALING,RPS6KA1,RPS6KA1,ortholog_one2one,1
HALLMARK_PI3K_AKT_MTOR_SIGNALING,RPS6KA3,RPS6KA3,ortholog_one2one,1
HALLMARK_PI3K_AKT_MTOR_SIGNALING,RPTOR,RPTOR,ortholog_one2one,1
HALLMARK_PI3K_AKT_MTOR_SIGNALING,SFN,SFN,ortholog_one2one,1
HALLMARK_PI3K_AKT_MTOR_SIGNALING,SLA,SLA,ortholog_one2one,1
HALLMARK_PI3K_AKT_MTOR_SIGNALING,SLC2A1,SLC2A1,ortholog_one2one,1
HALLMARK_PI3K_AKT_MTOR_SIGNALING,SMAD2,SMAD2,ortholog_one2one,1
HALLMARK_PI3K_AKT_MTOR_SIGNALING,SQSTM1,SQSTM1,ortholog_one2one,1
HALLMARK_PI3K_AKT_MTOR_SIGNALING,STAT2,STAT2,ortholog_one2one,1
HALLMARK_PI3K_AKT_MTOR_SIGNALING,TBK1,TBK1,ortholog_one2one,1
HALLMARK_PI3K_AKT_MTOR_SIGNALING,THEM4,THEM4,ortholog_one2one,1
HALLMARK_PI3K_AKT_MTOR_SIGNALING,TIAM1,TIAM1,ortholog_one2one,1
HALLMARK_PI3K_AKT_MTOR_SIGNALING,TNFRSF1A,TNFRSF1A,ortholog_one2one,1
HALLMARK_PI3K_AKT_MTOR_SIGNALING,TRAF2,TRAF2,ortholog_one2one,1
HALLMARK_PI3K_AKT_MTOR_SIGNALING,TRIB3,TRIB3,ortholog_one2one,1
HALLMARK_PI3K_AKT_MTOR_SIGNALING,TSC2,TSC2,ortholog_one2one,1
HALLMARK_PI3K_AKT_MTOR_SIGNALING,VAV3,VAV3,ortholog_one2one,1
HALLMARK_PI3K_AKT_MTOR_SIGNALING,YWHAB,YWHAB,ortholog_one2one,1
HALLMARK_PROTEIN_SECRETION,ABCA1,ABCA1,ortholog_one2one,1
HALLMARK_PROTEIN_SECRETION,ADAM10,ADAM10,ortholog_one2one,1
HALLMARK_PROTEIN_SECRETION,ANP32E,ANP32E,ortholog_one2one,1
HALLMARK_PROTEIN_SECRETION,AP1G1,AP1G1,ortholog_one2one,1
HALLMARK_PROTEIN_SECRETION,AP2B1,AP2B1,ortholog_one2one,1
HALLMARK_PROTEIN_SECRETION,AP2M1,AP2M1,ortholog_one2one,1
HALLMARK_PROTEIN_SECRETION,AP3B1,AP3B1,ortholog_one2one,1
HALLMARK_PROTEIN_SECRETION,AP3S1,AP3S1,ortholog_one2one,1
HALLMARK_PROTEIN_SECRETION,ARCN1,ARCN1,ortholog_one2one,1
HALLMARK_PROTEIN_SECRETION,ARF1,ARF1,ortholog_one2one,1
HALLMARK_PROTEIN_SECRETION,ARFGAP3,ARFGAP3,ortholog_one2one,1
HALLMARK_PROTEIN_SECRETION,ARFGEF1,ARFGEF1,ortholog_one2one,1
HALLMARK_PROTEIN_SECRETION,ARFGEF2,ARFGEF2,ortholog_one2one,1
HALLMARK_PROTEIN_SECRETION,ARFIP1,ARFIP1,ortholog_one2one,1
HALLMARK_PROTEIN_SECRETION,ATP1A1,ATP1A1,ortholog_one2one,1
HALLMARK_PROTEIN_SECRETION,ATP6V1B1,ATP6V1B1,ortholog_one2one,1
HALLMARK_PROTEIN_SECRETION,ATP6V1H,ATP6V1H,ortholog_one2one,1
HALLMARK_PROTEIN_SECRETION,ATP7A,ATP7A,ortholog_one2one,1
HALLMARK_PROTEIN_SECRETION,BET1,BET1,ortholog_one2one,1
HALLMARK_PROTEIN_SECRETION,BNIP3,BNIP3,ortholog_one2one,1
HALLMARK_PROTEIN_SECRETION,CAV2,CAV2,ortholog_one2one,1
HALLMARK_PROTEIN_SECRETION,CD63,CD63,ortholog_one2one,1
HALLMARK_PROTEIN_SECRETION,CLCN3,CLCN3,ortholog_one2one,1
HALLMARK_PROTEIN_SECRETION,CLN5,CLN5,ortholog_one2one,1
HALLMARK_PROTEIN_SECRETION,CLTA,CLTA,ortholog_one2one,1
HALLMARK_PROTEIN_SECRETION,CLTC,CLTC,ortholog_one2one,1
HALLMARK_PROTEIN_SECRETION,COG2,COG2,ortholog_one2one,1
HALLMARK_PROTEIN_SECRETION,COPB1,COPB1,ortholog_one2one,1
HALLMARK_PROTEIN_SECRETION,COPB2,COPB2,ortholog_one2one,1
HALLMARK_PROTEIN_SECRETION,COPE,COPE,ortholog_one2one,1
HALLMARK_PROTEIN_SECRETION,CTSC,CTSC,ortholog_one2one,1
HALLMARK_PROTEIN_SECRETION,DNM1L,DNM1L,ortholog_one2one,1
HALLMARK_PROTEIN_SECRETION,DOP1A,DOP1A,ortholog_one2one,1
HALLMARK_PROTEIN_SECRETION,DST,DST,ortholog_one2one,1
HALLMARK_PROTEIN_SECRETION,EGFR,EGFR,ortholog_one2one,1
HALLMARK_PROTEIN_SECRETION,GALC,GALC,ortholog_one2one,1
HALLMARK_PROTEIN_SECRETION,GBF1,GBF1,ortholog_one2one,1
HALLMARK_PROTEIN_SECRETION,GLA,GLA,ortholog_one2one,1
HALLMARK_PROTEIN_SECRETION,GNAS,GNAS,ortholog_one2one,1
HALLMARK_PROTEIN_SECRETION,GOLGA4,GOLGA4,ortholog_one2one,1
HALLMARK_PROTEIN_SECRETION,GOSR2,GOSR2,ortholog_one2one,1
HALLMARK_PROTEIN_SECRETION,ICA1,ICA1,ortholog_one2one,1
HALLMARK_PROTEIN_SECRETION,IGF2R,IGF2R,ortholog_one2one,1
HALLMARK_PROTEIN_SECRETION,KIF1B,KIF1B,ortholog_one2one,1
HALLMARK_PROTEIN_SECRETION,LAMP2,LAMP2,ortholog_one2one,1
HALLMARK_PROTEIN_SECRETION,LMAN1,LMAN1,ortholog_one2one,1
HALLMARK_PROTEIN_SECRETION,M6PR,M6PR,ortholog_one2one,1
HALLMARK_PROTEIN_SECRETION,MAPK1,MAPK1,ortholog_one2one,1
HALLMARK_PROTEIN_SECRETION,MON2,MON2,ortholog_one2one,1
HALLMARK_PROTEIN_SECRETION,NAPA,NAPA,ortholog_one2one,1
HALLMARK_PROTEIN_SECRETION,NAPG,NAPG,ortholog_one2one,1
HALLMARK_PROTEIN_SECRETION,OCRL,OCRL,ortholog_one2one,1
HALLMARK_PROTEIN_SECRETION,PAM,PAM,ortholog_one2one,1
HALLMARK_PROTEIN_SECRETION,PPT1,PPT1,ortholog_one2one,1
HALLMARK_PROTEIN_SECRETION,RAB14,RAB14,ortholog_one2one,1
HALLMARK_PROTEIN_SECRETION,RAB22A,RAB22A,ortholog_one2one,1
HALLMARK_PROTEIN_SECRETION,RAB2A,RAB2A,ortholog_one2one,1
HALLMARK_PROTEIN_SECRETION,RAB5A,RAB5A,ortholog_one2one,1
HALLMARK_PROTEIN_SECRETION,RAB9A,RAB9A,ortholog_one2one,1
HALLMARK_PROTEIN_SECRETION,RER1,RER1,ortholog_one2one,1
HALLMARK_PROTEIN_SECRETION,RPS6KA3,RPS6KA3,ortholog_one2one,1
HALLMARK_PROTEIN_SECRETION,SCAMP1,SCAMP1,ortholog_one2one,1
HALLMARK_PROTEIN_SECRETION,SCAMP3,SCAMP3,ortholog_one2one,1
HALLMARK_PROTEIN_SECRETION,SCRN1,SCRN1,ortholog_one2one,1
HALLMARK_PROTEIN_SECRETION,SEC22B,SEC22B,ortholog_one2one,1
HALLMARK_PROTEIN_SECRETION,SEC24D,SEC24D,ortholog_one2one,1
HALLMARK_PROTEIN_SECRETION,SEC31A,SEC31A,ortholog_one2one,1
HALLMARK_PROTEIN_SECRETION,SGMS1,SGMS1,ortholog_one2one,1
HALLMARK_PROTEIN_SECRETION,SH3GL2,SH3GL2,ortholog_one2one,1
HALLMARK_PROTEIN_SECRETION,SNAP23,SNAP23,ortholog_one2one,1
HALLMARK_PROTEIN_SECRETION,SNX2,SNX2,ortholog_one2one,1
HALLMARK_PROTEIN_SECRETION,SSPN,SSPN,ortholog_one2one,1
HALLMARK_PROTEIN_SECRETION,STAM,STAM,ortholog_one2one,1
HALLMARK_PROTEIN_SECRETION,STX12,STX12,ortholog_one2one,1
HALLMARK_PROTEIN_SECRETION,STX16,STX16,ortholog_one2one,1
HALLMARK_PROTEIN_SECRETION,STX7,STX7,ortholog_one2one,1
HALLMARK_PROTEIN_SECRETION,TMED10,TMED10,ortholog_one2one,1
HALLMARK_PROTEIN_SECRETION,TMED2,TMED2,ortholog_one2one,1
HALLMARK_PROTEIN_SECRETION,TMX1,TMX1,ortholog_one2one,1
HALLMARK_PROTEIN_SECRETION,TOM1L1,TOM1L1,ortholog_one2one,1
HALLMARK_PROTEIN_SECRETION,TPD52,TPD52,ortholog_one2one,1
HALLMARK_PROTEIN_SECRETION,TSG101,TSG101,ortholog_one2one,1
HALLMARK_PROTEIN_SECRETION,TSPAN8,TSPAN8,ortholog_one2one,1
HALLMARK_PROTEIN_SECRETION,USO1,USO1,ortholog_one2one,1
HALLMARK_PROTEIN_SECRETION,VAMP3,VAMP3,ortholog_one2one,1
HALLMARK_PROTEIN_SECRETION,VAMP4,VAMP4,ortholog_one2one,1
HALLMARK_PROTEIN_SECRETION,VAMP7,VAMP7,ortholog_one2one,1
HALLMARK_PROTEIN_SECRETION,VPS45,VPS45,ortholog_one2one,1
HALLMARK_PROTEIN_SECRETION,VPS4B,VPS4B,ortholog_one2one,1
HALLMARK_PROTEIN_SECRETION,YIPF6,YIPF6,ortholog_one2one,1
HALLMARK_PROTEIN_SECRETION,YKT6,YKT6,ortholog_one2one,1
HALLMARK_PROTEIN_SECRETION,ZW10,ZW10,ortholog_one2one,1
HALLMARK_REACTIVE_OXYGEN_SPECIES_PATHWAY,ABCC1,ABCC1,ortholog_one2one,1
HALLMARK_REACTIVE_OXYGEN_SPECIES_PATHWAY,CAT,CAT,ortholog_one2one,1
HALLMARK_REACTIVE_OXYGEN_SPECIES_PATHWAY,CDKN2D,CDKN2D,ortholog_one2one,1
HALLMARK_REACTIVE_OXYGEN_SPECIES_PATHWAY,EGLN2,EGLN2,ortholog_one2one,1
HALLMARK_REACTIVE_OXYGEN_SPECIES_PATHWAY,ERCC2,ERCC2,ortholog_one2one,1
HALLMARK_REACTIVE_OXYGEN_SPECIES_PATHWAY,FES,FES,ortholog_one2one,1
HALLMARK_REACTIVE_OXYGEN_SPECIES_PATHWAY,FTL,FTL,ortholog_one2one,1
HALLMARK_REACTIVE_OXYGEN_SPECIES_PATHWAY,G6PD,G6PD,ortholog_one2one,1
HALLMARK_REACTIVE_OXYGEN_SPECIES_PATHWAY,GCLC,GCLC,ortholog_one2one,1
HALLMARK_REACTIVE_OXYGEN_SPECIES_PATHWAY,GCLM,GCLM,ortholog_one2one,1
HALLMARK_REACTIVE_OXYGEN_SPECIES_PATHWAY,GLRX,GLRX,ortholog_one2one,1
HALLMARK_REACTIVE_OXYGEN_SPECIES_PATHWAY,GLRX2,GLRX2,ortholog_one2one,1
HALLMARK_REACTIVE_OXYGEN_SPECIES_PATHWAY,GSR,GSR,ortholog_one2one,1
HALLMARK_REACTIVE_OXYGEN_SPECIES_PATHWAY,HHEX,HHEX,ortholog_one2one,1
HALLMARK_REACTIVE_OXYGEN_SPECIES_PATHWAY,IPCEF1,IPCEF1,ortholog_one2one,1
HALLMARK_REACTIVE_OXYGEN_SPECIES_PATHWAY,JUNB,JUNB,ortholog_one2one,1
HALLMARK_REACTIVE_OXYGEN_SPECIES_PATHWAY,LSP1,LSP1,ortholog_one2one,1
HALLMARK_REACTIVE_OXYGEN_SPECIES_PATHWAY,MBP,MBP,ortholog_one2one,1
HALLMARK_REACTIVE_OXYGEN_SPECIES_PATHWAY,MGST1,MGST1,ortholog_one2one,1
HALLMARK_REACTIVE_OXYGEN_SPECIES_PATHWAY,MPO,MPO,ortholog_one2one,1
HALLMARK_REACTIVE_OXYGEN_SPECIES_PATHWAY,MSRA,MSRA,ortholog_one2one,1
HALLMARK_REACTIVE_OXYGEN_SPECIES_PATHWAY,NDUFA6,NDUFA6,ortholog_one2one,1
HALLMARK_REACTIVE_OXYGEN_SPECIES_PATHWAY,NDUFS2,NDUFS2,ortholog_one2one,1
HALLMARK_REACTIVE_OXYGEN_SPECIES_PATHWAY,NQO1,NQO1,ortholog_one2one,1
HALLMARK_REACTIVE_OXYGEN_SPECIES_PATHWAY,OXSR1,OXSR1,ortholog_one2one,1
HALLMARK_REACTIVE_OXYGEN_SPECIES_PATHWAY,PDLIM1,PDLIM1,ortholog_one2one,1
HALLMARK_REACTIVE_OXYGEN_SPECIES_PATHWAY,PFKP,PFKP,ortholog_one2one,1
HALLMARK_REACTIVE_OXYGEN_SPECIES_PATHWAY,PRDX1,PRDX1,ortholog_one2one,1
HALLMARK_REACTIVE_OXYGEN_SPECIES_PATHWAY,PRDX2,PRDX2,ortholog_one2one,1
HALLMARK_REACTIVE_OXYGEN_SPECIES_PATHWAY,PRDX4,PRDX4,ortholog_one2one,1
HALLMARK_REACTIVE_OXYGEN_SPECIES_PATHWAY,PRDX6,PRDX6,ortholog_one2one,1
HALLMARK_REACTIVE_OXYGEN_SPECIES_PATHWAY,PRNP,PRNP,ortholog_one2one,1
HALLMARK_REACTIVE_OXYGEN_SPECIES_PATHWAY,PTPA,PTPA,ortholog_one2one,1
HALLMARK_REACTIVE_OXYGEN_SPECIES_PATHWAY,SBNO2,SBNO2,ortholog_one2one,1
HALLMARK_REACTIVE_OXYGEN_SPECIES_PATHWAY,SCAF4,SCAF4,ortholog_one2one,1
HALLMARK_REACTIVE_OXYGEN_SPECIES_PATHWAY,SELENOS,SELENOS,ortholog_one2one,1
HALLMARK_REACTIVE_OXYGEN_SPECIES_PATHWAY,SOD2,SOD2,ortholog_one2one,1
HALLMARK_REACTIVE_OXYGEN_SPECIES_PATHWAY,STK25,STK25,ortholog_one2one,1
HALLMARK_REACTIVE_OXYGEN_SPECIES_PATHWAY,TXNRD1,TXNRD1,ortholog_one2one,1
HALLMARK_REACTIVE_OXYGEN_SPECIES_PATHWAY,TXNRD2,TXNRD2,ortholog_one2one,1
HALLMARK_SPERMATOGENESIS,ACE,ACE,ortholog_one2one,1
HALLMARK_SPERMATOGENESIS,ACRBP,ACRBP,ortholog_one2one,1
HALLMARK_SPERMATOGENESIS,ACRV1,ACRV1,ortholog_one2one,1
HALLMARK_SPERMATOGENESIS,ACTL7B,ACTL7B,ortholog_one2one,1
HALLMARK_SPERMATOGENESIS,ADAD1,ADAD1,ortholog_one2one,1
HALLMARK_SPERMATOGENESIS,ADAM2,ADAM2,ortholog_one2one,1
HALLMARK_SPERMATOGENESIS,AGFG1,AGFG1,ortholog_one2one,1
HALLMARK_SPERMATOGENESIS,AKAP4,AKAP4,ortholog_one2one,1
HALLMARK_SPERMATOGENESIS,ALOX15,ALOX15,ortholog_one2one,1
HALLMARK_SPERMATOGENESIS,ART3,ART3,ortholog_one2one,1
HALLMARK_SPERMATOGENESIS,AURKA,AURKA,ortholog_one2one,1
HALLMARK_SPERMATOGENESIS,BRAF,BRAF,ortholog_one2one,1
HALLMARK_SPERMATOGENESIS,BUB1,BUB1,ortholog_one2one,1
HALLMARK_SPERMATOGENESIS,CAMK4,CAMK4,ortholog_one2one,1
HALLMARK_SPERMATOGENESIS,CCNA1,CCNA1,ortholog_one2one,1
HALLMARK_SPERMATOGENESIS,CCNB2,CCNB2,ortholog_one2one,1
HALLMARK_SPERMATOGENESIS,CCT6B,CCT6B,ortholog_one2one,1
HALLMARK_SPERMATOGENESIS,CDKN3,CDKN3,ortholog_one2one,1
HALLMARK_SPERMATOGENESIS,CHFR,CHFR,ortholog_one2one,1
HALLMARK_SPERMATOGENESIS,CHRM4,CHRM4,ortholog_one2one,1
HALLMARK_SPERMATOGENESIS,CLGN,CLGN,ortholog_one2one,1
HALLMARK_SPERMATOGENESIS,CLPB,CLPB,ortholog_one2one,1
HALLMARK_SPERMATOGENESIS,CLVS1,CLVS1,ortholog_one2one,1
HALLMARK_SPERMATOGENESIS,CNIH2,CNIH2,ortholog_one2one,1
HALLMARK_SPERMATOGENESIS,COIL,COIL,ortholog_one2one,1
HALLMARK_SPERMATOGENESIS,CRISP2,CRISP2,ortholog_one2one,1
HALLMARK_SPERMATOGENESIS,CSNK2A2,CSNK2A2,ortholog_one2one,1
HALLMARK_SPERMATOGENESIS,DBF4,DBF4,ortholog_one2one,1
HALLMARK_SPERMATOGENESIS,DCC,DCC,ortholog_one2one,1
HALLMARK_SPERMATOGENESIS,DDX25,DDX25,ortholog_one2one,1
HALLMARK_SPERMATOGENESIS,DDX4,DDX4,ortholog_one2one,1
HALLMARK_SPERMATOGENESIS,DMC1,DMC1,ortholog_one2one,1
HALLMARK_SPERMATOGENESIS,DMRT1,DMRT1,ortholog_one2one,1
HALLMARK_SPERMATOGENESIS,DNAJB8,DNAJB8,ortholog_one2one,1
HALLMARK_SPERMATOGENESIS,ELOVL3,ELOVL3,ortholog_one2one,1
HALLMARK_SPERMATOGENESIS,EZH2,EZH2,ortholog_one2one,1
HALLMARK_SPERMATOGENESIS,GAD1,GAD1,ortholog_one2one,1
HALLMARK_SPERMATOGENESIS,GAPDHS,GAPDHS,ortholog_one2one,1
HALLMARK_SPERMATOGENESIS,GFI1,GFI1,ortholog_one2one,1
HALLMARK_SPERMATOGENESIS,GMCL1,GMCL1,ortholog_one2one,1
HALLMARK_SPERMATOGENESIS,GRM8,GRM8,ortholog_one2one,1
HALLMARK_SPERMATOGENESIS,GSG1,GSG1,ortholog_one2one,1
HALLMARK_SPERMATOGENESIS,GSTM3,GSTM3,ortholog_one2one,1
HALLMARK_SPERMATOGENESIS,H1-6,H1-6,ortholog_one2one,1
HALLMARK_SPERMATOGENESIS,HBZ,HBZ,ortholog_one2one,1
HALLMARK_SPERMATOGENESIS,HOXB1,HOXB1,ortholog_one2one,1
HALLMARK_SPERMATOGENESIS,HSPA1L,HSPA1L,ortholog_one2one,1
HALLMARK_SPERMATOGENESIS,HSPA2,HSPA2,ortholog_one2one,1
HALLMARK_SPERMATOGENESIS,HSPA4L,HSPA4L,ortholog_one2one,1
HALLMARK_SPERMATOGENESIS,HTR5A,HTR5A,ortholog_one2one,1
HALLMARK_SPERMATOGENESIS,IDE,IDE,ortholog_one2one,1
HALLMARK_SPERMATOGENESIS,IFT88,IFT88,ortholog_one2one,1
HALLMARK_SPERMATOGENESIS,IL12RB2,IL12RB2,ortholog_one2one,1
HALLMARK_SPERMATOGENESIS,IL13RA2,IL13RA2,ortholog_one2one,1
HALLMARK_SPERMATOGENESIS,IP6K1,IP6K1,ortholog_one2one,1
HALLMARK_SPERMATOGENESIS,JAM3,JAM3,ortholog_one2one,1
HALLMARK_SPERMATOGENESIS,KIF2C,KIF2C,ortholog_one2one,1
HALLMARK_SPERMATOGENESIS,LDHC,LDHC,ortholog_one2one,1
HALLMARK_SPERMATOGENESIS,LPIN1,LPIN1,ortholog_one2one,1
HALLMARK_SPERMATOGENESIS,MAP7,MAP7,ortholog_one2one,1
HALLMARK_SPERMATOGENESIS,MAST2,MAST2,ortholog_one2one,1
HALLMARK_SPERMATOGENESIS,MEP1B,MEP1B,ortholog_one2one,1
HALLMARK_SPERMATOGENESIS,MLF1,MLF1,ortholog_one2one,1
HALLMARK_SPERMATOGENESIS,MLLT10,MLLT10,ortholog_one2one,1
HALLMARK_SPERMATOGENESIS,MTNR1A,MTNR1A,ortholog_one2one,1
HALLMARK_SPERMATOGENESIS,MTOR,MTOR,ortholog_one2one,1
HALLMARK_SPERMATOGENESIS,NAA11,NAA11,ortholog_one2one,1
HALLMARK_SPERMATOGENESIS,NCAPH,NCAPH,ortholog_one2one,1
HALLMARK_SPERMATOGENESIS,NEFH,NEFH,ortholog_one2one,1
HALLMARK_SPERMATOGENESIS,NEK2,NEK2,ortholog_one2one,1
HALLMARK_SPERMATOGENESIS,NF2,NF2,ortholog_one2one,1
HALLMARK_SPERMATOGENESIS,NOS1,NOS1,ortholog_one2one,1
HALLMARK_SPERMATOGENESIS,NPHP1,NPHP1,ortholog_one2one,1
HALLMARK_SPERMATOGENESIS,NPY5R,NPY5R,ortholog_one2one,1
HALLMARK_SPERMATOGENESIS,ODF1,ODF1,ortholog_one2one,1
HALLMARK_SPERMATOGENESIS,PARP2,PARP2,ortholog_one2one,1
HALLMARK_SPERMATOGENESIS,PCSK1N,PCSK1N,ortholog_one2one,1
HALLMARK_SPERMATOGENESIS,PCSK4,PCSK4,ortholog_one2one,1
HALLMARK_SPERMATOGENESIS,PDHA2,PDHA2,ortholog_one2one,1
HALLMARK_SPERMATOGENESIS,PGK2,PGK2,ortholog_one2one,1
HALLMARK_SPERMATOGENESIS,PGS1,PGS1,ortholog_one2one,1
HALLMARK_SPERMATOGENESIS,PHF7,PHF7,ortholog_one2one,1
HALLMARK_SPERMATOGENESIS,PHKG2,PHKG2,ortholog_one2one,1
HALLMARK_SPERMATOGENESIS,PIAS2,PIAS2,ortholog_one2one,1
HALLMARK_SPERMATOGENESIS,POMC,POMC,ortholog_one2one,1
HALLMARK_SPERMATOGENESIS,PRKAR2A,PRKAR2A,ortholog_one2one,1
HALLMARK_SPERMATOGENESIS,PRM2,PRM2,ortholog_one2one,1
HALLMARK_SPERMATOGENESIS,PSMG1,PSMG1,ortholog_one2one,1
HALLMARK_SPERMATOGENESIS,RAD17,RAD17,ortholog_one2one,1
HALLMARK_SPERMATOGENESIS,RFC4,RFC4,ortholog_one2one,1
HALLMARK_SPERMATOGENESIS,RPL39L,RPL39L,ortholog_one2one,1
HALLMARK_SPERMATOGENESIS,SCG3,SCG3,ortholog_one2one,1
HALLMARK_SPERMATOGENESIS,SCG5,SCG5,ortholog_one2one,1
HALLMARK_SPERMATOGENESIS,SHE,SHE,ortholog_one2one,1
HALLMARK_SPERMATOGENESIS,SIRT1,SIRT1,ortholog_one2one,1
HALLMARK_SPERMATOGENESIS,SLC12A2,SLC12A2,ortholog_one2one,1
HALLMARK_SPERMATOGENESIS,SLC2A5,SLC2A5,ortholog_one2one,1
HALLMARK_SPERMATOGENESIS,SPATA6,SPATA6,ortholog_one2one,1
HALLMARK_SPERMATOGENESIS,SPMAP2,SPMAP2,ortholog_one2one,1
HALLMARK_SPERMATOGENESIS,STAM2,STAM2,ortholog_one2one,1
HALLMARK_SPERMATOGENESIS,STRBP,STRBP,ortholog_one2one,1
HALLMARK_SPERMATOGENESIS,SYCP1,SYCP1,ortholog_one2one,1
HALLMARK_SPERMATOGENESIS,TALDO1,TALDO1,ortholog_one2one,1
HALLMARK_SPERMATOGENESIS,TCP11,TCP11,ortholog_one2one,1
HALLMARK_SPERMATOGENESIS,TEKT2,TEKT2,ortholog_one2one,1
HALLMARK_SPERMATOGENESIS,TKTL1,TKTL1,ortholog_one2one,1
HALLMARK_SPERMATOGENESIS,TLE4,TLE4,ortholog_one2one,1
HALLMARK_SPERMATOGENESIS,TNNI3,TNNI3,ortholog_one2one,1
HALLMARK_SPERMATOGENESIS,TNP1,TNP1,ortholog_one2one,1
HALLMARK_SPERMATOGENESIS,TNP2,TNP2,ortholog_one2one,1
HALLMARK_SPERMATOGENESIS,TOPBP1,TOPBP1,ortholog_one2one,1
HALLMARK_SPERMATOGENESIS,TSN,TSN,ortholog_one2one,1
HALLMARK_SPERMATOGENESIS,TSSK2,TSSK2,ortholog_one2one,1
HALLMARK_SPERMATOGENESIS,TTK,TTK,ortholog_one2one,1
HALLMARK_SPERMATOGENESIS,TULP2,TULP2,ortholog_one2one,1
HALLMARK_SPERMATOGENESIS,VDAC3,VDAC3,ortholog_one2one,1
HALLMARK_SPERMATOGENESIS,YBX2,YBX2,ortholog_one2one,1
HALLMARK_SPERMATOGENESIS,ZC2HC1C,ZC2HC1C,ortholog_one2one,1
HALLMARK_SPERMATOGENESIS,ZC3H14,ZC3H14,ortholog_one2one,1
HALLMARK_SPERMATOGENESIS,ZNRF4,ZNRF4,ortholog_one2one,1
HALLMARK_SPERMATOGENESIS,ZPBP,ZPBP,ortholog_one2one,1
HALLMARK_TGF_BETA_SIGNALING,ACVR1,ACVR1,ortholog_one2one,1
HALLMARK_TGF_BETA_SIGNALING,APC,APC,ortholog_one2one,1
HALLMARK_TGF_BETA_SIGNALING,ARID4B,ARID4B,ortholog_one2one,1
HALLMARK_TGF_BETA_SIGNALING,BCAR3,BCAR3,ortholog_one2one,1
HALLMARK_TGF_BETA_SIGNALING,BMP2,BMP2,ortholog_one2one,1
HALLMARK_TGF_BETA_SIGNALING,BMPR1A,BMPR1A,ortholog_one2one,1
HALLMARK_TGF_BETA_SIGNALING,BMPR2,BMPR2,ortholog_one2one,1
HALLMARK_TGF_BETA_SIGNALING,CDH1,CDH1,ortholog_one2one,1
HALLMARK_TGF_BETA_SIGNALING,CDK9,CDK9,ortholog_one2one,1
HALLMARK_TGF_BETA_SIGNALING,CDKN1C,CDKN1C,ortholog_one2one,1
HALLMARK_TGF_BETA_SIGNALING,CTNNB1,CTNNB1,ortholog_one2one,1
HALLMARK_TGF_BETA_SIGNALING,ENG,ENG,ortholog_one2one,1
HALLMARK_TGF_BETA_SIGNALING,FKBP1A,FKBP1A,ortholog_one2one,1
HALLMARK_TGF_BETA_SIGNALING,FNTA,FNTA,ortholog_one2one,1
HALLMARK_TGF_BETA_SIGNALING,FURIN,FURIN,ortholog_one2one,1
HALLMARK_TGF_BETA_SIGNALING,HIPK2,HIPK2,ortholog_one2one,1
HALLMARK_TGF_BETA_SIGNALING,ID1,ID1,ortholog_one2one,1
HALLMARK_TGF_BETA_SIGNALING,ID2,ID2,ortholog_one2one,1
HALLMARK_TGF_BETA_SIGNALING,ID3,ID3,ortholog_one2one,1
HALLMARK_TGF_BETA_SIGNALING,IFNGR2,IFNGR2,ortholog_one2one,1
HALLMARK_TGF_BETA_SIGNALING,JUNB,JUNB,ortholog_one2one,1
HALLMARK_TGF_BETA_SIGNALING,KLF10,KLF10,ortholog_one2one,1
HALLMARK_TGF_BETA_SIGNALING,LTBP2,LTBP2,ortholog_one2one,1
HALLMARK_TGF_BETA_SIGNALING,MAP3K7,MAP3K7,ortholog_one2one,1
HALLMARK_TGF_BETA_SIGNALING,NCOR2,NCOR2,ortholog_one2one,1
HALLMARK_TGF_BETA_SIGNALING,NOG,NOG,ortholog_one2one,1
HALLMARK_TGF_BETA_SIGNALING,PMEPA1,PMEPA1,ortholog_one2one,1
HALLMARK_TGF_BETA_SIGNALING,PPM1A,PPM1A,ortholog_one2one,1
HALLMARK_TGF_BETA_SIGNALING,PPP1CA,PPP1CA,ortholog_one2one,1
HALLMARK_TGF_BETA_SIGNALING,PPP1R15A,PPP1R15A,ortholog_one2one,1
HALLMARK_TGF_BETA_SIGNALING,RAB31,RAB31,ortholog_one2one,1
HALLMARK_TGF_BETA_SIGNALING,RHOA,RHOA,ortholog_one2one,1
HALLMARK_TGF_BETA_SIGNALING,SERPINE1,SERPINE1,ortholog_one2one,1
HALLMARK_TGF_BETA_SIGNALING,SKI,SKI,ortholog_one2one,1
HALLMARK_TGF_BETA_SIGNALING,SKIL,SKIL,ortholog_one2one,1
HALLMARK_TGF_BETA_SIGNALING,SLC20A1,SLC20A1,ortholog_one2one,1
HALLMARK_TGF_BETA_SIGNALING,SMAD1,SMAD1,ortholog_one2one,1
HALLMARK_TGF_BETA_SIGNALING,SMAD3,SMAD3,ortholog_one2one,1
HALLMARK_TGF_BETA_SIGNALING,SMAD6,SMAD6,ortholog_one2one,1
HALLMARK_TGF_BETA_SIGNALING,SMAD7,SMAD7,ortholog_one2one,1
HALLMARK_TGF_BETA_SIGNALING,SMURF1,SMURF1,ortholog_one2one,1
HALLMARK_TGF_BETA_SIGNALING,SMURF2,SMURF2,ortholog_one2one,1
HALLMARK_TGF_BETA_SIGNALING,SPTBN1,SPTBN1,ortholog_one2one,1
HALLMARK_TGF_BETA_SIGNALING,TGFB1,TGFB1,ortholog_one2one,1
HALLMARK_TGF_BETA_SIGNALING,TGFBR1,TGFBR1,ortholog_one2one,1
HALLMARK_TGF_BETA_SIGNALING,TGIF1,TGIF1,ortholog_one2one,1
HALLMARK_TGF_BETA_SIGNALING,THBS1,THBS1,ortholog_one2one,1
HALLMARK_TGF_BETA_SIGNALING,TJP1,TJP1,ortholog_one2one,1
HALLMARK_TGF_BETA_SIGNALING,TRIM33,TRIM33,ortholog_one2one,1
HALLMARK_TGF_BETA_SIGNALING,WWTR1,WWTR1,ortholog_one2one,1
HALLMARK_TNFA_SIGNALING_VIA_NFKB,ABCA1,ABCA1,ortholog_one2one,1
HALLMARK_TNFA_SIGNALING_VIA_NFKB,ACKR3,ACKR3,ortholog_one2one,1
HALLMARK_TNFA_SIGNALING_VIA_NFKB,AREG,AREG,ortholog_one2one,1
HALLMARK_TNFA_SIGNALING_VIA_NFKB,ATF3,ATF3,ortholog_one2one,1
HALLMARK_TNFA_SIGNALING_VIA_NFKB,ATP2B1,ATP2B1,ortholog_one2one,1
HALLMARK_TNFA_SIGNALING_VIA_NFKB,B4GALT1,B4GALT1,ortholog_one2one,1
HALLMARK_TNFA_SIGNALING_VIA_NFKB,B4GALT5,B4GALT5,ortholog_one2one,1
HALLMARK_TNFA_SIGNALING_VIA_NFKB,BCL2A1,BCL2A1,ortholog_one2one,1
HALLMARK_TNFA_SIGNALING_VIA_NFKB,BCL3,BCL3,ortholog_one2one,1
HALLMARK_TNFA_SIGNALING_VIA_NFKB,BCL6,BCL6,ortholog_one2one,1
HALLMARK_TNFA_SIGNALING_VIA_NFKB,BHLHE40,BHLHE40,ortholog_one2one,1
HALLMARK_TNFA_SIGNALING_VIA_NFKB,BIRC3,BIRC3,ortholog_one2one,1
HALLMARK_TNFA_SIGNALING_VIA_NFKB,BMP2,BMP2,ortholog_one2one,1
HALLMARK_TNFA_SIGNALING_VIA_NFKB,BTG1,BTG1,ortholog_one2one,1
HALLMARK_TNFA_SIGNALING_VIA_NFKB,BTG2,BTG2,ortholog_one2one,1
HALLMARK_TNFA_SIGNALING_VIA_NFKB,BTG3,BTG3,ortholog_one2one,1
HALLMARK_TNFA_SIGNALING_VIA_NFKB,CCL2,CCL2,ortholog_one2one,1
HALLMARK_TNFA_SIGNALING_VIA_NFKB,CCL20,CCL20,ortholog_one2one,1
HALLMARK_TNFA_SIGNALING_VIA_NFKB,CCL5,CCL5,ortholog_one2one,1
HALLMARK_TNFA_SIGNALING_VIA_NFKB,CCN1,CCN1,ortholog_one2one,1
HALLMARK_TNFA_SIGNALING_VIA_NFKB,CCND1,CCND1,ortholog_one2one,1
HALLMARK_TNFA_SIGNALING_VIA_NFKB,CCNL1,CCNL1,ortholog_one2one,1
HALLMARK_TNFA_SIGNALING_VIA_NFKB,CCRL2,CCRL2,ortholog_one2one,1
HALLMARK_TNFA_SIGNALING_VIA_NFKB,CD44,CD44,ortholog_one2one,1
HALLMARK_TNFA_SIGNALING_VIA_NFKB,CD69,CD69,ortholog_one2one,1
HALLMARK_TNFA_SIGNALING_VIA_NFKB,CD83,CD83,ortholog_one2one,1
HALLMARK_TNFA_SIGNALING_VIA_NFKB,CDKN1A,CDKN1A,ortholog_one2one,1
HALLMARK_TNFA_SIGNALING_VIA_NFKB,CEBPB,CEBPB,ortholog_one2one,1
HALLMARK_TNFA_SIGNALING_VIA_NFKB,CFLAR,CFLAR,ortholog_one2one,1
HALLMARK_TNFA_SIGNALING_VIA_NFKB,CLCF1,CLCF1,ortholog_one2one,1
HALLMARK_TNFA_SIGNALING_VIA_NFKB,CSF1,CSF1,ortholog_one2one,1
HALLMARK_TNFA_SIGNALING_VIA_NFKB,CSF2,CSF2,ortholog_one2one,1
HALLMARK_TNFA_SIGNALING_VIA_NFKB,CXCL1,CXCL1,ortholog_one2one,1
HALLMARK_TNFA_SIGNALING_VIA_NFKB,CXCL10,CXCL10,ortholog_one2one,1
HALLMARK_TNFA_SIGNALING_VIA_NFKB,CXCL11,CXCL11,ortholog_one2one,1
HALLMARK_TNFA_SIGNALING_VIA_NFKB,CXCL2,CXCL2,ortholog_one2many,1
HALLMARK_TNFA_SIGNALING_VIA_NFKB,CXCL2,CXCL3,ortholog_one2many,1
HALLMARK_TNFA_SIGNALING_VIA_NFKB,CXCL6,CXCL6,ortholog_one2one,1
HALLMARK_TNFA_SIGNALING_VIA_NFKB,DENND5A,DENND5A,ortholog_one2one,1
HALLMARK_TNFA_SIGNALING_VIA_NFKB,DNAJB4,DNAJB4,ortholog_one2one,1
HALLMARK_TNFA_SIGNALING_VIA_NFKB,DRAM1,DRAM1,ortholog_one2one,1
HALLMARK_TNFA_SIGNALING_VIA_NFKB,DUSP1,DUSP1,ortholog_one2one,1
HALLMARK_TNFA_SIGNALING_VIA_NFKB,DUSP2,DUSP2,ortholog_one2one,1
HALLMARK_TNFA_SIGNALING_VIA_NFKB,DUSP4,DUSP4,ortholog_one2one,1
HALLMARK_TNFA_SIGNALING_VIA_NFKB,DUSP5,DUSP5,ortholog_one2one,1
HALLMARK_TNFA_SIGNALING_VIA_NFKB,EDN1,EDN1,ortholog_one2one,1
HALLMARK_TNFA_SIGNALING_VIA_NFKB,EFNA1,EFNA1,ortholog_one2one,1
HALLMARK_TNFA_SIGNALING_VIA_NFKB,EGR1,EGR1,ortholog_one2one,1
HALLMARK_TNFA_SIGNALING_VIA_NFKB,EGR2,EGR2,ortholog_one2one,1
HALLMARK_TNFA_SIGNALING_VIA_NFKB,EGR3,EGR3,ortholog_one2one,1
HALLMARK_TNFA_SIGNALING_VIA_NFKB,EHD1,EHD1,ortholog_one2one,1
HALLMARK_TNFA_SIGNALING_VIA_NFKB,EIF1,EIF1,ortholog_one2one,1
HALLMARK_TNFA_SIGNALING_VIA_NFKB,ETS2,ETS2,ortholog_one2one,1
HALLMARK_TNFA_SIGNALING_VIA_NFKB,F2RL1,F2RL1,ortholog_one2one,1
HALLMARK_TNFA_SIGNALING_VIA_NFKB,F3,F3,ortholog_one2one,1
HALLMARK_TNFA_SIGNALING_VIA_NFKB,FJX1,FJX1,ortholog_one2one,1
HALLMARK_TNFA_SIGNALING_VIA_NFKB,FOS,FOS,ortholog_one2one,1
HALLMARK_TNFA_SIGNALING_VIA_NFKB,FOSL1,FOSL1,ortholog_one2one,1
HALLMARK_TNFA_SIGNALING_VIA_NFKB,FOSL2,FOSL2,ortholog_one2one,1
HALLMARK_TNFA_SIGNALING_VIA_NFKB,FUT4,FUT4,ortholog_one2one,1
HALLMARK_TNFA_SIGNALING_VIA_NFKB,G0S2,G0S2,ortholog_one2one,1
HALLMARK_TNFA_SIGNALING_VIA_NFKB,GADD45A,GADD45A,ortholog_one2one,1
HALLMARK_TNFA_SIGNALING_VIA_NFKB,GADD45B,GADD45B,ortholog_one2one,1
HALLMARK_TNFA_SIGNALING_VIA_NFKB,GCH1,GCH1,ortholog_one2one,1
HALLMARK_TNFA_SIGNALING_VIA_NFKB,GEM,GEM,ortholog_one2one,1
HALLMARK_TNFA_SIGNALING_VIA_NFKB,GFPT2,GFPT2,ortholog_one2one,1
HALLMARK_TNFA_SIGNALING_VIA_NFKB,GPR183,GPR183,ortholog_one2one,1
HALLMARK_TNFA_SIGNALING_VIA_NFKB,HBEGF,HBEGF,ortholog_one2one,1
HALLMARK_TNFA_SIGNALING_VIA_NFKB,HES1,HES1,ortholog_one2one,1
HALLMARK_TNFA_SIGNALING_VIA_NFKB,ICAM1,ICAM1,ortholog_one2one,1
HALLMARK_TNFA_SIGNALING_VIA_NFKB,ICOSLG,ICOSLG,ortholog_one2one,1
HALLMARK_TNFA_SIGNALING_VIA_NFKB,ID2,ID2,ortholog_one2one,1
HALLMARK_TNFA_SIGNALING_VIA_NFKB,IER2,IER2,ortholog_one2one,1
HALLMARK_TNFA_SIGNALING_VIA_NFKB,IER3,IER3,ortholog_one2one,1
HALLMARK_TNFA_SIGNALING_VIA_NFKB,IER5,IER5,ortholog_one2one,1
HALLMARK_TNFA_SIGNALING_VIA_NFKB,IFIH1,IFIH1,ortholog_one2one,1
HALLMARK_TNFA_SIGNALING_VIA_NFKB,IFIT2,IFIT2,ortholog_one2one,1
HALLMARK_TNFA_SIGNALING_VIA_NFKB,IFNGR2,IFNGR2,ortholog_one2one,1
HALLMARK_TNFA_SIGNALING_VIA_NFKB,IL12B,IL12B,ortholog_one2one,1
HALLMARK_TNFA_SIGNALING_VIA_NFKB,IL15RA,IL15RA,ortholog_one2one,1
HALLMARK_TNFA_SIGNALING_VIA_NFKB,IL18,IL18,ortholog_one2one,1
HALLMARK_TNFA_SIGNALING_VIA_NFKB,IL1A,IL1A,ortholog_one2one,1
HALLMARK_TNFA_SIGNALING_VIA_NFKB,IL1B,IL1B,ortholog_one2one,1
HALLMARK_TNFA_SIGNALING_VIA_NFKB,IL23A,IL23A,ortholog_one2one,1
HALLMARK_TNFA_SIGNALING_VIA_NFKB,IL6,IL6,ortholog_one2one,1
HALLMARK_TNFA_SIGNALING_VIA_NFKB,IL6ST,IL6ST,ortholog_one2one,1
HALLMARK_TNFA_SIGNALING_VIA_NFKB,IL7R,IL7R,ortholog_one2one,1
HALLMARK_TNFA_SIGNALING_VIA_NFKB,INHBA,INHBA,ortholog_one2one,1
HALLMARK_TNFA_SIGNALING_VIA_NFKB,IRF1,IRF1,ortholog_one2one,1
HALLMARK_TNFA_SIGNALING_VIA_NFKB,IRS2,IRS2,ortholog_one2one,1
HALLMARK_TNFA_SIGNALING_VIA_NFKB,JAG1,JAG1,ortholog_one2one,1
HALLMARK_TNFA_SIGNALING_VIA_NFKB,JUN,JUN,ortholog_one2one,1
HALLMARK_TNFA_SIGNALING_VIA_NFKB,JUNB,JUNB,ortholog_one2one,1
HALLMARK_TNFA_SIGNALING_VIA_NFKB,KDM6B,KDM6B,ortholog_one2one,1
HALLMARK_TNFA_SIGNALING_VIA_NFKB,KLF10,KLF10,ortholog_one2one,1
HALLMARK_TNFA_SIGNALING_VIA_NFKB,KLF2,KLF2,ortholog_one2one,1
HALLMARK_TNFA_SIGNALING_VIA_NFKB,KLF4,KLF4,ortholog_one2one,1
HALLMARK_TNFA_SIGNALING_VIA_NFKB,KLF6,KLF6,ortholog_one2one,1
HALLMARK_TNFA_SIGNALING_VIA_NFKB,KLF9,KLF9,ortholog_one2one,1
HALLMARK_TNFA_SIGNALING_VIA_NFKB,KYNU,KYNU,ortholog_one2one,1
HALLMARK_TNFA_SIGNALING_VIA_NFKB,LAMB3,LAMB3,ortholog_one2one,1
HALLMARK_TNFA_SIGNALING_VIA_NFKB,LDLR,LDLR,ortholog_one2one,1
HALLMARK_TNFA_SIGNALING_VIA_NFKB,LIF,LIF,ortholog_one2one,1
HALLMARK_TNFA_SIGNALING_VIA_NFKB,LITAF,LITAF,ortholog_one2one,1
HALLMARK_TNFA_SIGNALING_VIA_NFKB,MAFF,MAFF,ortholog_one2one,1
HALLMARK_TNFA_SIGNALING_VIA_NFKB,MAP2K3,MAP2K3,ortholog_one2one,1
HALLMARK_TNFA_SIGNALING_VIA_NFKB,MAP3K8,MAP3K8,ortholog_one2one,1
HALLMARK_TNFA_SIGNALING_VIA_NFKB,MARCKS,MARCKS,ortholog_one2one,1
HALLMARK_TNFA_SIGNALING_VIA_NFKB,MCL1,MCL1,ortholog_one2one,1
HALLMARK_TNFA_SIGNALING_VIA_NFKB,MSC,MSC,ortholog_one2one,1
HALLMARK_TNFA_SIGNALING_VIA_NFKB,MXD1,MXD1,ortholog_one2one,1
HALLMARK_TNFA_SIGNALING_VIA_NFKB,MYC,MYC,ortholog_one2one,1
HALLMARK_TNFA_SIGNALING_VIA_NFKB,NAMPT,NAMPT,ortholog_one2one,1
HALLMARK_TNFA_SIGNALING_VIA_NFKB,NFAT5,NFAT5,ortholog_one2one,1
HALLMARK_TNFA_SIGNALING_VIA_NFKB,NFE2L2,NFE2L2,ortholog_one2one,1
HALLMARK_TNFA_SIGNALING_VIA_NFKB,NFIL3,NFIL3,ortholog_one2one,1
HALLMARK_TNFA_SIGNALING_VIA_NFKB,NFKB1,NFKB1,ortholog_one2one,1
HALLMARK_TNFA_SIGNALING_VIA_NFKB,NFKB2,NFKB2,ortholog_one2one,1
HALLMARK_TNFA_SIGNALING_VIA_NFKB,NFKBIA,NFKBIA,ortholog_one2one,1
HALLMARK_TNFA_SIGNALING_VIA_NFKB,NFKBIE,NFKBIE,ortholog_one2one,1
HALLMARK_TNFA_SIGNALING_VIA_NFKB,NINJ1,NINJ1,ortholog_one2one,1
HALLMARK_TNFA_SIGNALING_VIA_NFKB,NR4A1,NR4A1,ortholog_one2one,1
HALLMARK_TNFA_SIGNALING_VIA_NFKB,NR4A2,NR4A2,ortholog_one2one,1
HALLMARK_TNFA_SIGNALING_VIA_NFKB,NR4A3,NR4A3,ortholog_one2one,1
HALLMARK_TNFA_SIGNALING_VIA_NFKB,OLR1,OLR1,ortholog_one2one,1
HALLMARK_TNFA_SIGNALING_VIA_NFKB,PANX1,PANX1,ortholog_one2one,1
HALLMARK_TNFA_SIGNALING_VIA_NFKB,PDE4B,PDE4B,ortholog_one2one,1
HALLMARK_TNFA_SIGNALING_VIA_NFKB,PDLIM5,PDLIM5,ortholog_one2one,1
HALLMARK_TNFA_SIGNALING_VIA_NFKB,PER1,PER1,ortholog_one2one,1
HALLMARK_TNFA_SIGNALING_VIA_NFKB,PFKFB3,PFKFB3,ortholog_one2one,1
HALLMARK_TNFA_SIGNALING_VIA_NFKB,PHLDA2,PHLDA2,ortholog_one2one,1
HALLMARK_TNFA_SIGNALING_VIA_NFKB,PLAU,PLAU,ortholog_one2one,1
HALLMARK_TNFA_SIGNALING_VIA_NFKB,PLAUR,PLAUR,ortholog_one2one,1
HALLMARK_TNFA_SIGNALING_VIA_NFKB,PLEK,PLEK,ortholog_one2one,1
HALLMARK_TNFA_SIGNALING_VIA_NFKB,PLK2,PLK2,ortholog_one2one,1
HALLMARK_TNFA_SIGNALING_VIA_NFKB,PLPP3,PLPP3,ortholog_one2one,1
HALLMARK_TNFA_SIGNALING_VIA_NFKB,PMEPA1,PMEPA1,ortholog_one2one,1
HALLMARK_TNFA_SIGNALING_VIA_NFKB,PNRC1,PNRC1,ortholog_one2one,1
HALLMARK_TNFA_SIGNALING_VIA_NFKB,PPP1R15A,PPP1R15A,ortholog_one2one,1
HALLMARK_TNFA_SIGNALING_VIA_NFKB,PTGER4,PTGER4,ortholog_one2one,1
HALLMARK_TNFA_SIGNALING_VIA_NFKB,PTGS2,PTGS2,ortholog_one2one,1
HALLMARK_TNFA_SIGNALING_VIA_NFKB,PTPRE,PTPRE,ortholog_one2one,1
HALLMARK_TNFA_SIGNALING_VIA_NFKB,PTX3,PTX3,ortholog_one2one,1
HALLMARK_TNFA_SIGNALING_VIA_NFKB,RCAN1,RCAN1,ortholog_one2one,1
HALLMARK_TNFA_SIGNALING_VIA_NFKB,REL,REL,ortholog_one2one,1
HALLMARK_TNFA_SIGNALING_VIA_NFKB,RELA,RELA,ortholog_one2one,1
HALLMARK_TNFA_SIGNALING_VIA_NFKB,RELB,RELB,ortholog_one2one,1
HALLMARK_TNFA_SIGNALING_VIA_NFKB,RHOB,RHOB,ortholog_one2one,1
HALLMARK_TNFA_SIGNALING_VIA_NFKB,RIGI,RIGI,ortholog_one2one,1
HALLMARK_TNFA_SIGNALING_VIA_NFKB,RIPK2,RIPK2,ortholog_one2one,1
HALLMARK_TNFA_SIGNALING_VIA_NFKB,RNF19B,RNF19B,ortholog_one2one,1
HALLMARK_TNFA_SIGNALING_VIA_NFKB,SAT1,SAT1,ortholog_one2one,1
HALLMARK_TNFA_SIGNALING_VIA_NFKB,SDC4,SDC4,ortholog_one2one,1
HALLMARK_TNFA_SIGNALING_VIA_NFKB,SERPINB2,SERPINB2,ortholog_one2one,1
HALLMARK_TNFA_SIGNALING_VIA_NFKB,SERPINB8,SERPINB8,ortholog_one2one,1
HALLMARK_TNFA_SIGNALING_VIA_NFKB,SERPINE1,SERPINE1,ortholog_one2one,1
HALLMARK_TNFA_SIGNALING_VIA_NFKB,SGK1,SGK1,ortholog_one2one,1
HALLMARK_TNFA_SIGNALING_VIA_NFKB,SIK1,SIK1,ortholog_one2one,1
HALLMARK_TNFA_SIGNALING_VIA_NFKB,SLC16A6,SLC16A6,ortholog_one2one,1
HALLMARK_TNFA_SIGNALING_VIA_NFKB,SLC2A3,SLC2A3,ortholog_one2one,1
HALLMARK_TNFA_SIGNALING_VIA_NFKB,SLC2A6,SLC2A6,ortholog_one2one,1
HALLMARK_TNFA_SIGNALING_VIA_NFKB,SMAD3,SMAD3,ortholog_one2one,1
HALLMARK_TNFA_SIGNALING_VIA_NFKB,SNN,SNN,ortholog_one2one,1
HALLMARK_TNFA_SIGNALING_VIA_NFKB,SOCS3,SOCS3,ortholog_one2one,1
HALLMARK_TNFA_SIGNALING_VIA_NFKB,SOD2,SOD2,ortholog_one2one,1
HALLMARK_TNFA_SIGNALING_VIA_NFKB,SPHK1,SPHK1,ortholog_one2one,1
HALLMARK_TNFA_SIGNALING_VIA_NFKB,SPSB1,SPSB1,ortholog_one2one,1
HALLMARK_TNFA_SIGNALING_VIA_NFKB,SQSTM1,SQSTM1,ortholog_one2one,1
HALLMARK_TNFA_SIGNALING_VIA_NFKB,STAT5A,STAT5A,ortholog_one2one,1
HALLMARK_TNFA_SIGNALING_VIA_NFKB,TANK,TANK,ortholog_one2one,1
HALLMARK_TNFA_SIGNALING_VIA_NFKB,TAP1,TAP1,ortholog_one2one,1
HALLMARK_TNFA_SIGNALING_VIA_NFKB,TGIF1,TGIF1,ortholog_one2one,1
HALLMARK_TNFA_SIGNALING_VIA_NFKB,TIPARP,TIPARP,ortholog_one2one,1
HALLMARK_TNFA_SIGNALING_VIA_NFKB,TLR2,TLR2,ortholog_one2one,1
HALLMARK_TNFA_SIGNALING_VIA_NFKB,TNC,TNC,ortholog_one2one,1
HALLMARK_TNFA_SIGNALING_VIA_NFKB,TNFAIP2,TNFAIP2,ortholog_one2one,1
HALLMARK_TNFA_SIGNALING_VIA_NFKB,TNFAIP3,TNFAIP3,ortholog_one2one,1
HALLMARK_TNFA_SIGNALING_VIA_NFKB,TNFAIP6,TNFAIP6,ortholog_one2one,1
HALLMARK_TNFA_SIGNALING_VIA_NFKB,TNFAIP8,TNFAIP8,ortholog_one2one,1
HALLMARK_TNFA_SIGNALING_VIA_NFKB,TNFRSF9,TNFRSF9,ortholog_one2one,1
HALLMARK_TNFA_SIGNALING_VIA_NFKB,TNFSF9,TNFSF9,ortholog_one2one,1
HALLMARK_TNFA_SIGNALING_VIA_NFKB,TNIP1,TNIP1,ortholog_one2one,1
HALLMARK_TNFA_SIGNALING_VIA_NFKB,TNIP2,TNIP2,ortholog_one2one,1
HALLMARK_TNFA_SIGNALING_VIA_NFKB,TRAF1,TRAF1,ortholog_one2one,1
HALLMARK_TNFA_SIGNALING_VIA_NFKB,TRIB1,TRIB1,ortholog_one2one,1
HALLMARK_TNFA_SIGNALING_VIA_NFKB,TRIP10,TRIP10,ortholog_one2one,1
HALLMARK_TNFA_SIGNALING_VIA_NFKB,TSC22D1,TSC22D1,ortholog_one2one,1
HALLMARK_TNFA_SIGNALING_VIA_NFKB,TUBB2A,TUBB2A,ortholog_one2one,1
HALLMARK_TNFA_SIGNALING_VIA_NFKB,VEGFA,VEGFA,ortholog_one2one,1
HALLMARK_TNFA_SIGNALING_VIA_NFKB,YRDC,YRDC,ortholog_one2one,1
HALLMARK_TNFA_SIGNALING_VIA_NFKB,ZBTB10,ZBTB10,ortholog_one2one,1
HALLMARK_TNFA_SIGNALING_VIA_NFKB,ZC3H12A,ZC3H12A,ortholog_one2one,1
HALLMARK_TNFA_SIGNALING_VIA_NFKB,ZFP36,ZFP36,ortholog_one2one,1
HALLMARK_UNFOLDED_PROTEIN_RESPONSE,ALDH18A1,ALDH18A1,ortholog_one2one,1
HALLMARK_UNFOLDED_PROTEIN_RESPONSE,ARFGAP1,ARFGAP1,ortholog_one2one,1
HALLMARK_UNFOLDED_PROTEIN_RESPONSE,ASNS,ASNS,ortholog_one2one,1
HALLMARK_UNFOLDED_PROTEIN_RESPONSE,ATF3,ATF3,ortholog_one2one,1
HALLMARK_UNFOLDED_PROTEIN_RESPONSE,ATF4,ATF4,ortholog_one2one,1
HALLMARK_UNFOLDED_PROTEIN_RESPONSE,ATF6,ATF6,ortholog_one2one,1
HALLMARK_UNFOLDED_PROTEIN_RESPONSE,ATP6V0D1,ATP6V0D1,ortholog_one2one,1
HALLMARK_UNFOLDED_PROTEIN_RESPONSE,BAG3,BAG3,ortholog_one2one,1
HALLMARK_UNFOLDED_PROTEIN_RESPONSE,BANF1,BANF1,ortholog_one2one,1
HALLMARK_UNFOLDED_PROTEIN_RESPONSE,CALR,CALR,ortholog_one2one,1
HALLMARK_UNFOLDED_PROTEIN_RESPONSE,CCL2,CCL2,ortholog_one2one,1
HALLMARK_UNFOLDED_PROTEIN_RESPONSE,CEBPB,CEBPB,ortholog_one2one,1
HALLMARK_UNFOLDED_PROTEIN_RESPONSE,CEBPG,CEBPG,ortholog_one2one,1
HALLMARK_UNFOLDED_PROTEIN_RESPONSE,CHAC1,CHAC1,ortholog_one2one,1
HALLMARK_UNFOLDED_PROTEIN_RESPONSE,CNOT2,CNOT2,ortholog_one2one,1
HALLMARK_UNFOLDED_PROTEIN_RESPONSE,CNOT4,CNOT4,ortholog_one2one,1
HALLMARK_UNFOLDED_PROTEIN_RESPONSE,CNOT6,CNOT6,ortholog_one2one,1
HALLMARK_UNFOLDED_PROTEIN_RESPONSE,CXXC1,CXXC1,ortholog_one2one,1
HALLMARK_UNFOLDED_PROTEIN_RESPONSE,DCP1A,DCP1A,ortholog_one2one,1
HALLMARK_UNFOLDED_PROTEIN_RESPONSE,DCP2,DCP2,ortholog_one2one,1
HALLMARK_UNFOLDED_PROTEIN_RESPONSE,DCTN1,DCTN1,ortholog_one2one,1
HALLMARK_UNFOLDED_PROTEIN_RESPONSE,DDIT4,DDIT4,ortholog_one2one,1
HALLMARK_UNFOLDED_PROTEIN_RESPONSE,DDX10,DDX10,ortholog_one2one,1
HALLMARK_UNFOLDED_PROTEIN_RESPONSE,DKC1,DKC1,ortholog_one2one,1
HALLMARK_UNFOLDED_PROTEIN_RESPONSE,DNAJA4,DNAJA4,ortholog_one2one,1
HALLMARK_UNFOLDED_PROTEIN_RESPONSE,DNAJB9,DNAJB9,ortholog_one2one,1
HALLMARK_UNFOLDED_PROTEIN_RESPONSE,DNAJC3,DNAJC3,ortholog_one2one,1
HALLMARK_UNFOLDED_PROTEIN_RESPONSE,EDC4,EDC4,ortholog_one2one,1
HALLMARK_UNFOLDED_PROTEIN_RESPONSE,EDEM1,EDEM1,ortholog_one2one,1
HALLMARK_UNFOLDED_PROTEIN_RESPONSE,EEF2,EEF2,ortholog_one2one,1
HALLMARK_UNFOLDED_PROTEIN_RESPONSE,EIF2AK3,EIF2AK3,ortholog_one2one,1
HALLMARK_UNFOLDED_PROTEIN_RESPONSE,EIF2S1,EIF2S1,ortholog_one2one,1
HALLMARK_UNFOLDED_PROTEIN_RESPONSE,EIF4A1,EIF4A1,ortholog_one2one,1
HALLMARK_UNFOLDED_PROTEIN_RESPONSE,EIF4A2,EIF4A2,ortholog_one2one,1
HALLMARK_UNFOLDED_PROTEIN_RESPONSE,EIF4E,EIF4E,ortholog_one2one,1
HALLMARK_UNFOLDED_PROTEIN_RESPONSE,EIF4G1,EIF4G1,ortholog_one2one,1
HALLMARK_UNFOLDED_PROTEIN_RESPONSE,ERN1,ERN1,ortholog_one2one,1
HALLMARK_UNFOLDED_PROTEIN_RESPONSE,ERO1A,ERO1A,ortholog_one2one,1
HALLMARK_UNFOLDED_PROTEIN_RESPONSE,EXOC2,EXOC2,ortholog_one2one,1
HALLMARK_UNFOLDED_PROTEIN_RESPONSE,EXOSC1,EXOSC1,ortholog_one2one,1
HALLMARK_UNFOLDED_PROTEIN_RESPONSE,EXOSC10,EXOSC10,ortholog_one2one,1
HALLMARK_UNFOLDED_PROTEIN_RESPONSE,EXOSC2,EXOSC2,ortholog_one2one,1
HALLMARK_UNFOLDED_PROTEIN_RESPONSE,EXOSC4,EXOSC4,ortholog_one2one,1
HALLMARK_UNFOLDED_PROTEIN_RESPONSE,EXOSC5,EXOSC5,ortholog_one2one,1
HALLMARK_UNFOLDED_PROTEIN_RESPONSE,EXOSC9,EXOSC9,ortholog_one2one,1
HALLMARK_UNFOLDED_PROTEIN_RESPONSE,FKBP14,FKBP14,ortholog_one2one,1
HALLMARK_UNFOLDED_PROTEIN_RESPONSE,FUS,FUS,ortholog_one2one,1
HALLMARK_UNFOLDED_PROTEIN_RESPONSE,GEMIN4,GEMIN4,ortholog_one2one,1
HALLMARK_UNFOLDED_PROTEIN_RESPONSE,GOSR2,GOSR2,ortholog_one2one,1
HALLMARK_UNFOLDED_PROTEIN_RESPONSE,H2AX,H2AX,ortholog_one2one,1
HALLMARK_UNFOLDED_PROTEIN_RESPONSE,HERPUD1,HERPUD1,ortholog_one2one,1
HALLMARK_UNFOLDED_PROTEIN_RESPONSE,HSP90B1,HSP90B1,ortholog_one2one,1
HALLMARK_UNFOLDED_PROTEIN_RESPONSE,HSPA5,HSPA5,ortholog_one2one,1
HALLMARK_UNFOLDED_PROTEIN_RESPONSE,HSPA9,HSPA9,ortholog_one2one,1
HALLMARK_UNFOLDED_PROTEIN_RESPONSE,HYOU1,HYOU1,ortholog_one2one,1
HALLMARK_UNFOLDED_PROTEIN_RESPONSE,IARS1,IARS1,ortholog_one2one,1
HALLMARK_UNFOLDED_PROTEIN_RESPONSE,IFIT1,IFIT1,ortholog_one2one,1
HALLMARK_UNFOLDED_PROTEIN_RESPONSE,IGFBP1,IGFBP1,ortholog_one2one,1
HALLMARK_UNFOLDED_PROTEIN_RESPONSE,IMP3,IMP3,ortholog_one2one,1
HALLMARK_UNFOLDED_PROTEIN_RESPONSE,KDELR3,KDELR3,ortholog_one2one,1
HALLMARK_UNFOLDED_PROTEIN_RESPONSE,KHSRP,KHSRP,ortholog_one2one,1
HALLMARK_UNFOLDED_PROTEIN_RESPONSE,KIF5B,KIF5B,ortholog_one2one,1
HALLMARK_UNFOLDED_PROTEIN_RESPONSE,LSM1,LSM1,ortholog_one2one,1
HALLMARK_UNFOLDED_PROTEIN_RESPONSE,LSM4,LSM4,ortholog_one2one,1
HALLMARK_UNFOLDED_PROTEIN_RESPONSE,MTHFD2,MTHFD2,ortholog_one2one,1
HALLMARK_UNFOLDED_PROTEIN_RESPONSE,MTREX,MTREX,ortholog_one2one,1
HALLMARK_UNFOLDED_PROTEIN_RESPONSE,NABP1,NABP1,ortholog_one2one,1
HALLMARK_UNFOLDED_PROTEIN_RESPONSE,NFYA,NFYA,ortholog_one2one,1
HALLMARK_UNFOLDED_PROTEIN_RESPONSE,NFYB,NFYB,ortholog_one2one,1
HALLMARK_UNFOLDED_PROTEIN_RESPONSE,NHP2,NHP2,ortholog_one2one,1
HALLMARK_UNFOLDED_PROTEIN_RESPONSE,NOLC1,NOLC1,ortholog_one2one,1
HALLMARK_UNFOLDED_PROTEIN_RESPONSE,NOP14,NOP14,ortholog_one2one,1
HALLMARK_UNFOLDED_PROTEIN_RESPONSE,NOP56,NOP56,ortholog_one2one,1
HALLMARK_UNFOLDED_PROTEIN_RESPONSE,NPM1,NPM1,ortholog_one2one,1
HALLMARK_UNFOLDED_PROTEIN_RESPONSE,PAIP1,PAIP1,ortholog_one2one,1
HALLMARK_UNFOLDED_PROTEIN_RESPONSE,PARN,PARN,ortholog_one2one,1
HALLMARK_UNFOLDED_PROTEIN_RESPONSE,PDIA5,PDIA5,ortholog_one2one,1
HALLMARK_UNFOLDED_PROTEIN_RESPONSE,PDIA6,PDIA6,ortholog_one2one,1
HALLMARK_UNFOLDED_PROTEIN_RESPONSE,POP4,POP4,ortholog_one2one,1
HALLMARK_UNFOLDED_PROTEIN_RESPONSE,PREB,PREB,ortholog_one2one,1
HALLMARK_UNFOLDED_PROTEIN_RESPONSE,RPS14,RPS14,ortholog_one2one,1
HALLMARK_UNFOLDED_PROTEIN_RESPONSE,RRP9,RRP9,ortholog_one2one,1
HALLMARK_UNFOLDED_PROTEIN_RESPONSE,SEC11A,SEC11A,ortholog_one2one,1
HALLMARK_UNFOLDED_PROTEIN_RESPONSE,SEC31A,SEC31A,ortholog_one2one,1
HALLMARK_UNFOLDED_PROTEIN_RESPONSE,SERP1,SERP1,ortholog_one2one,1
HALLMARK_UNFOLDED_PROTEIN_RESPONSE,SHC1,SHC1,ortholog_one2one,1
HALLMARK_UNFOLDED_PROTEIN_RESPONSE,SKIC3,SKIC3,ortholog_one2one,1
HALLMARK_UNFOLDED_PROTEIN_RESPONSE,SLC1A4,SLC1A4,ortholog_one2one,1
HALLMARK_UNFOLDED_PROTEIN_RESPONSE,SLC30A5,SLC30A5,ortholog_one2one,1
HALLMARK_UNFOLDED_PROTEIN_RESPONSE,SLC7A5,SLC7A5,ortholog_one2one,1
HALLMARK_UNFOLDED_PROTEIN_RESPONSE,SPCS1,SPCS1,ortholog_one2one,1
HALLMARK_UNFOLDED_PROTEIN_RESPONSE,SPCS3,SPCS3,ortholog_one2one,1
HALLMARK_UNFOLDED_PROTEIN_RESPONSE,SRPRA,SRPRA,ortholog_one2one,1
HALLMARK_UNFOLDED_PROTEIN_RESPONSE,SRPRB,SRPRB,ortholog_one2one,1
HALLMARK_UNFOLDED_PROTEIN_RESPONSE,SSR1,SSR1,ortholog_one2one,1
HALLMARK_UNFOLDED_PROTEIN_RESPONSE,STC2,STC2,ortholog_one2one,1
HALLMARK_UNFOLDED_PROTEIN_RESPONSE,TARS1,TARS1,ortholog_one2one,1
HALLMARK_UNFOLDED_PROTEIN_RESPONSE,TATDN2,TATDN2,ortholog_one2one,1
HALLMARK_UNFOLDED_PROTEIN_RESPONSE,TSPYL2,TSPYL2,ortholog_one2one,1
HALLMARK_UNFOLDED_PROTEIN_RESPONSE,TUBB2A,TUBB2A,ortholog_one2one,1
HALLMARK_UNFOLDED_PROTEIN_RESPONSE,VEGFA,VEGFA,ortholog_one2one,1
HALLMARK_UNFOLDED_PROTEIN_RESPONSE,WFS1,WFS1,ortholog_one2one,1
HALLMARK_UNFOLDED_PROTEIN_RESPONSE,WIPI1,WIPI1,ortholog_one2one,1
HALLMARK_UNFOLDED_PROTEIN_RESPONSE,XPOT,XPOT,ortholog_one2one,1
HALLMARK_UNFOLDED_PROTEIN_RESPONSE,YIF1A,YIF1A,ortholog_one2one,1
HALLMARK_UV_RESPONSE_DN,ABCC1,ABCC1,ortholog_one2one,1
HALLMARK_UV_RESPONSE_DN,ACVR2A,ACVR2A,ortholog_one2one,1
HALLMARK_UV_RESPONSE_DN,ADD3,ADD3,ortholog_one2one,1
HALLMARK_UV_RESPONSE_DN,ADGRL2,ADGRL2,ortholog_one2one,1
HALLMARK_UV_RESPONSE_DN,ADORA2B,ADORA2B,ortholog_one2one,1
HALLMARK_UV_RESPONSE_DN,AGGF1,AGGF1,ortholog_one2one,1
HALLMARK_UV_RESPONSE_DN,AKT3,AKT3,ortholog_one2one,1
HALLMARK_UV_RESPONSE_DN,AMPH,AMPH,ortholog_one2one,1
HALLMARK_UV_RESPONSE_DN,ANXA4,ANXA4,ortholog_one2one,1
HALLMARK_UV_RESPONSE_DN,APBB2,APBB2,ortholog_one2one,1
HALLMARK_UV_RESPONSE_DN,ARHGEF9,ARHGEF9,ortholog_one2one,1
HALLMARK_UV_RESPONSE_DN,ATP2B1,ATP2B1,ortholog_one2one,1
HALLMARK_UV_RESPONSE_DN,ATP2B4,ATP2B4,ortholog_one2one,1
HALLMARK_UV_RESPONSE_DN,ATP2C1,ATP2C1,ortholog_one2one,1
HALLMARK_UV_RESPONSE_DN,ATRN,ATRN,ortholog_one2one,1
HALLMARK_UV_RESPONSE_DN,ATRX,ATRX,ortholog_one2one,1
HALLMARK_UV_RESPONSE_DN,ATXN1,ATXN1,ortholog_one2one,1
HALLMARK_UV_RESPONSE_DN,BCKDHB,BCKDHB,ortholog_one2one,1
HALLMARK_UV_RESPONSE_DN,BDNF,BDNF,ortholog_one2one,1
HALLMARK_UV_RESPONSE_DN,BHLHE40,BHLHE40,ortholog_one2one,1
HALLMARK_UV_RESPONSE_DN,BMPR1A,BMPR1A,ortholog_one2one,1
HALLMARK_UV_RESPONSE_DN,CACNA1A,CACNA1A,ortholog_one2one,1
HALLMARK_UV_RESPONSE_DN,CAP2,CAP2,ortholog_one2one,1
HALLMARK_UV_RESPONSE_DN,CAV1,CAV1,ortholog_one2one,1
HALLMARK_UV_RESPONSE_DN,CCN1,CCN1,ortholog_one2one,1
HALLMARK_UV_RESPONSE_DN,CDC42BPA,CDC42BPA,ortholog_one2one,1
HALLMARK_UV_RESPONSE_DN,CDK13,CDK13,ortholog_one2one,1
HALLMARK_UV_RESPONSE_DN,CDKN1B,CDKN1B,ortholog_one2one,1
HALLMARK_UV_RESPONSE_DN,CDON,CDON,ortholog_one2one,1
HALLMARK_UV_RESPONSE_DN,CELF2,CELF2,ortholog_one2one,1
HALLMARK_UV_RESPONSE_DN,CITED2,CITED2,ortholog_one2one,1
HALLMARK_UV_RESPONSE_DN,COL11A1,COL11A1,ortholog_one2one,1
HALLMARK_UV_RESPONSE_DN,COL1A1,COL1A1,ortholog_one2one,1
HALLMARK_UV_RESPONSE_DN,COL1A2,COL1A2,ortholog_one2one,1
HALLMARK_UV_RESPONSE_DN,COL3A1,COL3A1,ortholog_one2one,1
HALLMARK_UV_RESPONSE_DN,COL5A2,COL5A2,ortholog_one2one,1
HALLMARK_UV_RESPONSE_DN,DAB2,DAB2,ortholog_one2one,1
HALLMARK_UV_RESPONSE_DN,DBP,DBP,ortholog_one2one,1
HALLMARK_UV_RESPONSE_DN,DDAH1,DDAH1,ortholog_one2one,1
HALLMARK_UV_RESPONSE_DN,DLG1,DLG1,ortholog_one2one,1
HALLMARK_UV_RESPONSE_DN,DMAC2L,DMAC2L,ortholog_one2one,1
HALLMARK_UV_RESPONSE_DN,DUSP1,DUSP1,ortholog_one2one,1
HALLMARK_UV_RESPONSE_DN,DYRK1A,DYRK1A,ortholog_one2one,1
HALLMARK_UV_RESPONSE_DN,EFEMP1,EFEMP1,ortholog_one2one,1
HALLMARK_UV_RESPONSE_DN,ERBB2,ERBB2,ortholog_one2one,1
HALLMARK_UV_RESPONSE_DN,F3,F3,ortholog_one2one,1
HALLMARK_UV_RESPONSE_DN,FBLN5,FBLN5,ortholog_one2one,1
HALLMARK_UV_RESPONSE_DN,FHL2,FHL2,ortholog_one2one,1
HALLMARK_UV_RESPONSE_DN,FYN,FYN,ortholog_one2one,1
HALLMARK_UV_RESPONSE_DN,FZD2,FZD2,ortholog_one2one,1
HALLMARK_UV_RESPONSE_DN,GCNT1,GCNT1,ortholog_one2one,1
HALLMARK_UV_RESPONSE_DN,GJA1,GJA1,ortholog_one2one,1
HALLMARK_UV_RESPONSE_DN,GRK5,GRK5,ortholog_one2one,1
HALLMARK_UV_RESPONSE_DN,HAS2,HAS2,ortholog_one2one,1
HALLMARK_UV_RESPONSE_DN,ICA1,ICA1,ortholog_one2one,1
HALLMARK_UV_RESPONSE_DN,ID1,ID1,ortholog_one2one,1
HALLMARK_UV_RESPONSE_DN,IGF1R,IGF1R,ortholog_one2one,1
HALLMARK_UV_RESPONSE_DN,IGFBP5,IGFBP5,ortholog_one2one,1
HALLMARK_UV_RESPONSE_DN,INPP4B,INPP4B,ortholog_one2one,1
HALLMARK_UV_RESPONSE_DN,INSIG1,INSIG1,ortholog_one2one,1
HALLMARK_UV_RESPONSE_DN,ITGB3,ITGB3,ortholog_one2one,1
HALLMARK_UV_RESPONSE_DN,KALRN,KALRN,ortholog_one2one,1
HALLMARK_UV_RESPONSE_DN,KCNMA1,KCNMA1,ortholog_one2one,1
HALLMARK_UV_RESPONSE_DN,KIT,KIT,ortholog_one2one,1
HALLMARK_UV_RESPONSE_DN,LAMC1,LAMC1,ortholog_one2one,1
HALLMARK_UV_RESPONSE_DN,LDLR,LDLR,ortholog_one2one,1
HALLMARK_UV_RESPONSE_DN,LPAR1,LPAR1,ortholog_one2one,1
HALLMARK_UV_RESPONSE_DN,LTBP1,LTBP1,ortholog_one2one,1
HALLMARK_UV_RESPONSE_DN,MAP1B,MAP1B,ortholog_one2one,1
HALLMARK_UV_RESPONSE_DN,MAP2K5,MAP2K5,ortholog_one2one,1
HALLMARK_UV_RESPONSE_DN,MAPK14,MAPK14,ortholog_one2one,1
HALLMARK_UV_RESPONSE_DN,MET,MET,ortholog_one2one,1
HALLMARK_UV_RESPONSE_DN,MGLL,MGLL,ortholog_one2one,1
HALLMARK_UV_RESPONSE_DN,MGMT,MGMT,ortholog_one2one,1
HALLMARK_UV_RESPONSE_DN,MIOS,MIOS,ortholog_one2one,1
HALLMARK_UV_RESPONSE_DN,MMP16,MMP16,ortholog_one2one,1
HALLMARK_UV_RESPONSE_DN,MRPS31,MRPS31,ortholog_one2one,1
HALLMARK_UV_RESPONSE_DN,MTA1,MTA1,ortholog_one2one,1
HALLMARK_UV_RESPONSE_DN,MYC,MYC,ortholog_one2one,1
HALLMARK_UV_RESPONSE_DN,NEK7,NEK7,ortholog_one2one,1
HALLMARK_UV_RESPONSE_DN,NFIB,NFIB,ortholog_one2one,1
HALLMARK_UV_RESPONSE_DN,NFKB1,NFKB1,ortholog_one2one,1
HALLMARK_UV_RESPONSE_DN,NIPBL,NIPBL,ortholog_one2one,1
HALLMARK_UV_RESPONSE_DN,NOTCH2,NOTCH2,ortholog_one2one,1
HALLMARK_UV_RESPONSE_DN,NR1D2,NR1D2,ortholog_one2one,1
HALLMARK_UV_RESPONSE_DN,NR3C1,NR3C1,ortholog_one2one,1
HALLMARK_UV_RESPONSE_DN,NRP1,NRP1,ortholog_one2one,1
HALLMARK_UV_RESPONSE_DN,PDGFRB,PDGFRB,ortholog_one2one,1
HALLMARK_UV_RESPONSE_DN,PDLIM5,PDLIM5,ortholog_one2one,1
HALLMARK_UV_RESPONSE_DN,PEX14,PEX14,ortholog_one2one,1
HALLMARK_UV_RESPONSE_DN,PHF3,PHF3,ortholog_one2one,1
HALLMARK_UV_RESPONSE_DN,PIAS3,PIAS3,ortholog_one2one,1
HALLMARK_UV_RESPONSE_DN,PIK3CD,PIK3CD,ortholog_one2one,1
HALLMARK_UV_RESPONSE_DN,PIK3R3,PIK3R3,ortholog_one2one,1
HALLMARK_UV_RESPONSE_DN,PLCB4,PLCB4,ortholog_one2one,1
HALLMARK_UV_RESPONSE_DN,PLPP3,PLPP3,ortholog_one2one,1
HALLMARK_UV_RESPONSE_DN,PMP22,PMP22,ortholog_one2one,1
HALLMARK_UV_RESPONSE_DN,PPARG,PPARG,ortholog_one2one,1
HALLMARK_UV_RESPONSE_DN,PRDM2,PRDM2,ortholog_one2one,1
HALLMARK_UV_RESPONSE_DN,PRKAR2B,PRKAR2B,ortholog_one2one,1
HALLMARK_UV_RESPONSE_DN,PRKCA,PRKCA,ortholog_one2one,1
HALLMARK_UV_RESPONSE_DN,PRKCE,PRKCE,ortholog_one2one,1
HALLMARK_UV_RESPONSE_DN,PTEN,PTEN,ortholog_one2one,1
HALLMARK_UV_RESPONSE_DN,PTGFR,PTGFR,ortholog_one2one,1
HALLMARK_UV_RESPONSE_DN,PTPN21,PTPN21,ortholog_one2one,1
HALLMARK_UV_RESPONSE_DN,PTPRM,PTPRM,ortholog_one2one,1
HALLMARK_UV_RESPONSE_DN,RASA2,RASA2,ortholog_one2one,1
HALLMARK_UV_RESPONSE_DN,RBPMS,RBPMS,ortholog_one2one,1
HALLMARK_UV_RESPONSE_DN,RGS4,RGS4,ortholog_one2one,1
HALLMARK_UV_RESPONSE_DN,RND3,RND3,ortholog_one2one,1
HALLMARK_UV_RESPONSE_DN,RUNX1,RUNX1,ortholog_one2one,1
HALLMARK_UV_RESPONSE_DN,RXRA,RXRA,ortholog_one2one,1
HALLMARK_UV_RESPONSE_DN,SCAF8,SCAF8,ortholog_one2one,1
HALLMARK_UV_RESPONSE_DN,SCN8A,SCN8A,ortholog_one2one,1
HALLMARK_UV_RESPONSE_DN,SDC2,SDC2,ortholog_one2one,1
HALLMARK_UV_RESPONSE_DN,SERPINE1,SERPINE1,ortholog_one2one,1
HALLMARK_UV_RESPONSE_DN,SFMBT1,SFMBT1,ortholog_one2one,1
HALLMARK_UV_RESPONSE_DN,SIPA1L1,SIPA1L1,ortholog_one2one,1
HALLMARK_UV_RESPONSE_DN,SLC67A1,SLC22A18,ortholog_one2one,1
HALLMARK_UV_RESPONSE_DN,SLC7A1,SLC7A1,ortholog_one2one,1
HALLMARK_UV_RESPONSE_DN,SMAD3,SMAD3,ortholog_one2one,1
HALLMARK_UV_RESPONSE_DN,SMAD7,SMAD7,ortholog_one2one,1
HALLMARK_UV_RESPONSE_DN,SNAI2,SNAI2,ortholog_one2one,1
HALLMARK_UV_RESPONSE_DN,SRI,SRI,ortholog_one2one,1
HALLMARK_UV_RESPONSE_DN,SYNE1,SYNE1,ortholog_one2one,1
HALLMARK_UV_RESPONSE_DN,SYNJ2,SYNJ2,ortholog_one2one,1
HALLMARK_UV_RESPONSE_DN,TENT4A,TENT4A,ortholog_one2one,1
HALLMARK_UV_RESPONSE_DN,TFPI,TFPI,ortholog_one2one,1
HALLMARK_UV_RESPONSE_DN,TGFBR2,TGFBR2,ortholog_one2one,1
HALLMARK_UV_RESPONSE_DN,TGFBR3,TGFBR3,ortholog_one2one,1
HALLMARK_UV_RESPONSE_DN,TJP1,TJP1,ortholog_one2one,1
HALLMARK_UV_RESPONSE_DN,TOGARAM1,TOGARAM1,ortholog_one2one,1
HALLMARK_UV_RESPONSE_DN,VAV2,VAV2,ortholog_one2one,1
HALLMARK_UV_RESPONSE_DN,VLDLR,VLDLR,ortholog_one2one,1
HALLMARK_UV_RESPONSE_DN,WDR37,WDR37,ortholog_one2one,1
HALLMARK_UV_RESPONSE_DN,YTHDC1,YTHDC1,ortholog_one2one,1
HALLMARK_UV_RESPONSE_DN,ZMIZ1,ZMIZ1,ortholog_one2one,1
HALLMARK_UV_RESPONSE_UP,ABCB1,ABCB1,ortholog_one2one,1
HALLMARK_UV_RESPONSE_UP,ACAA1,ACAA1,ortholog_one2one,1
HALLMARK_UV_RESPONSE_UP,AGO2,AGO2,ortholog_one2one,1
HALLMARK_UV_RESPONSE_UP,ALAS1,ALAS1,ortholog_one2one,1
HALLMARK_UV_RESPONSE_UP,ALDOA,ALDOA,ortholog_one2one,1
HALLMARK_UV_RESPONSE_UP,AMD1,AMD1,ortholog_one2one,1
HALLMARK_UV_RESPONSE_UP,AQP3,AQP3,ortholog_one2one,1
HALLMARK_UV_RESPONSE_UP,ARRB2,ARRB2,ortholog_one2one,1
HALLMARK_UV_RESPONSE_UP,ASNS,ASNS,ortholog_one2one,1
HALLMARK_UV_RESPONSE_UP,ATF3,ATF3,ortholog_one2one,1
HALLMARK_UV_RESPONSE_UP,ATP6V1C1,ATP6V1C1,ortholog_one2one,1
HALLMARK_UV_RESPONSE_UP,ATP6V1F,ATP6V1F,ortholog_one2one,1
HALLMARK_UV_RESPONSE_UP,BAK1,BAK1,ortholog_one2one,1
HALLMARK_UV_RESPONSE_UP,BCL2L11,BCL2L11,ortholog_one2one,1
HALLMARK_UV_RESPONSE_UP,BID,BID,ortholog_one2one,1
HALLMARK_UV_RESPONSE_UP,BMP2,BMP2,ortholog_one2one,1
HALLMARK_UV_RESPONSE_UP,BSG,BSG,ortholog_one2one,1
HALLMARK_UV_RESPONSE_UP,BTG1,BTG1,ortholog_one2one,1
HALLMARK_UV_RESPONSE_UP,BTG2,BTG2,ortholog_one2one,1
HALLMARK_UV_RESPONSE_UP,BTG3,BTG3,ortholog_one2one,1
HALLMARK_UV_RESPONSE_UP,C4BPB,C4BPB,ortholog_one2one,1
HALLMARK_UV_RESPONSE_UP,CA2,CA2,ortholog_one2one,1
HALLMARK_UV_RESPONSE_UP,CASP3,CASP3,ortholog_one2one,1
HALLMARK_UV_RESPONSE_UP,CCK,CCK,ortholog_one2one,1
HALLMARK_UV_RESPONSE_UP,CCND3,CCND3,ortholog_one2one,1
HALLMARK_UV_RESPONSE_UP,CCNE1,CCNE1,ortholog_one2one,1
HALLMARK_UV_RESPONSE_UP,CDC34,CDC34,ortholog_one2one,1
HALLMARK_UV_RESPONSE_UP,CDC5L,CDC5L,ortholog_one2one,1
HALLMARK_UV_RESPONSE_UP,CDK2,CDK2,ortholog_one2one,1
HALLMARK_UV_RESPONSE_UP,CDKN1C,CDKN1C,ortholog_one2one,1
HALLMARK_UV_RESPONSE_UP,CDKN2B,CDKN2B,ortholog_one2one,1
HALLMARK_UV_RESPONSE_UP,CDO1,CDO1,ortholog_one2one,1
HALLMARK_UV_RESPONSE_UP,CEBPG,CEBPG,ortholog_one2one,1
HALLMARK_UV_RESPONSE_UP,CHKA,CHKA,ortholog_one2one,1
HALLMARK_UV_RESPONSE_UP,CHRNA5,CHRNA5,ortholog_one2one,1
HALLMARK_UV_RESPONSE_UP,CLCN2,CLCN2,ortholog_one2one,1
HALLMARK_UV_RESPONSE_UP,CLTB,CLTB,ortholog_one2one,1
HALLMARK_UV_RESPONSE_UP,CNP,CNP,ortholog_one2one,1
HALLMARK_UV_RESPONSE_UP,COL2A1,COL2A1,ortholog_one2one,1
HALLMARK_UV_RESPONSE_UP,CREG1,CREG1,ortholog_one2one,1
HALLMARK_UV_RESPONSE_UP,CTSV,CTSV,ortholog_one2one,1
HALLMARK_UV_RESPONSE_UP,CXCL2,CXCL2,ortholog_one2many,1
HALLMARK_UV_RESPONSE_UP,CXCL2,CXCL3,ortholog_one2many,1
HALLMARK_UV_RESPONSE_UP,CYB5B,CYB5B,ortholog_one2one,1
HALLMARK_UV_RESPONSE_UP,CYB5R1,CYB5R1,ortholog_one2one,1
HALLMARK_UV_RESPONSE_UP,CYP1A1,CYP1A1,ortholog_one2one,1
HALLMARK_UV_RESPONSE_UP,DGAT1,DGAT1,ortholog_one2one,1
HALLMARK_UV_RESPONSE_UP,DLG4,DLG4,ortholog_one2one,1
HALLMARK_UV_RESPONSE_UP,DNAJA1,DNAJA1,ortholog_one2one,1
HALLMARK_UV_RESPONSE_UP,DNAJB1,DNAJB1,ortholog_one2one,1
HALLMARK_UV_RESPONSE_UP,E2F5,E2F5,ortholog_one2one,1
HALLMARK_UV_RESPONSE_UP,EIF5,EIF5,ortholog_one2one,1
HALLMARK_UV_RESPONSE_UP,ENO2,ENO2,ortholog_one2one,1
HALLMARK_UV_RESPONSE_UP,EPCAM,EPCAM,ortholog_one2one,1
HALLMARK_UV_RESPONSE_UP,EPHX1,EPHX1,ortholog_one2one,1
HALLMARK_UV_RESPONSE_UP,FEN1,FEN1,ortholog_one2one,1
HALLMARK_UV_RESPONSE_UP,FGF18,FGF18,ortholog_one2one,1
HALLMARK_UV_RESPONSE_UP,FKBP4,FKBP4,ortholog_one2one,1
HALLMARK_UV_RESPONSE_UP,FMO1,FMO1,ortholog_one2one,1
HALLMARK_UV_RESPONSE_UP,FOS,FOS,ortholog_one2one,1
HALLMARK_UV_RESPONSE_UP,FURIN,FURIN,ortholog_one2one,1
HALLMARK_UV_RESPONSE_UP,GAL,GAL,ortholog_one2one,1
HALLMARK_UV_RESPONSE_UP,GCH1,GCH1,ortholog_one2one,1
HALLMARK_UV_RESPONSE_UP,GGH,GGH,ortholog_one2one,1
HALLMARK_UV_RESPONSE_UP,GLS,GLS,ortholog_one2one,1
HALLMARK_UV_RESPONSE_UP,GRINA,GRINA,ortholog_one2one,1
HALLMARK_UV_RESPONSE_UP,GRPEL1,GRPEL1,ortholog_one2one,1
HALLMARK_UV_RESPONSE_UP,H2AX,H2AX,ortholog_one2one,1
HALLMARK_UV_RESPONSE_UP,HLA-F,HLA-F,ortholog_one2one,1
HALLMARK_UV_RESPONSE_UP,HMOX1,HMOX1,ortholog_one2one,1
HALLMARK_UV_RESPONSE_UP,HNRNPU,HNRNPU,ortholog_one2one,1
HALLMARK_UV_RESPONSE_UP,HSPA13,HSPA13,ortholog_one2one,1
HALLMARK_UV_RESPONSE_UP,HSPA2,HSPA2,ortholog_one2one,1
HALLMARK_UV_RESPONSE_UP,HTR7,HTR7,ortholog_one2one,1
HALLMARK_UV_RESPONSE_UP,HYAL2,HYAL2,ortholog_one2one,1
HALLMARK_UV_RESPONSE_UP,ICAM1,ICAM1,ortholog_one2one,1
HALLMARK_UV_RESPONSE_UP,IGFBP2,IGFBP2,ortholog_one2one,1
HALLMARK_UV_RESPONSE_UP,IL6,IL6,ortholog_one2one,1
HALLMARK_UV_RESPONSE_UP,IL6ST,IL6ST,ortholog_one2one,1
HALLMARK_UV_RESPONSE_UP,IRF1,IRF1,ortholog_one2one,1
HALLMARK_UV_RESPONSE_UP,JUNB,JUNB,ortholog_one2one,1
HALLMARK_UV_RESPONSE_UP,KCNH2,KCNH2,ortholog_one2one,1
HALLMARK_UV_RESPONSE_UP,KLHDC3,KLHDC3,ortholog_one2one,1
HALLMARK_UV_RESPONSE_UP,LHX2,LHX2,ortholog_one2one,1
HALLMARK_UV_RESPONSE_UP,LYN,LYN,ortholog_one2one,1
HALLMARK_UV_RESPONSE_UP,MAOA,MAOA,ortholog_one2one,1
HALLMARK_UV_RESPONSE_UP,MAPK8IP2,MAPK8IP2,ortholog_one2one,1
HALLMARK_UV_RESPONSE_UP,MARK2,MARK2,ortholog_one2one,1
HALLMARK_UV_RESPONSE_UP,MGAT1,MGAT1,ortholog_one2one,1
HALLMARK_UV_RESPONSE_UP,MMP14,MMP14,ortholog_one2one,1
HALLMARK_UV_RESPONSE_UP,MSX1,MSX1,ortholog_one2one,1
HALLMARK_UV_RESPONSE_UP,NAT1,NAT1,ortholog_one2one,1
HALLMARK_UV_RESPONSE_UP,NFKBIA,NFKBIA,ortholog_one2one,1
HALLMARK_UV_RESPONSE_UP,NKX2-5,NKX2-5,ortholog_one2one,1
HALLMARK_UV_RESPONSE_UP,NPTX2,NPTX2,ortholog_one2one,1
HALLMARK_UV_RESPONSE_UP,NPTXR,NPTXR,ortholog_one2one,1
HALLMARK_UV_RESPONSE_UP,NR4A1,NR4A1,ortholog_one2one,1
HALLMARK_UV_RESPONSE_UP,NTRK3,NTRK3,ortholog_one2one,1
HALLMARK_UV_RESPONSE_UP,NUP58,NUP58,ortholog_one2one,1
HALLMARK_UV_RESPONSE_UP,NXF1,NXF1,ortholog_one2one,1
HALLMARK_UV_RESPONSE_UP,OLFM1,OLFM1,ortholog_one2one,1
HALLMARK_UV_RESPONSE_UP,ONECUT1,ONECUT1,ortholog_one2one,1
HALLMARK_UV_RESPONSE_UP,PARP2,PARP2,ortholog_one2one,1
HALLMARK_UV_RESPONSE_UP,PDLIM3,PDLIM3,ortholog_one2one,1
HALLMARK_UV_RESPONSE_UP,PLCL1,PLCL1,ortholog_one2one,1
HALLMARK_UV_RESPONSE_UP,POLE3,POLE3,ortholog_one2one,1
HALLMARK_UV_RESPONSE_UP,POLG2,POLG2,ortholog_one2one,1
HALLMARK_UV_RESPONSE_UP,POLR2H,POLR2H,ortholog_one2one,1
HALLMARK_UV_RESPONSE_UP,PPAT,PPAT,ortholog_one2one,1
HALLMARK_UV_RESPONSE_UP,PPIF,PPIF,ortholog_one2one,1
HALLMARK_UV_RESPONSE_UP,PPT1,PPT1,ortholog_one2one,1
HALLMARK_UV_RESPONSE_UP,PRKACA,PRKACA,ortholog_one2one,1
HALLMARK_UV_RESPONSE_UP,PRKCD,PRKCD,ortholog_one2one,1
HALLMARK_UV_RESPONSE_UP,PSMC3,PSMC3,ortholog_one2one,1
HALLMARK_UV_RESPONSE_UP,PTPRD,PTPRD,ortholog_one2one,1
HALLMARK_UV_RESPONSE_UP,RAB27A,RAB27A,ortholog_one2one,1
HALLMARK_UV_RESPONSE_UP,RASGRP1,RASGRP1,ortholog_one2one,1
HALLMARK_UV_RESPONSE_UP,RET,RET,ortholog_one2one,1
HALLMARK_UV_RESPONSE_UP,RFC4,RFC4,ortholog_one2one,1
HALLMARK_UV_RESPONSE_UP,RHOB,RHOB,ortholog_one2one,1
HALLMARK_UV_RESPONSE_UP,RPN1,RPN1,ortholog_one2one,1
HALLMARK_UV_RESPONSE_UP,RRAD,RRAD,ortholog_one2one,1
HALLMARK_UV_RESPONSE_UP,RXRB,RXRB,ortholog_one2one,1
HALLMARK_UV_RESPONSE_UP,SELENOW,SELENOW,ortholog_one2one,1
HALLMARK_UV_RESPONSE_UP,SHOX2,SHOX2,ortholog_one2one,1
HALLMARK_UV_RESPONSE_UP,SIGMAR1,SIGMAR1,ortholog_one2one,1
HALLMARK_UV_RESPONSE_UP,SLC25A4,SLC25A4,ortholog_one2one,1
HALLMARK_UV_RESPONSE_UP,SLC6A12,SLC6A12,ortholog_one2one,1
HALLMARK_UV_RESPONSE_UP,SOD2,SOD2,ortholog_one2one,1
HALLMARK_UV_RESPONSE_UP,SPR,SPR,ortholog_one2one,1
HALLMARK_UV_RESPONSE_UP,SQSTM1,SQSTM1,ortholog_one2one,1
HALLMARK_UV_RESPONSE_UP,STARD3,STARD3,ortholog_one2one,1
HALLMARK_UV_RESPONSE_UP,STIP1,STIP1,ortholog_one2one,1
HALLMARK_UV_RESPONSE_UP,STK25,STK25,ortholog_one2one,1
HALLMARK_UV_RESPONSE_UP,TACR3,TACR3,ortholog_one2one,1
HALLMARK_UV_RESPONSE_UP,TAP1,TAP1,ortholog_one2one,1
HALLMARK_UV_RESPONSE_UP,TARS1,TARS1,ortholog_one2one,1
HALLMARK_UV_RESPONSE_UP,TFRC,TFRC,ortholog_one2one,1
HALLMARK_UV_RESPONSE_UP,TGFBRAP1,TGFBRAP1,ortholog_one2one,1
HALLMARK_UV_RESPONSE_UP,TMBIM6,TMBIM6,ortholog_one2one,1
HALLMARK_UV_RESPONSE_UP,TST,TST,ortholog_one2one,1
HALLMARK_UV_RESPONSE_UP,TUBA4A,TUBA4A,ortholog_one2one,1
HALLMARK_UV_RESPONSE_UP,TYRO3,TYRO3,ortholog_one2one,1
HALLMARK_UV_RESPONSE_UP,UROD,UROD,ortholog_one2one,1
HALLMARK_UV_RESPONSE_UP,YKT6,YKT6,ortholog_one2one,1
HALLMARK_WNT_BETA_CATENIN_SIGNALING,ADAM17,ADAM17,ortholog_one2one,1
HALLMARK_WNT_BETA_CATENIN_SIGNALING,AXIN1,AXIN1,ortholog_one2one,1
HALLMARK_WNT_BETA_CATENIN_SIGNALING,AXIN2,AXIN2,ortholog_one2one,1
HALLMARK_WNT_BETA_CATENIN_SIGNALING,CCND2,CCND2,ortholog_one2one,1
HALLMARK_WNT_BETA_CATENIN_SIGNALING,CSNK1E,CSNK1E,ortholog_one2one,1
HALLMARK_WNT_BETA_CATENIN_SIGNALING,CTNNB1,CTNNB1,ortholog_one2one,1
HALLMARK_WNT_BETA_CATENIN_SIGNALING,CUL1,CUL1,ortholog_one2one,1
HALLMARK_WNT_BETA_CATENIN_SIGNALING,DKK1,DKK1,ortholog_one2one,1
HALLMARK_WNT_BETA_CATENIN_SIGNALING,DKK4,DKK4,ortholog_one2one,1
HALLMARK_WNT_BETA_CATENIN_SIGNALING,DLL1,DLL1,ortholog_one2one,1
HALLMARK_WNT_BETA_CATENIN_SIGNALING,DVL2,DVL2,ortholog_one2one,1
HALLMARK_WNT_BETA_CATENIN_SIGNALING,FRAT1,FRAT1,ortholog_one2one,1
HALLMARK_WNT_BETA_CATENIN_SIGNALING,FZD1,FZD1,ortholog_one2one,1
HALLMARK_WNT_BETA_CATENIN_SIGNALING,GNAI1,GNAI1,ortholog_one2one,1
HALLMARK_WNT_BETA_CATENIN_SIGNALING,HDAC11,HDAC11,ortholog_one2one,1
HALLMARK_WNT_BETA_CATENIN_SIGNALING,HDAC2,HDAC2,ortholog_one2one,1
HALLMARK_WNT_BETA_CATENIN_SIGNALING,HDAC5,HDAC5,ortholog_one2one,1
HALLMARK_WNT_BETA_CATENIN_SIGNALING,HEY1,HEY1,ortholog_one2one,1
HALLMARK_WNT_BETA_CATENIN_SIGNALING,HEY2,HEY2,ortholog_one2one,1
HALLMARK_WNT_BETA_CATENIN_SIGNALING,JAG1,JAG1,ortholog_one2one,1
HALLMARK_WNT_BETA_CATENIN_SIGNALING,JAG2,JAG2,ortholog_one2one,1
HALLMARK_WNT_BETA_CATENIN_SIGNALING,KAT2A,KAT2A,ortholog_one2one,1
HALLMARK_WNT_BETA_CATENIN_SIGNALING,LEF1,LEF1,ortholog_one2one,1
HALLMARK_WNT_BETA_CATENIN_SIGNALING,MAML1,MAML1,ortholog_one2one,1
HALLMARK_WNT_BETA_CATENIN_SIGNALING,MYC,MYC,ortholog_one2one,1
HALLMARK_WNT_BETA_CATENIN_SIGNALING,NCOR2,NCOR2,ortholog_one2one,1
HALLMARK_WNT_BETA_CATENIN_SIGNALING,NCSTN,NCSTN,ortholog_one2one,1
HALLMARK_WNT_BETA_CATENIN_SIGNALING,NKD1,NKD1,ortholog_one2one,1
HALLMARK_WNT_BETA_CATENIN_SIGNALING,NOTCH1,NOTCH1,ortholog_one2one,1
HALLMARK_WNT_BETA_CATENIN_SIGNALING,NOTCH4,NOTCH4,ortholog_one2one,1
HALLMARK_WNT_BETA_CATENIN_SIGNALING,NUMB,NUMB,ortholog_one2one,1
HALLMARK_WNT_BETA_CATENIN_SIGNALING,PPARD,PPARD,ortholog_one2one,1
HALLMARK_WNT_BETA_CATENIN_SIGNALING,PSEN2,PSEN2,ortholog_one2one,1
HALLMARK_WNT_BETA_CATENIN_SIGNALING,PTCH1,PTCH1,ortholog_one2one,1
HALLMARK_WNT_BETA_CATENIN_SIGNALING,RBPJ,RBPJ,ortholog_one2one,1
HALLMARK_WNT_BETA_CATENIN_SIGNALING,SKP2,SKP2,ortholog_one2one,1
HALLMARK_WNT_BETA_CATENIN_SIGNALING,TCF7,TCF7,ortholog_one2one,1
HALLMARK_WNT_BETA_CATENIN_SIGNALING,TP53,TP53,ortholog_one2one,1
HALLMARK_WNT_BETA_CATENIN_SIGNALING,WNT1,WNT1,ortholog_one2one,1
HALLMARK_WNT_BETA_CATENIN_SIGNALING,WNT5B,WNT5B,ortholog_one2one,1
HALLMARK_WNT_BETA_CATENIN_SIGNALING,WNT6,WNT6,ortholog_one2one,1
HALLMARK_XENOBIOTIC_METABOLISM,ABCC2,ABCC2,ortholog_one2one,1
HALLMARK_XENOBIOTIC_METABOLISM,ABCC3,ABCC3,ortholog_one2one,1
HALLMARK_XENOBIOTIC_METABOLISM,ABCD2,ABCD2,ortholog_one2one,1
HALLMARK_XENOBIOTIC_METABOLISM,ABHD6,ABHD6,ortholog_one2one,1
HALLMARK_XENOBIOTIC_METABOLISM,ACO2,ACO2,ortholog_one2one,1
HALLMARK_XENOBIOTIC_METABOLISM,ACOX1,ACOX1,ortholog_one2one,1
HALLMARK_XENOBIOTIC_METABOLISM,ACOX2,ACOX2,ortholog_one2one,1
HALLMARK_XENOBIOTIC_METABOLISM,ACP1,ACP1,ortholog_one2one,1
HALLMARK_XENOBIOTIC_METABOLISM,ACP2,ACP2,ortholog_one2one,1
HALLMARK_XENOBIOTIC_METABOLISM,ACSM1,ACSM1,ortholog_one2one,1
HALLMARK_XENOBIOTIC_METABOLISM,ADH5,ADH5,ortholog_one2one,1
HALLMARK_XENOBIOTIC_METABOLISM,ADH7,ADH7,ortholog_one2one,1
HALLMARK_XENOBIOTIC_METABOLISM,AHCY,AHCY,ortholog_one2one,1
HALLMARK_XENOBIOTIC_METABOLISM,AKR1C3,AKR1C3,ortholog_one2one,1
HALLMARK_XENOBIOTIC_METABOLISM,ALAS1,ALAS1,ortholog_one2one,1
HALLMARK_XENOBIOTIC_METABOLISM,ALDH2,ALDH2,ortholog_one2one,1
HALLMARK_XENOBIOTIC_METABOLISM,ALDH3A1,ALDH3A1,ortholog_one2one,1
HALLMARK_XENOBIOTIC_METABOLISM,ALDH9A1,ALDH9A1,ortholog_one2one,1
HALLMARK_XENOBIOTIC_METABOLISM,ANGPTL3,ANGPTL3,ortholog_one2one,1
HALLMARK_XENOBIOTIC_METABOLISM,AOX1,AOX1,ortholog_one2one,1
HALLMARK_XENOBIOTIC_METABOLISM,AP4B1,AP4B1,ortholog_one2one,1
HALLMARK_XENOBIOTIC_METABOLISM,APOE,APOE,ortholog_one2one,1
HALLMARK_XENOBIOTIC_METABOLISM,AQP9,AQP9,ortholog_one2one,1
HALLMARK_XENOBIOTIC_METABOLISM,ARG1,ARG1,ortholog_one2one,1
HALLMARK_XENOBIOTIC_METABOLISM,ARG2,ARG2,ortholog_one2one,1
HALLMARK_XENOBIOTIC_METABOLISM,ARPP19,ARPP19,ortholog_one2one,1
HALLMARK_XENOBIOTIC_METABOLISM,ASL,ASL,ortholog_one2one,1
HALLMARK_XENOBIOTIC_METABOLISM,ATOH8,ATOH8,ortholog_one2one,1
HALLMARK_XENOBIOTIC_METABOLISM,ATP2A2,ATP2A2,ortholog_one2one,1
HALLMARK_XENOBIOTIC_METABOLISM,BCAR1,BCAR1,ortholog_one2one,1
HALLMARK_XENOBIOTIC_METABOLISM,BCAT1,BCAT1,ortholog_one2one,1
HALLMARK_XENOBIOTIC_METABOLISM,BLVRB,BLVRB,ortholog_one2one,1
HALLMARK_XENOBIOTIC_METABOLISM,BPHL,BPHL,ortholog_one2one,1
HALLMARK_XENOBIOTIC_METABOLISM,CA2,CA2,ortholog_one2one,1
HALLMARK_XENOBIOTIC_METABOLISM,CASP6,CASP6,ortholog_one2one,1
HALLMARK_XENOBIOTIC_METABOLISM,CAT,CAT,ortholog_one2one,1
HALLMARK_XENOBIOTIC_METABOLISM,CBR1,CBR1,ortholog_one2one,1
HALLMARK_XENOBIOTIC_METABOLISM,CD36,CD36,ortholog_one2one,1
HALLMARK_XENOBIOTIC_METABOLISM,CDA,CDA,ortholog_one2one,1
HALLMARK_XENOBIOTIC_METABOLISM,CDO1,CDO1,ortholog_one2one,1
HALLMARK_XENOBIOTIC_METABOLISM,CFB,CFB,ortholog_one2one,1
HALLMARK_XENOBIOTIC_METABOLISM,CNDP2,CNDP2,ortholog_one2one,1
HALLMARK_XENOBIOTIC_METABOLISM,COMT,COMT,ortholog_one2one,1
HALLMARK_XENOBIOTIC_METABOLISM,CROT,CROT,ortholog_one2one,1
HALLMARK_XENOBIOTIC_METABOLISM,CRP,CRP,ortholog_one2one,1
HALLMARK_XENOBIOTIC_METABOLISM,CSAD,CSAD,ortholog_one2one,1
HALLMARK_XENOBIOTIC_METABOLISM,CYB5A,CYB5A,ortholog_one2one,1
HALLMARK_XENOBIOTIC_METABOLISM,CYFIP2,CYFIP2,ortholog_one2one,1
HALLMARK_XENOBIOTIC_METABOLISM,CYP17A1,CYP17A1,ortholog_one2one,1
HALLMARK_XENOBIOTIC_METABOLISM,CYP1A1,CYP1A1,ortholog_one2one,1
HALLMARK_XENOBIOTIC_METABOLISM,CYP26A1,CYP26A1,ortholog_one2one,1
HALLMARK_XENOBIOTIC_METABOLISM,CYP27A1,CYP27A1,ortholog_one2one,1
HALLMARK_XENOBIOTIC_METABOLISM,CYP2E1,CYP2E1,ortholog_one2one,1
HALLMARK_XENOBIOTIC_METABOLISM,CYP2J2,CYP2J2,ortholog_one2one,1
HALLMARK_XENOBIOTIC_METABOLISM,CYP2S1,CYP2S1,ortholog_one2one,1
HALLMARK_XENOBIOTIC_METABOLISM,DCXR,DCXR,ortholog_one2one,1
HALLMARK_XENOBIOTIC_METABOLISM,DDAH2,DDAH2,ortholog_one2one,1
HALLMARK_XENOBIOTIC_METABOLISM,DDC,DDC,ortholog_one2one,1
HALLMARK_XENOBIOTIC_METABOLISM,DHPS,DHPS,ortholog_one2one,1
HALLMARK_XENOBIOTIC_METABOLISM,DHRS1,DHRS1,ortholog_one2one,1
HALLMARK_XENOBIOTIC_METABOLISM,DHRS7,DHRS7,ortholog_one2one,1
HALLMARK_XENOBIOTIC_METABOLISM,ECH1,ECH1,ortholog_one2one,1
HALLMARK_XENOBIOTIC_METABOLISM,ELOVL5,ELOVL5,ortholog_one2one,1
HALLMARK_XENOBIOTIC_METABOLISM,ENPEP,ENPEP,ortholog_one2one,1
HALLMARK_XENOBIOTIC_METABOLISM,ENTPD5,ENTPD5,ortholog_one2one,1
HALLMARK_XENOBIOTIC_METABOLISM,EPHA2,EPHA2,ortholog_one2one,1
HALLMARK_XENOBIOTIC_METABOLISM,EPHX1,EPHX1,ortholog_one2one,1
HALLMARK_XENOBIOTIC_METABOLISM,ESR1,ESR1,ortholog_one2one,1
HALLMARK_XENOBIOTIC_METABOLISM,ETFDH,ETFDH,ortholog_one2one,1
HALLMARK_XENOBIOTIC_METABOLISM,ETS2,ETS2,ortholog_one2one,1
HALLMARK_XENOBIOTIC_METABOLISM,F10,F10,ortholog_one2one,1
HALLMARK_XENOBIOTIC_METABOLISM,F11,F11,ortholog_one2one,1
HALLMARK_XENOBIOTIC_METABOLISM,FABP1,FABP1,ortholog_one2one,1
HALLMARK_XENOBIOTIC_METABOLISM,FAH,FAH,ortholog_one2one,1
HALLMARK_XENOBIOTIC_METABOLISM,FBLN1,FBLN1,ortholog_one2one,1
HALLMARK_XENOBIOTIC_METABOLISM,FBP1,FBP1,ortholog_one2one,1
HALLMARK_XENOBIOTIC_METABOLISM,FETUB,FETUB,ortholog_one2one,1
HALLMARK_XENOBIOTIC_METABOLISM,FMO1,FMO1,ortholog_one2one,1
HALLMARK_XENOBIOTIC_METABOLISM,FMO3,FMO3,ortholog_one2one,1
HALLMARK_XENOBIOTIC_METABOLISM,G6PC1,G6PC1,ortholog_one2one,1
HALLMARK_XENOBIOTIC_METABOLISM,GABARAPL1,GABARAPL1,ortholog_one2one,1
HALLMARK_XENOBIOTIC_METABOLISM,GAD1,GAD1,ortholog_one2one,1
HALLMARK_XENOBIOTIC_METABOLISM,GART,GART,ortholog_one2one,1
HALLMARK_XENOBIOTIC_METABOLISM,GCH1,GCH1,ortholog_one2one,1
HALLMARK_XENOBIOTIC_METABOLISM,GCKR,GCKR,ortholog_one2one,1
HALLMARK_XENOBIOTIC_METABOLISM,GCLC,GCLC,ortholog_one2one,1
HALLMARK_XENOBIOTIC_METABOLISM,GCNT2,GCNT2,ortholog_one2one,1
HALLMARK_XENOBIOTIC_METABOLISM,GNMT,GNMT,ortholog_one2one,1
HALLMARK_XENOBIOTIC_METABOLISM,GSR,GSR,ortholog_one2one,1
HALLMARK_XENOBIOTIC_METABOLISM,GSS,GSS,ortholog_one2one,1
HALLMARK_XENOBIOTIC_METABOLISM,GSTM4,GSTM4,ortholog_one2one,1
HALLMARK_XENOBIOTIC_METABOLISM,HACL1,HACL1,ortholog_one2one,1
HALLMARK_XENOBIOTIC_METABOLISM,HES6,HES6,ortholog_one2one,1
HALLMARK_XENOBIOTIC_METABOLISM,HGFAC,HGFAC,ortholog_one2one,1
HALLMARK_XENOBIOTIC_METABOLISM,HMOX1,HMOX1,ortholog_one2one,1
HALLMARK_XENOBIOTIC_METABOLISM,HNF4A,HNF4A,ortholog_one2one,1
HALLMARK_XENOBIOTIC_METABOLISM,HPRT1,HPRT1,ortholog_one2one,1
HALLMARK_XENOBIOTIC_METABOLISM,HRG,HRG,ortholog_one2one,1
HALLMARK_XENOBIOTIC_METABOLISM,HSD11B1,HSD11B1,ortholog_one2one,1
HALLMARK_XENOBIOTIC_METABOLISM,HSD17B2,HSD17B2,ortholog_one2one,1
HALLMARK_XENOBIOTIC_METABOLISM,ID2,ID2,ortholog_one2one,1
HALLMARK_XENOBIOTIC_METABOLISM,IDH1,IDH1,ortholog_one2one,1
HALLMARK_XENOBIOTIC_METABOLISM,IGF1,IGF1,ortholog_one2one,1
HALLMARK_XENOBIOTIC_METABOLISM,IGFBP1,IGFBP1,ortholog_one2one,1
HALLMARK_XENOBIOTIC_METABOLISM,IGFBP4,IGFBP4,ortholog_one2one,1
HALLMARK_XENOBIOTIC_METABOLISM,IL1R1,IL1R1,ortholog_one2one,1
HALLMARK_XENOBIOTIC_METABOLISM,IRF8,IRF8,ortholog_one2one,1
HALLMARK_XENOBIOTIC_METABOLISM,ITIH1,ITIH1,ortholog_one2one,1
HALLMARK_XENOBIOTIC_METABOLISM,ITIH4,ITIH4,ortholog_one2one,1
HALLMARK_XENOBIOTIC_METABOLISM,JUP,JUP,ortholog_one2one,1
HALLMARK_XENOBIOTIC_METABOLISM,KARS1,KARS1,ortholog_one2one,1
HALLMARK_XENOBIOTIC_METABOLISM,KYNU,KYNU,ortholog_one2one,1
HALLMARK_XENOBIOTIC_METABOLISM,LCAT,LCAT,ortholog_one2one,1
HALLMARK_XENOBIOTIC_METABOLISM,LEAP2,LEAP2,ortholog_one2one,1
HALLMARK_XENOBIOTIC_METABOLISM,LONP1,LONP1,ortholog_one2one,1
HALLMARK_XENOBIOTIC_METABOLISM,LPIN2,LPIN2,ortholog_one2one,1
HALLMARK_XENOBIOTIC_METABOLISM,MAN1A1,MAN1A1,ortholog_one2one,1
HALLMARK_XENOBIOTIC_METABOLISM,MAOA,MAOA,ortholog_one2one,1
HALLMARK_XENOBIOTIC_METABOLISM,MARCHF6,MARCHF6,ortholog_one2one,1
HALLMARK_XENOBIOTIC_METABOLISM,MBL2,MBL2,ortholog_one2one,1
HALLMARK_XENOBIOTIC_METABOLISM,MCCC2,MCCC2,ortholog_one2one,1
HALLMARK_XENOBIOTIC_METABOLISM,MPP2,MPP2,ortholog_one2one,1
HALLMARK_XENOBIOTIC_METABOLISM,MTHFD1,MTHFD1,ortholog_one2one,1
HALLMARK_XENOBIOTIC_METABOLISM,NDRG2,NDRG2,ortholog_one2one,1
HALLMARK_XENOBIOTIC_METABOLISM,NFS1,NFS1,ortholog_one2one,1
HALLMARK_XENOBIOTIC_METABOLISM,NINJ1,NINJ1,ortholog_one2one,1
HALLMARK_XENOBIOTIC_METABOLISM,NMT1,NMT1,ortholog_one2one,1
HALLMARK_XENOBIOTIC_METABOLISM,NPC1,NPC1,ortholog_one2one,1
HALLMARK_XENOBIOTIC_METABOLISM,NQO1,NQO1,ortholog_one2one,1
HALLMARK_XENOBIOTIC_METABOLISM,PAPSS2,PAPSS2,ortholog_one2one,1
HALLMARK_XENOBIOTIC_METABOLISM,PC,PC,ortholog_one2one,1
HALLMARK_XENOBIOTIC_METABOLISM,PDK4,PDK4,ortholog_one2one,1
HALLMARK_XENOBIOTIC_METABOLISM,PDLIM5,PDLIM5,ortholog_one2one,1
HALLMARK_XENOBIOTIC_METABOLISM,PEMT,PEMT,ortholog_one2one,1
HALLMARK_XENOBIOTIC_METABOLISM,PGD,PGD,ortholog_one2one,1
HALLMARK_XENOBIOTIC_METABOLISM,PGRMC1,PGRMC1,ortholog_one2one,1
HALLMARK_XENOBIOTIC_METABOLISM,PINK1,PINK1,ortholog_one2one,1
HALLMARK_XENOBIOTIC_METABOLISM,PMM1,PMM1,ortholog_one2one,1
HALLMARK_XENOBIOTIC_METABOLISM,POR,POR,ortholog_one2one,1
HALLMARK_XENOBIOTIC_METABOLISM,PPARD,PPARD,ortholog_one2one,1
HALLMARK_XENOBIOTIC_METABOLISM,PROS1,PROS1,ortholog_one2one,1
HALLMARK_XENOBIOTIC_METABOLISM,PSMB10,PSMB10,ortholog_one2one,1
HALLMARK_XENOBIOTIC_METABOLISM,PTGDS,PTGDS,ortholog_one2one,1
HALLMARK_XENOBIOTIC_METABOLISM,PTGES,PTGES,ortholog_one2one,1
HALLMARK_XENOBIOTIC_METABOLISM,PTGR1,PTGR1,ortholog_one2one,1
HALLMARK_XENOBIOTIC_METABOLISM,PTS,PTS,ortholog_one2one,1
HALLMARK_XENOBIOTIC_METABOLISM,PYCR1,PYCR1,ortholog_one2one,1
HALLMARK_XENOBIOTIC_METABOLISM,RAP1GAP,RAP1GAP,ortholog_one2one,1
HALLMARK_XENOBIOTIC_METABOLISM,RBP4,RBP4,ortholog_one2one,1
HALLMARK_XENOBIOTIC_METABOLISM,REG1A,REG1A,ortholog_one2one,1
HALLMARK_XENOBIOTIC_METABOLISM,RETSAT,RETSAT,ortholog_one2one,1
HALLMARK_XENOBIOTIC_METABOLISM,SAR1B,SAR1B,ortholog_one2one,1
HALLMARK_XENOBIOTIC_METABOLISM,SERPINA6,SERPINA6,ortholog_one2one,1
HALLMARK_XENOBIOTIC_METABOLISM,SERPINE1,SERPINE1,ortholog_one2one,1
HALLMARK_XENOBIOTIC_METABOLISM,SERTAD1,SERTAD1,ortholog_one2one,1
HALLMARK_XENOBIOTIC_METABOLISM,SHMT2,SHMT2,ortholog_one2one,1
HALLMARK_XENOBIOTIC_METABOLISM,SLC12A4,SLC12A4,ortholog_one2one,1
HALLMARK_XENOBIOTIC_METABOLISM,SLC22A1,SLC22A1,ortholog_one2one,1
HALLMARK_XENOBIOTIC_METABOLISM,SLC35B1,SLC35B1,ortholog_one2one,1
HALLMARK_XENOBIOTIC_METABOLISM,SLC35D1,SLC35D1,ortholog_one2one,1
HALLMARK_XENOBIOTIC_METABOLISM,SLC46A3,SLC46A3,ortholog_one2one,1
HALLMARK_XENOBIOTIC_METABOLISM,SLC6A12,SLC6A12,ortholog_one2one,1
HALLMARK_XENOBIOTIC_METABOLISM,SLC6A6,SLC6A6,ortholog_one2one,1
HALLMARK_XENOBIOTIC_METABOLISM,SPINT2,SPINT2,ortholog_one2one,1
HALLMARK_XENOBIOTIC_METABOLISM,TAT,TAT,ortholog_one2one,1
HALLMARK_XENOBIOTIC_METABOLISM,TDO2,TDO2,ortholog_one2one,1
HALLMARK_XENOBIOTIC_METABOLISM,TGFB2,TGFB2,ortholog_one2one,1
HALLMARK_XENOBIOTIC_METABOLISM,TKFC,TKFC,ortholog_one2one,1
HALLMARK_XENOBIOTIC_METABOLISM,TMBIM6,TMBIM6,ortholog_one2one,1
HALLMARK_XENOBIOTIC_METABOLISM,TMEM176B,TMEM176B,ortholog_one2one,1
HALLMARK_XENOBIOTIC_METABOLISM,TMEM97,TMEM97,ortholog_one2one,1
HALLMARK_XENOBIOTIC_METABOLISM,TNFRSF1A,TNFRSF1A,ortholog_one2one,1
HALLMARK_XENOBIOTIC_METABOLISM,TPST1,TPST1,ortholog_one2one,1
HALLMARK_XENOBIOTIC_METABOLISM,TTPA,TTPA,ortholog_one2one,1
HALLMARK_XENOBIOTIC_METABOLISM,TYR,TYR,ortholog_one2one,1
HALLMARK_XENOBIOTIC_METABOLISM,UGDH,UGDH,ortholog_one2one,1
HALLMARK_XENOBIOTIC_METABOLISM,UPB1,UPB1,ortholog_one2one,1
HALLMARK_XENOBIOTIC_METABOLISM,UPP1,UPP1,ortholog_one2one,1
HALLMARK_XENOBIOTIC_METABOLISM,VNN1,VNN1,ortholog_one2one,1
HALLMARK_XENOBIOTIC_METABOLISM,VTN,VTN,ortholog_one2one,1
HALLMARK_XENOBIOTIC_METABOLISM,XDH,XDH,ortholog_one2one,1
