gs_name,gene_symbol,gs_url,db_species,species_name
HALLMARK_ADIPOGENESIS,Abca1,https://www.gsea-msigdb.org/gsea/msigdb/mouse/geneset/HALLMARK_ADIPOGENESIS,MM,Mus musculus
HALLMARK_ADIPOGENESIS,Abcb8,https://www.gsea-msigdb.org/gsea/msigdb/mouse/geneset/HALLMARK_ADIPOGENESIS,MM,Mus musculus
HALLMARK_ADIPOGENESIS,Acaa2,https://www.gsea-msigdb.org/gsea/msigdb/mouse/geneset/HALLMARK_ADIPOGENESIS,MM,Mus musculus
HALLMARK_ADIPOGENESIS,Acadl,https://www.gsea-msigdb.org/gsea/msigdb/mouse/geneset/HALLMARK_ADIPOGENESIS,MM,Mus musculus
HALLMARK_ADIPOGENESIS,Acadm,https://www.gsea-msigdb.org/gsea/msigdb/mouse/geneset/HALLMARK_ADIPOGENESIS,MM,Mus musculus
HALLMARK_ADIPOGENESIS,Acads,https://www.gsea-msigdb.org/gsea/msigdb/mouse/geneset/HALLMARK_ADIPOGENESIS,MM,Mus musculus
HALLMARK_ADIPOGENESIS,Acly,https://www.gsea-msigdb.org/gsea/msigdb/mouse/geneset/HALLMARK_ADIPOGENESIS,MM,Mus musculus
HALLMARK_ADIPOGENESIS,Aco2,https://www.gsea-msigdb.org/gsea/msigdb/mouse/geneset/HALLMARK_ADIPOGENESIS,MM,Mus musculus
HALLMARK_ADIPOGENESIS,Acox1,https://www.gsea-msigdb.org/gsea/msigdb/mouse/geneset/HALLMARK_ADIPOGENESIS,MM,Mus musculus
HALLMARK_ADIPOGENESIS,Adcy6,https://www.gsea-msigdb.org/gsea/msigdb/mouse/geneset/HALLMARK_ADIPOGENESIS,MM,Mus musculus
HALLMARK_ADIPOGENESIS,Adig,https://www.gsea-msigdb.org/gsea/msigdb/mouse/geneset/HALLMARK_ADIPOGENESIS,MM,Mus musculus
HALLMARK_ADIPOGENESIS,Adipoq,https://www.gsea-msigdb.org/gsea/msigdb/mouse/geneset/HALLMARK_ADIPOGENESIS,MM,Mus musculus
HALLMARK_ADIPOGENESIS,Adipor2,https://www.gsea-msigdb.org/gsea/msigdb/mouse/geneset/HALLMARK_ADIPOGENESIS,MM,Mus musculus
HALLMARK_ADIPOGENESIS,Agpat3,https://www.gsea-msigdb.org/gsea/msigdb/mouse/geneset/HALLMARK_ADIPOGENESIS,MM,Mus musculus
HALLMARK_ADIPOGENESIS,Aifm1,https://www.gsea-msigdb.org/gsea/msigdb/mouse/geneset/HALLMARK_ADIPOGENESIS,MM,Mus musculus
HALLMARK_ADIPOGENESIS,Ak2,https://www.gsea-msigdb.org/gsea/msigdb/mouse/geneset/HALLMARK_ADIPOGENESIS,MM,Mus musculus
HALLMARK_ADIPOGENESIS,Aldh2,https://www.gsea-msigdb.org/gsea/msigdb/mouse/geneset/HALLMARK_ADIPOGENESIS,MM,Mus musculus
HALLMARK_ADIPOGENESIS,Aldoa,https://www.gsea-msigdb.org/gsea/msigdb/mouse/geneset/HALLMARK_ADIPOGENESIS,MM,Mus musculus
HALLMARK_ADIPOGENESIS,Angpt1,https://www.gsea-msigdb.org/gsea/msigdb/mouse/geneset/HALLMARK_ADIPOGENESIS,MM,Mus musculus
HALLMARK_ADIPOGENESIS,Angptl4,https://www.gsea-msigdb.org/gsea/msigdb/mouse/geneset/HALLMARK_ADIPOGENESIS,MM,Mus musculus
HALLMARK_ADIPOGENESIS,Aplp2,https://www.gsea-msigdb.org/gsea/msigdb/mouse/geneset/HALLMARK_ADIPOGENESIS,MM,Mus musculus
HALLMARK_ADIPOGENESIS,Apoe,https://www.gsea-msigdb.org/gsea/msigdb/mouse/geneset/HALLMARK_ADIPOGENESIS,MM,Mus musculus
HALLMARK_ADIPOGENESIS,Araf,https://www.gsea-msigdb.org/gsea/msigdb/mouse/geneset/HALLMARK_ADIPOGENESIS,MM,Mus musculus
HALLMARK_ADIPOGENESIS,Arl4a,https://www.gsea-msigdb.org/gsea/msigdb/mouse/geneset/HALLMARK_ADIPOGENESIS,MM,Mus musculus
HALLMARK_ADIPOGENESIS,Atl2,https://www.gsea-msigdb.org/gsea/msigdb/mouse/geneset/HALLMARK_ADIPOGENESIS,MM,Mus musculus
HALLMARK_ADIPOGENESIS,Atp1b3,https://www.gsea-msigdb.org/gsea/msigdb/mouse/geneset/HALLMARK_ADIPOGENESIS,MM,Mus musculus
HALLMARK_ADIPOGENESIS,Atp5po,https://www.gsea-msigdb.org/gsea/msigdb/mouse/geneset/HALLMARK_ADIPOGENESIS,MM,Mus musculus
HALLMARK_ADIPOGENESIS,Baz2a,https://www.gsea-msigdb.org/gsea/msigdb/mouse/geneset/HALLMARK_ADIPOGENESIS,MM,Mus musculus
HALLMARK_ADIPOGENESIS,Bckdha,https://www.gsea-msigdb.org/gsea/msigdb/mouse/geneset/HALLMARK_ADIPOGENESIS,MM,Mus musculus
HALLMARK_ADIPOGENESIS,Bcl2l13,https://www.gsea-msigdb.org/gsea/msigdb/mouse/geneset/HALLMARK_ADIPOGENESIS,MM,Mus musculus
HALLMARK_ADIPOGENESIS,Bcl6,https://www.gsea-msigdb.org/gsea/msigdb/mouse/geneset/HALLMARK_ADIPOGENESIS,MM,Mus musculus
HALLMARK_ADIPOGENESIS,C3,https://www.gsea-msigdb.org/gsea/msigdb/mouse/geneset/HALLMARK_ADIPOGENESIS,MM,Mus musculus
HALLMARK_ADIPOGENESIS,Cat,https://www.gsea-msigdb.org/gsea/msigdb/mouse/geneset/HALLMARK_ADIPOGENESIS,MM,Mus musculus
HALLMARK_ADIPOGENESIS,Cavin1,https://www.gsea-msigdb.org/gsea/msigdb/mouse/geneset/HALLMARK_ADIPOGENESIS,MM,Mus musculus
HALLMARK_ADIPOGENESIS,Cavin2,https://www.gsea-msigdb.org/gsea/msigdb/mouse/geneset/HALLMARK_ADIPOGENESIS,MM,Mus musculus
HALLMARK_ADIPOGENESIS,Ccng2,https://www.gsea-msigdb.org/gsea/msigdb/mouse/geneset/HALLMARK_ADIPOGENESIS,MM,Mus musculus
HALLMARK_ADIPOGENESIS,Cd151,https://www.gsea-msigdb.org/gsea/msigdb/mouse/geneset/HALLMARK_ADIPOGENESIS,MM,Mus musculus
HALLMARK_ADIPOGENESIS,Cd302,https://www.gsea-msigdb.org/gsea/msigdb/mouse/geneset/HALLMARK_ADIPOGENESIS,MM,Mus musculus
HALLMARK_ADIPOGENESIS,Cd36,https://www.gsea-msigdb.org/gsea/msigdb/mouse/geneset/HALLMARK_ADIPOGENESIS,MM,Mus musculus
HALLMARK_ADIPOGENESIS,Cdkn2c,https://www.gsea-msigdb.org/gsea/msigdb/mouse/geneset/HALLMARK_ADIPOGENESIS,MM,Mus musculus
HALLMARK_ADIPOGENESIS,Chchd10,https://www.gsea-msigdb.org/gsea/msigdb/mouse/geneset/HALLMARK_ADIPOGENESIS,MM,Mus musculus
HALLMARK_ADIPOGENESIS,Chuk,https://www.gsea-msigdb.org/gsea/msigdb/mouse/geneset/HALLMARK_ADIPOGENESIS,MM,Mus musculus
HALLMARK_ADIPOGENESIS,Cidea,https://www.gsea-msigdb.org/gsea/msigdb/mouse/geneset/HALLMARK_ADIPOGENESIS,MM,Mus musculus
HALLMARK_ADIPOGENESIS,Cmbl,https://www.gsea-msigdb.org/gsea/msigdb/mouse/geneset/HALLMARK_ADIPOGENESIS,MM,Mus musculus
HALLMARK_ADIPOGENESIS,Cmpk1,https://www.gsea-msigdb.org/gsea/msigdb/mouse/geneset/HALLMARK_ADIPOGENESIS,MM,Mus musculus
HALLMARK_ADIPOGENESIS,Col15a1,https://www.gsea-msigdb.org/gsea/msigdb/mouse/geneset/HALLMARK_ADIPOGENESIS,MM,Mus musculus
HALLMARK_ADIPOGENESIS,Col4a1,https://www.gsea-msigdb.org/gsea/msigdb/mouse/geneset/HALLMARK_ADIPOGENESIS,MM,Mus musculus
HALLMARK_ADIPOGENESIS,Coq3,https://www.gsea-msigdb.org/gsea/msigdb/mouse/geneset/HALLMARK_ADIPOGENESIS,MM,Mus musculus
HALLMARK_ADIPOGENESIS,Coq5,https://www.gsea-msigdb.org/gsea/msigdb/mouse/geneset/HALLMARK_ADIPOGENESIS,MM,Mus musculus
HALLMARK_ADIPOGENESIS,Coq9,https://www.gsea-msigdb.org/gsea/msigdb/mouse/geneset/HALLMARK_ADIPOGENESIS,MM,Mus musculus
HALLMARK_ADIPOGENESIS,Cox6a1,https://www.gsea-msigdb.org/gsea/msigdb/mouse/geneset/HALLMARK_ADIPOGENESIS,MM,Mus musculus
HALLMARK_ADIPOGENESIS,Cox7b,https://www.gsea-msigdb.org/gsea/msigdb/mouse/geneset/HALLMARK_ADIPOGENESIS,MM,Mus musculus
HALLMARK_ADIPOGENESIS,Cox8a,https://www.gsea-msigdb.org/gsea/msigdb/mouse/geneset/HALLMARK_ADIPOGENESIS,MM,Mus musculus
HALLMARK_ADIPOGENESIS,Cpt2,https://www.gsea-msigdb.org/gsea/msigdb/mouse/geneset/HALLMARK_ADIPOGENESIS,MM,Mus musculus
HALLMARK_ADIPOGENESIS,Crat,https://www.gsea-msigdb.org/gsea/msigdb/mouse/geneset/HALLMARK_ADIPOGENESIS,MM,Mus musculus
HALLMARK_ADIPOGENESIS,Cs,https://www.gsea-msigdb.org/gsea/msigdb/mouse/geneset/HALLMARK_ADIPOGENESIS,MM,Mus musculus
HALLMARK_ADIPOGENESIS,Cyc1,https://www.gsea-msigdb.org/gsea/msigdb/mouse/geneset/HALLMARK_ADIPOGENESIS,MM,Mus musculus
HALLMARK_ADIPOGENESIS,Cyp4b1,https://www.gsea-msigdb.org/gsea/msigdb/mouse/geneset/HALLMARK_ADIPOGENESIS,MM,Mus musculus
HALLMARK_ADIPOGENESIS,Dbt,https://www.gsea-msigdb.org/gsea/msigdb/mouse/geneset/HALLMARK_ADIPOGENESIS,MM,Mus musculus
HALLMARK_ADIPOGENESIS,Ddt,https://www.gsea-msigdb.org/gsea/msigdb/mouse/geneset/HALLMARK_ADIPOGENESIS,MM,Mus musculus
HALLMARK_ADIPOGENESIS,Decr1,https://www.gsea-msigdb.org/gsea/msigdb/mouse/geneset/HALLMARK_ADIPOGENESIS,MM,Mus musculus
HALLMARK_ADIPOGENESIS,Dgat1,https://www.gsea-msigdb.org/gsea/msigdb/mouse/geneset/HALLMARK_ADIPOGENESIS,MM,Mus musculus
HALLMARK_ADIPOGENESIS,Dhcr7,https://www.gsea-msigdb.org/gsea/msigdb/mouse/geneset/HALLMARK_ADIPOGENESIS,MM,Mus musculus
HALLMARK_ADIPOGENESIS,Dhrs7,https://www.gsea-msigdb.org/gsea/msigdb/mouse/geneset/HALLMARK_ADIPOGENESIS,MM,Mus musculus
HALLMARK_ADIPOGENESIS,Dhrs7b,https://www.gsea-msigdb.org/gsea/msigdb/mouse/geneset/HALLMARK_ADIPOGENESIS,MM,Mus musculus
HALLMARK_ADIPOGENESIS,Dlat,https://www.gsea-msigdb.org/gsea/msigdb/mouse/geneset/HALLMARK_ADIPOGENESIS,MM,Mus musculus
HALLMARK_ADIPOGENESIS,Dld,https://www.gsea-msigdb.org/gsea/msigdb/mouse/geneset/HALLMARK_ADIPOGENESIS,MM,Mus musculus
HALLMARK_ADIPOGENESIS,Dnajb9,https://www.gsea-msigdb.org/gsea/msigdb/mouse/geneset/HALLMARK_ADIPOGENESIS,MM,Mus musculus
HALLMARK_ADIPOGENESIS,Dnajc15,https://www.gsea-msigdb.org/gsea/msigdb/mouse/geneset/HALLMARK_ADIPOGENESIS,MM,Mus musculus
HALLMARK_ADIPOGENESIS,Dram2,https://www.gsea-msigdb.org/gsea/msigdb/mouse/geneset/HALLMARK_ADIPOGENESIS,MM,Mus musculus
HALLMARK_ADIPOGENESIS,Ech1,https://www.gsea-msigdb.org/gsea/msigdb/mouse/geneset/HALLMARK_ADIPOGENESIS,MM,Mus musculus
HALLMARK_ADIPOGENESIS,Echs1,https://www.gsea-msigdb.org/gsea/msigdb/mouse/geneset/HALLMARK_ADIPOGENESIS,MM,Mus musculus
HALLMARK_ADIPOGENESIS,Elmod3,https://www.gsea-msigdb.org/gsea/msigdb/mouse/geneset/HALLMARK_ADIPOGENESIS,MM,Mus musculus
HALLMARK_ADIPOGENESIS,Elovl6,https://www.gsea-msigdb.org/gsea/msigdb/mouse/geneset/HALLMARK_ADIPOGENESIS,MM,Mus musculus
HALLMARK_ADIPOGENESIS,Enpp2,https://www.gsea-msigdb.org/gsea/msigdb/mouse/geneset/HALLMARK_ADIPOGENESIS,MM,Mus musculus
HALLMARK_ADIPOGENESIS,Ephx2,https://www.gsea-msigdb.org/gsea/msigdb/mouse/geneset/HALLMARK_ADIPOGENESIS,MM,Mus musculus
HALLMARK_ADIPOGENESIS,Esrra,https://www.gsea-msigdb.org/gsea/msigdb/mouse/geneset/HALLMARK_ADIPOGENESIS,MM,Mus musculus
HALLMARK_ADIPOGENESIS,Esyt1,https://www.gsea-msigdb.org/gsea/msigdb/mouse/geneset/HALLMARK_ADIPOGENESIS,MM,Mus musculus
HALLMARK_ADIPOGENESIS,Etfb,https://www.gsea-msigdb.org/gsea/msigdb/mouse/geneset/HALLMARK_ADIPOGENESIS,MM,Mus musculus
HALLMARK_ADIPOGENESIS,Fabp4,https://www.gsea-msigdb.org/gsea/msigdb/mouse/geneset/HALLMARK_ADIPOGENESIS,MM,Mus musculus
HALLMARK_ADIPOGENESIS,Fah,https://www.gsea-msigdb.org/gsea/msigdb/mouse/geneset/HALLMARK_ADIPOGENESIS,MM,Mus musculus
HALLMARK_ADIPOGENESIS,Fzd4,https://www.gsea-msigdb.org/gsea/msigdb/mouse/geneset/HALLMARK_ADIPOGENESIS,MM,Mus musculus
HALLMARK_ADIPOGENESIS,G3bp2,https://www.gsea-msigdb.org/gsea/msigdb/mouse/geneset/HALLMARK_ADIPOGENESIS,MM,Mus musculus
HALLMARK_ADIPOGENESIS,Gadd45a,https://www.gsea-msigdb.org/gsea/msigdb/mouse/geneset/HALLMARK_ADIPOGENESIS,MM,Mus musculus
HALLMARK_ADIPOGENESIS,Gbe1,https://www.gsea-msigdb.org/gsea/msigdb/mouse/geneset/HALLMARK_ADIPOGENESIS,MM,Mus musculus
HALLMARK_ADIPOGENESIS,Ghitm,https://www.gsea-msigdb.org/gsea/msigdb/mouse/geneset/HALLMARK_ADIPOGENESIS,MM,Mus musculus
HALLMARK_ADIPOGENESIS,Gpam,https://www.gsea-msigdb.org/gsea/msigdb/mouse/geneset/HALLMARK_ADIPOGENESIS,MM,Mus musculus
HALLMARK_ADIPOGENESIS,Gpat4,https://www.gsea-msigdb.org/gsea/msigdb/mouse/geneset/HALLMARK_ADIPOGENESIS,MM,Mus musculus
HALLMARK_ADIPOGENESIS,Gpd2,https://www.gsea-msigdb.org/gsea/msigdb/mouse/geneset/HALLMARK_ADIPOGENESIS,MM,Mus musculus
HALLMARK_ADIPOGENESIS,Gphn,https://www.gsea-msigdb.org/gsea/msigdb/mouse/geneset/HALLMARK_ADIPOGENESIS,MM,Mus musculus
HALLMARK_ADIPOGENESIS,Gpx3,https://www.gsea-msigdb.org/gsea/msigdb/mouse/geneset/HALLMARK_ADIPOGENESIS,MM,Mus musculus
HALLMARK_ADIPOGENESIS,Gpx4,https://www.gsea-msigdb.org/gsea/msigdb/mouse/geneset/HALLMARK_ADIPOGENESIS,MM,Mus musculus
HALLMARK_ADIPOGENESIS,Grpel1,https://www.gsea-msigdb.org/gsea/msigdb/mouse/geneset/HALLMARK_ADIPOGENESIS,MM,Mus musculus
HALLMARK_ADIPOGENESIS,Hadh,https://www.gsea-msigdb.org/gsea/msigdb/mouse/geneset/HALLMARK_ADIPOGENESIS,MM,Mus musculus
HALLMARK_ADIPOGENESIS,Hibch,https://www.gsea-msigdb.org/gsea/msigdb/mouse/geneset/HALLMARK_ADIPOGENESIS,MM,Mus musculus
HALLMARK_ADIPOGENESIS,Hspb8,https://www.gsea-msigdb.org/gsea/msigdb/mouse/geneset/HALLMARK_ADIPOGENESIS,MM,Mus musculus
HALLMARK_ADIPOGENESIS,Idh1,https://www.gsea-msigdb.org/gsea/msigdb/mouse/geneset/HALLMARK_ADIPOGENESIS,MM,Mus musculus
HALLMARK_ADIPOGENESIS,Idh3a,https://www.gsea-msigdb.org/gsea/msigdb/mouse/geneset/HALLMARK_ADIPOGENESIS,MM,Mus musculus
HALLMARK_ADIPOGENESIS,Idh3g,https://www.gsea-msigdb.org/gsea/msigdb/mouse/geneset/HALLMARK_ADIPOGENESIS,MM,Mus musculus
HALLMARK_ADIPOGENESIS,Ifngr1,https://www.gsea-msigdb.org/gsea/msigdb/mouse/geneset/HALLMARK_ADIPOGENESIS,MM,Mus musculus
HALLMARK_ADIPOGENESIS,Immt,https://www.gsea-msigdb.org/gsea/msigdb/mouse/geneset/HALLMARK_ADIPOGENESIS,MM,Mus musculus
HALLMARK_ADIPOGENESIS,Itga7,https://www.gsea-msigdb.org/gsea/msigdb/mouse/geneset/HALLMARK_ADIPOGENESIS,MM,Mus musculus
HALLMARK_ADIPOGENESIS,Itih5,https://www.gsea-msigdb.org/gsea/msigdb/mouse/geneset/HALLMARK_ADIPOGENESIS,MM,Mus musculus
HALLMARK_ADIPOGENESIS,Itsn1,https://www.gsea-msigdb.org/gsea/msigdb/mouse/geneset/HALLMARK_ADIPOGENESIS,MM,Mus musculus
HALLMARK_ADIPOGENESIS,Jagn1,https://www.gsea-msigdb.org/gsea/msigdb/mouse/geneset/HALLMARK_ADIPOGENESIS,MM,Mus musculus
HALLMARK_ADIPOGENESIS,Lama4,https://www.gsea-msigdb.org/gsea/msigdb/mouse/geneset/HALLMARK_ADIPOGENESIS,MM,Mus musculus
HALLMARK_ADIPOGENESIS,Lep,https://www.gsea-msigdb.org/gsea/msigdb/mouse/geneset/HALLMARK_ADIPOGENESIS,MM,Mus musculus
HALLMARK_ADIPOGENESIS,Lifr,https://www.gsea-msigdb.org/gsea/msigdb/mouse/geneset/HALLMARK_ADIPOGENESIS,MM,Mus musculus
HALLMARK_ADIPOGENESIS,Lipe,https://www.gsea-msigdb.org/gsea/msigdb/mouse/geneset/HALLMARK_ADIPOGENESIS,MM,Mus musculus
HALLMARK_ADIPOGENESIS,Lpcat3,https://www.gsea-msigdb.org/gsea/msigdb/mouse/geneset/HALLMARK_ADIPOGENESIS,MM,Mus musculus
HALLMARK_ADIPOGENESIS,Lpl,https://www.gsea-msigdb.org/gsea/msigdb/mouse/geneset/HALLMARK_ADIPOGENESIS,MM,Mus musculus
HALLMARK_ADIPOGENESIS,Ltc4s,https://www.gsea-msigdb.org/gsea/msigdb/mouse/geneset/HALLMARK_ADIPOGENESIS,MM,Mus musculus
HALLMARK_ADIPOGENESIS,Map4k3,https://www.gsea-msigdb.org/gsea/msigdb/mouse/geneset/HALLMARK_ADIPOGENESIS,MM,Mus musculus
HALLMARK_ADIPOGENESIS,Mccc1,https://www.gsea-msigdb.org/gsea/msigdb/mouse/geneset/HALLMARK_ADIPOGENESIS,MM,Mus musculus
HALLMARK_ADIPOGENESIS,Mdh2,https://www.gsea-msigdb.org/gsea/msigdb/mouse/geneset/HALLMARK_ADIPOGENESIS,MM,Mus musculus
HALLMARK_ADIPOGENESIS,Me1,https://www.gsea-msigdb.org/gsea/msigdb/mouse/geneset/HALLMARK_ADIPOGENESIS,MM,Mus musculus
HALLMARK_ADIPOGENESIS,Mgll,https://www.gsea-msigdb.org/gsea/msigdb/mouse/geneset/HALLMARK_ADIPOGENESIS,MM,Mus musculus
HALLMARK_ADIPOGENESIS,Mgst3,https://www.gsea-msigdb.org/gsea/msigdb/mouse/geneset/HALLMARK_ADIPOGENESIS,MM,Mus musculus
HALLMARK_ADIPOGENESIS,Miga2,https://www.gsea-msigdb.org/gsea/msigdb/mouse/geneset/HALLMARK_ADIPOGENESIS,MM,Mus musculus
HALLMARK_ADIPOGENESIS,Mrap,https://www.gsea-msigdb.org/gsea/msigdb/mouse/geneset/HALLMARK_ADIPOGENESIS,MM,Mus musculus
HALLMARK_ADIPOGENESIS,Mrpl15,https://www.gsea-msigdb.org/gsea/msigdb/mouse/geneset/HALLMARK_ADIPOGENESIS,MM,Mus musculus
HALLMARK_ADIPOGENESIS,Mtarc2,https://www.gsea-msigdb.org/gsea/msigdb/mouse/geneset/HALLMARK_ADIPOGENESIS,MM,Mus musculus
HALLMARK_ADIPOGENESIS,Mtch2,https://www.gsea-msigdb.org/gsea/msigdb/mouse/geneset/HALLMARK_ADIPOGENESIS,MM,Mus musculus
HALLMARK_ADIPOGENESIS,Mylk,https://www.gsea-msigdb.org/gsea/msigdb/mouse/geneset/HALLMARK_ADIPOGENESIS,MM,Mus musculus
HALLMARK_ADIPOGENESIS,Nabp1,https://www.gsea-msigdb.org/gsea/msigdb/mouse/geneset/HALLMARK_ADIPOGENESIS,MM,Mus musculus
HALLMARK_ADIPOGENESIS,Ndufa5,https://www.gsea-msigdb.org/gsea/msigdb/mouse/geneset/HALLMARK_ADIPOGENESIS,MM,Mus musculus
HALLMARK_ADIPOGENESIS,Ndufab1,https://www.gsea-msigdb.org/gsea/msigdb/mouse/geneset/HALLMARK_ADIPOGENESIS,MM,Mus musculus
HALLMARK_ADIPOGENESIS,Ndufb7,https://www.gsea-msigdb.org/gsea/msigdb/mouse/geneset/HALLMARK_ADIPOGENESIS,MM,Mus musculus
HALLMARK_ADIPOGENESIS,Ndufs3,https://www.gsea-msigdb.org/gsea/msigdb/mouse/geneset/HALLMARK_ADIPOGENESIS,MM,Mus musculus
HALLMARK_ADIPOGENESIS,Nkiras1,https://www.gsea-msigdb.org/gsea/msigdb/mouse/geneset/HALLMARK_ADIPOGENESIS,MM,Mus musculus
HALLMARK_ADIPOGENESIS,Nmt1,https://www.gsea-msigdb.org/gsea/msigdb/mouse/geneset/HALLMARK_ADIPOGENESIS,MM,Mus musculus
HALLMARK_ADIPOGENESIS,Omd,https://www.gsea-msigdb.org/gsea/msigdb/mouse/geneset/HALLMARK_ADIPOGENESIS,MM,Mus musculus
HALLMARK_ADIPOGENESIS,Orm1,https://www.gsea-msigdb.org/gsea/msigdb/mouse/geneset/HALLMARK_ADIPOGENESIS,MM,Mus musculus
HALLMARK_ADIPOGENESIS,Pdcd4,https://www.gsea-msigdb.org/gsea/msigdb/mouse/geneset/HALLMARK_ADIPOGENESIS,MM,Mus musculus
HALLMARK_ADIPOGENESIS,Pemt,https://www.gsea-msigdb.org/gsea/msigdb/mouse/geneset/HALLMARK_ADIPOGENESIS,MM,Mus musculus
HALLMARK_ADIPOGENESIS,Pex14,https://www.gsea-msigdb.org/gsea/msigdb/mouse/geneset/HALLMARK_ADIPOGENESIS,MM,Mus musculus
HALLMARK_ADIPOGENESIS,Pfkfb3,https://www.gsea-msigdb.org/gsea/msigdb/mouse/geneset/HALLMARK_ADIPOGENESIS,MM,Mus musculus
HALLMARK_ADIPOGENESIS,Pfkl,https://www.gsea-msigdb.org/gsea/msigdb/mouse/geneset/HALLMARK_ADIPOGENESIS,MM,Mus musculus
HALLMARK_ADIPOGENESIS,Pgm1,https://www.gsea-msigdb.org/gsea/msigdb/mouse/geneset/HALLMARK_ADIPOGENESIS,MM,Mus musculus
HALLMARK_ADIPOGENESIS,Phldb1,https://www.gsea-msigdb.org/gsea/msigdb/mouse/geneset/HALLMARK_ADIPOGENESIS,MM,Mus musculus
HALLMARK_ADIPOGENESIS,Phyh,https://www.gsea-msigdb.org/gsea/msigdb/mouse/geneset/HALLMARK_ADIPOGENESIS,MM,Mus musculus
HALLMARK_ADIPOGENESIS,Pim3,https://www.gsea-msigdb.org/gsea/msigdb/mouse/geneset/HALLMARK_ADIPOGENESIS,MM,Mus musculus
HALLMARK_ADIPOGENESIS,Plin2,https://www.gsea-msigdb.org/gsea/msigdb/mouse/geneset/HALLMARK_ADIPOGENESIS,MM,Mus musculus
HALLMARK_ADIPOGENESIS,Por,https://www.gsea-msigdb.org/gsea/msigdb/mouse/geneset/HALLMARK_ADIPOGENESIS,MM,Mus musculus
HALLMARK_ADIPOGENESIS,Pparg,https://www.gsea-msigdb.org/gsea/msigdb/mouse/geneset/HALLMARK_ADIPOGENESIS,MM,Mus musculus
HALLMARK_ADIPOGENESIS,Ppm1b,https://www.gsea-msigdb.org/gsea/msigdb/mouse/geneset/HALLMARK_ADIPOGENESIS,MM,Mus musculus
HALLMARK_ADIPOGENESIS,Ppp1r15b,https://www.gsea-msigdb.org/gsea/msigdb/mouse/geneset/HALLMARK_ADIPOGENESIS,MM,Mus musculus
HALLMARK_ADIPOGENESIS,Prdx3,https://www.gsea-msigdb.org/gsea/msigdb/mouse/geneset/HALLMARK_ADIPOGENESIS,MM,Mus musculus
HALLMARK_ADIPOGENESIS,Preb,https://www.gsea-msigdb.org/gsea/msigdb/mouse/geneset/HALLMARK_ADIPOGENESIS,MM,Mus musculus
HALLMARK_ADIPOGENESIS,Ptcd3,https://www.gsea-msigdb.org/gsea/msigdb/mouse/geneset/HALLMARK_ADIPOGENESIS,MM,Mus musculus
HALLMARK_ADIPOGENESIS,Ptger3,https://www.gsea-msigdb.org/gsea/msigdb/mouse/geneset/HALLMARK_ADIPOGENESIS,MM,Mus musculus
HALLMARK_ADIPOGENESIS,Qdpr,https://www.gsea-msigdb.org/gsea/msigdb/mouse/geneset/HALLMARK_ADIPOGENESIS,MM,Mus musculus
HALLMARK_ADIPOGENESIS,Rab34,https://www.gsea-msigdb.org/gsea/msigdb/mouse/geneset/HALLMARK_ADIPOGENESIS,MM,Mus musculus
HALLMARK_ADIPOGENESIS,Reep5,https://www.gsea-msigdb.org/gsea/msigdb/mouse/geneset/HALLMARK_ADIPOGENESIS,MM,Mus musculus
HALLMARK_ADIPOGENESIS,Reep6,https://www.gsea-msigdb.org/gsea/msigdb/mouse/geneset/HALLMARK_ADIPOGENESIS,MM,Mus musculus
HALLMARK_ADIPOGENESIS,Retn,https://www.gsea-msigdb.org/gsea/msigdb/mouse/geneset/HALLMARK_ADIPOGENESIS,MM,Mus musculus
HALLMARK_ADIPOGENESIS,Retsat,https://www.gsea-msigdb.org/gsea/msigdb/mouse/geneset/HALLMARK_ADIPOGENESIS,MM,Mus musculus
HALLMARK_ADIPOGENESIS,Riok3,https://www.gsea-msigdb.org/gsea/msigdb/mouse/geneset/HALLMARK_ADIPOGENESIS,MM,Mus musculus
HALLMARK_ADIPOGENESIS,Rmdn3,https://www.gsea-msigdb.org/gsea/msigdb/mouse/geneset/HALLMARK_ADIPOGENESIS,MM,Mus musculus
HALLMARK_ADIPOGENESIS,Rnf11,https://www.gsea-msigdb.org/gsea/msigdb/mouse/geneset/HALLMARK_ADIPOGENESIS,MM,Mus musculus
HALLMARK_ADIPOGENESIS,Rreb1,https://www.gsea-msigdb.org/gsea/msigdb/mouse/geneset/HALLMARK_ADIPOGENESIS,MM,Mus musculus
HALLMARK_ADIPOGENESIS,Rtn3,https://www.gsea-msigdb.org/gsea/msigdb/mouse/geneset/HALLMARK_ADIPOGENESIS,MM,Mus musculus
HALLMARK_ADIPOGENESIS,Samm50,https://www.gsea-msigdb.org/gsea/msigdb/mouse/geneset/HALLMARK_ADIPOGENESIS,MM,Mus musculus
HALLMARK_ADIPOGENESIS,Scarb1,https://www.gsea-msigdb.org/gsea/msigdb/mouse/geneset/HALLMARK_ADIPOGENESIS,MM,Mus musculus
HALLMARK_ADIPOGENESIS,Scp2,https://www.gsea-msigdb.org/gsea/msigdb/mouse/geneset/HALLMARK_ADIPOGENESIS,MM,Mus musculus
HALLMARK_ADIPOGENESIS,Sdhb,https://www.gsea-msigdb.org/gsea/msigdb/mouse/geneset/HALLMARK_ADIPOGENESIS,MM,Mus musculus
HALLMARK_ADIPOGENESIS,Sdhc,https://www.gsea-msigdb.org/gsea/msigdb/mouse/geneset/HALLMARK_ADIPOGENESIS,MM,Mus musculus
HALLMARK_ADIPOGENESIS,Slc19a1,https://www.gsea-msigdb.org/gsea/msigdb/mouse/geneset/HALLMARK_ADIPOGENESIS,MM,Mus musculus
HALLMARK_ADIPOGENESIS,Slc1a5,https://www.gsea-msigdb.org/gsea/msigdb/mouse/geneset/HALLMARK_ADIPOGENESIS,MM,Mus musculus
HALLMARK_ADIPOGENESIS,Slc25a1,https://www.gsea-msigdb.org/gsea/msigdb/mouse/geneset/HALLMARK_ADIPOGENESIS,MM,Mus musculus
HALLMARK_ADIPOGENESIS,Slc25a10,https://www.gsea-msigdb.org/gsea/msigdb/mouse/geneset/HALLMARK_ADIPOGENESIS,MM,Mus musculus
HALLMARK_ADIPOGENESIS,Slc27a1,https://www.gsea-msigdb.org/gsea/msigdb/mouse/geneset/HALLMARK_ADIPOGENESIS,MM,Mus musculus
HALLMARK_ADIPOGENESIS,Slc5a6,https://www.gsea-msigdb.org/gsea/msigdb/mouse/geneset/HALLMARK_ADIPOGENESIS,MM,Mus musculus
HALLMARK_ADIPOGENESIS,Slc66a3,https://www.gsea-msigdb.org/gsea/msigdb/mouse/geneset/HALLMARK_ADIPOGENESIS,MM,Mus musculus
HALLMARK_ADIPOGENESIS,Sncg,https://www.gsea-msigdb.org/gsea/msigdb/mouse/geneset/HALLMARK_ADIPOGENESIS,MM,Mus musculus
HALLMARK_ADIPOGENESIS,Sod1,https://www.gsea-msigdb.org/gsea/msigdb/mouse/geneset/HALLMARK_ADIPOGENESIS,MM,Mus musculus
HALLMARK_ADIPOGENESIS,Sorbs1,https://www.gsea-msigdb.org/gsea/msigdb/mouse/geneset/HALLMARK_ADIPOGENESIS,MM,Mus musculus
HALLMARK_ADIPOGENESIS,Sowahc,https://www.gsea-msigdb.org/gsea/msigdb/mouse/geneset/HALLMARK_ADIPOGENESIS,MM,Mus musculus
HALLMARK_ADIPOGENESIS,Sparcl1,https://www.gsea-msigdb.org/gsea/msigdb/mouse/geneset/HALLMARK_ADIPOGENESIS,MM,Mus musculus
HALLMARK_ADIPOGENESIS,Sqor,https://www.gsea-msigdb.org/gsea/msigdb/mouse/geneset/HALLMARK_ADIPOGENESIS,MM,Mus musculus
HALLMARK_ADIPOGENESIS,Sspn,https://www.gsea-msigdb.org/gsea/msigdb/mouse/geneset/HALLMARK_ADIPOGENESIS,MM,Mus musculus
HALLMARK_ADIPOGENESIS,Stat5a,https://www.gsea-msigdb.org/gsea/msigdb/mouse/geneset/HALLMARK_ADIPOGENESIS,MM,Mus musculus
HALLMARK_ADIPOGENESIS,Stom,https://www.gsea-msigdb.org/gsea/msigdb/mouse/geneset/HALLMARK_ADIPOGENESIS,MM,Mus musculus
HALLMARK_ADIPOGENESIS,Suclg1,https://www.gsea-msigdb.org/gsea/msigdb/mouse/geneset/HALLMARK_ADIPOGENESIS,MM,Mus musculus
HALLMARK_ADIPOGENESIS,Sult1a1,https://www.gsea-msigdb.org/gsea/msigdb/mouse/geneset/HALLMARK_ADIPOGENESIS,MM,Mus musculus
HALLMARK_ADIPOGENESIS,Taldo1,https://www.gsea-msigdb.org/gsea/msigdb/mouse/geneset/HALLMARK_ADIPOGENESIS,MM,Mus musculus
HALLMARK_ADIPOGENESIS,Tank,https://www.gsea-msigdb.org/gsea/msigdb/mouse/geneset/HALLMARK_ADIPOGENESIS,MM,Mus musculus
HALLMARK_ADIPOGENESIS,Tkt,https://www.gsea-msigdb.org/gsea/msigdb/mouse/geneset/HALLMARK_ADIPOGENESIS,MM,Mus musculus
HALLMARK_ADIPOGENESIS,Tob1,https://www.gsea-msigdb.org/gsea/msigdb/mouse/geneset/HALLMARK_ADIPOGENESIS,MM,Mus musculus
HALLMARK_ADIPOGENESIS,Tst,https://www.gsea-msigdb.org/gsea/msigdb/mouse/geneset/HALLMARK_ADIPOGENESIS,MM,Mus musculus
HALLMARK_ADIPOGENESIS,Ubc,https://www.gsea-msigdb.org/gsea/msigdb/mouse/geneset/HALLMARK_ADIPOGENESIS,MM,Mus musculus
HALLMARK_ADIPOGENESIS,Ubqln1,https://www.gsea-msigdb.org/gsea/msigdb/mouse/geneset/HALLMARK_ADIPOGENESIS,MM,Mus musculus
HALLMARK_ADIPOGENESIS,Uck1,https://www.gsea-msigdb.org/gsea/msigdb/mouse/geneset/HALLMARK_ADIPOGENESIS,MM,Mus musculus
HALLMARK_ADIPOGENESIS,Ucp2,https://www.gsea-msigdb.org/gsea/msigdb/mouse/geneset/HALLMARK_ADIPOGENESIS,MM,Mus musculus
HALLMARK_ADIPOGENESIS,Uqcr10,https://www.gsea-msigdb.org/gsea/msigdb/mouse/geneset/HALLMARK_ADIPOGENESIS,MM,Mus musculus
HALLMARK_ADIPOGENESIS,Uqcr11,https://www.gsea-msigdb.org/gsea/msigdb/mouse/geneset/HALLMARK_ADIPOGENESIS,MM,Mus musculus
HALLMARK_ADIPOGENESIS,Uqcrc1,https://www.gsea-msigdb.org/gsea/msigdb/mouse/geneset/HALLMARK_ADIPOGENESIS,MM,Mus musculus
HALLMARK_ADIPOGENESIS,Uqcrq,https://www.gsea-msigdb.org/gsea/msigdb/mouse/geneset/HALLMARK_ADIPOGENESIS,MM,Mus musculus
HALLMARK_ADIPOGENESIS,Vegfb,https://www.gsea-msigdb.org/gsea/msigdb/mouse/geneset/HALLMARK_ADIPOGENESIS,MM,Mus musculus
HALLMARK_ADIPOGENESIS,Ywhag,https://www.gsea-msigdb.org/gsea/msigdb/mouse/geneset/HALLMARK_ADIPOGENESIS,MM,Mus musculus
HALLMARK_ALLOGRAFT_REJECTION,Aars1,https://www.gsea-msigdb.org/gsea/msigdb/mouse/geneset/HALLMARK_ALLOGRAFT_REJECTION,MM,Mus musculus
HALLMARK_ALLOGRAFT_REJECTION,Abce1,https://www.gsea-msigdb.org/gsea/msigdb/mouse/geneset/HALLMARK_ALLOGRAFT_REJECTION,MM,Mus musculus
HALLMARK_ALLOGRAFT_REJECTION,Abi1,https://www.gsea-msigdb.org/gsea/msigdb/mouse/geneset/HALLMARK_ALLOGRAFT_REJECTION,MM,Mus musculus
HALLMARK_ALLOGRAFT_REJECTION,Ache,https://www.gsea-msigdb.org/gsea/msigdb/mouse/geneset/HALLMARK_ALLOGRAFT_REJECTION,MM,Mus musculus
HALLMARK_ALLOGRAFT_REJECTION,Acvr2a,https://www.gsea-msigdb.org/gsea/msigdb/mouse/geneset/HALLMARK_ALLOGRAFT_REJECTION,MM,Mus musculus
HALLMARK_ALLOGRAFT_REJECTION,Akt1,https://www.gsea-msigdb.org/gsea/msigdb/mouse/geneset/HALLMARK_ALLOGRAFT_REJECTION,MM,Mus musculus
HALLMARK_ALLOGRAFT_REJECTION,Apbb1,https://www.gsea-msigdb.org/gsea/msigdb/mouse/geneset/HALLMARK_ALLOGRAFT_REJECTION,MM,Mus musculus
HALLMARK_ALLOGRAFT_REJECTION,B2m,https://www.gsea-msigdb.org/gsea/msigdb/mouse/geneset/HALLMARK_ALLOGRAFT_REJECTION,MM,Mus musculus
HALLMARK_ALLOGRAFT_REJECTION,Bcat1,https://www.gsea-msigdb.org/gsea/msigdb/mouse/geneset/HALLMARK_ALLOGRAFT_REJECTION,MM,Mus musculus
HALLMARK_ALLOGRAFT_REJECTION,Bcl10,https://www.gsea-msigdb.org/gsea/msigdb/mouse/geneset/HALLMARK_ALLOGRAFT_REJECTION,MM,Mus musculus
HALLMARK_ALLOGRAFT_REJECTION,Bcl3,https://www.gsea-msigdb.org/gsea/msigdb/mouse/geneset/HALLMARK_ALLOGRAFT_REJECTION,MM,Mus musculus
HALLMARK_ALLOGRAFT_REJECTION,Brca1,https://www.gsea-msigdb.org/gsea/msigdb/mouse/geneset/HALLMARK_ALLOGRAFT_REJECTION,MM,Mus musculus
HALLMARK_ALLOGRAFT_REJECTION,C2,https://www.gsea-msigdb.org/gsea/msigdb/mouse/geneset/HALLMARK_ALLOGRAFT_REJECTION,MM,Mus musculus
HALLMARK_ALLOGRAFT_REJECTION,Capg,https://www.gsea-msigdb.org/gsea/msigdb/mouse/geneset/HALLMARK_ALLOGRAFT_REJECTION,MM,Mus musculus
HALLMARK_ALLOGRAFT_REJECTION,Cartpt,https://www.gsea-msigdb.org/gsea/msigdb/mouse/geneset/HALLMARK_ALLOGRAFT_REJECTION,MM,Mus musculus
HALLMARK_ALLOGRAFT_REJECTION,Ccl11,https://www.gsea-msigdb.org/gsea/msigdb/mouse/geneset/HALLMARK_ALLOGRAFT_REJECTION,MM,Mus musculus
HALLMARK_ALLOGRAFT_REJECTION,Ccl22,https://www.gsea-msigdb.org/gsea/msigdb/mouse/geneset/HALLMARK_ALLOGRAFT_REJECTION,MM,Mus musculus
HALLMARK_ALLOGRAFT_REJECTION,Ccl5,https://www.gsea-msigdb.org/gsea/msigdb/mouse/geneset/HALLMARK_ALLOGRAFT_REJECTION,MM,Mus musculus
HALLMARK_ALLOGRAFT_REJECTION,Ccl7,https://www.gsea-msigdb.org/gsea/msigdb/mouse/geneset/HALLMARK_ALLOGRAFT_REJECTION,MM,Mus musculus
HALLMARK_ALLOGRAFT_REJECTION,Ccnd2,https://www.gsea-msigdb.org/gsea/msigdb/mouse/geneset/HALLMARK_ALLOGRAFT_REJECTION,MM,Mus musculus
HALLMARK_ALLOGRAFT_REJECTION,Ccnd3,https://www.gsea-msigdb.org/gsea/msigdb/mouse/geneset/HALLMARK_ALLOGRAFT_REJECTION,MM,Mus musculus
HALLMARK_ALLOGRAFT_REJECTION,Ccr1,https://www.gsea-msigdb.org/gsea/msigdb/mouse/geneset/HALLMARK_ALLOGRAFT_REJECTION,MM,Mus musculus
HALLMARK_ALLOGRAFT_REJECTION,Ccr2,https://www.gsea-msigdb.org/gsea/msigdb/mouse/geneset/HALLMARK_ALLOGRAFT_REJECTION,MM,Mus musculus
HALLMARK_ALLOGRAFT_REJECTION,Ccr5,https://www.gsea-msigdb.org/gsea/msigdb/mouse/geneset/HALLMARK_ALLOGRAFT_REJECTION,MM,Mus musculus
HALLMARK_ALLOGRAFT_REJECTION,Cd1d2,https://www.gsea-msigdb.org/gsea/msigdb/mouse/geneset/HALLMARK_ALLOGRAFT_REJECTION,MM,Mus musculus
HALLMARK_ALLOGRAFT_REJECTION,Cd2,https://www.gsea-msigdb.org/gsea/msigdb/mouse/geneset/HALLMARK_ALLOGRAFT_REJECTION,MM,Mus musculus
HALLMARK_ALLOGRAFT_REJECTION,Cd247,https://www.gsea-msigdb.org/gsea/msigdb/mouse/geneset/HALLMARK_ALLOGRAFT_REJECTION,MM,Mus musculus
HALLMARK_ALLOGRAFT_REJECTION,Cd28,https://www.gsea-msigdb.org/gsea/msigdb/mouse/geneset/HALLMARK_ALLOGRAFT_REJECTION,MM,Mus musculus
HALLMARK_ALLOGRAFT_REJECTION,Cd3d,https://www.gsea-msigdb.org/gsea/msigdb/mouse/geneset/HALLMARK_ALLOGRAFT_REJECTION,MM,Mus musculus
HALLMARK_ALLOGRAFT_REJECTION,Cd3e,https://www.gsea-msigdb.org/gsea/msigdb/mouse/geneset/HALLMARK_ALLOGRAFT_REJECTION,MM,Mus musculus
HALLMARK_ALLOGRAFT_REJECTION,Cd3g,https://www.gsea-msigdb.org/gsea/msigdb/mouse/geneset/HALLMARK_ALLOGRAFT_REJECTION,MM,Mus musculus
HALLMARK_ALLOGRAFT_REJECTION,Cd4,https://www.gsea-msigdb.org/gsea/msigdb/mouse/geneset/HALLMARK_ALLOGRAFT_REJECTION,MM,Mus musculus
HALLMARK_ALLOGRAFT_REJECTION,Cd40,https://www.gsea-msigdb.org/gsea/msigdb/mouse/geneset/HALLMARK_ALLOGRAFT_REJECTION,MM,Mus musculus
HALLMARK_ALLOGRAFT_REJECTION,Cd40lg,https://www.gsea-msigdb.org/gsea/msigdb/mouse/geneset/HALLMARK_ALLOGRAFT_REJECTION,MM,Mus musculus
HALLMARK_ALLOGRAFT_REJECTION,Cd47,https://www.gsea-msigdb.org/gsea/msigdb/mouse/geneset/HALLMARK_ALLOGRAFT_REJECTION,MM,Mus musculus
HALLMARK_ALLOGRAFT_REJECTION,Cd7,https://www.gsea-msigdb.org/gsea/msigdb/mouse/geneset/HALLMARK_ALLOGRAFT_REJECTION,MM,Mus musculus
HALLMARK_ALLOGRAFT_REJECTION,Cd74,https://www.gsea-msigdb.org/gsea/msigdb/mouse/geneset/HALLMARK_ALLOGRAFT_REJECTION,MM,Mus musculus
HALLMARK_ALLOGRAFT_REJECTION,Cd79a,https://www.gsea-msigdb.org/gsea/msigdb/mouse/geneset/HALLMARK_ALLOGRAFT_REJECTION,MM,Mus musculus
HALLMARK_ALLOGRAFT_REJECTION,Cd80,https://www.gsea-msigdb.org/gsea/msigdb/mouse/geneset/HALLMARK_ALLOGRAFT_REJECTION,MM,Mus musculus
HALLMARK_ALLOGRAFT_REJECTION,Cd86,https://www.gsea-msigdb.org/gsea/msigdb/mouse/geneset/HALLMARK_ALLOGRAFT_REJECTION,MM,Mus musculus
HALLMARK_ALLOGRAFT_REJECTION,Cd8a,https://www.gsea-msigdb.org/gsea/msigdb/mouse/geneset/HALLMARK_ALLOGRAFT_REJECTION,MM,Mus musculus
HALLMARK_ALLOGRAFT_REJECTION,Cd8b1,https://www.gsea-msigdb.org/gsea/msigdb/mouse/geneset/HALLMARK_ALLOGRAFT_REJECTION,MM,Mus musculus
HALLMARK_ALLOGRAFT_REJECTION,Cd96,https://www.gsea-msigdb.org/gsea/msigdb/mouse/geneset/HALLMARK_ALLOGRAFT_REJECTION,MM,Mus musculus
HALLMARK_ALLOGRAFT_REJECTION,Cdkn2a,https://www.gsea-msigdb.org/gsea/msigdb/mouse/geneset/HALLMARK_ALLOGRAFT_REJECTION,MM,Mus musculus
HALLMARK_ALLOGRAFT_REJECTION,Cfp,https://www.gsea-msigdb.org/gsea/msigdb/mouse/geneset/HALLMARK_ALLOGRAFT_REJECTION,MM,Mus musculus
HALLMARK_ALLOGRAFT_REJECTION,Crtam,https://www.gsea-msigdb.org/gsea/msigdb/mouse/geneset/HALLMARK_ALLOGRAFT_REJECTION,MM,Mus musculus
HALLMARK_ALLOGRAFT_REJECTION,Csf1,https://www.gsea-msigdb.org/gsea/msigdb/mouse/geneset/HALLMARK_ALLOGRAFT_REJECTION,MM,Mus musculus
HALLMARK_ALLOGRAFT_REJECTION,Csk,https://www.gsea-msigdb.org/gsea/msigdb/mouse/geneset/HALLMARK_ALLOGRAFT_REJECTION,MM,Mus musculus
HALLMARK_ALLOGRAFT_REJECTION,Ctss,https://www.gsea-msigdb.org/gsea/msigdb/mouse/geneset/HALLMARK_ALLOGRAFT_REJECTION,MM,Mus musculus
HALLMARK_ALLOGRAFT_REJECTION,Cxcl13,https://www.gsea-msigdb.org/gsea/msigdb/mouse/geneset/HALLMARK_ALLOGRAFT_REJECTION,MM,Mus musculus
HALLMARK_ALLOGRAFT_REJECTION,Cxcl9,https://www.gsea-msigdb.org/gsea/msigdb/mouse/geneset/HALLMARK_ALLOGRAFT_REJECTION,MM,Mus musculus
HALLMARK_ALLOGRAFT_REJECTION,Cxcr3,https://www.gsea-msigdb.org/gsea/msigdb/mouse/geneset/HALLMARK_ALLOGRAFT_REJECTION,MM,Mus musculus
HALLMARK_ALLOGRAFT_REJECTION,Dars1,https://www.gsea-msigdb.org/gsea/msigdb/mouse/geneset/HALLMARK_ALLOGRAFT_REJECTION,MM,Mus musculus
HALLMARK_ALLOGRAFT_REJECTION,Degs1,https://www.gsea-msigdb.org/gsea/msigdb/mouse/geneset/HALLMARK_ALLOGRAFT_REJECTION,MM,Mus musculus
HALLMARK_ALLOGRAFT_REJECTION,Dyrk3,https://www.gsea-msigdb.org/gsea/msigdb/mouse/geneset/HALLMARK_ALLOGRAFT_REJECTION,MM,Mus musculus
HALLMARK_ALLOGRAFT_REJECTION,Egfr,https://www.gsea-msigdb.org/gsea/msigdb/mouse/geneset/HALLMARK_ALLOGRAFT_REJECTION,MM,Mus musculus
HALLMARK_ALLOGRAFT_REJECTION,Eif3a,https://www.gsea-msigdb.org/gsea/msigdb/mouse/geneset/HALLMARK_ALLOGRAFT_REJECTION,MM,Mus musculus
HALLMARK_ALLOGRAFT_REJECTION,Eif3d,https://www.gsea-msigdb.org/gsea/msigdb/mouse/geneset/HALLMARK_ALLOGRAFT_REJECTION,MM,Mus musculus
HALLMARK_ALLOGRAFT_REJECTION,Eif3j1,https://www.gsea-msigdb.org/gsea/msigdb/mouse/geneset/HALLMARK_ALLOGRAFT_REJECTION,MM,Mus musculus
HALLMARK_ALLOGRAFT_REJECTION,Eif4g3,https://www.gsea-msigdb.org/gsea/msigdb/mouse/geneset/HALLMARK_ALLOGRAFT_REJECTION,MM,Mus musculus
HALLMARK_ALLOGRAFT_REJECTION,Eif5a,https://www.gsea-msigdb.org/gsea/msigdb/mouse/geneset/HALLMARK_ALLOGRAFT_REJECTION,MM,Mus musculus
HALLMARK_ALLOGRAFT_REJECTION,Elane,https://www.gsea-msigdb.org/gsea/msigdb/mouse/geneset/HALLMARK_ALLOGRAFT_REJECTION,MM,Mus musculus
HALLMARK_ALLOGRAFT_REJECTION,Elf4,https://www.gsea-msigdb.org/gsea/msigdb/mouse/geneset/HALLMARK_ALLOGRAFT_REJECTION,MM,Mus musculus
HALLMARK_ALLOGRAFT_REJECTION,Ereg,https://www.gsea-msigdb.org/gsea/msigdb/mouse/geneset/HALLMARK_ALLOGRAFT_REJECTION,MM,Mus musculus
HALLMARK_ALLOGRAFT_REJECTION,Ets1,https://www.gsea-msigdb.org/gsea/msigdb/mouse/geneset/HALLMARK_ALLOGRAFT_REJECTION,MM,Mus musculus
HALLMARK_ALLOGRAFT_REJECTION,F2,https://www.gsea-msigdb.org/gsea/msigdb/mouse/geneset/HALLMARK_ALLOGRAFT_REJECTION,MM,Mus musculus
HALLMARK_ALLOGRAFT_REJECTION,F2r,https://www.gsea-msigdb.org/gsea/msigdb/mouse/geneset/HALLMARK_ALLOGRAFT_REJECTION,MM,Mus musculus
HALLMARK_ALLOGRAFT_REJECTION,Fas,https://www.gsea-msigdb.org/gsea/msigdb/mouse/geneset/HALLMARK_ALLOGRAFT_REJECTION,MM,Mus musculus
HALLMARK_ALLOGRAFT_REJECTION,Fasl,https://www.gsea-msigdb.org/gsea/msigdb/mouse/geneset/HALLMARK_ALLOGRAFT_REJECTION,MM,Mus musculus
HALLMARK_ALLOGRAFT_REJECTION,Fcgr2b,https://www.gsea-msigdb.org/gsea/msigdb/mouse/geneset/HALLMARK_ALLOGRAFT_REJECTION,MM,Mus musculus
HALLMARK_ALLOGRAFT_REJECTION,Fgr,https://www.gsea-msigdb.org/gsea/msigdb/mouse/geneset/HALLMARK_ALLOGRAFT_REJECTION,MM,Mus musculus
HALLMARK_ALLOGRAFT_REJECTION,Flna,https://www.gsea-msigdb.org/gsea/msigdb/mouse/geneset/HALLMARK_ALLOGRAFT_REJECTION,MM,Mus musculus
HALLMARK_ALLOGRAFT_REJECTION,Fyb1,https://www.gsea-msigdb.org/gsea/msigdb/mouse/geneset/HALLMARK_ALLOGRAFT_REJECTION,MM,Mus musculus
HALLMARK_ALLOGRAFT_REJECTION,Galnt1,https://www.gsea-msigdb.org/gsea/msigdb/mouse/geneset/HALLMARK_ALLOGRAFT_REJECTION,MM,Mus musculus
HALLMARK_ALLOGRAFT_REJECTION,Gcnt1,https://www.gsea-msigdb.org/gsea/msigdb/mouse/geneset/HALLMARK_ALLOGRAFT_REJECTION,MM,Mus musculus
HALLMARK_ALLOGRAFT_REJECTION,Glmn,https://www.gsea-msigdb.org/gsea/msigdb/mouse/geneset/HALLMARK_ALLOGRAFT_REJECTION,MM,Mus musculus
HALLMARK_ALLOGRAFT_REJECTION,Gpr65,https://www.gsea-msigdb.org/gsea/msigdb/mouse/geneset/HALLMARK_ALLOGRAFT_REJECTION,MM,Mus musculus
HALLMARK_ALLOGRAFT_REJECTION,Gzma,https://www.gsea-msigdb.org/gsea/msigdb/mouse/geneset/HALLMARK_ALLOGRAFT_REJECTION,MM,Mus musculus
HALLMARK_ALLOGRAFT_REJECTION,Gzmb,https://www.gsea-msigdb.org/gsea/msigdb/mouse/geneset/HALLMARK_ALLOGRAFT_REJECTION,MM,Mus musculus
HALLMARK_ALLOGRAFT_REJECTION,H2-Aa,https://www.gsea-msigdb.org/gsea/msigdb/mouse/geneset/HALLMARK_ALLOGRAFT_REJECTION,MM,Mus musculus
HALLMARK_ALLOGRAFT_REJECTION,H2-DMa,https://www.gsea-msigdb.org/gsea/msigdb/mouse/geneset/HALLMARK_ALLOGRAFT_REJECTION,MM,Mus musculus
HALLMARK_ALLOGRAFT_REJECTION,H2-DMb2,https://www.gsea-msigdb.org/gsea/msigdb/mouse/geneset/HALLMARK_ALLOGRAFT_REJECTION,MM,Mus musculus
HALLMARK_ALLOGRAFT_REJECTION,H2-Ea,https://www.gsea-msigdb.org/gsea/msigdb/mouse/geneset/HALLMARK_ALLOGRAFT_REJECTION,MM,Mus musculus
HALLMARK_ALLOGRAFT_REJECTION,H2-Oa,https://www.gsea-msigdb.org/gsea/msigdb/mouse/geneset/HALLMARK_ALLOGRAFT_REJECTION,MM,Mus musculus
HALLMARK_ALLOGRAFT_REJECTION,H2-Ob,https://www.gsea-msigdb.org/gsea/msigdb/mouse/geneset/HALLMARK_ALLOGRAFT_REJECTION,MM,Mus musculus
HALLMARK_ALLOGRAFT_REJECTION,Hcls1,https://www.gsea-msigdb.org/gsea/msigdb/mouse/geneset/HALLMARK_ALLOGRAFT_REJECTION,MM,Mus musculus
HALLMARK_ALLOGRAFT_REJECTION,Hdac9,https://www.gsea-msigdb.org/gsea/msigdb/mouse/geneset/HALLMARK_ALLOGRAFT_REJECTION,MM,Mus musculus
HALLMARK_ALLOGRAFT_REJECTION,Hif1a,https://www.gsea-msigdb.org/gsea/msigdb/mouse/geneset/HALLMARK_ALLOGRAFT_REJECTION,MM,Mus musculus
HALLMARK_ALLOGRAFT_REJECTION,Icam1,https://www.gsea-msigdb.org/gsea/msigdb/mouse/geneset/HALLMARK_ALLOGRAFT_REJECTION,MM,Mus musculus
HALLMARK_ALLOGRAFT_REJECTION,Icosl,https://www.gsea-msigdb.org/gsea/msigdb/mouse/geneset/HALLMARK_ALLOGRAFT_REJECTION,MM,Mus musculus
HALLMARK_ALLOGRAFT_REJECTION,Ifnar2,https://www.gsea-msigdb.org/gsea/msigdb/mouse/geneset/HALLMARK_ALLOGRAFT_REJECTION,MM,Mus musculus
HALLMARK_ALLOGRAFT_REJECTION,Ifng,https://www.gsea-msigdb.org/gsea/msigdb/mouse/geneset/HALLMARK_ALLOGRAFT_REJECTION,MM,Mus musculus
HALLMARK_ALLOGRAFT_REJECTION,Ifngr1,https://www.gsea-msigdb.org/gsea/msigdb/mouse/geneset/HALLMARK_ALLOGRAFT_REJECTION,MM,Mus musculus
HALLMARK_ALLOGRAFT_REJECTION,Ifngr2,https://www.gsea-msigdb.org/gsea/msigdb/mouse/geneset/HALLMARK_ALLOGRAFT_REJECTION,MM,Mus musculus
HALLMARK_ALLOGRAFT_REJECTION,Igsf6,https://www.gsea-msigdb.org/gsea/msigdb/mouse/geneset/HALLMARK_ALLOGRAFT_REJECTION,MM,Mus musculus
HALLMARK_ALLOGRAFT_REJECTION,Ikbkb,https://www.gsea-msigdb.org/gsea/msigdb/mouse/geneset/HALLMARK_ALLOGRAFT_REJECTION,MM,Mus musculus
HALLMARK_ALLOGRAFT_REJECTION,Il10,https://www.gsea-msigdb.org/gsea/msigdb/mouse/geneset/HALLMARK_ALLOGRAFT_REJECTION,MM,Mus musculus
HALLMARK_ALLOGRAFT_REJECTION,Il11,https://www.gsea-msigdb.org/gsea/msigdb/mouse/geneset/HALLMARK_ALLOGRAFT_REJECTION,MM,Mus musculus
HALLMARK_ALLOGRAFT_REJECTION,Il12a,https://www.gsea-msigdb.org/gsea/msigdb/mouse/geneset/HALLMARK_ALLOGRAFT_REJECTION,MM,Mus musculus
HALLMARK_ALLOGRAFT_REJECTION,Il12b,https://www.gsea-msigdb.org/gsea/msigdb/mouse/geneset/HALLMARK_ALLOGRAFT_REJECTION,MM,Mus musculus
HALLMARK_ALLOGRAFT_REJECTION,Il12rb1,https://www.gsea-msigdb.org/gsea/msigdb/mouse/geneset/HALLMARK_ALLOGRAFT_REJECTION,MM,Mus musculus
HALLMARK_ALLOGRAFT_REJECTION,Il13,https://www.gsea-msigdb.org/gsea/msigdb/mouse/geneset/HALLMARK_ALLOGRAFT_REJECTION,MM,Mus musculus
HALLMARK_ALLOGRAFT_REJECTION,Il15,https://www.gsea-msigdb.org/gsea/msigdb/mouse/geneset/HALLMARK_ALLOGRAFT_REJECTION,MM,Mus musculus
HALLMARK_ALLOGRAFT_REJECTION,Il16,https://www.gsea-msigdb.org/gsea/msigdb/mouse/geneset/HALLMARK_ALLOGRAFT_REJECTION,MM,Mus musculus
HALLMARK_ALLOGRAFT_REJECTION,Il18,https://www.gsea-msigdb.org/gsea/msigdb/mouse/geneset/HALLMARK_ALLOGRAFT_REJECTION,MM,Mus musculus
HALLMARK_ALLOGRAFT_REJECTION,Il18rap,https://www.gsea-msigdb.org/gsea/msigdb/mouse/geneset/HALLMARK_ALLOGRAFT_REJECTION,MM,Mus musculus
HALLMARK_ALLOGRAFT_REJECTION,Il1b,https://www.gsea-msigdb.org/gsea/msigdb/mouse/geneset/HALLMARK_ALLOGRAFT_REJECTION,MM,Mus musculus
HALLMARK_ALLOGRAFT_REJECTION,Il2,https://www.gsea-msigdb.org/gsea/msigdb/mouse/geneset/HALLMARK_ALLOGRAFT_REJECTION,MM,Mus musculus
HALLMARK_ALLOGRAFT_REJECTION,Il27ra,https://www.gsea-msigdb.org/gsea/msigdb/mouse/geneset/HALLMARK_ALLOGRAFT_REJECTION,MM,Mus musculus
HALLMARK_ALLOGRAFT_REJECTION,Il2ra,https://www.gsea-msigdb.org/gsea/msigdb/mouse/geneset/HALLMARK_ALLOGRAFT_REJECTION,MM,Mus musculus
HALLMARK_ALLOGRAFT_REJECTION,Il2rb,https://www.gsea-msigdb.org/gsea/msigdb/mouse/geneset/HALLMARK_ALLOGRAFT_REJECTION,MM,Mus musculus
HALLMARK_ALLOGRAFT_REJECTION,Il2rg,https://www.gsea-msigdb.org/gsea/msigdb/mouse/geneset/HALLMARK_ALLOGRAFT_REJECTION,MM,Mus musculus
HALLMARK_ALLOGRAFT_REJECTION,Il4,https://www.gsea-msigdb.org/gsea/msigdb/mouse/geneset/HALLMARK_ALLOGRAFT_REJECTION,MM,Mus musculus
HALLMARK_ALLOGRAFT_REJECTION,Il4ra,https://www.gsea-msigdb.org/gsea/msigdb/mouse/geneset/HALLMARK_ALLOGRAFT_REJECTION,MM,Mus musculus
HALLMARK_ALLOGRAFT_REJECTION,Il6,https://www.gsea-msigdb.org/gsea/msigdb/mouse/geneset/HALLMARK_ALLOGRAFT_REJECTION,MM,Mus musculus
HALLMARK_ALLOGRAFT_REJECTION,Il7,https://www.gsea-msigdb.org/gsea/msigdb/mouse/geneset/HALLMARK_ALLOGRAFT_REJECTION,MM,Mus musculus
HALLMARK_ALLOGRAFT_REJECTION,Il9,https://www.gsea-msigdb.org/gsea/msigdb/mouse/geneset/HALLMARK_ALLOGRAFT_REJECTION,MM,Mus musculus
HALLMARK_ALLOGRAFT_REJECTION,Inhba,https://www.gsea-msigdb.org/gsea/msigdb/mouse/geneset/HALLMARK_ALLOGRAFT_REJECTION,MM,Mus musculus
HALLMARK_ALLOGRAFT_REJECTION,Inhbb,https://www.gsea-msigdb.org/gsea/msigdb/mouse/geneset/HALLMARK_ALLOGRAFT_REJECTION,MM,Mus musculus
HALLMARK_ALLOGRAFT_REJECTION,Irf4,https://www.gsea-msigdb.org/gsea/msigdb/mouse/geneset/HALLMARK_ALLOGRAFT_REJECTION,MM,Mus musculus
HALLMARK_ALLOGRAFT_REJECTION,Irf7,https://www.gsea-msigdb.org/gsea/msigdb/mouse/geneset/HALLMARK_ALLOGRAFT_REJECTION,MM,Mus musculus
HALLMARK_ALLOGRAFT_REJECTION,Irf8,https://www.gsea-msigdb.org/gsea/msigdb/mouse/geneset/HALLMARK_ALLOGRAFT_REJECTION,MM,Mus musculus
HALLMARK_ALLOGRAFT_REJECTION,Itgal,https://www.gsea-msigdb.org/gsea/msigdb/mouse/geneset/HALLMARK_ALLOGRAFT_REJECTION,MM,Mus musculus
HALLMARK_ALLOGRAFT_REJECTION,Itgb2,https://www.gsea-msigdb.org/gsea/msigdb/mouse/geneset/HALLMARK_ALLOGRAFT_REJECTION,MM,Mus musculus
HALLMARK_ALLOGRAFT_REJECTION,Itk,https://www.gsea-msigdb.org/gsea/msigdb/mouse/geneset/HALLMARK_ALLOGRAFT_REJECTION,MM,Mus musculus
HALLMARK_ALLOGRAFT_REJECTION,Jak2,https://www.gsea-msigdb.org/gsea/msigdb/mouse/geneset/HALLMARK_ALLOGRAFT_REJECTION,MM,Mus musculus
HALLMARK_ALLOGRAFT_REJECTION,Klrd1,https://www.gsea-msigdb.org/gsea/msigdb/mouse/geneset/HALLMARK_ALLOGRAFT_REJECTION,MM,Mus musculus
HALLMARK_ALLOGRAFT_REJECTION,Krt1,https://www.gsea-msigdb.org/gsea/msigdb/mouse/geneset/HALLMARK_ALLOGRAFT_REJECTION,MM,Mus musculus
HALLMARK_ALLOGRAFT_REJECTION,Lck,https://www.gsea-msigdb.org/gsea/msigdb/mouse/geneset/HALLMARK_ALLOGRAFT_REJECTION,MM,Mus musculus
HALLMARK_ALLOGRAFT_REJECTION,Lcp2,https://www.gsea-msigdb.org/gsea/msigdb/mouse/geneset/HALLMARK_ALLOGRAFT_REJECTION,MM,Mus musculus
HALLMARK_ALLOGRAFT_REJECTION,Lif,https://www.gsea-msigdb.org/gsea/msigdb/mouse/geneset/HALLMARK_ALLOGRAFT_REJECTION,MM,Mus musculus
HALLMARK_ALLOGRAFT_REJECTION,Ltb,https://www.gsea-msigdb.org/gsea/msigdb/mouse/geneset/HALLMARK_ALLOGRAFT_REJECTION,MM,Mus musculus
HALLMARK_ALLOGRAFT_REJECTION,Ly75,https://www.gsea-msigdb.org/gsea/msigdb/mouse/geneset/HALLMARK_ALLOGRAFT_REJECTION,MM,Mus musculus
HALLMARK_ALLOGRAFT_REJECTION,Ly86,https://www.gsea-msigdb.org/gsea/msigdb/mouse/geneset/HALLMARK_ALLOGRAFT_REJECTION,MM,Mus musculus
HALLMARK_ALLOGRAFT_REJECTION,Lyn,https://www.gsea-msigdb.org/gsea/msigdb/mouse/geneset/HALLMARK_ALLOGRAFT_REJECTION,MM,Mus musculus
HALLMARK_ALLOGRAFT_REJECTION,Map3k7,https://www.gsea-msigdb.org/gsea/msigdb/mouse/geneset/HALLMARK_ALLOGRAFT_REJECTION,MM,Mus musculus
HALLMARK_ALLOGRAFT_REJECTION,Map4k1,https://www.gsea-msigdb.org/gsea/msigdb/mouse/geneset/HALLMARK_ALLOGRAFT_REJECTION,MM,Mus musculus
HALLMARK_ALLOGRAFT_REJECTION,Mbl2,https://www.gsea-msigdb.org/gsea/msigdb/mouse/geneset/HALLMARK_ALLOGRAFT_REJECTION,MM,Mus musculus
HALLMARK_ALLOGRAFT_REJECTION,Mmp9,https://www.gsea-msigdb.org/gsea/msigdb/mouse/geneset/HALLMARK_ALLOGRAFT_REJECTION,MM,Mus musculus
HALLMARK_ALLOGRAFT_REJECTION,Mrpl3,https://www.gsea-msigdb.org/gsea/msigdb/mouse/geneset/HALLMARK_ALLOGRAFT_REJECTION,MM,Mus musculus
HALLMARK_ALLOGRAFT_REJECTION,Mtif2,https://www.gsea-msigdb.org/gsea/msigdb/mouse/geneset/HALLMARK_ALLOGRAFT_REJECTION,MM,Mus musculus
HALLMARK_ALLOGRAFT_REJECTION,Ncf4,https://www.gsea-msigdb.org/gsea/msigdb/mouse/geneset/HALLMARK_ALLOGRAFT_REJECTION,MM,Mus musculus
HALLMARK_ALLOGRAFT_REJECTION,Nck1,https://www.gsea-msigdb.org/gsea/msigdb/mouse/geneset/HALLMARK_ALLOGRAFT_REJECTION,MM,Mus musculus
HALLMARK_ALLOGRAFT_REJECTION,Ncr1,https://www.gsea-msigdb.org/gsea/msigdb/mouse/geneset/HALLMARK_ALLOGRAFT_REJECTION,MM,Mus musculus
HALLMARK_ALLOGRAFT_REJECTION,Nlrp3,https://www.gsea-msigdb.org/gsea/msigdb/mouse/geneset/HALLMARK_ALLOGRAFT_REJECTION,MM,Mus musculus
HALLMARK_ALLOGRAFT_REJECTION,Nme1,https://www.gsea-msigdb.org/gsea/msigdb/mouse/geneset/HALLMARK_ALLOGRAFT_REJECTION,MM,Mus musculus
HALLMARK_ALLOGRAFT_REJECTION,Nos2,https://www.gsea-msigdb.org/gsea/msigdb/mouse/geneset/HALLMARK_ALLOGRAFT_REJECTION,MM,Mus musculus
HALLMARK_ALLOGRAFT_REJECTION,Npm1,https://www.gsea-msigdb.org/gsea/msigdb/mouse/geneset/HALLMARK_ALLOGRAFT_REJECTION,MM,Mus musculus
HALLMARK_ALLOGRAFT_REJECTION,Pf4,https://www.gsea-msigdb.org/gsea/msigdb/mouse/geneset/HALLMARK_ALLOGRAFT_REJECTION,MM,Mus musculus
HALLMARK_ALLOGRAFT_REJECTION,Prf1,https://www.gsea-msigdb.org/gsea/msigdb/mouse/geneset/HALLMARK_ALLOGRAFT_REJECTION,MM,Mus musculus
HALLMARK_ALLOGRAFT_REJECTION,Prkcb,https://www.gsea-msigdb.org/gsea/msigdb/mouse/geneset/HALLMARK_ALLOGRAFT_REJECTION,MM,Mus musculus
HALLMARK_ALLOGRAFT_REJECTION,Prkcg,https://www.gsea-msigdb.org/gsea/msigdb/mouse/geneset/HALLMARK_ALLOGRAFT_REJECTION,MM,Mus musculus
HALLMARK_ALLOGRAFT_REJECTION,Psmb10,https://www.gsea-msigdb.org/gsea/msigdb/mouse/geneset/HALLMARK_ALLOGRAFT_REJECTION,MM,Mus musculus
HALLMARK_ALLOGRAFT_REJECTION,Ptpn6,https://www.gsea-msigdb.org/gsea/msigdb/mouse/geneset/HALLMARK_ALLOGRAFT_REJECTION,MM,Mus musculus
HALLMARK_ALLOGRAFT_REJECTION,Ptprc,https://www.gsea-msigdb.org/gsea/msigdb/mouse/geneset/HALLMARK_ALLOGRAFT_REJECTION,MM,Mus musculus
HALLMARK_ALLOGRAFT_REJECTION,Rars1,https://www.gsea-msigdb.org/gsea/msigdb/mouse/geneset/HALLMARK_ALLOGRAFT_REJECTION,MM,Mus musculus
HALLMARK_ALLOGRAFT_REJECTION,Ripk2,https://www.gsea-msigdb.org/gsea/msigdb/mouse/geneset/HALLMARK_ALLOGRAFT_REJECTION,MM,Mus musculus
HALLMARK_ALLOGRAFT_REJECTION,Rpl39-ps,https://www.gsea-msigdb.org/gsea/msigdb/mouse/geneset/HALLMARK_ALLOGRAFT_REJECTION,MM,Mus musculus
HALLMARK_ALLOGRAFT_REJECTION,Rpl3l,https://www.gsea-msigdb.org/gsea/msigdb/mouse/geneset/HALLMARK_ALLOGRAFT_REJECTION,MM,Mus musculus
HALLMARK_ALLOGRAFT_REJECTION,Rpl9,https://www.gsea-msigdb.org/gsea/msigdb/mouse/geneset/HALLMARK_ALLOGRAFT_REJECTION,MM,Mus musculus
HALLMARK_ALLOGRAFT_REJECTION,Rps19-ps6,https://www.gsea-msigdb.org/gsea/msigdb/mouse/geneset/HALLMARK_ALLOGRAFT_REJECTION,MM,Mus musculus
HALLMARK_ALLOGRAFT_REJECTION,Rps3a1,https://www.gsea-msigdb.org/gsea/msigdb/mouse/geneset/HALLMARK_ALLOGRAFT_REJECTION,MM,Mus musculus
HALLMARK_ALLOGRAFT_REJECTION,Rps9,https://www.gsea-msigdb.org/gsea/msigdb/mouse/geneset/HALLMARK_ALLOGRAFT_REJECTION,MM,Mus musculus
HALLMARK_ALLOGRAFT_REJECTION,Sit1,https://www.gsea-msigdb.org/gsea/msigdb/mouse/geneset/HALLMARK_ALLOGRAFT_REJECTION,MM,Mus musculus
HALLMARK_ALLOGRAFT_REJECTION,Socs1,https://www.gsea-msigdb.org/gsea/msigdb/mouse/geneset/HALLMARK_ALLOGRAFT_REJECTION,MM,Mus musculus
HALLMARK_ALLOGRAFT_REJECTION,Socs5,https://www.gsea-msigdb.org/gsea/msigdb/mouse/geneset/HALLMARK_ALLOGRAFT_REJECTION,MM,Mus musculus
HALLMARK_ALLOGRAFT_REJECTION,Spi1,https://www.gsea-msigdb.org/gsea/msigdb/mouse/geneset/HALLMARK_ALLOGRAFT_REJECTION,MM,Mus musculus
HALLMARK_ALLOGRAFT_REJECTION,Srgn,https://www.gsea-msigdb.org/gsea/msigdb/mouse/geneset/HALLMARK_ALLOGRAFT_REJECTION,MM,Mus musculus
HALLMARK_ALLOGRAFT_REJECTION,St8sia4,https://www.gsea-msigdb.org/gsea/msigdb/mouse/geneset/HALLMARK_ALLOGRAFT_REJECTION,MM,Mus musculus
HALLMARK_ALLOGRAFT_REJECTION,Stab1,https://www.gsea-msigdb.org/gsea/msigdb/mouse/geneset/HALLMARK_ALLOGRAFT_REJECTION,MM,Mus musculus
HALLMARK_ALLOGRAFT_REJECTION,Stat1,https://www.gsea-msigdb.org/gsea/msigdb/mouse/geneset/HALLMARK_ALLOGRAFT_REJECTION,MM,Mus musculus
HALLMARK_ALLOGRAFT_REJECTION,Stat4,https://www.gsea-msigdb.org/gsea/msigdb/mouse/geneset/HALLMARK_ALLOGRAFT_REJECTION,MM,Mus musculus
HALLMARK_ALLOGRAFT_REJECTION,Tap1,https://www.gsea-msigdb.org/gsea/msigdb/mouse/geneset/HALLMARK_ALLOGRAFT_REJECTION,MM,Mus musculus
HALLMARK_ALLOGRAFT_REJECTION,Tap2,https://www.gsea-msigdb.org/gsea/msigdb/mouse/geneset/HALLMARK_ALLOGRAFT_REJECTION,MM,Mus musculus
HALLMARK_ALLOGRAFT_REJECTION,Tapbp,https://www.gsea-msigdb.org/gsea/msigdb/mouse/geneset/HALLMARK_ALLOGRAFT_REJECTION,MM,Mus musculus
HALLMARK_ALLOGRAFT_REJECTION,Tgfb1,https://www.gsea-msigdb.org/gsea/msigdb/mouse/geneset/HALLMARK_ALLOGRAFT_REJECTION,MM,Mus musculus
HALLMARK_ALLOGRAFT_REJECTION,Tgfb2,https://www.gsea-msigdb.org/gsea/msigdb/mouse/geneset/HALLMARK_ALLOGRAFT_REJECTION,MM,Mus musculus
HALLMARK_ALLOGRAFT_REJECTION,Thy1,https://www.gsea-msigdb.org/gsea/msigdb/mouse/geneset/HALLMARK_ALLOGRAFT_REJECTION,MM,Mus musculus
HALLMARK_ALLOGRAFT_REJECTION,Timp1,https://www.gsea-msigdb.org/gsea/msigdb/mouse/geneset/HALLMARK_ALLOGRAFT_REJECTION,MM,Mus musculus
HALLMARK_ALLOGRAFT_REJECTION,Tlr1,https://www.gsea-msigdb.org/gsea/msigdb/mouse/geneset/HALLMARK_ALLOGRAFT_REJECTION,MM,Mus musculus
HALLMARK_ALLOGRAFT_REJECTION,Tlr2,https://www.gsea-msigdb.org/gsea/msigdb/mouse/geneset/HALLMARK_ALLOGRAFT_REJECTION,MM,Mus musculus
HALLMARK_ALLOGRAFT_REJECTION,Tlr3,https://www.gsea-msigdb.org/gsea/msigdb/mouse/geneset/HALLMARK_ALLOGRAFT_REJECTION,MM,Mus musculus
HALLMARK_ALLOGRAFT_REJECTION,Tlr6,https://www.gsea-msigdb.org/gsea/msigdb/mouse/geneset/HALLMARK_ALLOGRAFT_REJECTION,MM,Mus musculus
HALLMARK_ALLOGRAFT_REJECTION,Tnf,https://www.gsea-msigdb.org/gsea/msigdb/mouse/geneset/HALLMARK_ALLOGRAFT_REJECTION,MM,Mus musculus
HALLMARK_ALLOGRAFT_REJECTION,Tpd52,https://www.gsea-msigdb.org/gsea/msigdb/mouse/geneset/HALLMARK_ALLOGRAFT_REJECTION,MM,Mus musculus
HALLMARK_ALLOGRAFT_REJECTION,Traf2,https://www.gsea-msigdb.org/gsea/msigdb/mouse/geneset/HALLMARK_ALLOGRAFT_REJECTION,MM,Mus musculus
HALLMARK_ALLOGRAFT_REJECTION,Trat1,https://www.gsea-msigdb.org/gsea/msigdb/mouse/geneset/HALLMARK_ALLOGRAFT_REJECTION,MM,Mus musculus
HALLMARK_ALLOGRAFT_REJECTION,Ube2d1,https://www.gsea-msigdb.org/gsea/msigdb/mouse/geneset/HALLMARK_ALLOGRAFT_REJECTION,MM,Mus musculus
HALLMARK_ALLOGRAFT_REJECTION,Ube2n,https://www.gsea-msigdb.org/gsea/msigdb/mouse/geneset/HALLMARK_ALLOGRAFT_REJECTION,MM,Mus musculus
HALLMARK_ALLOGRAFT_REJECTION,Wars1,https://www.gsea-msigdb.org/gsea/msigdb/mouse/geneset/HALLMARK_ALLOGRAFT_REJECTION,MM,Mus musculus
HALLMARK_ALLOGRAFT_REJECTION,Was,https://www.gsea-msigdb.org/gsea/msigdb/mouse/geneset/HALLMARK_ALLOGRAFT_REJECTION,MM,Mus musculus
HALLMARK_ALLOGRAFT_REJECTION,Zap70,https://www.gsea-msigdb.org/gsea/msigdb/mouse/geneset/HALLMARK_ALLOGRAFT_REJECTION,MM,Mus musculus
HALLMARK_ANDROGEN_RESPONSE,Abcc4,https://www.gsea-msigdb.org/gsea/msigdb/mouse/geneset/HALLMARK_ANDROGEN_RESPONSE,MM,Mus musculus
HALLMARK_ANDROGEN_RESPONSE,Abhd2,https://www.gsea-msigdb.org/gsea/msigdb/mouse/geneset/HALLMARK_ANDROGEN_RESPONSE,MM,Mus musculus
HALLMARK_ANDROGEN_RESPONSE,Acsl3,https://www.gsea-msigdb.org/gsea/msigdb/mouse/geneset/HALLMARK_ANDROGEN_RESPONSE,MM,Mus musculus
HALLMARK_ANDROGEN_RESPONSE,Actn1,https://www.gsea-msigdb.org/gsea/msigdb/mouse/geneset/HALLMARK_ANDROGEN_RESPONSE,MM,Mus musculus
HALLMARK_ANDROGEN_RESPONSE,Adamts1,https://www.gsea-msigdb.org/gsea/msigdb/mouse/geneset/HALLMARK_ANDROGEN_RESPONSE,MM,Mus musculus
HALLMARK_ANDROGEN_RESPONSE,Adrm1,https://www.gsea-msigdb.org/gsea/msigdb/mouse/geneset/HALLMARK_ANDROGEN_RESPONSE,MM,Mus musculus
HALLMARK_ANDROGEN_RESPONSE,Akap12,https://www.gsea-msigdb.org/gsea/msigdb/mouse/geneset/HALLMARK_ANDROGEN_RESPONSE,MM,Mus musculus
HALLMARK_ANDROGEN_RESPONSE,Akt1,https://www.gsea-msigdb.org/gsea/msigdb/mouse/geneset/HALLMARK_ANDROGEN_RESPONSE,MM,Mus musculus
HALLMARK_ANDROGEN_RESPONSE,Aldh1a3,https://www.gsea-msigdb.org/gsea/msigdb/mouse/geneset/HALLMARK_ANDROGEN_RESPONSE,MM,Mus musculus
HALLMARK_ANDROGEN_RESPONSE,Ank,https://www.gsea-msigdb.org/gsea/msigdb/mouse/geneset/HALLMARK_ANDROGEN_RESPONSE,MM,Mus musculus
HALLMARK_ANDROGEN_RESPONSE,Appbp2,https://www.gsea-msigdb.org/gsea/msigdb/mouse/geneset/HALLMARK_ANDROGEN_RESPONSE,MM,Mus musculus
HALLMARK_ANDROGEN_RESPONSE,Arid5b,https://www.gsea-msigdb.org/gsea/msigdb/mouse/geneset/HALLMARK_ANDROGEN_RESPONSE,MM,Mus musculus
HALLMARK_ANDROGEN_RESPONSE,Arxes2,https://www.gsea-msigdb.org/gsea/msigdb/mouse/geneset/HALLMARK_ANDROGEN_RESPONSE,MM,Mus musculus
HALLMARK_ANDROGEN_RESPONSE,Azgp1,https://www.gsea-msigdb.org/gsea/msigdb/mouse/geneset/HALLMARK_ANDROGEN_RESPONSE,MM,Mus musculus
HALLMARK_ANDROGEN_RESPONSE,B2m,https://www.gsea-msigdb.org/gsea/msigdb/mouse/geneset/HALLMARK_ANDROGEN_RESPONSE,MM,Mus musculus
HALLMARK_ANDROGEN_RESPONSE,B4galt1,https://www.gsea-msigdb.org/gsea/msigdb/mouse/geneset/HALLMARK_ANDROGEN_RESPONSE,MM,Mus musculus
HALLMARK_ANDROGEN_RESPONSE,Bmpr1b,https://www.gsea-msigdb.org/gsea/msigdb/mouse/geneset/HALLMARK_ANDROGEN_RESPONSE,MM,Mus musculus
HALLMARK_ANDROGEN_RESPONSE,Camkk2,https://www.gsea-msigdb.org/gsea/msigdb/mouse/geneset/HALLMARK_ANDROGEN_RESPONSE,MM,Mus musculus
HALLMARK_ANDROGEN_RESPONSE,Ccnd1,https://www.gsea-msigdb.org/gsea/msigdb/mouse/geneset/HALLMARK_ANDROGEN_RESPONSE,MM,Mus musculus
HALLMARK_ANDROGEN_RESPONSE,Ccnd3,https://www.gsea-msigdb.org/gsea/msigdb/mouse/geneset/HALLMARK_ANDROGEN_RESPONSE,MM,Mus musculus
HALLMARK_ANDROGEN_RESPONSE,Cdc14b,https://www.gsea-msigdb.org/gsea/msigdb/mouse/geneset/HALLMARK_ANDROGEN_RESPONSE,MM,Mus musculus
HALLMARK_ANDROGEN_RESPONSE,Cdk6,https://www.gsea-msigdb.org/gsea/msigdb/mouse/geneset/HALLMARK_ANDROGEN_RESPONSE,MM,Mus musculus
HALLMARK_ANDROGEN_RESPONSE,Cenpn,https://www.gsea-msigdb.org/gsea/msigdb/mouse/geneset/HALLMARK_ANDROGEN_RESPONSE,MM,Mus musculus
HALLMARK_ANDROGEN_RESPONSE,Dbi,https://www.gsea-msigdb.org/gsea/msigdb/mouse/geneset/HALLMARK_ANDROGEN_RESPONSE,MM,Mus musculus
HALLMARK_ANDROGEN_RESPONSE,Dhcr24,https://www.gsea-msigdb.org/gsea/msigdb/mouse/geneset/HALLMARK_ANDROGEN_RESPONSE,MM,Mus musculus
HALLMARK_ANDROGEN_RESPONSE,Dnajb9,https://www.gsea-msigdb.org/gsea/msigdb/mouse/geneset/HALLMARK_ANDROGEN_RESPONSE,MM,Mus musculus
HALLMARK_ANDROGEN_RESPONSE,Elk4,https://www.gsea-msigdb.org/gsea/msigdb/mouse/geneset/HALLMARK_ANDROGEN_RESPONSE,MM,Mus musculus
HALLMARK_ANDROGEN_RESPONSE,Ell2,https://www.gsea-msigdb.org/gsea/msigdb/mouse/geneset/HALLMARK_ANDROGEN_RESPONSE,MM,Mus musculus
HALLMARK_ANDROGEN_RESPONSE,Elovl5,https://www.gsea-msigdb.org/gsea/msigdb/mouse/geneset/HALLMARK_ANDROGEN_RESPONSE,MM,Mus musculus
HALLMARK_ANDROGEN_RESPONSE,Fads1,https://www.gsea-msigdb.org/gsea/msigdb/mouse/geneset/HALLMARK_ANDROGEN_RESPONSE,MM,Mus musculus
HALLMARK_ANDROGEN_RESPONSE,Fkbp5,https://www.gsea-msigdb.org/gsea/msigdb/mouse/geneset/HALLMARK_ANDROGEN_RESPONSE,MM,Mus musculus
HALLMARK_ANDROGEN_RESPONSE,Gnai3,https://www.gsea-msigdb.org/gsea/msigdb/mouse/geneset/HALLMARK_ANDROGEN_RESPONSE,MM,Mus musculus
HALLMARK_ANDROGEN_RESPONSE,Gpd1l,https://www.gsea-msigdb.org/gsea/msigdb/mouse/geneset/HALLMARK_ANDROGEN_RESPONSE,MM,Mus musculus
HALLMARK_ANDROGEN_RESPONSE,Gsr,https://www.gsea-msigdb.org/gsea/msigdb/mouse/geneset/HALLMARK_ANDROGEN_RESPONSE,MM,Mus musculus
HALLMARK_ANDROGEN_RESPONSE,Gucy1a1,https://www.gsea-msigdb.org/gsea/msigdb/mouse/geneset/HALLMARK_ANDROGEN_RESPONSE,MM,Mus musculus
HALLMARK_ANDROGEN_RESPONSE,H1f0,https://www.gsea-msigdb.org/gsea/msigdb/mouse/geneset/HALLMARK_ANDROGEN_RESPONSE,MM,Mus musculus
HALLMARK_ANDROGEN_RESPONSE,Herc3,https://www.gsea-msigdb.org/gsea/msigdb/mouse/geneset/HALLMARK_ANDROGEN_RESPONSE,MM,Mus musculus
HALLMARK_ANDROGEN_RESPONSE,Hmgcr,https://www.gsea-msigdb.org/gsea/msigdb/mouse/geneset/HALLMARK_ANDROGEN_RESPONSE,MM,Mus musculus
HALLMARK_ANDROGEN_RESPONSE,Hmgcs1,https://www.gsea-msigdb.org/gsea/msigdb/mouse/geneset/HALLMARK_ANDROGEN_RESPONSE,MM,Mus musculus
HALLMARK_ANDROGEN_RESPONSE,Homer2,https://www.gsea-msigdb.org/gsea/msigdb/mouse/geneset/HALLMARK_ANDROGEN_RESPONSE,MM,Mus musculus
HALLMARK_ANDROGEN_RESPONSE,Hpgd,https://www.gsea-msigdb.org/gsea/msigdb/mouse/geneset/HALLMARK_ANDROGEN_RESPONSE,MM,Mus musculus
HALLMARK_ANDROGEN_RESPONSE,Hsd17b14,https://www.gsea-msigdb.org/gsea/msigdb/mouse/geneset/HALLMARK_ANDROGEN_RESPONSE,MM,Mus musculus
HALLMARK_ANDROGEN_RESPONSE,Idi1,https://www.gsea-msigdb.org/gsea/msigdb/mouse/geneset/HALLMARK_ANDROGEN_RESPONSE,MM,Mus musculus
HALLMARK_ANDROGEN_RESPONSE,Inpp4b,https://www.gsea-msigdb.org/gsea/msigdb/mouse/geneset/HALLMARK_ANDROGEN_RESPONSE,MM,Mus musculus
HALLMARK_ANDROGEN_RESPONSE,Insig1,https://www.gsea-msigdb.org/gsea/msigdb/mouse/geneset/HALLMARK_ANDROGEN_RESPONSE,MM,Mus musculus
HALLMARK_ANDROGEN_RESPONSE,Iqgap2,https://www.gsea-msigdb.org/gsea/msigdb/mouse/geneset/HALLMARK_ANDROGEN_RESPONSE,MM,Mus musculus
HALLMARK_ANDROGEN_RESPONSE,Itgav,https://www.gsea-msigdb.org/gsea/msigdb/mouse/geneset/HALLMARK_ANDROGEN_RESPONSE,MM,Mus musculus
HALLMARK_ANDROGEN_RESPONSE,Krt19,https://www.gsea-msigdb.org/gsea/msigdb/mouse/geneset/HALLMARK_ANDROGEN_RESPONSE,MM,Mus musculus
HALLMARK_ANDROGEN_RESPONSE,Krt8,https://www.gsea-msigdb.org/gsea/msigdb/mouse/geneset/HALLMARK_ANDROGEN_RESPONSE,MM,Mus musculus
HALLMARK_ANDROGEN_RESPONSE,Lifr,https://www.gsea-msigdb.org/gsea/msigdb/mouse/geneset/HALLMARK_ANDROGEN_RESPONSE,MM,Mus musculus
HALLMARK_ANDROGEN_RESPONSE,Lman1,https://www.gsea-msigdb.org/gsea/msigdb/mouse/geneset/HALLMARK_ANDROGEN_RESPONSE,MM,Mus musculus
HALLMARK_ANDROGEN_RESPONSE,Maf,https://www.gsea-msigdb.org/gsea/msigdb/mouse/geneset/HALLMARK_ANDROGEN_RESPONSE,MM,Mus musculus
HALLMARK_ANDROGEN_RESPONSE,Mak,https://www.gsea-msigdb.org/gsea/msigdb/mouse/geneset/HALLMARK_ANDROGEN_RESPONSE,MM,Mus musculus
HALLMARK_ANDROGEN_RESPONSE,Map7,https://www.gsea-msigdb.org/gsea/msigdb/mouse/geneset/HALLMARK_ANDROGEN_RESPONSE,MM,Mus musculus
HALLMARK_ANDROGEN_RESPONSE,Mertk,https://www.gsea-msigdb.org/gsea/msigdb/mouse/geneset/HALLMARK_ANDROGEN_RESPONSE,MM,Mus musculus
HALLMARK_ANDROGEN_RESPONSE,Ncoa4,https://www.gsea-msigdb.org/gsea/msigdb/mouse/geneset/HALLMARK_ANDROGEN_RESPONSE,MM,Mus musculus
HALLMARK_ANDROGEN_RESPONSE,Ndrg1,https://www.gsea-msigdb.org/gsea/msigdb/mouse/geneset/HALLMARK_ANDROGEN_RESPONSE,MM,Mus musculus
HALLMARK_ANDROGEN_RESPONSE,Ngly1,https://www.gsea-msigdb.org/gsea/msigdb/mouse/geneset/HALLMARK_ANDROGEN_RESPONSE,MM,Mus musculus
HALLMARK_ANDROGEN_RESPONSE,Nkx3-1,https://www.gsea-msigdb.org/gsea/msigdb/mouse/geneset/HALLMARK_ANDROGEN_RESPONSE,MM,Mus musculus
HALLMARK_ANDROGEN_RESPONSE,Pa2g4,https://www.gsea-msigdb.org/gsea/msigdb/mouse/geneset/HALLMARK_ANDROGEN_RESPONSE,MM,Mus musculus
HALLMARK_ANDROGEN_RESPONSE,Pdlim5,https://www.gsea-msigdb.org/gsea/msigdb/mouse/geneset/HALLMARK_ANDROGEN_RESPONSE,MM,Mus musculus
HALLMARK_ANDROGEN_RESPONSE,Pgm3,https://www.gsea-msigdb.org/gsea/msigdb/mouse/geneset/HALLMARK_ANDROGEN_RESPONSE,MM,Mus musculus
HALLMARK_ANDROGEN_RESPONSE,Pias1,https://www.gsea-msigdb.org/gsea/msigdb/mouse/geneset/HALLMARK_ANDROGEN_RESPONSE,MM,Mus musculus
HALLMARK_ANDROGEN_RESPONSE,Plpp1,https://www.gsea-msigdb.org/gsea/msigdb/mouse/geneset/HALLMARK_ANDROGEN_RESPONSE,MM,Mus musculus
HALLMARK_ANDROGEN_RESPONSE,Pmepa1,https://www.gsea-msigdb.org/gsea/msigdb/mouse/geneset/HALLMARK_ANDROGEN_RESPONSE,MM,Mus musculus
HALLMARK_ANDROGEN_RESPONSE,Ptk2b,https://www.gsea-msigdb.org/gsea/msigdb/mouse/geneset/HALLMARK_ANDROGEN_RESPONSE,MM,Mus musculus
HALLMARK_ANDROGEN_RESPONSE,Ptpn21,https://www.gsea-msigdb.org/gsea/msigdb/mouse/geneset/HALLMARK_ANDROGEN_RESPONSE,MM,Mus musculus
HALLMARK_ANDROGEN_RESPONSE,Rab4a,https://www.gsea-msigdb.org/gsea/msigdb/mouse/geneset/HALLMARK_ANDROGEN_RESPONSE,MM,Mus musculus
HALLMARK_ANDROGEN_RESPONSE,Rps6ka3,https://www.gsea-msigdb.org/gsea/msigdb/mouse/geneset/HALLMARK_ANDROGEN_RESPONSE,MM,Mus musculus
HALLMARK_ANDROGEN_RESPONSE,Rrp12,https://www.gsea-msigdb.org/gsea/msigdb/mouse/geneset/HALLMARK_ANDROGEN_RESPONSE,MM,Mus musculus
HALLMARK_ANDROGEN_RESPONSE,Sat1,https://www.gsea-msigdb.org/gsea/msigdb/mouse/geneset/HALLMARK_ANDROGEN_RESPONSE,MM,Mus musculus
HALLMARK_ANDROGEN_RESPONSE,Sec24d,https://www.gsea-msigdb.org/gsea/msigdb/mouse/geneset/HALLMARK_ANDROGEN_RESPONSE,MM,Mus musculus
HALLMARK_ANDROGEN_RESPONSE,Selenop,https://www.gsea-msigdb.org/gsea/msigdb/mouse/geneset/HALLMARK_ANDROGEN_RESPONSE,MM,Mus musculus
HALLMARK_ANDROGEN_RESPONSE,Sgk1,https://www.gsea-msigdb.org/gsea/msigdb/mouse/geneset/HALLMARK_ANDROGEN_RESPONSE,MM,Mus musculus
HALLMARK_ANDROGEN_RESPONSE,Slc26a2,https://www.gsea-msigdb.org/gsea/msigdb/mouse/geneset/HALLMARK_ANDROGEN_RESPONSE,MM,Mus musculus
HALLMARK_ANDROGEN_RESPONSE,Slc38a2,https://www.gsea-msigdb.org/gsea/msigdb/mouse/geneset/HALLMARK_ANDROGEN_RESPONSE,MM,Mus musculus
HALLMARK_ANDROGEN_RESPONSE,Sms-ps,https://www.gsea-msigdb.org/gsea/msigdb/mouse/geneset/HALLMARK_ANDROGEN_RESPONSE,MM,Mus musculus
HALLMARK_ANDROGEN_RESPONSE,Sord,https://www.gsea-msigdb.org/gsea/msigdb/mouse/geneset/HALLMARK_ANDROGEN_RESPONSE,MM,Mus musculus
HALLMARK_ANDROGEN_RESPONSE,Spdef,https://www.gsea-msigdb.org/gsea/msigdb/mouse/geneset/HALLMARK_ANDROGEN_RESPONSE,MM,Mus musculus
HALLMARK_ANDROGEN_RESPONSE,Srf,https://www.gsea-msigdb.org/gsea/msigdb/mouse/geneset/HALLMARK_ANDROGEN_RESPONSE,MM,Mus musculus
HALLMARK_ANDROGEN_RESPONSE,Srp19,https://www.gsea-msigdb.org/gsea/msigdb/mouse/geneset/HALLMARK_ANDROGEN_RESPONSE,MM,Mus musculus
HALLMARK_ANDROGEN_RESPONSE,Steap4,https://www.gsea-msigdb.org/gsea/msigdb/mouse/geneset/HALLMARK_ANDROGEN_RESPONSE,MM,Mus musculus
HALLMARK_ANDROGEN_RESPONSE,Stk39,https://www.gsea-msigdb.org/gsea/msigdb/mouse/geneset/HALLMARK_ANDROGEN_RESPONSE,MM,Mus musculus
HALLMARK_ANDROGEN_RESPONSE,Tmem50a,https://www.gsea-msigdb.org/gsea/msigdb/mouse/geneset/HALLMARK_ANDROGEN_RESPONSE,MM,Mus musculus
HALLMARK_ANDROGEN_RESPONSE,Tmprss2,https://www.gsea-msigdb.org/gsea/msigdb/mouse/geneset/HALLMARK_ANDROGEN_RESPONSE,MM,Mus musculus
HALLMARK_ANDROGEN_RESPONSE,Tnfaip8,https://www.gsea-msigdb.org/gsea/msigdb/mouse/geneset/HALLMARK_ANDROGEN_RESPONSE,MM,Mus musculus
HALLMARK_ANDROGEN_RESPONSE,Tpd52,https://www.gsea-msigdb.org/gsea/msigdb/mouse/geneset/HALLMARK_ANDROGEN_RESPONSE,MM,Mus musculus
HALLMARK_ANDROGEN_RESPONSE,Tsc22d1,https://www.gsea-msigdb.org/gsea/msigdb/mouse/geneset/HALLMARK_ANDROGEN_RESPONSE,MM,Mus musculus
HALLMARK_ANDROGEN_RESPONSE,Uap1,https://www.gsea-msigdb.org/gsea/msigdb/mouse/geneset/HALLMARK_ANDROGEN_RESPONSE,MM,Mus musculus
HALLMARK_ANDROGEN_RESPONSE,Ube2i,https://www.gsea-msigdb.org/gsea/msigdb/mouse/geneset/HALLMARK_ANDROGEN_RESPONSE,MM,Mus musculus
HALLMARK_ANDROGEN_RESPONSE,Ube2j1,https://www.gsea-msigdb.org/gsea/msigdb/mouse/geneset/HALLMARK_ANDROGEN_RESPONSE,MM,Mus musculus
HALLMARK_ANDROGEN_RESPONSE,Vapa,https://www.gsea-msigdb.org/gsea/msigdb/mouse/geneset/HALLMARK_ANDROGEN_RESPONSE,MM,Mus musculus
HALLMARK_ANDROGEN_RESPONSE,Xrcc5,https://www.gsea-msigdb.org/gsea/msigdb/mouse/geneset/HALLMARK_ANDROGEN_RESPONSE,MM,Mus musculus
HALLMARK_ANDROGEN_RESPONSE,Xrcc6,https://www.gsea-msigdb.org/gsea/msigdb/mouse/geneset/HALLMARK_ANDROGEN_RESPONSE,MM,Mus musculus
HALLMARK_ANDROGEN_RESPONSE,Zbtb10,https://www.gsea-msigdb.org/gsea/msigdb/mouse/geneset/HALLMARK_ANDROGEN_RESPONSE,MM,Mus musculus
HALLMARK_ANDROGEN_RESPONSE,Zmiz1,https://www.gsea-msigdb.org/gsea/msigdb/mouse/geneset/HALLMARK_ANDROGEN_RESPONSE,MM,Mus musculus
HALLMARK_ANGIOGENESIS,Apoh,https://www.gsea-msigdb.org/gsea/msigdb/mouse/geneset/HALLMARK_ANGIOGENESIS,MM,Mus musculus
HALLMARK_ANGIOGENESIS,App,https://www.gsea-msigdb.org/gsea/msigdb/mouse/geneset/HALLMARK_ANGIOGENESIS,MM,Mus musculus
HALLMARK_ANGIOGENESIS,Ccnd2,https://www.gsea-msigdb.org/gsea/msigdb/mouse/geneset/HALLMARK_ANGIOGENESIS,MM,Mus musculus
HALLMARK_ANGIOGENESIS,Col3a1,https://www.gsea-msigdb.org/gsea/msigdb/mouse/geneset/HALLMARK_ANGIOGENESIS,MM,Mus musculus
HALLMARK_ANGIOGENESIS,Col5a2,https://www.gsea-msigdb.org/gsea/msigdb/mouse/geneset/HALLMARK_ANGIOGENESIS,MM,Mus musculus
HALLMARK_ANGIOGENESIS,Cxcl5,https://www.gsea-msigdb.org/gsea/msigdb/mouse/geneset/HALLMARK_ANGIOGENESIS,MM,Mus musculus
HALLMARK_ANGIOGENESIS,Fgfr1,https://www.gsea-msigdb.org/gsea/msigdb/mouse/geneset/HALLMARK_ANGIOGENESIS,MM,Mus musculus
HALLMARK_ANGIOGENESIS,Fstl1,https://www.gsea-msigdb.org/gsea/msigdb/mouse/geneset/HALLMARK_ANGIOGENESIS,MM,Mus musculus
HALLMARK_ANGIOGENESIS,Itgav,https://www.gsea-msigdb.org/gsea/msigdb/mouse/geneset/HALLMARK_ANGIOGENESIS,MM,Mus musculus
HALLMARK_ANGIOGENESIS,Jag1,https://www.gsea-msigdb.org/gsea/msigdb/mouse/geneset/HALLMARK_ANGIOGENESIS,MM,Mus musculus
HALLMARK_ANGIOGENESIS,Jag2,https://www.gsea-msigdb.org/gsea/msigdb/mouse/geneset/HALLMARK_ANGIOGENESIS,MM,Mus musculus
HALLMARK_ANGIOGENESIS,Kcnj8,https://www.gsea-msigdb.org/gsea/msigdb/mouse/geneset/HALLMARK_ANGIOGENESIS,MM,Mus musculus
HALLMARK_ANGIOGENESIS,Lpl,https://www.gsea-msigdb.org/gsea/msigdb/mouse/geneset/HALLMARK_ANGIOGENESIS,MM,Mus musculus
HALLMARK_ANGIOGENESIS,Lrpap1,https://www.gsea-msigdb.org/gsea/msigdb/mouse/geneset/HALLMARK_ANGIOGENESIS,MM,Mus musculus
HALLMARK_ANGIOGENESIS,Lum,https://www.gsea-msigdb.org/gsea/msigdb/mouse/geneset/HALLMARK_ANGIOGENESIS,MM,Mus musculus
HALLMARK_ANGIOGENESIS,Msx1,https://www.gsea-msigdb.org/gsea/msigdb/mouse/geneset/HALLMARK_ANGIOGENESIS,MM,Mus musculus
HALLMARK_ANGIOGENESIS,Nrp1,https://www.gsea-msigdb.org/gsea/msigdb/mouse/geneset/HALLMARK_ANGIOGENESIS,MM,Mus musculus
HALLMARK_ANGIOGENESIS,Olr1,https://www.gsea-msigdb.org/gsea/msigdb/mouse/geneset/HALLMARK_ANGIOGENESIS,MM,Mus musculus
HALLMARK_ANGIOGENESIS,Pdgfa,https://www.gsea-msigdb.org/gsea/msigdb/mouse/geneset/HALLMARK_ANGIOGENESIS,MM,Mus musculus
HALLMARK_ANGIOGENESIS,Pf4,https://www.gsea-msigdb.org/gsea/msigdb/mouse/geneset/HALLMARK_ANGIOGENESIS,MM,Mus musculus
HALLMARK_ANGIOGENESIS,Pglyrp1,https://www.gsea-msigdb.org/gsea/msigdb/mouse/geneset/HALLMARK_ANGIOGENESIS,MM,Mus musculus
HALLMARK_ANGIOGENESIS,Postn,https://www.gsea-msigdb.org/gsea/msigdb/mouse/geneset/HALLMARK_ANGIOGENESIS,MM,Mus musculus
HALLMARK_ANGIOGENESIS,Prg2,https://www.gsea-msigdb.org/gsea/msigdb/mouse/geneset/HALLMARK_ANGIOGENESIS,MM,Mus musculus
HALLMARK_ANGIOGENESIS,Ptk2,https://www.gsea-msigdb.org/gsea/msigdb/mouse/geneset/HALLMARK_ANGIOGENESIS,MM,Mus musculus
HALLMARK_ANGIOGENESIS,S100a4,https://www.gsea-msigdb.org/gsea/msigdb/mouse/geneset/HALLMARK_ANGIOGENESIS,MM,Mus musculus
HALLMARK_ANGIOGENESIS,Serpina5,https://www.gsea-msigdb.org/gsea/msigdb/mouse/geneset/HALLMARK_ANGIOGENESIS,MM,Mus musculus
HALLMARK_ANGIOGENESIS,Slco2a1,https://www.gsea-msigdb.org/gsea/msigdb/mouse/geneset/HALLMARK_ANGIOGENESIS,MM,Mus musculus
HALLMARK_ANGIOGENESIS,Spp1,https://www.gsea-msigdb.org/gsea/msigdb/mouse/geneset/HALLMARK_ANGIOGENESIS,MM,Mus musculus
HALLMARK_ANGIOGENESIS,Stc1,https://www.gsea-msigdb.org/gsea/msigdb/mouse/geneset/HALLMARK_ANGIOGENESIS,MM,Mus musculus
HALLMARK_ANGIOGENESIS,Thbd,https://www.gsea-msigdb.org/gsea/msigdb/mouse/geneset/HALLMARK_ANGIOGENESIS,MM,Mus musculus
HALLMARK_ANGIOGENESIS,Timp1,https://www.gsea-msigdb.org/gsea/msigdb/mouse/geneset/HALLMARK_ANGIOGENESIS,MM,Mus musculus
HALLMARK_ANGIOGENESIS,Tnfrsf21,https://www.gsea-msigdb.org/gsea/msigdb/mouse/geneset/HALLMARK_ANGIOGENESIS,MM,Mus musculus
HALLMARK_ANGIOGENESIS,Vav2,https://www.gsea-msigdb.org/gsea/msigdb/mouse/geneset/HALLMARK_ANGIOGENESIS,MM,Mus musculus
HALLMARK_ANGIOGENESIS,Vcan,https://www.gsea-msigdb.org/gsea/msigdb/mouse/geneset/HALLMARK_ANGIOGENESIS,MM,Mus musculus
HALLMARK_ANGIOGENESIS,Vegfa,https://www.gsea-msigdb.org/gsea/msigdb/mouse/geneset/HALLMARK_ANGIOGENESIS,MM,Mus musculus
HALLMARK_ANGIOGENESIS,Vtn,https://www.gsea-msigdb.org/gsea/msigdb/mouse/geneset/HALLMARK_ANGIOGENESIS,MM,Mus musculus
HALLMARK_APICAL_JUNCTION,Acta1,https://www.gsea-msigdb.org/gsea/msigdb/mouse/geneset/HALLMARK_APICAL_JUNCTION,MM,Mus musculus
HALLMARK_APICAL_JUNCTION,Actb,https://www.gsea-msigdb.org/gsea/msigdb/mouse/geneset/HALLMARK_APICAL_JUNCTION,MM,Mus musculus
HALLMARK_APICAL_JUNCTION,Actc1,https://www.gsea-msigdb.org/gsea/msigdb/mouse/geneset/HALLMARK_APICAL_JUNCTION,MM,Mus musculus
HALLMARK_APICAL_JUNCTION,Actg1,https://www.gsea-msigdb.org/gsea/msigdb/mouse/geneset/HALLMARK_APICAL_JUNCTION,MM,Mus musculus
HALLMARK_APICAL_JUNCTION,Actg2,https://www.gsea-msigdb.org/gsea/msigdb/mouse/geneset/HALLMARK_APICAL_JUNCTION,MM,Mus musculus
HALLMARK_APICAL_JUNCTION,Actn1,https://www.gsea-msigdb.org/gsea/msigdb/mouse/geneset/HALLMARK_APICAL_JUNCTION,MM,Mus musculus
HALLMARK_APICAL_JUNCTION,Actn2,https://www.gsea-msigdb.org/gsea/msigdb/mouse/geneset/HALLMARK_APICAL_JUNCTION,MM,Mus musculus
HALLMARK_APICAL_JUNCTION,Actn3,https://www.gsea-msigdb.org/gsea/msigdb/mouse/geneset/HALLMARK_APICAL_JUNCTION,MM,Mus musculus
HALLMARK_APICAL_JUNCTION,Actn4,https://www.gsea-msigdb.org/gsea/msigdb/mouse/geneset/HALLMARK_APICAL_JUNCTION,MM,Mus musculus
HALLMARK_APICAL_JUNCTION,Adam15,https://www.gsea-msigdb.org/gsea/msigdb/mouse/geneset/HALLMARK_APICAL_JUNCTION,MM,Mus musculus
HALLMARK_APICAL_JUNCTION,Adam23,https://www.gsea-msigdb.org/gsea/msigdb/mouse/geneset/HALLMARK_APICAL_JUNCTION,MM,Mus musculus
HALLMARK_APICAL_JUNCTION,Adam9,https://www.gsea-msigdb.org/gsea/msigdb/mouse/geneset/HALLMARK_APICAL_JUNCTION,MM,Mus musculus
HALLMARK_APICAL_JUNCTION,Adamts5,https://www.gsea-msigdb.org/gsea/msigdb/mouse/geneset/HALLMARK_APICAL_JUNCTION,MM,Mus musculus
HALLMARK_APICAL_JUNCTION,Adra1b,https://www.gsea-msigdb.org/gsea/msigdb/mouse/geneset/HALLMARK_APICAL_JUNCTION,MM,Mus musculus
HALLMARK_APICAL_JUNCTION,Akt2,https://www.gsea-msigdb.org/gsea/msigdb/mouse/geneset/HALLMARK_APICAL_JUNCTION,MM,Mus musculus
HALLMARK_APICAL_JUNCTION,Akt3,https://www.gsea-msigdb.org/gsea/msigdb/mouse/geneset/HALLMARK_APICAL_JUNCTION,MM,Mus musculus
HALLMARK_APICAL_JUNCTION,Alox8,https://www.gsea-msigdb.org/gsea/msigdb/mouse/geneset/HALLMARK_APICAL_JUNCTION,MM,Mus musculus
HALLMARK_APICAL_JUNCTION,Amh,https://www.gsea-msigdb.org/gsea/msigdb/mouse/geneset/HALLMARK_APICAL_JUNCTION,MM,Mus musculus
HALLMARK_APICAL_JUNCTION,Amigo1,https://www.gsea-msigdb.org/gsea/msigdb/mouse/geneset/HALLMARK_APICAL_JUNCTION,MM,Mus musculus
HALLMARK_APICAL_JUNCTION,Amigo2,https://www.gsea-msigdb.org/gsea/msigdb/mouse/geneset/HALLMARK_APICAL_JUNCTION,MM,Mus musculus
HALLMARK_APICAL_JUNCTION,Arhgef6,https://www.gsea-msigdb.org/gsea/msigdb/mouse/geneset/HALLMARK_APICAL_JUNCTION,MM,Mus musculus
HALLMARK_APICAL_JUNCTION,Arpc2,https://www.gsea-msigdb.org/gsea/msigdb/mouse/geneset/HALLMARK_APICAL_JUNCTION,MM,Mus musculus
HALLMARK_APICAL_JUNCTION,Atp1a3,https://www.gsea-msigdb.org/gsea/msigdb/mouse/geneset/HALLMARK_APICAL_JUNCTION,MM,Mus musculus
HALLMARK_APICAL_JUNCTION,B4galt1,https://www.gsea-msigdb.org/gsea/msigdb/mouse/geneset/HALLMARK_APICAL_JUNCTION,MM,Mus musculus
HALLMARK_APICAL_JUNCTION,Baiap2,https://www.gsea-msigdb.org/gsea/msigdb/mouse/geneset/HALLMARK_APICAL_JUNCTION,MM,Mus musculus
HALLMARK_APICAL_JUNCTION,Bmp1,https://www.gsea-msigdb.org/gsea/msigdb/mouse/geneset/HALLMARK_APICAL_JUNCTION,MM,Mus musculus
HALLMARK_APICAL_JUNCTION,Cadm2,https://www.gsea-msigdb.org/gsea/msigdb/mouse/geneset/HALLMARK_APICAL_JUNCTION,MM,Mus musculus
HALLMARK_APICAL_JUNCTION,Cadm3,https://www.gsea-msigdb.org/gsea/msigdb/mouse/geneset/HALLMARK_APICAL_JUNCTION,MM,Mus musculus
HALLMARK_APICAL_JUNCTION,Calb2,https://www.gsea-msigdb.org/gsea/msigdb/mouse/geneset/HALLMARK_APICAL_JUNCTION,MM,Mus musculus
HALLMARK_APICAL_JUNCTION,Cap1,https://www.gsea-msigdb.org/gsea/msigdb/mouse/geneset/HALLMARK_APICAL_JUNCTION,MM,Mus musculus
HALLMARK_APICAL_JUNCTION,Cd209b,https://www.gsea-msigdb.org/gsea/msigdb/mouse/geneset/HALLMARK_APICAL_JUNCTION,MM,Mus musculus
HALLMARK_APICAL_JUNCTION,Cd274,https://www.gsea-msigdb.org/gsea/msigdb/mouse/geneset/HALLMARK_APICAL_JUNCTION,MM,Mus musculus
HALLMARK_APICAL_JUNCTION,Cd276,https://www.gsea-msigdb.org/gsea/msigdb/mouse/geneset/HALLMARK_APICAL_JUNCTION,MM,Mus musculus
HALLMARK_APICAL_JUNCTION,Cd34,https://www.gsea-msigdb.org/gsea/msigdb/mouse/geneset/HALLMARK_APICAL_JUNCTION,MM,Mus musculus
HALLMARK_APICAL_JUNCTION,Cd86,https://www.gsea-msigdb.org/gsea/msigdb/mouse/geneset/HALLMARK_APICAL_JUNCTION,MM,Mus musculus
HALLMARK_APICAL_JUNCTION,Cdh1,https://www.gsea-msigdb.org/gsea/msigdb/mouse/geneset/HALLMARK_APICAL_JUNCTION,MM,Mus musculus
HALLMARK_APICAL_JUNCTION,Cdh11,https://www.gsea-msigdb.org/gsea/msigdb/mouse/geneset/HALLMARK_APICAL_JUNCTION,MM,Mus musculus
HALLMARK_APICAL_JUNCTION,Cdh15,https://www.gsea-msigdb.org/gsea/msigdb/mouse/geneset/HALLMARK_APICAL_JUNCTION,MM,Mus musculus
HALLMARK_APICAL_JUNCTION,Cdh3,https://www.gsea-msigdb.org/gsea/msigdb/mouse/geneset/HALLMARK_APICAL_JUNCTION,MM,Mus musculus
HALLMARK_APICAL_JUNCTION,Cdh4,https://www.gsea-msigdb.org/gsea/msigdb/mouse/geneset/HALLMARK_APICAL_JUNCTION,MM,Mus musculus
HALLMARK_APICAL_JUNCTION,Cdh6,https://www.gsea-msigdb.org/gsea/msigdb/mouse/geneset/HALLMARK_APICAL_JUNCTION,MM,Mus musculus
HALLMARK_APICAL_JUNCTION,Cdh8,https://www.gsea-msigdb.org/gsea/msigdb/mouse/geneset/HALLMARK_APICAL_JUNCTION,MM,Mus musculus
HALLMARK_APICAL_JUNCTION,Cdk8,https://www.gsea-msigdb.org/gsea/msigdb/mouse/geneset/HALLMARK_APICAL_JUNCTION,MM,Mus musculus
HALLMARK_APICAL_JUNCTION,Cdsn,https://www.gsea-msigdb.org/gsea/msigdb/mouse/geneset/HALLMARK_APICAL_JUNCTION,MM,Mus musculus
HALLMARK_APICAL_JUNCTION,Cercam,https://www.gsea-msigdb.org/gsea/msigdb/mouse/geneset/HALLMARK_APICAL_JUNCTION,MM,Mus musculus
HALLMARK_APICAL_JUNCTION,Cldn11,https://www.gsea-msigdb.org/gsea/msigdb/mouse/geneset/HALLMARK_APICAL_JUNCTION,MM,Mus musculus
HALLMARK_APICAL_JUNCTION,Cldn14,https://www.gsea-msigdb.org/gsea/msigdb/mouse/geneset/HALLMARK_APICAL_JUNCTION,MM,Mus musculus
HALLMARK_APICAL_JUNCTION,Cldn15,https://www.gsea-msigdb.org/gsea/msigdb/mouse/geneset/HALLMARK_APICAL_JUNCTION,MM,Mus musculus
HALLMARK_APICAL_JUNCTION,Cldn18,https://www.gsea-msigdb.org/gsea/msigdb/mouse/geneset/HALLMARK_APICAL_JUNCTION,MM,Mus musculus
HALLMARK_APICAL_JUNCTION,Cldn19,https://www.gsea-msigdb.org/gsea/msigdb/mouse/geneset/HALLMARK_APICAL_JUNCTION,MM,Mus musculus
HALLMARK_APICAL_JUNCTION,Cldn4,https://www.gsea-msigdb.org/gsea/msigdb/mouse/geneset/HALLMARK_APICAL_JUNCTION,MM,Mus musculus
HALLMARK_APICAL_JUNCTION,Cldn5,https://www.gsea-msigdb.org/gsea/msigdb/mouse/geneset/HALLMARK_APICAL_JUNCTION,MM,Mus musculus
HALLMARK_APICAL_JUNCTION,Cldn6,https://www.gsea-msigdb.org/gsea/msigdb/mouse/geneset/HALLMARK_APICAL_JUNCTION,MM,Mus musculus
HALLMARK_APICAL_JUNCTION,Cldn7,https://www.gsea-msigdb.org/gsea/msigdb/mouse/geneset/HALLMARK_APICAL_JUNCTION,MM,Mus musculus
HALLMARK_APICAL_JUNCTION,Cldn8,https://www.gsea-msigdb.org/gsea/msigdb/mouse/geneset/HALLMARK_APICAL_JUNCTION,MM,Mus musculus
HALLMARK_APICAL_JUNCTION,Cldn9,https://www.gsea-msigdb.org/gsea/msigdb/mouse/geneset/HALLMARK_APICAL_JUNCTION,MM,Mus musculus
HALLMARK_APICAL_JUNCTION,Cnn2,https://www.gsea-msigdb.org/gsea/msigdb/mouse/geneset/HALLMARK_APICAL_JUNCTION,MM,Mus musculus
HALLMARK_APICAL_JUNCTION,Cntn1,https://www.gsea-msigdb.org/gsea/msigdb/mouse/geneset/HALLMARK_APICAL_JUNCTION,MM,Mus musculus
HALLMARK_APICAL_JUNCTION,Col16a1,https://www.gsea-msigdb.org/gsea/msigdb/mouse/geneset/HALLMARK_APICAL_JUNCTION,MM,Mus musculus
HALLMARK_APICAL_JUNCTION,Col17a1,https://www.gsea-msigdb.org/gsea/msigdb/mouse/geneset/HALLMARK_APICAL_JUNCTION,MM,Mus musculus
HALLMARK_APICAL_JUNCTION,Col9a1,https://www.gsea-msigdb.org/gsea/msigdb/mouse/geneset/HALLMARK_APICAL_JUNCTION,MM,Mus musculus
HALLMARK_APICAL_JUNCTION,Crat,https://www.gsea-msigdb.org/gsea/msigdb/mouse/geneset/HALLMARK_APICAL_JUNCTION,MM,Mus musculus
HALLMARK_APICAL_JUNCTION,Crb3,https://www.gsea-msigdb.org/gsea/msigdb/mouse/geneset/HALLMARK_APICAL_JUNCTION,MM,Mus musculus
HALLMARK_APICAL_JUNCTION,Ctnna1,https://www.gsea-msigdb.org/gsea/msigdb/mouse/geneset/HALLMARK_APICAL_JUNCTION,MM,Mus musculus
HALLMARK_APICAL_JUNCTION,Ctnnd1,https://www.gsea-msigdb.org/gsea/msigdb/mouse/geneset/HALLMARK_APICAL_JUNCTION,MM,Mus musculus
HALLMARK_APICAL_JUNCTION,Cx3cl1,https://www.gsea-msigdb.org/gsea/msigdb/mouse/geneset/HALLMARK_APICAL_JUNCTION,MM,Mus musculus
HALLMARK_APICAL_JUNCTION,Dhx16,https://www.gsea-msigdb.org/gsea/msigdb/mouse/geneset/HALLMARK_APICAL_JUNCTION,MM,Mus musculus
HALLMARK_APICAL_JUNCTION,Dlg1,https://www.gsea-msigdb.org/gsea/msigdb/mouse/geneset/HALLMARK_APICAL_JUNCTION,MM,Mus musculus
HALLMARK_APICAL_JUNCTION,Dmp1,https://www.gsea-msigdb.org/gsea/msigdb/mouse/geneset/HALLMARK_APICAL_JUNCTION,MM,Mus musculus
HALLMARK_APICAL_JUNCTION,Dsc1,https://www.gsea-msigdb.org/gsea/msigdb/mouse/geneset/HALLMARK_APICAL_JUNCTION,MM,Mus musculus
HALLMARK_APICAL_JUNCTION,Dsc3,https://www.gsea-msigdb.org/gsea/msigdb/mouse/geneset/HALLMARK_APICAL_JUNCTION,MM,Mus musculus
HALLMARK_APICAL_JUNCTION,Egfr,https://www.gsea-msigdb.org/gsea/msigdb/mouse/geneset/HALLMARK_APICAL_JUNCTION,MM,Mus musculus
HALLMARK_APICAL_JUNCTION,Epb41l2,https://www.gsea-msigdb.org/gsea/msigdb/mouse/geneset/HALLMARK_APICAL_JUNCTION,MM,Mus musculus
HALLMARK_APICAL_JUNCTION,Evl,https://www.gsea-msigdb.org/gsea/msigdb/mouse/geneset/HALLMARK_APICAL_JUNCTION,MM,Mus musculus
HALLMARK_APICAL_JUNCTION,Exoc4,https://www.gsea-msigdb.org/gsea/msigdb/mouse/geneset/HALLMARK_APICAL_JUNCTION,MM,Mus musculus
HALLMARK_APICAL_JUNCTION,Fbn1,https://www.gsea-msigdb.org/gsea/msigdb/mouse/geneset/HALLMARK_APICAL_JUNCTION,MM,Mus musculus
HALLMARK_APICAL_JUNCTION,Flnc,https://www.gsea-msigdb.org/gsea/msigdb/mouse/geneset/HALLMARK_APICAL_JUNCTION,MM,Mus musculus
HALLMARK_APICAL_JUNCTION,Fscn1,https://www.gsea-msigdb.org/gsea/msigdb/mouse/geneset/HALLMARK_APICAL_JUNCTION,MM,Mus musculus
HALLMARK_APICAL_JUNCTION,Fyb1,https://www.gsea-msigdb.org/gsea/msigdb/mouse/geneset/HALLMARK_APICAL_JUNCTION,MM,Mus musculus
HALLMARK_APICAL_JUNCTION,Gamt,https://www.gsea-msigdb.org/gsea/msigdb/mouse/geneset/HALLMARK_APICAL_JUNCTION,MM,Mus musculus
HALLMARK_APICAL_JUNCTION,Gnai1,https://www.gsea-msigdb.org/gsea/msigdb/mouse/geneset/HALLMARK_APICAL_JUNCTION,MM,Mus musculus
HALLMARK_APICAL_JUNCTION,Gnai2,https://www.gsea-msigdb.org/gsea/msigdb/mouse/geneset/HALLMARK_APICAL_JUNCTION,MM,Mus musculus
HALLMARK_APICAL_JUNCTION,Grb7,https://www.gsea-msigdb.org/gsea/msigdb/mouse/geneset/HALLMARK_APICAL_JUNCTION,MM,Mus musculus
HALLMARK_APICAL_JUNCTION,Gtf2f1,https://www.gsea-msigdb.org/gsea/msigdb/mouse/geneset/HALLMARK_APICAL_JUNCTION,MM,Mus musculus
HALLMARK_APICAL_JUNCTION,Hadh,https://www.gsea-msigdb.org/gsea/msigdb/mouse/geneset/HALLMARK_APICAL_JUNCTION,MM,Mus musculus
HALLMARK_APICAL_JUNCTION,Hras,https://www.gsea-msigdb.org/gsea/msigdb/mouse/geneset/HALLMARK_APICAL_JUNCTION,MM,Mus musculus
HALLMARK_APICAL_JUNCTION,Icam1,https://www.gsea-msigdb.org/gsea/msigdb/mouse/geneset/HALLMARK_APICAL_JUNCTION,MM,Mus musculus
HALLMARK_APICAL_JUNCTION,Icam2,https://www.gsea-msigdb.org/gsea/msigdb/mouse/geneset/HALLMARK_APICAL_JUNCTION,MM,Mus musculus
HALLMARK_APICAL_JUNCTION,Icam4,https://www.gsea-msigdb.org/gsea/msigdb/mouse/geneset/HALLMARK_APICAL_JUNCTION,MM,Mus musculus
HALLMARK_APICAL_JUNCTION,Icam5,https://www.gsea-msigdb.org/gsea/msigdb/mouse/geneset/HALLMARK_APICAL_JUNCTION,MM,Mus musculus
HALLMARK_APICAL_JUNCTION,Ikbkg,https://www.gsea-msigdb.org/gsea/msigdb/mouse/geneset/HALLMARK_APICAL_JUNCTION,MM,Mus musculus
HALLMARK_APICAL_JUNCTION,Inppl1,https://www.gsea-msigdb.org/gsea/msigdb/mouse/geneset/HALLMARK_APICAL_JUNCTION,MM,Mus musculus
HALLMARK_APICAL_JUNCTION,Insig1,https://www.gsea-msigdb.org/gsea/msigdb/mouse/geneset/HALLMARK_APICAL_JUNCTION,MM,Mus musculus
HALLMARK_APICAL_JUNCTION,Irs1,https://www.gsea-msigdb.org/gsea/msigdb/mouse/geneset/HALLMARK_APICAL_JUNCTION,MM,Mus musculus
HALLMARK_APICAL_JUNCTION,Itga10,https://www.gsea-msigdb.org/gsea/msigdb/mouse/geneset/HALLMARK_APICAL_JUNCTION,MM,Mus musculus
HALLMARK_APICAL_JUNCTION,Itga2,https://www.gsea-msigdb.org/gsea/msigdb/mouse/geneset/HALLMARK_APICAL_JUNCTION,MM,Mus musculus
HALLMARK_APICAL_JUNCTION,Itga3,https://www.gsea-msigdb.org/gsea/msigdb/mouse/geneset/HALLMARK_APICAL_JUNCTION,MM,Mus musculus
HALLMARK_APICAL_JUNCTION,Itga9,https://www.gsea-msigdb.org/gsea/msigdb/mouse/geneset/HALLMARK_APICAL_JUNCTION,MM,Mus musculus
HALLMARK_APICAL_JUNCTION,Itgb1,https://www.gsea-msigdb.org/gsea/msigdb/mouse/geneset/HALLMARK_APICAL_JUNCTION,MM,Mus musculus
HALLMARK_APICAL_JUNCTION,Itgb4,https://www.gsea-msigdb.org/gsea/msigdb/mouse/geneset/HALLMARK_APICAL_JUNCTION,MM,Mus musculus
HALLMARK_APICAL_JUNCTION,Jam3,https://www.gsea-msigdb.org/gsea/msigdb/mouse/geneset/HALLMARK_APICAL_JUNCTION,MM,Mus musculus
HALLMARK_APICAL_JUNCTION,Jup,https://www.gsea-msigdb.org/gsea/msigdb/mouse/geneset/HALLMARK_APICAL_JUNCTION,MM,Mus musculus
HALLMARK_APICAL_JUNCTION,Kcnh2,https://www.gsea-msigdb.org/gsea/msigdb/mouse/geneset/HALLMARK_APICAL_JUNCTION,MM,Mus musculus
HALLMARK_APICAL_JUNCTION,Krt31,https://www.gsea-msigdb.org/gsea/msigdb/mouse/geneset/HALLMARK_APICAL_JUNCTION,MM,Mus musculus
HALLMARK_APICAL_JUNCTION,Lama3,https://www.gsea-msigdb.org/gsea/msigdb/mouse/geneset/HALLMARK_APICAL_JUNCTION,MM,Mus musculus
HALLMARK_APICAL_JUNCTION,Lamb3,https://www.gsea-msigdb.org/gsea/msigdb/mouse/geneset/HALLMARK_APICAL_JUNCTION,MM,Mus musculus
HALLMARK_APICAL_JUNCTION,Lamc2,https://www.gsea-msigdb.org/gsea/msigdb/mouse/geneset/HALLMARK_APICAL_JUNCTION,MM,Mus musculus
HALLMARK_APICAL_JUNCTION,Layn,https://www.gsea-msigdb.org/gsea/msigdb/mouse/geneset/HALLMARK_APICAL_JUNCTION,MM,Mus musculus
HALLMARK_APICAL_JUNCTION,Ldlrap1,https://www.gsea-msigdb.org/gsea/msigdb/mouse/geneset/HALLMARK_APICAL_JUNCTION,MM,Mus musculus
HALLMARK_APICAL_JUNCTION,Lima1,https://www.gsea-msigdb.org/gsea/msigdb/mouse/geneset/HALLMARK_APICAL_JUNCTION,MM,Mus musculus
HALLMARK_APICAL_JUNCTION,Madcam1,https://www.gsea-msigdb.org/gsea/msigdb/mouse/geneset/HALLMARK_APICAL_JUNCTION,MM,Mus musculus
HALLMARK_APICAL_JUNCTION,Map3k20,https://www.gsea-msigdb.org/gsea/msigdb/mouse/geneset/HALLMARK_APICAL_JUNCTION,MM,Mus musculus
HALLMARK_APICAL_JUNCTION,Map4k2,https://www.gsea-msigdb.org/gsea/msigdb/mouse/geneset/HALLMARK_APICAL_JUNCTION,MM,Mus musculus
HALLMARK_APICAL_JUNCTION,Mapk11,https://www.gsea-msigdb.org/gsea/msigdb/mouse/geneset/HALLMARK_APICAL_JUNCTION,MM,Mus musculus
HALLMARK_APICAL_JUNCTION,Mapk13,https://www.gsea-msigdb.org/gsea/msigdb/mouse/geneset/HALLMARK_APICAL_JUNCTION,MM,Mus musculus
HALLMARK_APICAL_JUNCTION,Mapk14,https://www.gsea-msigdb.org/gsea/msigdb/mouse/geneset/HALLMARK_APICAL_JUNCTION,MM,Mus musculus
HALLMARK_APICAL_JUNCTION,Mdk,https://www.gsea-msigdb.org/gsea/msigdb/mouse/geneset/HALLMARK_APICAL_JUNCTION,MM,Mus musculus
HALLMARK_APICAL_JUNCTION,Mmp2,https://www.gsea-msigdb.org/gsea/msigdb/mouse/geneset/HALLMARK_APICAL_JUNCTION,MM,Mus musculus
HALLMARK_APICAL_JUNCTION,Mmp9,https://www.gsea-msigdb.org/gsea/msigdb/mouse/geneset/HALLMARK_APICAL_JUNCTION,MM,Mus musculus
HALLMARK_APICAL_JUNCTION,Mpzl1,https://www.gsea-msigdb.org/gsea/msigdb/mouse/geneset/HALLMARK_APICAL_JUNCTION,MM,Mus musculus
HALLMARK_APICAL_JUNCTION,Mpzl2,https://www.gsea-msigdb.org/gsea/msigdb/mouse/geneset/HALLMARK_APICAL_JUNCTION,MM,Mus musculus
HALLMARK_APICAL_JUNCTION,Msn,https://www.gsea-msigdb.org/gsea/msigdb/mouse/geneset/HALLMARK_APICAL_JUNCTION,MM,Mus musculus
HALLMARK_APICAL_JUNCTION,Mvd,https://www.gsea-msigdb.org/gsea/msigdb/mouse/geneset/HALLMARK_APICAL_JUNCTION,MM,Mus musculus
HALLMARK_APICAL_JUNCTION,Myh10,https://www.gsea-msigdb.org/gsea/msigdb/mouse/geneset/HALLMARK_APICAL_JUNCTION,MM,Mus musculus
HALLMARK_APICAL_JUNCTION,Myh9,https://www.gsea-msigdb.org/gsea/msigdb/mouse/geneset/HALLMARK_APICAL_JUNCTION,MM,Mus musculus
HALLMARK_APICAL_JUNCTION,Myl12b,https://www.gsea-msigdb.org/gsea/msigdb/mouse/geneset/HALLMARK_APICAL_JUNCTION,MM,Mus musculus
HALLMARK_APICAL_JUNCTION,Myl9,https://www.gsea-msigdb.org/gsea/msigdb/mouse/geneset/HALLMARK_APICAL_JUNCTION,MM,Mus musculus
HALLMARK_APICAL_JUNCTION,Nectin1,https://www.gsea-msigdb.org/gsea/msigdb/mouse/geneset/HALLMARK_APICAL_JUNCTION,MM,Mus musculus
HALLMARK_APICAL_JUNCTION,Nectin2,https://www.gsea-msigdb.org/gsea/msigdb/mouse/geneset/HALLMARK_APICAL_JUNCTION,MM,Mus musculus
HALLMARK_APICAL_JUNCTION,Nectin3,https://www.gsea-msigdb.org/gsea/msigdb/mouse/geneset/HALLMARK_APICAL_JUNCTION,MM,Mus musculus
HALLMARK_APICAL_JUNCTION,Nectin4,https://www.gsea-msigdb.org/gsea/msigdb/mouse/geneset/HALLMARK_APICAL_JUNCTION,MM,Mus musculus
HALLMARK_APICAL_JUNCTION,Negr1,https://www.gsea-msigdb.org/gsea/msigdb/mouse/geneset/HALLMARK_APICAL_JUNCTION,MM,Mus musculus
HALLMARK_APICAL_JUNCTION,Nexn,https://www.gsea-msigdb.org/gsea/msigdb/mouse/geneset/HALLMARK_APICAL_JUNCTION,MM,Mus musculus
HALLMARK_APICAL_JUNCTION,Nf1,https://www.gsea-msigdb.org/gsea/msigdb/mouse/geneset/HALLMARK_APICAL_JUNCTION,MM,Mus musculus
HALLMARK_APICAL_JUNCTION,Nf2,https://www.gsea-msigdb.org/gsea/msigdb/mouse/geneset/HALLMARK_APICAL_JUNCTION,MM,Mus musculus
HALLMARK_APICAL_JUNCTION,Nfasc,https://www.gsea-msigdb.org/gsea/msigdb/mouse/geneset/HALLMARK_APICAL_JUNCTION,MM,Mus musculus
HALLMARK_APICAL_JUNCTION,Nherf4,https://www.gsea-msigdb.org/gsea/msigdb/mouse/geneset/HALLMARK_APICAL_JUNCTION,MM,Mus musculus
HALLMARK_APICAL_JUNCTION,Nlgn2,https://www.gsea-msigdb.org/gsea/msigdb/mouse/geneset/HALLMARK_APICAL_JUNCTION,MM,Mus musculus
HALLMARK_APICAL_JUNCTION,Nlgn3,https://www.gsea-msigdb.org/gsea/msigdb/mouse/geneset/HALLMARK_APICAL_JUNCTION,MM,Mus musculus
HALLMARK_APICAL_JUNCTION,Nrap,https://www.gsea-msigdb.org/gsea/msigdb/mouse/geneset/HALLMARK_APICAL_JUNCTION,MM,Mus musculus
HALLMARK_APICAL_JUNCTION,Nrtn,https://www.gsea-msigdb.org/gsea/msigdb/mouse/geneset/HALLMARK_APICAL_JUNCTION,MM,Mus musculus
HALLMARK_APICAL_JUNCTION,Nrxn2,https://www.gsea-msigdb.org/gsea/msigdb/mouse/geneset/HALLMARK_APICAL_JUNCTION,MM,Mus musculus
HALLMARK_APICAL_JUNCTION,Pals1,https://www.gsea-msigdb.org/gsea/msigdb/mouse/geneset/HALLMARK_APICAL_JUNCTION,MM,Mus musculus
HALLMARK_APICAL_JUNCTION,Pard6g,https://www.gsea-msigdb.org/gsea/msigdb/mouse/geneset/HALLMARK_APICAL_JUNCTION,MM,Mus musculus
HALLMARK_APICAL_JUNCTION,Parva,https://www.gsea-msigdb.org/gsea/msigdb/mouse/geneset/HALLMARK_APICAL_JUNCTION,MM,Mus musculus
HALLMARK_APICAL_JUNCTION,Pbx2,https://www.gsea-msigdb.org/gsea/msigdb/mouse/geneset/HALLMARK_APICAL_JUNCTION,MM,Mus musculus
HALLMARK_APICAL_JUNCTION,Pcdh1,https://www.gsea-msigdb.org/gsea/msigdb/mouse/geneset/HALLMARK_APICAL_JUNCTION,MM,Mus musculus
HALLMARK_APICAL_JUNCTION,Pecam1,https://www.gsea-msigdb.org/gsea/msigdb/mouse/geneset/HALLMARK_APICAL_JUNCTION,MM,Mus musculus
HALLMARK_APICAL_JUNCTION,Pfn1,https://www.gsea-msigdb.org/gsea/msigdb/mouse/geneset/HALLMARK_APICAL_JUNCTION,MM,Mus musculus
HALLMARK_APICAL_JUNCTION,Pik3cb,https://www.gsea-msigdb.org/gsea/msigdb/mouse/geneset/HALLMARK_APICAL_JUNCTION,MM,Mus musculus
HALLMARK_APICAL_JUNCTION,Pik3r3,https://www.gsea-msigdb.org/gsea/msigdb/mouse/geneset/HALLMARK_APICAL_JUNCTION,MM,Mus musculus
HALLMARK_APICAL_JUNCTION,Pkd1,https://www.gsea-msigdb.org/gsea/msigdb/mouse/geneset/HALLMARK_APICAL_JUNCTION,MM,Mus musculus
HALLMARK_APICAL_JUNCTION,Plcg1,https://www.gsea-msigdb.org/gsea/msigdb/mouse/geneset/HALLMARK_APICAL_JUNCTION,MM,Mus musculus
HALLMARK_APICAL_JUNCTION,Ppp2r2c,https://www.gsea-msigdb.org/gsea/msigdb/mouse/geneset/HALLMARK_APICAL_JUNCTION,MM,Mus musculus
HALLMARK_APICAL_JUNCTION,Pten,https://www.gsea-msigdb.org/gsea/msigdb/mouse/geneset/HALLMARK_APICAL_JUNCTION,MM,Mus musculus
HALLMARK_APICAL_JUNCTION,Ptk2,https://www.gsea-msigdb.org/gsea/msigdb/mouse/geneset/HALLMARK_APICAL_JUNCTION,MM,Mus musculus
HALLMARK_APICAL_JUNCTION,Ptprc,https://www.gsea-msigdb.org/gsea/msigdb/mouse/geneset/HALLMARK_APICAL_JUNCTION,MM,Mus musculus
HALLMARK_APICAL_JUNCTION,Rac2,https://www.gsea-msigdb.org/gsea/msigdb/mouse/geneset/HALLMARK_APICAL_JUNCTION,MM,Mus musculus
HALLMARK_APICAL_JUNCTION,Rasa1,https://www.gsea-msigdb.org/gsea/msigdb/mouse/geneset/HALLMARK_APICAL_JUNCTION,MM,Mus musculus
HALLMARK_APICAL_JUNCTION,Rhof,https://www.gsea-msigdb.org/gsea/msigdb/mouse/geneset/HALLMARK_APICAL_JUNCTION,MM,Mus musculus
HALLMARK_APICAL_JUNCTION,Rras,https://www.gsea-msigdb.org/gsea/msigdb/mouse/geneset/HALLMARK_APICAL_JUNCTION,MM,Mus musculus
HALLMARK_APICAL_JUNCTION,Rsu1,https://www.gsea-msigdb.org/gsea/msigdb/mouse/geneset/HALLMARK_APICAL_JUNCTION,MM,Mus musculus
HALLMARK_APICAL_JUNCTION,Sdc3,https://www.gsea-msigdb.org/gsea/msigdb/mouse/geneset/HALLMARK_APICAL_JUNCTION,MM,Mus musculus
HALLMARK_APICAL_JUNCTION,Sgce,https://www.gsea-msigdb.org/gsea/msigdb/mouse/geneset/HALLMARK_APICAL_JUNCTION,MM,Mus musculus
HALLMARK_APICAL_JUNCTION,Shc1,https://www.gsea-msigdb.org/gsea/msigdb/mouse/geneset/HALLMARK_APICAL_JUNCTION,MM,Mus musculus
HALLMARK_APICAL_JUNCTION,Shroom2,https://www.gsea-msigdb.org/gsea/msigdb/mouse/geneset/HALLMARK_APICAL_JUNCTION,MM,Mus musculus
HALLMARK_APICAL_JUNCTION,Sirpa,https://www.gsea-msigdb.org/gsea/msigdb/mouse/geneset/HALLMARK_APICAL_JUNCTION,MM,Mus musculus
HALLMARK_APICAL_JUNCTION,Skap2,https://www.gsea-msigdb.org/gsea/msigdb/mouse/geneset/HALLMARK_APICAL_JUNCTION,MM,Mus musculus
HALLMARK_APICAL_JUNCTION,Slc30a3,https://www.gsea-msigdb.org/gsea/msigdb/mouse/geneset/HALLMARK_APICAL_JUNCTION,MM,Mus musculus
HALLMARK_APICAL_JUNCTION,Slit2,https://www.gsea-msigdb.org/gsea/msigdb/mouse/geneset/HALLMARK_APICAL_JUNCTION,MM,Mus musculus
HALLMARK_APICAL_JUNCTION,Sorbs3,https://www.gsea-msigdb.org/gsea/msigdb/mouse/geneset/HALLMARK_APICAL_JUNCTION,MM,Mus musculus
HALLMARK_APICAL_JUNCTION,Speg,https://www.gsea-msigdb.org/gsea/msigdb/mouse/geneset/HALLMARK_APICAL_JUNCTION,MM,Mus musculus
HALLMARK_APICAL_JUNCTION,Src,https://www.gsea-msigdb.org/gsea/msigdb/mouse/geneset/HALLMARK_APICAL_JUNCTION,MM,Mus musculus
HALLMARK_APICAL_JUNCTION,Stx4a,https://www.gsea-msigdb.org/gsea/msigdb/mouse/geneset/HALLMARK_APICAL_JUNCTION,MM,Mus musculus
HALLMARK_APICAL_JUNCTION,Syk,https://www.gsea-msigdb.org/gsea/msigdb/mouse/geneset/HALLMARK_APICAL_JUNCTION,MM,Mus musculus
HALLMARK_APICAL_JUNCTION,Sympk,https://www.gsea-msigdb.org/gsea/msigdb/mouse/geneset/HALLMARK_APICAL_JUNCTION,MM,Mus musculus
HALLMARK_APICAL_JUNCTION,Taok2,https://www.gsea-msigdb.org/gsea/msigdb/mouse/geneset/HALLMARK_APICAL_JUNCTION,MM,Mus musculus
HALLMARK_APICAL_JUNCTION,Tgfbi,https://www.gsea-msigdb.org/gsea/msigdb/mouse/geneset/HALLMARK_APICAL_JUNCTION,MM,Mus musculus
HALLMARK_APICAL_JUNCTION,Thbs3,https://www.gsea-msigdb.org/gsea/msigdb/mouse/geneset/HALLMARK_APICAL_JUNCTION,MM,Mus musculus
HALLMARK_APICAL_JUNCTION,Thy1,https://www.gsea-msigdb.org/gsea/msigdb/mouse/geneset/HALLMARK_APICAL_JUNCTION,MM,Mus musculus
HALLMARK_APICAL_JUNCTION,Tial1,https://www.gsea-msigdb.org/gsea/msigdb/mouse/geneset/HALLMARK_APICAL_JUNCTION,MM,Mus musculus
HALLMARK_APICAL_JUNCTION,Tjp1,https://www.gsea-msigdb.org/gsea/msigdb/mouse/geneset/HALLMARK_APICAL_JUNCTION,MM,Mus musculus
HALLMARK_APICAL_JUNCTION,Tmem8b,https://www.gsea-msigdb.org/gsea/msigdb/mouse/geneset/HALLMARK_APICAL_JUNCTION,MM,Mus musculus
HALLMARK_APICAL_JUNCTION,Tnfrsf11b,https://www.gsea-msigdb.org/gsea/msigdb/mouse/geneset/HALLMARK_APICAL_JUNCTION,MM,Mus musculus
HALLMARK_APICAL_JUNCTION,Traf1,https://www.gsea-msigdb.org/gsea/msigdb/mouse/geneset/HALLMARK_APICAL_JUNCTION,MM,Mus musculus
HALLMARK_APICAL_JUNCTION,Tro,https://www.gsea-msigdb.org/gsea/msigdb/mouse/geneset/HALLMARK_APICAL_JUNCTION,MM,Mus musculus
HALLMARK_APICAL_JUNCTION,Tsc1,https://www.gsea-msigdb.org/gsea/msigdb/mouse/geneset/HALLMARK_APICAL_JUNCTION,MM,Mus musculus
HALLMARK_APICAL_JUNCTION,Tspan4,https://www.gsea-msigdb.org/gsea/msigdb/mouse/geneset/HALLMARK_APICAL_JUNCTION,MM,Mus musculus
HALLMARK_APICAL_JUNCTION,Tubg1,https://www.gsea-msigdb.org/gsea/msigdb/mouse/geneset/HALLMARK_APICAL_JUNCTION,MM,Mus musculus
HALLMARK_APICAL_JUNCTION,Vasp,https://www.gsea-msigdb.org/gsea/msigdb/mouse/geneset/HALLMARK_APICAL_JUNCTION,MM,Mus musculus
HALLMARK_APICAL_JUNCTION,Vav2,https://www.gsea-msigdb.org/gsea/msigdb/mouse/geneset/HALLMARK_APICAL_JUNCTION,MM,Mus musculus
HALLMARK_APICAL_JUNCTION,Vcam1,https://www.gsea-msigdb.org/gsea/msigdb/mouse/geneset/HALLMARK_APICAL_JUNCTION,MM,Mus musculus
HALLMARK_APICAL_JUNCTION,Vcan,https://www.gsea-msigdb.org/gsea/msigdb/mouse/geneset/HALLMARK_APICAL_JUNCTION,MM,Mus musculus
HALLMARK_APICAL_JUNCTION,Vcl,https://www.gsea-msigdb.org/gsea/msigdb/mouse/geneset/HALLMARK_APICAL_JUNCTION,MM,Mus musculus
HALLMARK_APICAL_JUNCTION,Vwf,https://www.gsea-msigdb.org/gsea/msigdb/mouse/geneset/HALLMARK_APICAL_JUNCTION,MM,Mus musculus
HALLMARK_APICAL_JUNCTION,Wasl,https://www.gsea-msigdb.org/gsea/msigdb/mouse/geneset/HALLMARK_APICAL_JUNCTION,MM,Mus musculus
HALLMARK_APICAL_JUNCTION,Wnk4,https://www.gsea-msigdb.org/gsea/msigdb/mouse/geneset/HALLMARK_APICAL_JUNCTION,MM,Mus musculus
HALLMARK_APICAL_JUNCTION,Ywhah,https://www.gsea-msigdb.org/gsea/msigdb/mouse/geneset/HALLMARK_APICAL_JUNCTION,MM,Mus musculus
HALLMARK_APICAL_JUNCTION,Zyx,https://www.gsea-msigdb.org/gsea/msigdb/mouse/geneset/HALLMARK_APICAL_JUNCTION,MM,Mus musculus
HALLMARK_APICAL_SURFACE,Adam10,https://www.gsea-msigdb.org/gsea/msigdb/mouse/geneset/HALLMARK_APICAL_SURFACE,MM,Mus musculus
HALLMARK_APICAL_SURFACE,Adipor2,https://www.gsea-msigdb.org/gsea/msigdb/mouse/geneset/HALLMARK_APICAL_SURFACE,MM,Mus musculus
HALLMARK_APICAL_SURFACE,Afap1l2,https://www.gsea-msigdb.org/gsea/msigdb/mouse/geneset/HALLMARK_APICAL_SURFACE,MM,Mus musculus
HALLMARK_APICAL_SURFACE,Akap7,https://www.gsea-msigdb.org/gsea/msigdb/mouse/geneset/HALLMARK_APICAL_SURFACE,MM,Mus musculus
HALLMARK_APICAL_SURFACE,App,https://www.gsea-msigdb.org/gsea/msigdb/mouse/geneset/HALLMARK_APICAL_SURFACE,MM,Mus musculus
HALLMARK_APICAL_SURFACE,Atp6v0a4,https://www.gsea-msigdb.org/gsea/msigdb/mouse/geneset/HALLMARK_APICAL_SURFACE,MM,Mus musculus
HALLMARK_APICAL_SURFACE,Atp8b1,https://www.gsea-msigdb.org/gsea/msigdb/mouse/geneset/HALLMARK_APICAL_SURFACE,MM,Mus musculus
HALLMARK_APICAL_SURFACE,B4galt1,https://www.gsea-msigdb.org/gsea/msigdb/mouse/geneset/HALLMARK_APICAL_SURFACE,MM,Mus musculus
HALLMARK_APICAL_SURFACE,Brca1,https://www.gsea-msigdb.org/gsea/msigdb/mouse/geneset/HALLMARK_APICAL_SURFACE,MM,Mus musculus
HALLMARK_APICAL_SURFACE,Cd160,https://www.gsea-msigdb.org/gsea/msigdb/mouse/geneset/HALLMARK_APICAL_SURFACE,MM,Mus musculus
HALLMARK_APICAL_SURFACE,Crocc,https://www.gsea-msigdb.org/gsea/msigdb/mouse/geneset/HALLMARK_APICAL_SURFACE,MM,Mus musculus
HALLMARK_APICAL_SURFACE,Crybg1,https://www.gsea-msigdb.org/gsea/msigdb/mouse/geneset/HALLMARK_APICAL_SURFACE,MM,Mus musculus
HALLMARK_APICAL_SURFACE,Cx3cl1,https://www.gsea-msigdb.org/gsea/msigdb/mouse/geneset/HALLMARK_APICAL_SURFACE,MM,Mus musculus
HALLMARK_APICAL_SURFACE,Dcbld2,https://www.gsea-msigdb.org/gsea/msigdb/mouse/geneset/HALLMARK_APICAL_SURFACE,MM,Mus musculus
HALLMARK_APICAL_SURFACE,Efna5,https://www.gsea-msigdb.org/gsea/msigdb/mouse/geneset/HALLMARK_APICAL_SURFACE,MM,Mus musculus
HALLMARK_APICAL_SURFACE,Ephb4,https://www.gsea-msigdb.org/gsea/msigdb/mouse/geneset/HALLMARK_APICAL_SURFACE,MM,Mus musculus
HALLMARK_APICAL_SURFACE,Flot2,https://www.gsea-msigdb.org/gsea/msigdb/mouse/geneset/HALLMARK_APICAL_SURFACE,MM,Mus musculus
HALLMARK_APICAL_SURFACE,Gas1,https://www.gsea-msigdb.org/gsea/msigdb/mouse/geneset/HALLMARK_APICAL_SURFACE,MM,Mus musculus
HALLMARK_APICAL_SURFACE,Gata3,https://www.gsea-msigdb.org/gsea/msigdb/mouse/geneset/HALLMARK_APICAL_SURFACE,MM,Mus musculus
HALLMARK_APICAL_SURFACE,Ghrl,https://www.gsea-msigdb.org/gsea/msigdb/mouse/geneset/HALLMARK_APICAL_SURFACE,MM,Mus musculus
HALLMARK_APICAL_SURFACE,Gstm5,https://www.gsea-msigdb.org/gsea/msigdb/mouse/geneset/HALLMARK_APICAL_SURFACE,MM,Mus musculus
HALLMARK_APICAL_SURFACE,Hspb1,https://www.gsea-msigdb.org/gsea/msigdb/mouse/geneset/HALLMARK_APICAL_SURFACE,MM,Mus musculus
HALLMARK_APICAL_SURFACE,Il2rb,https://www.gsea-msigdb.org/gsea/msigdb/mouse/geneset/HALLMARK_APICAL_SURFACE,MM,Mus musculus
HALLMARK_APICAL_SURFACE,Il2rg,https://www.gsea-msigdb.org/gsea/msigdb/mouse/geneset/HALLMARK_APICAL_SURFACE,MM,Mus musculus
HALLMARK_APICAL_SURFACE,Lyn,https://www.gsea-msigdb.org/gsea/msigdb/mouse/geneset/HALLMARK_APICAL_SURFACE,MM,Mus musculus
HALLMARK_APICAL_SURFACE,Lypd3,https://www.gsea-msigdb.org/gsea/msigdb/mouse/geneset/HALLMARK_APICAL_SURFACE,MM,Mus musculus
HALLMARK_APICAL_SURFACE,Mal,https://www.gsea-msigdb.org/gsea/msigdb/mouse/geneset/HALLMARK_APICAL_SURFACE,MM,Mus musculus
HALLMARK_APICAL_SURFACE,Mdga1,https://www.gsea-msigdb.org/gsea/msigdb/mouse/geneset/HALLMARK_APICAL_SURFACE,MM,Mus musculus
HALLMARK_APICAL_SURFACE,Ncoa6,https://www.gsea-msigdb.org/gsea/msigdb/mouse/geneset/HALLMARK_APICAL_SURFACE,MM,Mus musculus
HALLMARK_APICAL_SURFACE,Ntng1,https://www.gsea-msigdb.org/gsea/msigdb/mouse/geneset/HALLMARK_APICAL_SURFACE,MM,Mus musculus
HALLMARK_APICAL_SURFACE,Pcsk9,https://www.gsea-msigdb.org/gsea/msigdb/mouse/geneset/HALLMARK_APICAL_SURFACE,MM,Mus musculus
HALLMARK_APICAL_SURFACE,Pkhd1,https://www.gsea-msigdb.org/gsea/msigdb/mouse/geneset/HALLMARK_APICAL_SURFACE,MM,Mus musculus
HALLMARK_APICAL_SURFACE,Plaur,https://www.gsea-msigdb.org/gsea/msigdb/mouse/geneset/HALLMARK_APICAL_SURFACE,MM,Mus musculus
HALLMARK_APICAL_SURFACE,Rhcg,https://www.gsea-msigdb.org/gsea/msigdb/mouse/geneset/HALLMARK_APICAL_SURFACE,MM,Mus musculus
HALLMARK_APICAL_SURFACE,Rtn4rl1,https://www.gsea-msigdb.org/gsea/msigdb/mouse/geneset/HALLMARK_APICAL_SURFACE,MM,Mus musculus
HALLMARK_APICAL_SURFACE,Scube1,https://www.gsea-msigdb.org/gsea/msigdb/mouse/geneset/HALLMARK_APICAL_SURFACE,MM,Mus musculus
HALLMARK_APICAL_SURFACE,Shroom2,https://www.gsea-msigdb.org/gsea/msigdb/mouse/geneset/HALLMARK_APICAL_SURFACE,MM,Mus musculus
HALLMARK_APICAL_SURFACE,Slc22a12,https://www.gsea-msigdb.org/gsea/msigdb/mouse/geneset/HALLMARK_APICAL_SURFACE,MM,Mus musculus
HALLMARK_APICAL_SURFACE,Slc2a4,https://www.gsea-msigdb.org/gsea/msigdb/mouse/geneset/HALLMARK_APICAL_SURFACE,MM,Mus musculus
HALLMARK_APICAL_SURFACE,Slc34a3,https://www.gsea-msigdb.org/gsea/msigdb/mouse/geneset/HALLMARK_APICAL_SURFACE,MM,Mus musculus
HALLMARK_APICAL_SURFACE,Srpx,https://www.gsea-msigdb.org/gsea/msigdb/mouse/geneset/HALLMARK_APICAL_SURFACE,MM,Mus musculus
HALLMARK_APICAL_SURFACE,Sulf2,https://www.gsea-msigdb.org/gsea/msigdb/mouse/geneset/HALLMARK_APICAL_SURFACE,MM,Mus musculus
HALLMARK_APICAL_SURFACE,Thy1,https://www.gsea-msigdb.org/gsea/msigdb/mouse/geneset/HALLMARK_APICAL_SURFACE,MM,Mus musculus
HALLMARK_APICAL_SURFACE,Tmem8b,https://www.gsea-msigdb.org/gsea/msigdb/mouse/geneset/HALLMARK_APICAL_SURFACE,MM,Mus musculus
HALLMARK_APOPTOSIS,Add1,https://www.gsea-msigdb.org/gsea/msigdb/mouse/geneset/HALLMARK_APOPTOSIS,MM,Mus musculus
HALLMARK_APOPTOSIS,Aifm3,https://www.gsea-msigdb.org/gsea/msigdb/mouse/geneset/HALLMARK_APOPTOSIS,MM,Mus musculus
HALLMARK_APOPTOSIS,Ank,https://www.gsea-msigdb.org/gsea/msigdb/mouse/geneset/HALLMARK_APOPTOSIS,MM,Mus musculus
HALLMARK_APOPTOSIS,Anxa1,https://www.gsea-msigdb.org/gsea/msigdb/mouse/geneset/HALLMARK_APOPTOSIS,MM,Mus musculus
HALLMARK_APOPTOSIS,App,https://www.gsea-msigdb.org/gsea/msigdb/mouse/geneset/HALLMARK_APOPTOSIS,MM,Mus musculus
HALLMARK_APOPTOSIS,Atf3,https://www.gsea-msigdb.org/gsea/msigdb/mouse/geneset/HALLMARK_APOPTOSIS,MM,Mus musculus
HALLMARK_APOPTOSIS,Avpr1a,https://www.gsea-msigdb.org/gsea/msigdb/mouse/geneset/HALLMARK_APOPTOSIS,MM,Mus musculus
HALLMARK_APOPTOSIS,Bax,https://www.gsea-msigdb.org/gsea/msigdb/mouse/geneset/HALLMARK_APOPTOSIS,MM,Mus musculus
HALLMARK_APOPTOSIS,Bcap31,https://www.gsea-msigdb.org/gsea/msigdb/mouse/geneset/HALLMARK_APOPTOSIS,MM,Mus musculus
HALLMARK_APOPTOSIS,Bcl10,https://www.gsea-msigdb.org/gsea/msigdb/mouse/geneset/HALLMARK_APOPTOSIS,MM,Mus musculus
HALLMARK_APOPTOSIS,Bcl2l1,https://www.gsea-msigdb.org/gsea/msigdb/mouse/geneset/HALLMARK_APOPTOSIS,MM,Mus musculus
HALLMARK_APOPTOSIS,Bcl2l10,https://www.gsea-msigdb.org/gsea/msigdb/mouse/geneset/HALLMARK_APOPTOSIS,MM,Mus musculus
HALLMARK_APOPTOSIS,Bcl2l11,https://www.gsea-msigdb.org/gsea/msigdb/mouse/geneset/HALLMARK_APOPTOSIS,MM,Mus musculus
HALLMARK_APOPTOSIS,Bcl2l2,https://www.gsea-msigdb.org/gsea/msigdb/mouse/geneset/HALLMARK_APOPTOSIS,MM,Mus musculus
HALLMARK_APOPTOSIS,Bgn,https://www.gsea-msigdb.org/gsea/msigdb/mouse/geneset/HALLMARK_APOPTOSIS,MM,Mus musculus
HALLMARK_APOPTOSIS,Bid,https://www.gsea-msigdb.org/gsea/msigdb/mouse/geneset/HALLMARK_APOPTOSIS,MM,Mus musculus
HALLMARK_APOPTOSIS,Bik,https://www.gsea-msigdb.org/gsea/msigdb/mouse/geneset/HALLMARK_APOPTOSIS,MM,Mus musculus
HALLMARK_APOPTOSIS,Birc3,https://www.gsea-msigdb.org/gsea/msigdb/mouse/geneset/HALLMARK_APOPTOSIS,MM,Mus musculus
HALLMARK_APOPTOSIS,Bmf,https://www.gsea-msigdb.org/gsea/msigdb/mouse/geneset/HALLMARK_APOPTOSIS,MM,Mus musculus
HALLMARK_APOPTOSIS,Bmp2,https://www.gsea-msigdb.org/gsea/msigdb/mouse/geneset/HALLMARK_APOPTOSIS,MM,Mus musculus
HALLMARK_APOPTOSIS,Bnip3l,https://www.gsea-msigdb.org/gsea/msigdb/mouse/geneset/HALLMARK_APOPTOSIS,MM,Mus musculus
HALLMARK_APOPTOSIS,Brca1,https://www.gsea-msigdb.org/gsea/msigdb/mouse/geneset/HALLMARK_APOPTOSIS,MM,Mus musculus
HALLMARK_APOPTOSIS,Btg2,https://www.gsea-msigdb.org/gsea/msigdb/mouse/geneset/HALLMARK_APOPTOSIS,MM,Mus musculus
HALLMARK_APOPTOSIS,Btg3,https://www.gsea-msigdb.org/gsea/msigdb/mouse/geneset/HALLMARK_APOPTOSIS,MM,Mus musculus
HALLMARK_APOPTOSIS,Casp1,https://www.gsea-msigdb.org/gsea/msigdb/mouse/geneset/HALLMARK_APOPTOSIS,MM,Mus musculus
HALLMARK_APOPTOSIS,Casp2,https://www.gsea-msigdb.org/gsea/msigdb/mouse/geneset/HALLMARK_APOPTOSIS,MM,Mus musculus
HALLMARK_APOPTOSIS,Casp3,https://www.gsea-msigdb.org/gsea/msigdb/mouse/geneset/HALLMARK_APOPTOSIS,MM,Mus musculus
HALLMARK_APOPTOSIS,Casp4,https://www.gsea-msigdb.org/gsea/msigdb/mouse/geneset/HALLMARK_APOPTOSIS,MM,Mus musculus
HALLMARK_APOPTOSIS,Casp6,https://www.gsea-msigdb.org/gsea/msigdb/mouse/geneset/HALLMARK_APOPTOSIS,MM,Mus musculus
HALLMARK_APOPTOSIS,Casp7,https://www.gsea-msigdb.org/gsea/msigdb/mouse/geneset/HALLMARK_APOPTOSIS,MM,Mus musculus
HALLMARK_APOPTOSIS,Casp8,https://www.gsea-msigdb.org/gsea/msigdb/mouse/geneset/HALLMARK_APOPTOSIS,MM,Mus musculus
HALLMARK_APOPTOSIS,Casp9,https://www.gsea-msigdb.org/gsea/msigdb/mouse/geneset/HALLMARK_APOPTOSIS,MM,Mus musculus
HALLMARK_APOPTOSIS,Cav1,https://www.gsea-msigdb.org/gsea/msigdb/mouse/geneset/HALLMARK_APOPTOSIS,MM,Mus musculus
HALLMARK_APOPTOSIS,Ccna1,https://www.gsea-msigdb.org/gsea/msigdb/mouse/geneset/HALLMARK_APOPTOSIS,MM,Mus musculus
HALLMARK_APOPTOSIS,Ccnd1,https://www.gsea-msigdb.org/gsea/msigdb/mouse/geneset/HALLMARK_APOPTOSIS,MM,Mus musculus
HALLMARK_APOPTOSIS,Ccnd2,https://www.gsea-msigdb.org/gsea/msigdb/mouse/geneset/HALLMARK_APOPTOSIS,MM,Mus musculus
HALLMARK_APOPTOSIS,Cd14,https://www.gsea-msigdb.org/gsea/msigdb/mouse/geneset/HALLMARK_APOPTOSIS,MM,Mus musculus
HALLMARK_APOPTOSIS,Cd2,https://www.gsea-msigdb.org/gsea/msigdb/mouse/geneset/HALLMARK_APOPTOSIS,MM,Mus musculus
HALLMARK_APOPTOSIS,Cd38,https://www.gsea-msigdb.org/gsea/msigdb/mouse/geneset/HALLMARK_APOPTOSIS,MM,Mus musculus
HALLMARK_APOPTOSIS,Cd44,https://www.gsea-msigdb.org/gsea/msigdb/mouse/geneset/HALLMARK_APOPTOSIS,MM,Mus musculus
HALLMARK_APOPTOSIS,Cd69,https://www.gsea-msigdb.org/gsea/msigdb/mouse/geneset/HALLMARK_APOPTOSIS,MM,Mus musculus
HALLMARK_APOPTOSIS,Cdc25b,https://www.gsea-msigdb.org/gsea/msigdb/mouse/geneset/HALLMARK_APOPTOSIS,MM,Mus musculus
HALLMARK_APOPTOSIS,Cdk2,https://www.gsea-msigdb.org/gsea/msigdb/mouse/geneset/HALLMARK_APOPTOSIS,MM,Mus musculus
HALLMARK_APOPTOSIS,Cdkn1a,https://www.gsea-msigdb.org/gsea/msigdb/mouse/geneset/HALLMARK_APOPTOSIS,MM,Mus musculus
HALLMARK_APOPTOSIS,Cdkn1b,https://www.gsea-msigdb.org/gsea/msigdb/mouse/geneset/HALLMARK_APOPTOSIS,MM,Mus musculus
HALLMARK_APOPTOSIS,Cflar,https://www.gsea-msigdb.org/gsea/msigdb/mouse/geneset/HALLMARK_APOPTOSIS,MM,Mus musculus
HALLMARK_APOPTOSIS,Clu,https://www.gsea-msigdb.org/gsea/msigdb/mouse/geneset/HALLMARK_APOPTOSIS,MM,Mus musculus
HALLMARK_APOPTOSIS,Crebbp,https://www.gsea-msigdb.org/gsea/msigdb/mouse/geneset/HALLMARK_APOPTOSIS,MM,Mus musculus
HALLMARK_APOPTOSIS,Cth,https://www.gsea-msigdb.org/gsea/msigdb/mouse/geneset/HALLMARK_APOPTOSIS,MM,Mus musculus
HALLMARK_APOPTOSIS,Ctnnb1,https://www.gsea-msigdb.org/gsea/msigdb/mouse/geneset/HALLMARK_APOPTOSIS,MM,Mus musculus
HALLMARK_APOPTOSIS,Cyld,https://www.gsea-msigdb.org/gsea/msigdb/mouse/geneset/HALLMARK_APOPTOSIS,MM,Mus musculus
HALLMARK_APOPTOSIS,Dap,https://www.gsea-msigdb.org/gsea/msigdb/mouse/geneset/HALLMARK_APOPTOSIS,MM,Mus musculus
HALLMARK_APOPTOSIS,Dap3,https://www.gsea-msigdb.org/gsea/msigdb/mouse/geneset/HALLMARK_APOPTOSIS,MM,Mus musculus
HALLMARK_APOPTOSIS,Dcn,https://www.gsea-msigdb.org/gsea/msigdb/mouse/geneset/HALLMARK_APOPTOSIS,MM,Mus musculus
HALLMARK_APOPTOSIS,Ddit3,https://www.gsea-msigdb.org/gsea/msigdb/mouse/geneset/HALLMARK_APOPTOSIS,MM,Mus musculus
HALLMARK_APOPTOSIS,Dffa,https://www.gsea-msigdb.org/gsea/msigdb/mouse/geneset/HALLMARK_APOPTOSIS,MM,Mus musculus
HALLMARK_APOPTOSIS,Diablo,https://www.gsea-msigdb.org/gsea/msigdb/mouse/geneset/HALLMARK_APOPTOSIS,MM,Mus musculus
HALLMARK_APOPTOSIS,Dnaja1,https://www.gsea-msigdb.org/gsea/msigdb/mouse/geneset/HALLMARK_APOPTOSIS,MM,Mus musculus
HALLMARK_APOPTOSIS,Dnajc3,https://www.gsea-msigdb.org/gsea/msigdb/mouse/geneset/HALLMARK_APOPTOSIS,MM,Mus musculus
HALLMARK_APOPTOSIS,Dnm1l,https://www.gsea-msigdb.org/gsea/msigdb/mouse/geneset/HALLMARK_APOPTOSIS,MM,Mus musculus
HALLMARK_APOPTOSIS,Dpyd,https://www.gsea-msigdb.org/gsea/msigdb/mouse/geneset/HALLMARK_APOPTOSIS,MM,Mus musculus
HALLMARK_APOPTOSIS,Ebp,https://www.gsea-msigdb.org/gsea/msigdb/mouse/geneset/HALLMARK_APOPTOSIS,MM,Mus musculus
HALLMARK_APOPTOSIS,Egr3,https://www.gsea-msigdb.org/gsea/msigdb/mouse/geneset/HALLMARK_APOPTOSIS,MM,Mus musculus
HALLMARK_APOPTOSIS,Emp1,https://www.gsea-msigdb.org/gsea/msigdb/mouse/geneset/HALLMARK_APOPTOSIS,MM,Mus musculus
HALLMARK_APOPTOSIS,Eno2,https://www.gsea-msigdb.org/gsea/msigdb/mouse/geneset/HALLMARK_APOPTOSIS,MM,Mus musculus
HALLMARK_APOPTOSIS,Erbb2,https://www.gsea-msigdb.org/gsea/msigdb/mouse/geneset/HALLMARK_APOPTOSIS,MM,Mus musculus
HALLMARK_APOPTOSIS,Erbb3,https://www.gsea-msigdb.org/gsea/msigdb/mouse/geneset/HALLMARK_APOPTOSIS,MM,Mus musculus
HALLMARK_APOPTOSIS,Ereg,https://www.gsea-msigdb.org/gsea/msigdb/mouse/geneset/HALLMARK_APOPTOSIS,MM,Mus musculus
HALLMARK_APOPTOSIS,Etf1,https://www.gsea-msigdb.org/gsea/msigdb/mouse/geneset/HALLMARK_APOPTOSIS,MM,Mus musculus
HALLMARK_APOPTOSIS,F2,https://www.gsea-msigdb.org/gsea/msigdb/mouse/geneset/HALLMARK_APOPTOSIS,MM,Mus musculus
HALLMARK_APOPTOSIS,F2r,https://www.gsea-msigdb.org/gsea/msigdb/mouse/geneset/HALLMARK_APOPTOSIS,MM,Mus musculus
HALLMARK_APOPTOSIS,Fas,https://www.gsea-msigdb.org/gsea/msigdb/mouse/geneset/HALLMARK_APOPTOSIS,MM,Mus musculus
HALLMARK_APOPTOSIS,Fasl,https://www.gsea-msigdb.org/gsea/msigdb/mouse/geneset/HALLMARK_APOPTOSIS,MM,Mus musculus
HALLMARK_APOPTOSIS,Fdxr,https://www.gsea-msigdb.org/gsea/msigdb/mouse/geneset/HALLMARK_APOPTOSIS,MM,Mus musculus
HALLMARK_APOPTOSIS,Fez1,https://www.gsea-msigdb.org/gsea/msigdb/mouse/geneset/HALLMARK_APOPTOSIS,MM,Mus musculus
HALLMARK_APOPTOSIS,Gadd45a,https://www.gsea-msigdb.org/gsea/msigdb/mouse/geneset/HALLMARK_APOPTOSIS,MM,Mus musculus
HALLMARK_APOPTOSIS,Gadd45b,https://www.gsea-msigdb.org/gsea/msigdb/mouse/geneset/HALLMARK_APOPTOSIS,MM,Mus musculus
HALLMARK_APOPTOSIS,Gch1,https://www.gsea-msigdb.org/gsea/msigdb/mouse/geneset/HALLMARK_APOPTOSIS,MM,Mus musculus
HALLMARK_APOPTOSIS,Gna15,https://www.gsea-msigdb.org/gsea/msigdb/mouse/geneset/HALLMARK_APOPTOSIS,MM,Mus musculus
HALLMARK_APOPTOSIS,Gpx1,https://www.gsea-msigdb.org/gsea/msigdb/mouse/geneset/HALLMARK_APOPTOSIS,MM,Mus musculus
HALLMARK_APOPTOSIS,Gpx3,https://www.gsea-msigdb.org/gsea/msigdb/mouse/geneset/HALLMARK_APOPTOSIS,MM,Mus musculus
HALLMARK_APOPTOSIS,Gpx4,https://www.gsea-msigdb.org/gsea/msigdb/mouse/geneset/HALLMARK_APOPTOSIS,MM,Mus musculus
HALLMARK_APOPTOSIS,Gsn,https://www.gsea-msigdb.org/gsea/msigdb/mouse/geneset/HALLMARK_APOPTOSIS,MM,Mus musculus
HALLMARK_APOPTOSIS,Gsr,https://www.gsea-msigdb.org/gsea/msigdb/mouse/geneset/HALLMARK_APOPTOSIS,MM,Mus musculus
HALLMARK_APOPTOSIS,Gstm2,https://www.gsea-msigdb.org/gsea/msigdb/mouse/geneset/HALLMARK_APOPTOSIS,MM,Mus musculus
HALLMARK_APOPTOSIS,Gucy2e,https://www.gsea-msigdb.org/gsea/msigdb/mouse/geneset/HALLMARK_APOPTOSIS,MM,Mus musculus
HALLMARK_APOPTOSIS,H1f0,https://www.gsea-msigdb.org/gsea/msigdb/mouse/geneset/HALLMARK_APOPTOSIS,MM,Mus musculus
HALLMARK_APOPTOSIS,Hgf,https://www.gsea-msigdb.org/gsea/msigdb/mouse/geneset/HALLMARK_APOPTOSIS,MM,Mus musculus
HALLMARK_APOPTOSIS,Hmgb2,https://www.gsea-msigdb.org/gsea/msigdb/mouse/geneset/HALLMARK_APOPTOSIS,MM,Mus musculus
HALLMARK_APOPTOSIS,Hmox1,https://www.gsea-msigdb.org/gsea/msigdb/mouse/geneset/HALLMARK_APOPTOSIS,MM,Mus musculus
HALLMARK_APOPTOSIS,Hspb1,https://www.gsea-msigdb.org/gsea/msigdb/mouse/geneset/HALLMARK_APOPTOSIS,MM,Mus musculus
HALLMARK_APOPTOSIS,Ier3,https://www.gsea-msigdb.org/gsea/msigdb/mouse/geneset/HALLMARK_APOPTOSIS,MM,Mus musculus
HALLMARK_APOPTOSIS,Ifitm3,https://www.gsea-msigdb.org/gsea/msigdb/mouse/geneset/HALLMARK_APOPTOSIS,MM,Mus musculus
HALLMARK_APOPTOSIS,Ifnb1,https://www.gsea-msigdb.org/gsea/msigdb/mouse/geneset/HALLMARK_APOPTOSIS,MM,Mus musculus
HALLMARK_APOPTOSIS,Ifngr1,https://www.gsea-msigdb.org/gsea/msigdb/mouse/geneset/HALLMARK_APOPTOSIS,MM,Mus musculus
HALLMARK_APOPTOSIS,Igf2r,https://www.gsea-msigdb.org/gsea/msigdb/mouse/geneset/HALLMARK_APOPTOSIS,MM,Mus musculus
HALLMARK_APOPTOSIS,Igfbp6,https://www.gsea-msigdb.org/gsea/msigdb/mouse/geneset/HALLMARK_APOPTOSIS,MM,Mus musculus
HALLMARK_APOPTOSIS,Il18,https://www.gsea-msigdb.org/gsea/msigdb/mouse/geneset/HALLMARK_APOPTOSIS,MM,Mus musculus
HALLMARK_APOPTOSIS,Il1a,https://www.gsea-msigdb.org/gsea/msigdb/mouse/geneset/HALLMARK_APOPTOSIS,MM,Mus musculus
HALLMARK_APOPTOSIS,Il1b,https://www.gsea-msigdb.org/gsea/msigdb/mouse/geneset/HALLMARK_APOPTOSIS,MM,Mus musculus
HALLMARK_APOPTOSIS,Il6,https://www.gsea-msigdb.org/gsea/msigdb/mouse/geneset/HALLMARK_APOPTOSIS,MM,Mus musculus
HALLMARK_APOPTOSIS,Irf1,https://www.gsea-msigdb.org/gsea/msigdb/mouse/geneset/HALLMARK_APOPTOSIS,MM,Mus musculus
HALLMARK_APOPTOSIS,Isg20,https://www.gsea-msigdb.org/gsea/msigdb/mouse/geneset/HALLMARK_APOPTOSIS,MM,Mus musculus
HALLMARK_APOPTOSIS,Jun,https://www.gsea-msigdb.org/gsea/msigdb/mouse/geneset/HALLMARK_APOPTOSIS,MM,Mus musculus
HALLMARK_APOPTOSIS,Krt18,https://www.gsea-msigdb.org/gsea/msigdb/mouse/geneset/HALLMARK_APOPTOSIS,MM,Mus musculus
HALLMARK_APOPTOSIS,Lef1,https://www.gsea-msigdb.org/gsea/msigdb/mouse/geneset/HALLMARK_APOPTOSIS,MM,Mus musculus
HALLMARK_APOPTOSIS,Lgals3,https://www.gsea-msigdb.org/gsea/msigdb/mouse/geneset/HALLMARK_APOPTOSIS,MM,Mus musculus
HALLMARK_APOPTOSIS,Lmna,https://www.gsea-msigdb.org/gsea/msigdb/mouse/geneset/HALLMARK_APOPTOSIS,MM,Mus musculus
HALLMARK_APOPTOSIS,Lum,https://www.gsea-msigdb.org/gsea/msigdb/mouse/geneset/HALLMARK_APOPTOSIS,MM,Mus musculus
HALLMARK_APOPTOSIS,Madd,https://www.gsea-msigdb.org/gsea/msigdb/mouse/geneset/HALLMARK_APOPTOSIS,MM,Mus musculus
HALLMARK_APOPTOSIS,Mcl1,https://www.gsea-msigdb.org/gsea/msigdb/mouse/geneset/HALLMARK_APOPTOSIS,MM,Mus musculus
HALLMARK_APOPTOSIS,Mgmt,https://www.gsea-msigdb.org/gsea/msigdb/mouse/geneset/HALLMARK_APOPTOSIS,MM,Mus musculus
HALLMARK_APOPTOSIS,Mmp2,https://www.gsea-msigdb.org/gsea/msigdb/mouse/geneset/HALLMARK_APOPTOSIS,MM,Mus musculus
HALLMARK_APOPTOSIS,Nedd9,https://www.gsea-msigdb.org/gsea/msigdb/mouse/geneset/HALLMARK_APOPTOSIS,MM,Mus musculus
HALLMARK_APOPTOSIS,Nefh,https://www.gsea-msigdb.org/gsea/msigdb/mouse/geneset/HALLMARK_APOPTOSIS,MM,Mus musculus
HALLMARK_APOPTOSIS,Pak1,https://www.gsea-msigdb.org/gsea/msigdb/mouse/geneset/HALLMARK_APOPTOSIS,MM,Mus musculus
HALLMARK_APOPTOSIS,Pdcd4,https://www.gsea-msigdb.org/gsea/msigdb/mouse/geneset/HALLMARK_APOPTOSIS,MM,Mus musculus
HALLMARK_APOPTOSIS,Pdgfrb,https://www.gsea-msigdb.org/gsea/msigdb/mouse/geneset/HALLMARK_APOPTOSIS,MM,Mus musculus
HALLMARK_APOPTOSIS,Pea15a,https://www.gsea-msigdb.org/gsea/msigdb/mouse/geneset/HALLMARK_APOPTOSIS,MM,Mus musculus
HALLMARK_APOPTOSIS,Plat,https://www.gsea-msigdb.org/gsea/msigdb/mouse/geneset/HALLMARK_APOPTOSIS,MM,Mus musculus
HALLMARK_APOPTOSIS,Plcb2,https://www.gsea-msigdb.org/gsea/msigdb/mouse/geneset/HALLMARK_APOPTOSIS,MM,Mus musculus
HALLMARK_APOPTOSIS,Plppr4,https://www.gsea-msigdb.org/gsea/msigdb/mouse/geneset/HALLMARK_APOPTOSIS,MM,Mus musculus
HALLMARK_APOPTOSIS,Pmaip1,https://www.gsea-msigdb.org/gsea/msigdb/mouse/geneset/HALLMARK_APOPTOSIS,MM,Mus musculus
HALLMARK_APOPTOSIS,Ppp2r5b,https://www.gsea-msigdb.org/gsea/msigdb/mouse/geneset/HALLMARK_APOPTOSIS,MM,Mus musculus
HALLMARK_APOPTOSIS,Ppp3r1,https://www.gsea-msigdb.org/gsea/msigdb/mouse/geneset/HALLMARK_APOPTOSIS,MM,Mus musculus
HALLMARK_APOPTOSIS,Ppt1,https://www.gsea-msigdb.org/gsea/msigdb/mouse/geneset/HALLMARK_APOPTOSIS,MM,Mus musculus
HALLMARK_APOPTOSIS,Prf1,https://www.gsea-msigdb.org/gsea/msigdb/mouse/geneset/HALLMARK_APOPTOSIS,MM,Mus musculus
HALLMARK_APOPTOSIS,Psen1,https://www.gsea-msigdb.org/gsea/msigdb/mouse/geneset/HALLMARK_APOPTOSIS,MM,Mus musculus
HALLMARK_APOPTOSIS,Psen2,https://www.gsea-msigdb.org/gsea/msigdb/mouse/geneset/HALLMARK_APOPTOSIS,MM,Mus musculus
HALLMARK_APOPTOSIS,Ptk2,https://www.gsea-msigdb.org/gsea/msigdb/mouse/geneset/HALLMARK_APOPTOSIS,MM,Mus musculus
HALLMARK_APOPTOSIS,Rara,https://www.gsea-msigdb.org/gsea/msigdb/mouse/geneset/HALLMARK_APOPTOSIS,MM,Mus musculus
HALLMARK_APOPTOSIS,Rela,https://www.gsea-msigdb.org/gsea/msigdb/mouse/geneset/HALLMARK_APOPTOSIS,MM,Mus musculus
HALLMARK_APOPTOSIS,Retsat,https://www.gsea-msigdb.org/gsea/msigdb/mouse/geneset/HALLMARK_APOPTOSIS,MM,Mus musculus
HALLMARK_APOPTOSIS,Rhob,https://www.gsea-msigdb.org/gsea/msigdb/mouse/geneset/HALLMARK_APOPTOSIS,MM,Mus musculus
HALLMARK_APOPTOSIS,Rhot2,https://www.gsea-msigdb.org/gsea/msigdb/mouse/geneset/HALLMARK_APOPTOSIS,MM,Mus musculus
HALLMARK_APOPTOSIS,Rnasel,https://www.gsea-msigdb.org/gsea/msigdb/mouse/geneset/HALLMARK_APOPTOSIS,MM,Mus musculus
HALLMARK_APOPTOSIS,Rock1,https://www.gsea-msigdb.org/gsea/msigdb/mouse/geneset/HALLMARK_APOPTOSIS,MM,Mus musculus
HALLMARK_APOPTOSIS,Sat1,https://www.gsea-msigdb.org/gsea/msigdb/mouse/geneset/HALLMARK_APOPTOSIS,MM,Mus musculus
HALLMARK_APOPTOSIS,Satb1,https://www.gsea-msigdb.org/gsea/msigdb/mouse/geneset/HALLMARK_APOPTOSIS,MM,Mus musculus
HALLMARK_APOPTOSIS,Sc5d,https://www.gsea-msigdb.org/gsea/msigdb/mouse/geneset/HALLMARK_APOPTOSIS,MM,Mus musculus
HALLMARK_APOPTOSIS,Slc20a1,https://www.gsea-msigdb.org/gsea/msigdb/mouse/geneset/HALLMARK_APOPTOSIS,MM,Mus musculus
HALLMARK_APOPTOSIS,Smad7,https://www.gsea-msigdb.org/gsea/msigdb/mouse/geneset/HALLMARK_APOPTOSIS,MM,Mus musculus
HALLMARK_APOPTOSIS,Sod1,https://www.gsea-msigdb.org/gsea/msigdb/mouse/geneset/HALLMARK_APOPTOSIS,MM,Mus musculus
HALLMARK_APOPTOSIS,Sod2,https://www.gsea-msigdb.org/gsea/msigdb/mouse/geneset/HALLMARK_APOPTOSIS,MM,Mus musculus
HALLMARK_APOPTOSIS,Sptan1,https://www.gsea-msigdb.org/gsea/msigdb/mouse/geneset/HALLMARK_APOPTOSIS,MM,Mus musculus
HALLMARK_APOPTOSIS,Sqstm1,https://www.gsea-msigdb.org/gsea/msigdb/mouse/geneset/HALLMARK_APOPTOSIS,MM,Mus musculus
HALLMARK_APOPTOSIS,Tap1,https://www.gsea-msigdb.org/gsea/msigdb/mouse/geneset/HALLMARK_APOPTOSIS,MM,Mus musculus
HALLMARK_APOPTOSIS,Tgfb2,https://www.gsea-msigdb.org/gsea/msigdb/mouse/geneset/HALLMARK_APOPTOSIS,MM,Mus musculus
HALLMARK_APOPTOSIS,Tgfbr3,https://www.gsea-msigdb.org/gsea/msigdb/mouse/geneset/HALLMARK_APOPTOSIS,MM,Mus musculus
HALLMARK_APOPTOSIS,Timp1,https://www.gsea-msigdb.org/gsea/msigdb/mouse/geneset/HALLMARK_APOPTOSIS,MM,Mus musculus
HALLMARK_APOPTOSIS,Timp2,https://www.gsea-msigdb.org/gsea/msigdb/mouse/geneset/HALLMARK_APOPTOSIS,MM,Mus musculus
HALLMARK_APOPTOSIS,Timp3,https://www.gsea-msigdb.org/gsea/msigdb/mouse/geneset/HALLMARK_APOPTOSIS,MM,Mus musculus
HALLMARK_APOPTOSIS,Tnf,https://www.gsea-msigdb.org/gsea/msigdb/mouse/geneset/HALLMARK_APOPTOSIS,MM,Mus musculus
HALLMARK_APOPTOSIS,Tnfrsf12a,https://www.gsea-msigdb.org/gsea/msigdb/mouse/geneset/HALLMARK_APOPTOSIS,MM,Mus musculus
HALLMARK_APOPTOSIS,Tnfsf10,https://www.gsea-msigdb.org/gsea/msigdb/mouse/geneset/HALLMARK_APOPTOSIS,MM,Mus musculus
HALLMARK_APOPTOSIS,Top2a,https://www.gsea-msigdb.org/gsea/msigdb/mouse/geneset/HALLMARK_APOPTOSIS,MM,Mus musculus
HALLMARK_APOPTOSIS,Tspo,https://www.gsea-msigdb.org/gsea/msigdb/mouse/geneset/HALLMARK_APOPTOSIS,MM,Mus musculus
HALLMARK_APOPTOSIS,Txnip,https://www.gsea-msigdb.org/gsea/msigdb/mouse/geneset/HALLMARK_APOPTOSIS,MM,Mus musculus
HALLMARK_APOPTOSIS,Vdac2,https://www.gsea-msigdb.org/gsea/msigdb/mouse/geneset/HALLMARK_APOPTOSIS,MM,Mus musculus
HALLMARK_APOPTOSIS,Wee1,https://www.gsea-msigdb.org/gsea/msigdb/mouse/geneset/HALLMARK_APOPTOSIS,MM,Mus musculus
HALLMARK_APOPTOSIS,Xiap,https://www.gsea-msigdb.org/gsea/msigdb/mouse/geneset/HALLMARK_APOPTOSIS,MM,Mus musculus
HALLMARK_BILE_ACID_METABOLISM,Abca1,https://www.gsea-msigdb.org/gsea/msigdb/mouse/geneset/HALLMARK_BILE_ACID_METABOLISM,MM,Mus musculus
HALLMARK_BILE_ACID_METABOLISM,Abca2,https://www.gsea-msigdb.org/gsea/msigdb/mouse/geneset/HALLMARK_BILE_ACID_METABOLISM,MM,Mus musculus
HALLMARK_BILE_ACID_METABOLISM,Abca3,https://www.gsea-msigdb.org/gsea/msigdb/mouse/geneset/HALLMARK_BILE_ACID_METABOLISM,MM,Mus musculus
HALLMARK_BILE_ACID_METABOLISM,Abca4,https://www.gsea-msigdb.org/gsea/msigdb/mouse/geneset/HALLMARK_BILE_ACID_METABOLISM,MM,Mus musculus
HALLMARK_BILE_ACID_METABOLISM,Abca5,https://www.gsea-msigdb.org/gsea/msigdb/mouse/geneset/HALLMARK_BILE_ACID_METABOLISM,MM,Mus musculus
HALLMARK_BILE_ACID_METABOLISM,Abca6,https://www.gsea-msigdb.org/gsea/msigdb/mouse/geneset/HALLMARK_BILE_ACID_METABOLISM,MM,Mus musculus
HALLMARK_BILE_ACID_METABOLISM,Abca8b,https://www.gsea-msigdb.org/gsea/msigdb/mouse/geneset/HALLMARK_BILE_ACID_METABOLISM,MM,Mus musculus
HALLMARK_BILE_ACID_METABOLISM,Abca9,https://www.gsea-msigdb.org/gsea/msigdb/mouse/geneset/HALLMARK_BILE_ACID_METABOLISM,MM,Mus musculus
HALLMARK_BILE_ACID_METABOLISM,Abcd1,https://www.gsea-msigdb.org/gsea/msigdb/mouse/geneset/HALLMARK_BILE_ACID_METABOLISM,MM,Mus musculus
HALLMARK_BILE_ACID_METABOLISM,Abcd2,https://www.gsea-msigdb.org/gsea/msigdb/mouse/geneset/HALLMARK_BILE_ACID_METABOLISM,MM,Mus musculus
HALLMARK_BILE_ACID_METABOLISM,Abcd3,https://www.gsea-msigdb.org/gsea/msigdb/mouse/geneset/HALLMARK_BILE_ACID_METABOLISM,MM,Mus musculus
HALLMARK_BILE_ACID_METABOLISM,Abcg4,https://www.gsea-msigdb.org/gsea/msigdb/mouse/geneset/HALLMARK_BILE_ACID_METABOLISM,MM,Mus musculus
HALLMARK_BILE_ACID_METABOLISM,Abcg8,https://www.gsea-msigdb.org/gsea/msigdb/mouse/geneset/HALLMARK_BILE_ACID_METABOLISM,MM,Mus musculus
HALLMARK_BILE_ACID_METABOLISM,Acsl1,https://www.gsea-msigdb.org/gsea/msigdb/mouse/geneset/HALLMARK_BILE_ACID_METABOLISM,MM,Mus musculus
HALLMARK_BILE_ACID_METABOLISM,Acsl5,https://www.gsea-msigdb.org/gsea/msigdb/mouse/geneset/HALLMARK_BILE_ACID_METABOLISM,MM,Mus musculus
HALLMARK_BILE_ACID_METABOLISM,Agxt,https://www.gsea-msigdb.org/gsea/msigdb/mouse/geneset/HALLMARK_BILE_ACID_METABOLISM,MM,Mus musculus
HALLMARK_BILE_ACID_METABOLISM,Akr1d1,https://www.gsea-msigdb.org/gsea/msigdb/mouse/geneset/HALLMARK_BILE_ACID_METABOLISM,MM,Mus musculus
HALLMARK_BILE_ACID_METABOLISM,Aldh1a1,https://www.gsea-msigdb.org/gsea/msigdb/mouse/geneset/HALLMARK_BILE_ACID_METABOLISM,MM,Mus musculus
HALLMARK_BILE_ACID_METABOLISM,Aldh8a1,https://www.gsea-msigdb.org/gsea/msigdb/mouse/geneset/HALLMARK_BILE_ACID_METABOLISM,MM,Mus musculus
HALLMARK_BILE_ACID_METABOLISM,Aldh9a1,https://www.gsea-msigdb.org/gsea/msigdb/mouse/geneset/HALLMARK_BILE_ACID_METABOLISM,MM,Mus musculus
HALLMARK_BILE_ACID_METABOLISM,Amacr,https://www.gsea-msigdb.org/gsea/msigdb/mouse/geneset/HALLMARK_BILE_ACID_METABOLISM,MM,Mus musculus
HALLMARK_BILE_ACID_METABOLISM,Apoa1,https://www.gsea-msigdb.org/gsea/msigdb/mouse/geneset/HALLMARK_BILE_ACID_METABOLISM,MM,Mus musculus
HALLMARK_BILE_ACID_METABOLISM,Aqp9,https://www.gsea-msigdb.org/gsea/msigdb/mouse/geneset/HALLMARK_BILE_ACID_METABOLISM,MM,Mus musculus
HALLMARK_BILE_ACID_METABOLISM,Ar,https://www.gsea-msigdb.org/gsea/msigdb/mouse/geneset/HALLMARK_BILE_ACID_METABOLISM,MM,Mus musculus
HALLMARK_BILE_ACID_METABOLISM,Atxn1,https://www.gsea-msigdb.org/gsea/msigdb/mouse/geneset/HALLMARK_BILE_ACID_METABOLISM,MM,Mus musculus
HALLMARK_BILE_ACID_METABOLISM,Bbox1,https://www.gsea-msigdb.org/gsea/msigdb/mouse/geneset/HALLMARK_BILE_ACID_METABOLISM,MM,Mus musculus
HALLMARK_BILE_ACID_METABOLISM,Bcar3,https://www.gsea-msigdb.org/gsea/msigdb/mouse/geneset/HALLMARK_BILE_ACID_METABOLISM,MM,Mus musculus
HALLMARK_BILE_ACID_METABOLISM,Bmp6,https://www.gsea-msigdb.org/gsea/msigdb/mouse/geneset/HALLMARK_BILE_ACID_METABOLISM,MM,Mus musculus
HALLMARK_BILE_ACID_METABOLISM,Cat,https://www.gsea-msigdb.org/gsea/msigdb/mouse/geneset/HALLMARK_BILE_ACID_METABOLISM,MM,Mus musculus
HALLMARK_BILE_ACID_METABOLISM,Ch25h,https://www.gsea-msigdb.org/gsea/msigdb/mouse/geneset/HALLMARK_BILE_ACID_METABOLISM,MM,Mus musculus
HALLMARK_BILE_ACID_METABOLISM,Crot,https://www.gsea-msigdb.org/gsea/msigdb/mouse/geneset/HALLMARK_BILE_ACID_METABOLISM,MM,Mus musculus
HALLMARK_BILE_ACID_METABOLISM,Cyp27a1,https://www.gsea-msigdb.org/gsea/msigdb/mouse/geneset/HALLMARK_BILE_ACID_METABOLISM,MM,Mus musculus
HALLMARK_BILE_ACID_METABOLISM,Cyp39a1,https://www.gsea-msigdb.org/gsea/msigdb/mouse/geneset/HALLMARK_BILE_ACID_METABOLISM,MM,Mus musculus
HALLMARK_BILE_ACID_METABOLISM,Cyp46a1,https://www.gsea-msigdb.org/gsea/msigdb/mouse/geneset/HALLMARK_BILE_ACID_METABOLISM,MM,Mus musculus
HALLMARK_BILE_ACID_METABOLISM,Cyp7a1,https://www.gsea-msigdb.org/gsea/msigdb/mouse/geneset/HALLMARK_BILE_ACID_METABOLISM,MM,Mus musculus
HALLMARK_BILE_ACID_METABOLISM,Cyp7b1,https://www.gsea-msigdb.org/gsea/msigdb/mouse/geneset/HALLMARK_BILE_ACID_METABOLISM,MM,Mus musculus
HALLMARK_BILE_ACID_METABOLISM,Cyp8b1,https://www.gsea-msigdb.org/gsea/msigdb/mouse/geneset/HALLMARK_BILE_ACID_METABOLISM,MM,Mus musculus
HALLMARK_BILE_ACID_METABOLISM,Dhcr24,https://www.gsea-msigdb.org/gsea/msigdb/mouse/geneset/HALLMARK_BILE_ACID_METABOLISM,MM,Mus musculus
HALLMARK_BILE_ACID_METABOLISM,Dio1,https://www.gsea-msigdb.org/gsea/msigdb/mouse/geneset/HALLMARK_BILE_ACID_METABOLISM,MM,Mus musculus
HALLMARK_BILE_ACID_METABOLISM,Dio2,https://www.gsea-msigdb.org/gsea/msigdb/mouse/geneset/HALLMARK_BILE_ACID_METABOLISM,MM,Mus musculus
HALLMARK_BILE_ACID_METABOLISM,Efhc1,https://www.gsea-msigdb.org/gsea/msigdb/mouse/geneset/HALLMARK_BILE_ACID_METABOLISM,MM,Mus musculus
HALLMARK_BILE_ACID_METABOLISM,Ephx2,https://www.gsea-msigdb.org/gsea/msigdb/mouse/geneset/HALLMARK_BILE_ACID_METABOLISM,MM,Mus musculus
HALLMARK_BILE_ACID_METABOLISM,Fads1,https://www.gsea-msigdb.org/gsea/msigdb/mouse/geneset/HALLMARK_BILE_ACID_METABOLISM,MM,Mus musculus
HALLMARK_BILE_ACID_METABOLISM,Fads2,https://www.gsea-msigdb.org/gsea/msigdb/mouse/geneset/HALLMARK_BILE_ACID_METABOLISM,MM,Mus musculus
HALLMARK_BILE_ACID_METABOLISM,Fdxr,https://www.gsea-msigdb.org/gsea/msigdb/mouse/geneset/HALLMARK_BILE_ACID_METABOLISM,MM,Mus musculus
HALLMARK_BILE_ACID_METABOLISM,Gc,https://www.gsea-msigdb.org/gsea/msigdb/mouse/geneset/HALLMARK_BILE_ACID_METABOLISM,MM,Mus musculus
HALLMARK_BILE_ACID_METABOLISM,Gclm,https://www.gsea-msigdb.org/gsea/msigdb/mouse/geneset/HALLMARK_BILE_ACID_METABOLISM,MM,Mus musculus
HALLMARK_BILE_ACID_METABOLISM,Gnmt,https://www.gsea-msigdb.org/gsea/msigdb/mouse/geneset/HALLMARK_BILE_ACID_METABOLISM,MM,Mus musculus
HALLMARK_BILE_ACID_METABOLISM,Gnpat,https://www.gsea-msigdb.org/gsea/msigdb/mouse/geneset/HALLMARK_BILE_ACID_METABOLISM,MM,Mus musculus
HALLMARK_BILE_ACID_METABOLISM,Gstk1,https://www.gsea-msigdb.org/gsea/msigdb/mouse/geneset/HALLMARK_BILE_ACID_METABOLISM,MM,Mus musculus
HALLMARK_BILE_ACID_METABOLISM,Hacl1,https://www.gsea-msigdb.org/gsea/msigdb/mouse/geneset/HALLMARK_BILE_ACID_METABOLISM,MM,Mus musculus
HALLMARK_BILE_ACID_METABOLISM,Hao1,https://www.gsea-msigdb.org/gsea/msigdb/mouse/geneset/HALLMARK_BILE_ACID_METABOLISM,MM,Mus musculus
HALLMARK_BILE_ACID_METABOLISM,Hsd17b11,https://www.gsea-msigdb.org/gsea/msigdb/mouse/geneset/HALLMARK_BILE_ACID_METABOLISM,MM,Mus musculus
HALLMARK_BILE_ACID_METABOLISM,Hsd17b4,https://www.gsea-msigdb.org/gsea/msigdb/mouse/geneset/HALLMARK_BILE_ACID_METABOLISM,MM,Mus musculus
HALLMARK_BILE_ACID_METABOLISM,Hsd17b6,https://www.gsea-msigdb.org/gsea/msigdb/mouse/geneset/HALLMARK_BILE_ACID_METABOLISM,MM,Mus musculus
HALLMARK_BILE_ACID_METABOLISM,Hsd3b7,https://www.gsea-msigdb.org/gsea/msigdb/mouse/geneset/HALLMARK_BILE_ACID_METABOLISM,MM,Mus musculus
HALLMARK_BILE_ACID_METABOLISM,Idh1,https://www.gsea-msigdb.org/gsea/msigdb/mouse/geneset/HALLMARK_BILE_ACID_METABOLISM,MM,Mus musculus
HALLMARK_BILE_ACID_METABOLISM,Idh2,https://www.gsea-msigdb.org/gsea/msigdb/mouse/geneset/HALLMARK_BILE_ACID_METABOLISM,MM,Mus musculus
HALLMARK_BILE_ACID_METABOLISM,Idi1,https://www.gsea-msigdb.org/gsea/msigdb/mouse/geneset/HALLMARK_BILE_ACID_METABOLISM,MM,Mus musculus
HALLMARK_BILE_ACID_METABOLISM,Isoc1,https://www.gsea-msigdb.org/gsea/msigdb/mouse/geneset/HALLMARK_BILE_ACID_METABOLISM,MM,Mus musculus
HALLMARK_BILE_ACID_METABOLISM,Klf1,https://www.gsea-msigdb.org/gsea/msigdb/mouse/geneset/HALLMARK_BILE_ACID_METABOLISM,MM,Mus musculus
HALLMARK_BILE_ACID_METABOLISM,Lck,https://www.gsea-msigdb.org/gsea/msigdb/mouse/geneset/HALLMARK_BILE_ACID_METABOLISM,MM,Mus musculus
HALLMARK_BILE_ACID_METABOLISM,Lipe,https://www.gsea-msigdb.org/gsea/msigdb/mouse/geneset/HALLMARK_BILE_ACID_METABOLISM,MM,Mus musculus
HALLMARK_BILE_ACID_METABOLISM,Lonp2,https://www.gsea-msigdb.org/gsea/msigdb/mouse/geneset/HALLMARK_BILE_ACID_METABOLISM,MM,Mus musculus
HALLMARK_BILE_ACID_METABOLISM,Mlycd,https://www.gsea-msigdb.org/gsea/msigdb/mouse/geneset/HALLMARK_BILE_ACID_METABOLISM,MM,Mus musculus
HALLMARK_BILE_ACID_METABOLISM,Nedd4,https://www.gsea-msigdb.org/gsea/msigdb/mouse/geneset/HALLMARK_BILE_ACID_METABOLISM,MM,Mus musculus
HALLMARK_BILE_ACID_METABOLISM,Npc1,https://www.gsea-msigdb.org/gsea/msigdb/mouse/geneset/HALLMARK_BILE_ACID_METABOLISM,MM,Mus musculus
HALLMARK_BILE_ACID_METABOLISM,Nr0b2,https://www.gsea-msigdb.org/gsea/msigdb/mouse/geneset/HALLMARK_BILE_ACID_METABOLISM,MM,Mus musculus
HALLMARK_BILE_ACID_METABOLISM,Nr1h4,https://www.gsea-msigdb.org/gsea/msigdb/mouse/geneset/HALLMARK_BILE_ACID_METABOLISM,MM,Mus musculus
HALLMARK_BILE_ACID_METABOLISM,Nr1i2,https://www.gsea-msigdb.org/gsea/msigdb/mouse/geneset/HALLMARK_BILE_ACID_METABOLISM,MM,Mus musculus
HALLMARK_BILE_ACID_METABOLISM,Nr3c2,https://www.gsea-msigdb.org/gsea/msigdb/mouse/geneset/HALLMARK_BILE_ACID_METABOLISM,MM,Mus musculus
HALLMARK_BILE_ACID_METABOLISM,Nudt12,https://www.gsea-msigdb.org/gsea/msigdb/mouse/geneset/HALLMARK_BILE_ACID_METABOLISM,MM,Mus musculus
HALLMARK_BILE_ACID_METABOLISM,Optn,https://www.gsea-msigdb.org/gsea/msigdb/mouse/geneset/HALLMARK_BILE_ACID_METABOLISM,MM,Mus musculus
HALLMARK_BILE_ACID_METABOLISM,Paox,https://www.gsea-msigdb.org/gsea/msigdb/mouse/geneset/HALLMARK_BILE_ACID_METABOLISM,MM,Mus musculus
HALLMARK_BILE_ACID_METABOLISM,Pecr,https://www.gsea-msigdb.org/gsea/msigdb/mouse/geneset/HALLMARK_BILE_ACID_METABOLISM,MM,Mus musculus
HALLMARK_BILE_ACID_METABOLISM,Pex1,https://www.gsea-msigdb.org/gsea/msigdb/mouse/geneset/HALLMARK_BILE_ACID_METABOLISM,MM,Mus musculus
HALLMARK_BILE_ACID_METABOLISM,Pex11a,https://www.gsea-msigdb.org/gsea/msigdb/mouse/geneset/HALLMARK_BILE_ACID_METABOLISM,MM,Mus musculus
HALLMARK_BILE_ACID_METABOLISM,Pex11g,https://www.gsea-msigdb.org/gsea/msigdb/mouse/geneset/HALLMARK_BILE_ACID_METABOLISM,MM,Mus musculus
HALLMARK_BILE_ACID_METABOLISM,Pex12,https://www.gsea-msigdb.org/gsea/msigdb/mouse/geneset/HALLMARK_BILE_ACID_METABOLISM,MM,Mus musculus
HALLMARK_BILE_ACID_METABOLISM,Pex13,https://www.gsea-msigdb.org/gsea/msigdb/mouse/geneset/HALLMARK_BILE_ACID_METABOLISM,MM,Mus musculus
HALLMARK_BILE_ACID_METABOLISM,Pex16,https://www.gsea-msigdb.org/gsea/msigdb/mouse/geneset/HALLMARK_BILE_ACID_METABOLISM,MM,Mus musculus
HALLMARK_BILE_ACID_METABOLISM,Pex19,https://www.gsea-msigdb.org/gsea/msigdb/mouse/geneset/HALLMARK_BILE_ACID_METABOLISM,MM,Mus musculus
HALLMARK_BILE_ACID_METABOLISM,Pex26,https://www.gsea-msigdb.org/gsea/msigdb/mouse/geneset/HALLMARK_BILE_ACID_METABOLISM,MM,Mus musculus
HALLMARK_BILE_ACID_METABOLISM,Pex6,https://www.gsea-msigdb.org/gsea/msigdb/mouse/geneset/HALLMARK_BILE_ACID_METABOLISM,MM,Mus musculus
HALLMARK_BILE_ACID_METABOLISM,Pex7,https://www.gsea-msigdb.org/gsea/msigdb/mouse/geneset/HALLMARK_BILE_ACID_METABOLISM,MM,Mus musculus
HALLMARK_BILE_ACID_METABOLISM,Pfkm,https://www.gsea-msigdb.org/gsea/msigdb/mouse/geneset/HALLMARK_BILE_ACID_METABOLISM,MM,Mus musculus
HALLMARK_BILE_ACID_METABOLISM,Phyh,https://www.gsea-msigdb.org/gsea/msigdb/mouse/geneset/HALLMARK_BILE_ACID_METABOLISM,MM,Mus musculus
HALLMARK_BILE_ACID_METABOLISM,Pipox,https://www.gsea-msigdb.org/gsea/msigdb/mouse/geneset/HALLMARK_BILE_ACID_METABOLISM,MM,Mus musculus
HALLMARK_BILE_ACID_METABOLISM,Pnpla8,https://www.gsea-msigdb.org/gsea/msigdb/mouse/geneset/HALLMARK_BILE_ACID_METABOLISM,MM,Mus musculus
HALLMARK_BILE_ACID_METABOLISM,Prdx5,https://www.gsea-msigdb.org/gsea/msigdb/mouse/geneset/HALLMARK_BILE_ACID_METABOLISM,MM,Mus musculus
HALLMARK_BILE_ACID_METABOLISM,Pxmp2,https://www.gsea-msigdb.org/gsea/msigdb/mouse/geneset/HALLMARK_BILE_ACID_METABOLISM,MM,Mus musculus
HALLMARK_BILE_ACID_METABOLISM,Rbp1,https://www.gsea-msigdb.org/gsea/msigdb/mouse/geneset/HALLMARK_BILE_ACID_METABOLISM,MM,Mus musculus
HALLMARK_BILE_ACID_METABOLISM,Retsat,https://www.gsea-msigdb.org/gsea/msigdb/mouse/geneset/HALLMARK_BILE_ACID_METABOLISM,MM,Mus musculus
HALLMARK_BILE_ACID_METABOLISM,Rxra,https://www.gsea-msigdb.org/gsea/msigdb/mouse/geneset/HALLMARK_BILE_ACID_METABOLISM,MM,Mus musculus
HALLMARK_BILE_ACID_METABOLISM,Rxrg,https://www.gsea-msigdb.org/gsea/msigdb/mouse/geneset/HALLMARK_BILE_ACID_METABOLISM,MM,Mus musculus
HALLMARK_BILE_ACID_METABOLISM,Scp2,https://www.gsea-msigdb.org/gsea/msigdb/mouse/geneset/HALLMARK_BILE_ACID_METABOLISM,MM,Mus musculus
HALLMARK_BILE_ACID_METABOLISM,Serpina6,https://www.gsea-msigdb.org/gsea/msigdb/mouse/geneset/HALLMARK_BILE_ACID_METABOLISM,MM,Mus musculus
HALLMARK_BILE_ACID_METABOLISM,Slc22a18,https://www.gsea-msigdb.org/gsea/msigdb/mouse/geneset/HALLMARK_BILE_ACID_METABOLISM,MM,Mus musculus
HALLMARK_BILE_ACID_METABOLISM,Slc23a1,https://www.gsea-msigdb.org/gsea/msigdb/mouse/geneset/HALLMARK_BILE_ACID_METABOLISM,MM,Mus musculus
HALLMARK_BILE_ACID_METABOLISM,Slc23a2,https://www.gsea-msigdb.org/gsea/msigdb/mouse/geneset/HALLMARK_BILE_ACID_METABOLISM,MM,Mus musculus
HALLMARK_BILE_ACID_METABOLISM,Slc27a2,https://www.gsea-msigdb.org/gsea/msigdb/mouse/geneset/HALLMARK_BILE_ACID_METABOLISM,MM,Mus musculus
HALLMARK_BILE_ACID_METABOLISM,Slc27a5,https://www.gsea-msigdb.org/gsea/msigdb/mouse/geneset/HALLMARK_BILE_ACID_METABOLISM,MM,Mus musculus
HALLMARK_BILE_ACID_METABOLISM,Slc29a1,https://www.gsea-msigdb.org/gsea/msigdb/mouse/geneset/HALLMARK_BILE_ACID_METABOLISM,MM,Mus musculus
HALLMARK_BILE_ACID_METABOLISM,Slc35b2,https://www.gsea-msigdb.org/gsea/msigdb/mouse/geneset/HALLMARK_BILE_ACID_METABOLISM,MM,Mus musculus
HALLMARK_BILE_ACID_METABOLISM,Slco1a4,https://www.gsea-msigdb.org/gsea/msigdb/mouse/geneset/HALLMARK_BILE_ACID_METABOLISM,MM,Mus musculus
HALLMARK_BILE_ACID_METABOLISM,Soat2,https://www.gsea-msigdb.org/gsea/msigdb/mouse/geneset/HALLMARK_BILE_ACID_METABOLISM,MM,Mus musculus
HALLMARK_BILE_ACID_METABOLISM,Sod1,https://www.gsea-msigdb.org/gsea/msigdb/mouse/geneset/HALLMARK_BILE_ACID_METABOLISM,MM,Mus musculus
HALLMARK_BILE_ACID_METABOLISM,Sult1b1,https://www.gsea-msigdb.org/gsea/msigdb/mouse/geneset/HALLMARK_BILE_ACID_METABOLISM,MM,Mus musculus
HALLMARK_BILE_ACID_METABOLISM,Sult2b1,https://www.gsea-msigdb.org/gsea/msigdb/mouse/geneset/HALLMARK_BILE_ACID_METABOLISM,MM,Mus musculus
HALLMARK_BILE_ACID_METABOLISM,Tfcp2l1,https://www.gsea-msigdb.org/gsea/msigdb/mouse/geneset/HALLMARK_BILE_ACID_METABOLISM,MM,Mus musculus
HALLMARK_BILE_ACID_METABOLISM,Ttr,https://www.gsea-msigdb.org/gsea/msigdb/mouse/geneset/HALLMARK_BILE_ACID_METABOLISM,MM,Mus musculus
HALLMARK_CHOLESTEROL_HOMEOSTASIS,Abca2,https://www.gsea-msigdb.org/gsea/msigdb/mouse/geneset/HALLMARK_CHOLESTEROL_HOMEOSTASIS,MM,Mus musculus
HALLMARK_CHOLESTEROL_HOMEOSTASIS,Acat2,https://www.gsea-msigdb.org/gsea/msigdb/mouse/geneset/HALLMARK_CHOLESTEROL_HOMEOSTASIS,MM,Mus musculus
HALLMARK_CHOLESTEROL_HOMEOSTASIS,Acss2,https://www.gsea-msigdb.org/gsea/msigdb/mouse/geneset/HALLMARK_CHOLESTEROL_HOMEOSTASIS,MM,Mus musculus
HALLMARK_CHOLESTEROL_HOMEOSTASIS,Actg1,https://www.gsea-msigdb.org/gsea/msigdb/mouse/geneset/HALLMARK_CHOLESTEROL_HOMEOSTASIS,MM,Mus musculus
HALLMARK_CHOLESTEROL_HOMEOSTASIS,Adh4,https://www.gsea-msigdb.org/gsea/msigdb/mouse/geneset/HALLMARK_CHOLESTEROL_HOMEOSTASIS,MM,Mus musculus
HALLMARK_CHOLESTEROL_HOMEOSTASIS,Alcam,https://www.gsea-msigdb.org/gsea/msigdb/mouse/geneset/HALLMARK_CHOLESTEROL_HOMEOSTASIS,MM,Mus musculus
HALLMARK_CHOLESTEROL_HOMEOSTASIS,Aldoc,https://www.gsea-msigdb.org/gsea/msigdb/mouse/geneset/HALLMARK_CHOLESTEROL_HOMEOSTASIS,MM,Mus musculus
HALLMARK_CHOLESTEROL_HOMEOSTASIS,Antxr2,https://www.gsea-msigdb.org/gsea/msigdb/mouse/geneset/HALLMARK_CHOLESTEROL_HOMEOSTASIS,MM,Mus musculus
HALLMARK_CHOLESTEROL_HOMEOSTASIS,Anxa5,https://www.gsea-msigdb.org/gsea/msigdb/mouse/geneset/HALLMARK_CHOLESTEROL_HOMEOSTASIS,MM,Mus musculus
HALLMARK_CHOLESTEROL_HOMEOSTASIS,Atf3,https://www.gsea-msigdb.org/gsea/msigdb/mouse/geneset/HALLMARK_CHOLESTEROL_HOMEOSTASIS,MM,Mus musculus
HALLMARK_CHOLESTEROL_HOMEOSTASIS,Atf5,https://www.gsea-msigdb.org/gsea/msigdb/mouse/geneset/HALLMARK_CHOLESTEROL_HOMEOSTASIS,MM,Mus musculus
HALLMARK_CHOLESTEROL_HOMEOSTASIS,Atxn2,https://www.gsea-msigdb.org/gsea/msigdb/mouse/geneset/HALLMARK_CHOLESTEROL_HOMEOSTASIS,MM,Mus musculus
HALLMARK_CHOLESTEROL_HOMEOSTASIS,Avpr1a,https://www.gsea-msigdb.org/gsea/msigdb/mouse/geneset/HALLMARK_CHOLESTEROL_HOMEOSTASIS,MM,Mus musculus
HALLMARK_CHOLESTEROL_HOMEOSTASIS,Cd9,https://www.gsea-msigdb.org/gsea/msigdb/mouse/geneset/HALLMARK_CHOLESTEROL_HOMEOSTASIS,MM,Mus musculus
HALLMARK_CHOLESTEROL_HOMEOSTASIS,Chka,https://www.gsea-msigdb.org/gsea/msigdb/mouse/geneset/HALLMARK_CHOLESTEROL_HOMEOSTASIS,MM,Mus musculus
HALLMARK_CHOLESTEROL_HOMEOSTASIS,Clu,https://www.gsea-msigdb.org/gsea/msigdb/mouse/geneset/HALLMARK_CHOLESTEROL_HOMEOSTASIS,MM,Mus musculus
HALLMARK_CHOLESTEROL_HOMEOSTASIS,Cpeb2,https://www.gsea-msigdb.org/gsea/msigdb/mouse/geneset/HALLMARK_CHOLESTEROL_HOMEOSTASIS,MM,Mus musculus
HALLMARK_CHOLESTEROL_HOMEOSTASIS,Ctnnb1,https://www.gsea-msigdb.org/gsea/msigdb/mouse/geneset/HALLMARK_CHOLESTEROL_HOMEOSTASIS,MM,Mus musculus
HALLMARK_CHOLESTEROL_HOMEOSTASIS,Cxcl16,https://www.gsea-msigdb.org/gsea/msigdb/mouse/geneset/HALLMARK_CHOLESTEROL_HOMEOSTASIS,MM,Mus musculus
HALLMARK_CHOLESTEROL_HOMEOSTASIS,Cyp51,https://www.gsea-msigdb.org/gsea/msigdb/mouse/geneset/HALLMARK_CHOLESTEROL_HOMEOSTASIS,MM,Mus musculus
HALLMARK_CHOLESTEROL_HOMEOSTASIS,Dhcr7,https://www.gsea-msigdb.org/gsea/msigdb/mouse/geneset/HALLMARK_CHOLESTEROL_HOMEOSTASIS,MM,Mus musculus
HALLMARK_CHOLESTEROL_HOMEOSTASIS,Ebp,https://www.gsea-msigdb.org/gsea/msigdb/mouse/geneset/HALLMARK_CHOLESTEROL_HOMEOSTASIS,MM,Mus musculus
HALLMARK_CHOLESTEROL_HOMEOSTASIS,Ech1,https://www.gsea-msigdb.org/gsea/msigdb/mouse/geneset/HALLMARK_CHOLESTEROL_HOMEOSTASIS,MM,Mus musculus
HALLMARK_CHOLESTEROL_HOMEOSTASIS,Errfi1,https://www.gsea-msigdb.org/gsea/msigdb/mouse/geneset/HALLMARK_CHOLESTEROL_HOMEOSTASIS,MM,Mus musculus
HALLMARK_CHOLESTEROL_HOMEOSTASIS,Ethe1,https://www.gsea-msigdb.org/gsea/msigdb/mouse/geneset/HALLMARK_CHOLESTEROL_HOMEOSTASIS,MM,Mus musculus
HALLMARK_CHOLESTEROL_HOMEOSTASIS,Fabp5,https://www.gsea-msigdb.org/gsea/msigdb/mouse/geneset/HALLMARK_CHOLESTEROL_HOMEOSTASIS,MM,Mus musculus
HALLMARK_CHOLESTEROL_HOMEOSTASIS,Fads2,https://www.gsea-msigdb.org/gsea/msigdb/mouse/geneset/HALLMARK_CHOLESTEROL_HOMEOSTASIS,MM,Mus musculus
HALLMARK_CHOLESTEROL_HOMEOSTASIS,Fasn,https://www.gsea-msigdb.org/gsea/msigdb/mouse/geneset/HALLMARK_CHOLESTEROL_HOMEOSTASIS,MM,Mus musculus
HALLMARK_CHOLESTEROL_HOMEOSTASIS,Fbxo6,https://www.gsea-msigdb.org/gsea/msigdb/mouse/geneset/HALLMARK_CHOLESTEROL_HOMEOSTASIS,MM,Mus musculus
HALLMARK_CHOLESTEROL_HOMEOSTASIS,Fdft1,https://www.gsea-msigdb.org/gsea/msigdb/mouse/geneset/HALLMARK_CHOLESTEROL_HOMEOSTASIS,MM,Mus musculus
HALLMARK_CHOLESTEROL_HOMEOSTASIS,Fdps,https://www.gsea-msigdb.org/gsea/msigdb/mouse/geneset/HALLMARK_CHOLESTEROL_HOMEOSTASIS,MM,Mus musculus
HALLMARK_CHOLESTEROL_HOMEOSTASIS,Gldc,https://www.gsea-msigdb.org/gsea/msigdb/mouse/geneset/HALLMARK_CHOLESTEROL_HOMEOSTASIS,MM,Mus musculus
HALLMARK_CHOLESTEROL_HOMEOSTASIS,Gnai1,https://www.gsea-msigdb.org/gsea/msigdb/mouse/geneset/HALLMARK_CHOLESTEROL_HOMEOSTASIS,MM,Mus musculus
HALLMARK_CHOLESTEROL_HOMEOSTASIS,Gpx8,https://www.gsea-msigdb.org/gsea/msigdb/mouse/geneset/HALLMARK_CHOLESTEROL_HOMEOSTASIS,MM,Mus musculus
HALLMARK_CHOLESTEROL_HOMEOSTASIS,Gstm7,https://www.gsea-msigdb.org/gsea/msigdb/mouse/geneset/HALLMARK_CHOLESTEROL_HOMEOSTASIS,MM,Mus musculus
HALLMARK_CHOLESTEROL_HOMEOSTASIS,Gusb,https://www.gsea-msigdb.org/gsea/msigdb/mouse/geneset/HALLMARK_CHOLESTEROL_HOMEOSTASIS,MM,Mus musculus
HALLMARK_CHOLESTEROL_HOMEOSTASIS,Hmgcr,https://www.gsea-msigdb.org/gsea/msigdb/mouse/geneset/HALLMARK_CHOLESTEROL_HOMEOSTASIS,MM,Mus musculus
HALLMARK_CHOLESTEROL_HOMEOSTASIS,Hmgcs1,https://www.gsea-msigdb.org/gsea/msigdb/mouse/geneset/HALLMARK_CHOLESTEROL_HOMEOSTASIS,MM,Mus musculus
HALLMARK_CHOLESTEROL_HOMEOSTASIS,Hsd17b7,https://www.gsea-msigdb.org/gsea/msigdb/mouse/geneset/HALLMARK_CHOLESTEROL_HOMEOSTASIS,MM,Mus musculus
HALLMARK_CHOLESTEROL_HOMEOSTASIS,Idi1,https://www.gsea-msigdb.org/gsea/msigdb/mouse/geneset/HALLMARK_CHOLESTEROL_HOMEOSTASIS,MM,Mus musculus
HALLMARK_CHOLESTEROL_HOMEOSTASIS,Jag1,https://www.gsea-msigdb.org/gsea/msigdb/mouse/geneset/HALLMARK_CHOLESTEROL_HOMEOSTASIS,MM,Mus musculus
HALLMARK_CHOLESTEROL_HOMEOSTASIS,Ldlr,https://www.gsea-msigdb.org/gsea/msigdb/mouse/geneset/HALLMARK_CHOLESTEROL_HOMEOSTASIS,MM,Mus musculus
HALLMARK_CHOLESTEROL_HOMEOSTASIS,Lgals3,https://www.gsea-msigdb.org/gsea/msigdb/mouse/geneset/HALLMARK_CHOLESTEROL_HOMEOSTASIS,MM,Mus musculus
HALLMARK_CHOLESTEROL_HOMEOSTASIS,Lgmn,https://www.gsea-msigdb.org/gsea/msigdb/mouse/geneset/HALLMARK_CHOLESTEROL_HOMEOSTASIS,MM,Mus musculus
HALLMARK_CHOLESTEROL_HOMEOSTASIS,Lpl,https://www.gsea-msigdb.org/gsea/msigdb/mouse/geneset/HALLMARK_CHOLESTEROL_HOMEOSTASIS,MM,Mus musculus
HALLMARK_CHOLESTEROL_HOMEOSTASIS,Lss,https://www.gsea-msigdb.org/gsea/msigdb/mouse/geneset/HALLMARK_CHOLESTEROL_HOMEOSTASIS,MM,Mus musculus
HALLMARK_CHOLESTEROL_HOMEOSTASIS,Mal2,https://www.gsea-msigdb.org/gsea/msigdb/mouse/geneset/HALLMARK_CHOLESTEROL_HOMEOSTASIS,MM,Mus musculus
HALLMARK_CHOLESTEROL_HOMEOSTASIS,Mvd,https://www.gsea-msigdb.org/gsea/msigdb/mouse/geneset/HALLMARK_CHOLESTEROL_HOMEOSTASIS,MM,Mus musculus
HALLMARK_CHOLESTEROL_HOMEOSTASIS,Mvk,https://www.gsea-msigdb.org/gsea/msigdb/mouse/geneset/HALLMARK_CHOLESTEROL_HOMEOSTASIS,MM,Mus musculus
HALLMARK_CHOLESTEROL_HOMEOSTASIS,Nfil3,https://www.gsea-msigdb.org/gsea/msigdb/mouse/geneset/HALLMARK_CHOLESTEROL_HOMEOSTASIS,MM,Mus musculus
HALLMARK_CHOLESTEROL_HOMEOSTASIS,Niban1,https://www.gsea-msigdb.org/gsea/msigdb/mouse/geneset/HALLMARK_CHOLESTEROL_HOMEOSTASIS,MM,Mus musculus
HALLMARK_CHOLESTEROL_HOMEOSTASIS,Nsdhl,https://www.gsea-msigdb.org/gsea/msigdb/mouse/geneset/HALLMARK_CHOLESTEROL_HOMEOSTASIS,MM,Mus musculus
HALLMARK_CHOLESTEROL_HOMEOSTASIS,Pcyt2,https://www.gsea-msigdb.org/gsea/msigdb/mouse/geneset/HALLMARK_CHOLESTEROL_HOMEOSTASIS,MM,Mus musculus
HALLMARK_CHOLESTEROL_HOMEOSTASIS,Pdk3,https://www.gsea-msigdb.org/gsea/msigdb/mouse/geneset/HALLMARK_CHOLESTEROL_HOMEOSTASIS,MM,Mus musculus
HALLMARK_CHOLESTEROL_HOMEOSTASIS,Plaur,https://www.gsea-msigdb.org/gsea/msigdb/mouse/geneset/HALLMARK_CHOLESTEROL_HOMEOSTASIS,MM,Mus musculus
HALLMARK_CHOLESTEROL_HOMEOSTASIS,Plscr1,https://www.gsea-msigdb.org/gsea/msigdb/mouse/geneset/HALLMARK_CHOLESTEROL_HOMEOSTASIS,MM,Mus musculus
HALLMARK_CHOLESTEROL_HOMEOSTASIS,Pmvk,https://www.gsea-msigdb.org/gsea/msigdb/mouse/geneset/HALLMARK_CHOLESTEROL_HOMEOSTASIS,MM,Mus musculus
HALLMARK_CHOLESTEROL_HOMEOSTASIS,Pnrc1,https://www.gsea-msigdb.org/gsea/msigdb/mouse/geneset/HALLMARK_CHOLESTEROL_HOMEOSTASIS,MM,Mus musculus
HALLMARK_CHOLESTEROL_HOMEOSTASIS,Pparg,https://www.gsea-msigdb.org/gsea/msigdb/mouse/geneset/HALLMARK_CHOLESTEROL_HOMEOSTASIS,MM,Mus musculus
HALLMARK_CHOLESTEROL_HOMEOSTASIS,S100a11,https://www.gsea-msigdb.org/gsea/msigdb/mouse/geneset/HALLMARK_CHOLESTEROL_HOMEOSTASIS,MM,Mus musculus
HALLMARK_CHOLESTEROL_HOMEOSTASIS,Sc5d,https://www.gsea-msigdb.org/gsea/msigdb/mouse/geneset/HALLMARK_CHOLESTEROL_HOMEOSTASIS,MM,Mus musculus
HALLMARK_CHOLESTEROL_HOMEOSTASIS,Sema3b,https://www.gsea-msigdb.org/gsea/msigdb/mouse/geneset/HALLMARK_CHOLESTEROL_HOMEOSTASIS,MM,Mus musculus
HALLMARK_CHOLESTEROL_HOMEOSTASIS,Sqle,https://www.gsea-msigdb.org/gsea/msigdb/mouse/geneset/HALLMARK_CHOLESTEROL_HOMEOSTASIS,MM,Mus musculus
HALLMARK_CHOLESTEROL_HOMEOSTASIS,Srebf2,https://www.gsea-msigdb.org/gsea/msigdb/mouse/geneset/HALLMARK_CHOLESTEROL_HOMEOSTASIS,MM,Mus musculus
HALLMARK_CHOLESTEROL_HOMEOSTASIS,Stard4,https://www.gsea-msigdb.org/gsea/msigdb/mouse/geneset/HALLMARK_CHOLESTEROL_HOMEOSTASIS,MM,Mus musculus
HALLMARK_CHOLESTEROL_HOMEOSTASIS,Stx5a,https://www.gsea-msigdb.org/gsea/msigdb/mouse/geneset/HALLMARK_CHOLESTEROL_HOMEOSTASIS,MM,Mus musculus
HALLMARK_CHOLESTEROL_HOMEOSTASIS,Tm7sf2,https://www.gsea-msigdb.org/gsea/msigdb/mouse/geneset/HALLMARK_CHOLESTEROL_HOMEOSTASIS,MM,Mus musculus
HALLMARK_CHOLESTEROL_HOMEOSTASIS,Tmem97,https://www.gsea-msigdb.org/gsea/msigdb/mouse/geneset/HALLMARK_CHOLESTEROL_HOMEOSTASIS,MM,Mus musculus
HALLMARK_CHOLESTEROL_HOMEOSTASIS,Tnfrsf12a,https://www.gsea-msigdb.org/gsea/msigdb/mouse/geneset/HALLMARK_CHOLESTEROL_HOMEOSTASIS,MM,Mus musculus
HALLMARK_CHOLESTEROL_HOMEOSTASIS,Trib3,https://www.gsea-msigdb.org/gsea/msigdb/mouse/geneset/HALLMARK_CHOLESTEROL_HOMEOSTASIS,MM,Mus musculus
HALLMARK_CHOLESTEROL_HOMEOSTASIS,Trp53inp1,https://www.gsea-msigdb.org/gsea/msigdb/mouse/geneset/HALLMARK_CHOLESTEROL_HOMEOSTASIS,MM,Mus musculus
HALLMARK_COAGULATION,A2m,https://www.gsea-msigdb.org/gsea/msigdb/mouse/geneset/HALLMARK_COAGULATION,MM,Mus musculus
HALLMARK_COAGULATION,Acox2,https://www.gsea-msigdb.org/gsea/msigdb/mouse/geneset/HALLMARK_COAGULATION,MM,Mus musculus
HALLMARK_COAGULATION,Adam9,https://www.gsea-msigdb.org/gsea/msigdb/mouse/geneset/HALLMARK_COAGULATION,MM,Mus musculus
HALLMARK_COAGULATION,Ang,https://www.gsea-msigdb.org/gsea/msigdb/mouse/geneset/HALLMARK_COAGULATION,MM,Mus musculus
HALLMARK_COAGULATION,Anxa1,https://www.gsea-msigdb.org/gsea/msigdb/mouse/geneset/HALLMARK_COAGULATION,MM,Mus musculus
HALLMARK_COAGULATION,Apoa1,https://www.gsea-msigdb.org/gsea/msigdb/mouse/geneset/HALLMARK_COAGULATION,MM,Mus musculus
HALLMARK_COAGULATION,Apoc1,https://www.gsea-msigdb.org/gsea/msigdb/mouse/geneset/HALLMARK_COAGULATION,MM,Mus musculus
HALLMARK_COAGULATION,Apoc2l,https://www.gsea-msigdb.org/gsea/msigdb/mouse/geneset/HALLMARK_COAGULATION,MM,Mus musculus
HALLMARK_COAGULATION,Apoc3,https://www.gsea-msigdb.org/gsea/msigdb/mouse/geneset/HALLMARK_COAGULATION,MM,Mus musculus
HALLMARK_COAGULATION,Arf4,https://www.gsea-msigdb.org/gsea/msigdb/mouse/geneset/HALLMARK_COAGULATION,MM,Mus musculus
HALLMARK_COAGULATION,Bmp1,https://www.gsea-msigdb.org/gsea/msigdb/mouse/geneset/HALLMARK_COAGULATION,MM,Mus musculus
HALLMARK_COAGULATION,C1qa,https://www.gsea-msigdb.org/gsea/msigdb/mouse/geneset/HALLMARK_COAGULATION,MM,Mus musculus
HALLMARK_COAGULATION,C1s1,https://www.gsea-msigdb.org/gsea/msigdb/mouse/geneset/HALLMARK_COAGULATION,MM,Mus musculus
HALLMARK_COAGULATION,C2,https://www.gsea-msigdb.org/gsea/msigdb/mouse/geneset/HALLMARK_COAGULATION,MM,Mus musculus
HALLMARK_COAGULATION,C3,https://www.gsea-msigdb.org/gsea/msigdb/mouse/geneset/HALLMARK_COAGULATION,MM,Mus musculus
HALLMARK_COAGULATION,C8a,https://www.gsea-msigdb.org/gsea/msigdb/mouse/geneset/HALLMARK_COAGULATION,MM,Mus musculus
HALLMARK_COAGULATION,C8b,https://www.gsea-msigdb.org/gsea/msigdb/mouse/geneset/HALLMARK_COAGULATION,MM,Mus musculus
HALLMARK_COAGULATION,C8g,https://www.gsea-msigdb.org/gsea/msigdb/mouse/geneset/HALLMARK_COAGULATION,MM,Mus musculus
HALLMARK_COAGULATION,C9,https://www.gsea-msigdb.org/gsea/msigdb/mouse/geneset/HALLMARK_COAGULATION,MM,Mus musculus
HALLMARK_COAGULATION,Capn2,https://www.gsea-msigdb.org/gsea/msigdb/mouse/geneset/HALLMARK_COAGULATION,MM,Mus musculus
HALLMARK_COAGULATION,Capn5,https://www.gsea-msigdb.org/gsea/msigdb/mouse/geneset/HALLMARK_COAGULATION,MM,Mus musculus
HALLMARK_COAGULATION,Casp9,https://www.gsea-msigdb.org/gsea/msigdb/mouse/geneset/HALLMARK_COAGULATION,MM,Mus musculus
HALLMARK_COAGULATION,Cd9,https://www.gsea-msigdb.org/gsea/msigdb/mouse/geneset/HALLMARK_COAGULATION,MM,Mus musculus
HALLMARK_COAGULATION,Cfb,https://www.gsea-msigdb.org/gsea/msigdb/mouse/geneset/HALLMARK_COAGULATION,MM,Mus musculus
HALLMARK_COAGULATION,Cfd,https://www.gsea-msigdb.org/gsea/msigdb/mouse/geneset/HALLMARK_COAGULATION,MM,Mus musculus
HALLMARK_COAGULATION,Cfh,https://www.gsea-msigdb.org/gsea/msigdb/mouse/geneset/HALLMARK_COAGULATION,MM,Mus musculus
HALLMARK_COAGULATION,Cfi,https://www.gsea-msigdb.org/gsea/msigdb/mouse/geneset/HALLMARK_COAGULATION,MM,Mus musculus
HALLMARK_COAGULATION,Clu,https://www.gsea-msigdb.org/gsea/msigdb/mouse/geneset/HALLMARK_COAGULATION,MM,Mus musculus
HALLMARK_COAGULATION,Comp,https://www.gsea-msigdb.org/gsea/msigdb/mouse/geneset/HALLMARK_COAGULATION,MM,Mus musculus
HALLMARK_COAGULATION,Cpb2,https://www.gsea-msigdb.org/gsea/msigdb/mouse/geneset/HALLMARK_COAGULATION,MM,Mus musculus
HALLMARK_COAGULATION,Cpn1,https://www.gsea-msigdb.org/gsea/msigdb/mouse/geneset/HALLMARK_COAGULATION,MM,Mus musculus
HALLMARK_COAGULATION,Cpq,https://www.gsea-msigdb.org/gsea/msigdb/mouse/geneset/HALLMARK_COAGULATION,MM,Mus musculus
HALLMARK_COAGULATION,Crip2,https://www.gsea-msigdb.org/gsea/msigdb/mouse/geneset/HALLMARK_COAGULATION,MM,Mus musculus
HALLMARK_COAGULATION,Csrp1,https://www.gsea-msigdb.org/gsea/msigdb/mouse/geneset/HALLMARK_COAGULATION,MM,Mus musculus
HALLMARK_COAGULATION,Ctsb,https://www.gsea-msigdb.org/gsea/msigdb/mouse/geneset/HALLMARK_COAGULATION,MM,Mus musculus
HALLMARK_COAGULATION,Ctse,https://www.gsea-msigdb.org/gsea/msigdb/mouse/geneset/HALLMARK_COAGULATION,MM,Mus musculus
HALLMARK_COAGULATION,Ctsh,https://www.gsea-msigdb.org/gsea/msigdb/mouse/geneset/HALLMARK_COAGULATION,MM,Mus musculus
HALLMARK_COAGULATION,Ctsk,https://www.gsea-msigdb.org/gsea/msigdb/mouse/geneset/HALLMARK_COAGULATION,MM,Mus musculus
HALLMARK_COAGULATION,Ctsl,https://www.gsea-msigdb.org/gsea/msigdb/mouse/geneset/HALLMARK_COAGULATION,MM,Mus musculus
HALLMARK_COAGULATION,Ctso,https://www.gsea-msigdb.org/gsea/msigdb/mouse/geneset/HALLMARK_COAGULATION,MM,Mus musculus
HALLMARK_COAGULATION,Dct,https://www.gsea-msigdb.org/gsea/msigdb/mouse/geneset/HALLMARK_COAGULATION,MM,Mus musculus
HALLMARK_COAGULATION,Dpp4,https://www.gsea-msigdb.org/gsea/msigdb/mouse/geneset/HALLMARK_COAGULATION,MM,Mus musculus
HALLMARK_COAGULATION,Dusp14,https://www.gsea-msigdb.org/gsea/msigdb/mouse/geneset/HALLMARK_COAGULATION,MM,Mus musculus
HALLMARK_COAGULATION,Dusp6,https://www.gsea-msigdb.org/gsea/msigdb/mouse/geneset/HALLMARK_COAGULATION,MM,Mus musculus
HALLMARK_COAGULATION,F10,https://www.gsea-msigdb.org/gsea/msigdb/mouse/geneset/HALLMARK_COAGULATION,MM,Mus musculus
HALLMARK_COAGULATION,F11,https://www.gsea-msigdb.org/gsea/msigdb/mouse/geneset/HALLMARK_COAGULATION,MM,Mus musculus
HALLMARK_COAGULATION,F12,https://www.gsea-msigdb.org/gsea/msigdb/mouse/geneset/HALLMARK_COAGULATION,MM,Mus musculus
HALLMARK_COAGULATION,F13b,https://www.gsea-msigdb.org/gsea/msigdb/mouse/geneset/HALLMARK_COAGULATION,MM,Mus musculus
HALLMARK_COAGULATION,F2,https://www.gsea-msigdb.org/gsea/msigdb/mouse/geneset/HALLMARK_COAGULATION,MM,Mus musculus
HALLMARK_COAGULATION,F2rl2,https://www.gsea-msigdb.org/gsea/msigdb/mouse/geneset/HALLMARK_COAGULATION,MM,Mus musculus
HALLMARK_COAGULATION,F3,https://www.gsea-msigdb.org/gsea/msigdb/mouse/geneset/HALLMARK_COAGULATION,MM,Mus musculus
HALLMARK_COAGULATION,F8,https://www.gsea-msigdb.org/gsea/msigdb/mouse/geneset/HALLMARK_COAGULATION,MM,Mus musculus
HALLMARK_COAGULATION,F9,https://www.gsea-msigdb.org/gsea/msigdb/mouse/geneset/HALLMARK_COAGULATION,MM,Mus musculus
HALLMARK_COAGULATION,Fbn1,https://www.gsea-msigdb.org/gsea/msigdb/mouse/geneset/HALLMARK_COAGULATION,MM,Mus musculus
HALLMARK_COAGULATION,Fga,https://www.gsea-msigdb.org/gsea/msigdb/mouse/geneset/HALLMARK_COAGULATION,MM,Mus musculus
HALLMARK_COAGULATION,Fgg,https://www.gsea-msigdb.org/gsea/msigdb/mouse/geneset/HALLMARK_COAGULATION,MM,Mus musculus
HALLMARK_COAGULATION,Fn1,https://www.gsea-msigdb.org/gsea/msigdb/mouse/geneset/HALLMARK_COAGULATION,MM,Mus musculus
HALLMARK_COAGULATION,Furin,https://www.gsea-msigdb.org/gsea/msigdb/mouse/geneset/HALLMARK_COAGULATION,MM,Mus musculus
HALLMARK_COAGULATION,Fyn,https://www.gsea-msigdb.org/gsea/msigdb/mouse/geneset/HALLMARK_COAGULATION,MM,Mus musculus
HALLMARK_COAGULATION,Gda,https://www.gsea-msigdb.org/gsea/msigdb/mouse/geneset/HALLMARK_COAGULATION,MM,Mus musculus
HALLMARK_COAGULATION,Gnb2,https://www.gsea-msigdb.org/gsea/msigdb/mouse/geneset/HALLMARK_COAGULATION,MM,Mus musculus
HALLMARK_COAGULATION,Gng12,https://www.gsea-msigdb.org/gsea/msigdb/mouse/geneset/HALLMARK_COAGULATION,MM,Mus musculus
HALLMARK_COAGULATION,Gp1ba,https://www.gsea-msigdb.org/gsea/msigdb/mouse/geneset/HALLMARK_COAGULATION,MM,Mus musculus
HALLMARK_COAGULATION,Gp9,https://www.gsea-msigdb.org/gsea/msigdb/mouse/geneset/HALLMARK_COAGULATION,MM,Mus musculus
HALLMARK_COAGULATION,Gsn,https://www.gsea-msigdb.org/gsea/msigdb/mouse/geneset/HALLMARK_COAGULATION,MM,Mus musculus
HALLMARK_COAGULATION,Hmgcs2,https://www.gsea-msigdb.org/gsea/msigdb/mouse/geneset/HALLMARK_COAGULATION,MM,Mus musculus
HALLMARK_COAGULATION,Hnf4a,https://www.gsea-msigdb.org/gsea/msigdb/mouse/geneset/HALLMARK_COAGULATION,MM,Mus musculus
HALLMARK_COAGULATION,Hpn,https://www.gsea-msigdb.org/gsea/msigdb/mouse/geneset/HALLMARK_COAGULATION,MM,Mus musculus
HALLMARK_COAGULATION,Hrg,https://www.gsea-msigdb.org/gsea/msigdb/mouse/geneset/HALLMARK_COAGULATION,MM,Mus musculus
HALLMARK_COAGULATION,Htra1,https://www.gsea-msigdb.org/gsea/msigdb/mouse/geneset/HALLMARK_COAGULATION,MM,Mus musculus
HALLMARK_COAGULATION,Iscu,https://www.gsea-msigdb.org/gsea/msigdb/mouse/geneset/HALLMARK_COAGULATION,MM,Mus musculus
HALLMARK_COAGULATION,Itga2,https://www.gsea-msigdb.org/gsea/msigdb/mouse/geneset/HALLMARK_COAGULATION,MM,Mus musculus
HALLMARK_COAGULATION,Itgb3,https://www.gsea-msigdb.org/gsea/msigdb/mouse/geneset/HALLMARK_COAGULATION,MM,Mus musculus
HALLMARK_COAGULATION,Itih1,https://www.gsea-msigdb.org/gsea/msigdb/mouse/geneset/HALLMARK_COAGULATION,MM,Mus musculus
HALLMARK_COAGULATION,Klf7,https://www.gsea-msigdb.org/gsea/msigdb/mouse/geneset/HALLMARK_COAGULATION,MM,Mus musculus
HALLMARK_COAGULATION,Klk8,https://www.gsea-msigdb.org/gsea/msigdb/mouse/geneset/HALLMARK_COAGULATION,MM,Mus musculus
HALLMARK_COAGULATION,Klkb1,https://www.gsea-msigdb.org/gsea/msigdb/mouse/geneset/HALLMARK_COAGULATION,MM,Mus musculus
HALLMARK_COAGULATION,Lamp2,https://www.gsea-msigdb.org/gsea/msigdb/mouse/geneset/HALLMARK_COAGULATION,MM,Mus musculus
HALLMARK_COAGULATION,Lgmn,https://www.gsea-msigdb.org/gsea/msigdb/mouse/geneset/HALLMARK_COAGULATION,MM,Mus musculus
HALLMARK_COAGULATION,Lrp1,https://www.gsea-msigdb.org/gsea/msigdb/mouse/geneset/HALLMARK_COAGULATION,MM,Mus musculus
HALLMARK_COAGULATION,Lta4h,https://www.gsea-msigdb.org/gsea/msigdb/mouse/geneset/HALLMARK_COAGULATION,MM,Mus musculus
HALLMARK_COAGULATION,Maff,https://www.gsea-msigdb.org/gsea/msigdb/mouse/geneset/HALLMARK_COAGULATION,MM,Mus musculus
HALLMARK_COAGULATION,Masp2,https://www.gsea-msigdb.org/gsea/msigdb/mouse/geneset/HALLMARK_COAGULATION,MM,Mus musculus
HALLMARK_COAGULATION,Mbl2,https://www.gsea-msigdb.org/gsea/msigdb/mouse/geneset/HALLMARK_COAGULATION,MM,Mus musculus
HALLMARK_COAGULATION,Mep1a,https://www.gsea-msigdb.org/gsea/msigdb/mouse/geneset/HALLMARK_COAGULATION,MM,Mus musculus
HALLMARK_COAGULATION,Mmp10,https://www.gsea-msigdb.org/gsea/msigdb/mouse/geneset/HALLMARK_COAGULATION,MM,Mus musculus
HALLMARK_COAGULATION,Mmp11,https://www.gsea-msigdb.org/gsea/msigdb/mouse/geneset/HALLMARK_COAGULATION,MM,Mus musculus
HALLMARK_COAGULATION,Mmp14,https://www.gsea-msigdb.org/gsea/msigdb/mouse/geneset/HALLMARK_COAGULATION,MM,Mus musculus
HALLMARK_COAGULATION,Mmp15,https://www.gsea-msigdb.org/gsea/msigdb/mouse/geneset/HALLMARK_COAGULATION,MM,Mus musculus
HALLMARK_COAGULATION,Mmp2,https://www.gsea-msigdb.org/gsea/msigdb/mouse/geneset/HALLMARK_COAGULATION,MM,Mus musculus
HALLMARK_COAGULATION,Mmp3,https://www.gsea-msigdb.org/gsea/msigdb/mouse/geneset/HALLMARK_COAGULATION,MM,Mus musculus
HALLMARK_COAGULATION,Mmp7,https://www.gsea-msigdb.org/gsea/msigdb/mouse/geneset/HALLMARK_COAGULATION,MM,Mus musculus
HALLMARK_COAGULATION,Mmp8,https://www.gsea-msigdb.org/gsea/msigdb/mouse/geneset/HALLMARK_COAGULATION,MM,Mus musculus
HALLMARK_COAGULATION,Mmp9,https://www.gsea-msigdb.org/gsea/msigdb/mouse/geneset/HALLMARK_COAGULATION,MM,Mus musculus
HALLMARK_COAGULATION,Msrb2,https://www.gsea-msigdb.org/gsea/msigdb/mouse/geneset/HALLMARK_COAGULATION,MM,Mus musculus
HALLMARK_COAGULATION,Mst1,https://www.gsea-msigdb.org/gsea/msigdb/mouse/geneset/HALLMARK_COAGULATION,MM,Mus musculus
HALLMARK_COAGULATION,Olr1,https://www.gsea-msigdb.org/gsea/msigdb/mouse/geneset/HALLMARK_COAGULATION,MM,Mus musculus
HALLMARK_COAGULATION,P2ry1,https://www.gsea-msigdb.org/gsea/msigdb/mouse/geneset/HALLMARK_COAGULATION,MM,Mus musculus
HALLMARK_COAGULATION,Pdgfb,https://www.gsea-msigdb.org/gsea/msigdb/mouse/geneset/HALLMARK_COAGULATION,MM,Mus musculus
HALLMARK_COAGULATION,Pecam1,https://www.gsea-msigdb.org/gsea/msigdb/mouse/geneset/HALLMARK_COAGULATION,MM,Mus musculus
HALLMARK_COAGULATION,Pef1,https://www.gsea-msigdb.org/gsea/msigdb/mouse/geneset/HALLMARK_COAGULATION,MM,Mus musculus
HALLMARK_COAGULATION,Pf4,https://www.gsea-msigdb.org/gsea/msigdb/mouse/geneset/HALLMARK_COAGULATION,MM,Mus musculus
HALLMARK_COAGULATION,Plat,https://www.gsea-msigdb.org/gsea/msigdb/mouse/geneset/HALLMARK_COAGULATION,MM,Mus musculus
HALLMARK_COAGULATION,Plau,https://www.gsea-msigdb.org/gsea/msigdb/mouse/geneset/HALLMARK_COAGULATION,MM,Mus musculus
HALLMARK_COAGULATION,Plek,https://www.gsea-msigdb.org/gsea/msigdb/mouse/geneset/HALLMARK_COAGULATION,MM,Mus musculus
HALLMARK_COAGULATION,Plg,https://www.gsea-msigdb.org/gsea/msigdb/mouse/geneset/HALLMARK_COAGULATION,MM,Mus musculus
HALLMARK_COAGULATION,Prep,https://www.gsea-msigdb.org/gsea/msigdb/mouse/geneset/HALLMARK_COAGULATION,MM,Mus musculus
HALLMARK_COAGULATION,Proc,https://www.gsea-msigdb.org/gsea/msigdb/mouse/geneset/HALLMARK_COAGULATION,MM,Mus musculus
HALLMARK_COAGULATION,Pros1,https://www.gsea-msigdb.org/gsea/msigdb/mouse/geneset/HALLMARK_COAGULATION,MM,Mus musculus
HALLMARK_COAGULATION,Proz,https://www.gsea-msigdb.org/gsea/msigdb/mouse/geneset/HALLMARK_COAGULATION,MM,Mus musculus
HALLMARK_COAGULATION,Prss23,https://www.gsea-msigdb.org/gsea/msigdb/mouse/geneset/HALLMARK_COAGULATION,MM,Mus musculus
HALLMARK_COAGULATION,Rabif,https://www.gsea-msigdb.org/gsea/msigdb/mouse/geneset/HALLMARK_COAGULATION,MM,Mus musculus
HALLMARK_COAGULATION,Rac1,https://www.gsea-msigdb.org/gsea/msigdb/mouse/geneset/HALLMARK_COAGULATION,MM,Mus musculus
HALLMARK_COAGULATION,Rapgef3,https://www.gsea-msigdb.org/gsea/msigdb/mouse/geneset/HALLMARK_COAGULATION,MM,Mus musculus
HALLMARK_COAGULATION,Rgn,https://www.gsea-msigdb.org/gsea/msigdb/mouse/geneset/HALLMARK_COAGULATION,MM,Mus musculus
HALLMARK_COAGULATION,S100a1,https://www.gsea-msigdb.org/gsea/msigdb/mouse/geneset/HALLMARK_COAGULATION,MM,Mus musculus
HALLMARK_COAGULATION,S100a13,https://www.gsea-msigdb.org/gsea/msigdb/mouse/geneset/HALLMARK_COAGULATION,MM,Mus musculus
HALLMARK_COAGULATION,Serpinb2,https://www.gsea-msigdb.org/gsea/msigdb/mouse/geneset/HALLMARK_COAGULATION,MM,Mus musculus
HALLMARK_COAGULATION,Serpinc1,https://www.gsea-msigdb.org/gsea/msigdb/mouse/geneset/HALLMARK_COAGULATION,MM,Mus musculus
HALLMARK_COAGULATION,Serpine1,https://www.gsea-msigdb.org/gsea/msigdb/mouse/geneset/HALLMARK_COAGULATION,MM,Mus musculus
HALLMARK_COAGULATION,Serping1,https://www.gsea-msigdb.org/gsea/msigdb/mouse/geneset/HALLMARK_COAGULATION,MM,Mus musculus
HALLMARK_COAGULATION,Sh2b2,https://www.gsea-msigdb.org/gsea/msigdb/mouse/geneset/HALLMARK_COAGULATION,MM,Mus musculus
HALLMARK_COAGULATION,Sirt2,https://www.gsea-msigdb.org/gsea/msigdb/mouse/geneset/HALLMARK_COAGULATION,MM,Mus musculus
HALLMARK_COAGULATION,Sparc,https://www.gsea-msigdb.org/gsea/msigdb/mouse/geneset/HALLMARK_COAGULATION,MM,Mus musculus
HALLMARK_COAGULATION,Tfpi2,https://www.gsea-msigdb.org/gsea/msigdb/mouse/geneset/HALLMARK_COAGULATION,MM,Mus musculus
HALLMARK_COAGULATION,Thbd,https://www.gsea-msigdb.org/gsea/msigdb/mouse/geneset/HALLMARK_COAGULATION,MM,Mus musculus
HALLMARK_COAGULATION,Thbs1,https://www.gsea-msigdb.org/gsea/msigdb/mouse/geneset/HALLMARK_COAGULATION,MM,Mus musculus
HALLMARK_COAGULATION,Timp1,https://www.gsea-msigdb.org/gsea/msigdb/mouse/geneset/HALLMARK_COAGULATION,MM,Mus musculus
HALLMARK_COAGULATION,Timp3,https://www.gsea-msigdb.org/gsea/msigdb/mouse/geneset/HALLMARK_COAGULATION,MM,Mus musculus
HALLMARK_COAGULATION,Tmprss6,https://www.gsea-msigdb.org/gsea/msigdb/mouse/geneset/HALLMARK_COAGULATION,MM,Mus musculus
HALLMARK_COAGULATION,Trf,https://www.gsea-msigdb.org/gsea/msigdb/mouse/geneset/HALLMARK_COAGULATION,MM,Mus musculus
HALLMARK_COAGULATION,Usp11,https://www.gsea-msigdb.org/gsea/msigdb/mouse/geneset/HALLMARK_COAGULATION,MM,Mus musculus
HALLMARK_COAGULATION,Vwf,https://www.gsea-msigdb.org/gsea/msigdb/mouse/geneset/HALLMARK_COAGULATION,MM,Mus musculus
HALLMARK_COAGULATION,Wdr1,https://www.gsea-msigdb.org/gsea/msigdb/mouse/geneset/HALLMARK_COAGULATION,MM,Mus musculus
HALLMARK_COMPLEMENT,Actn2,https://www.gsea-msigdb.org/gsea/msigdb/mouse/geneset/HALLMARK_COMPLEMENT,MM,Mus musculus
HALLMARK_COMPLEMENT,Adam9,https://www.gsea-msigdb.org/gsea/msigdb/mouse/geneset/HALLMARK_COMPLEMENT,MM,Mus musculus
HALLMARK_COMPLEMENT,Adra2b,https://www.gsea-msigdb.org/gsea/msigdb/mouse/geneset/HALLMARK_COMPLEMENT,MM,Mus musculus
HALLMARK_COMPLEMENT,Akap10,https://www.gsea-msigdb.org/gsea/msigdb/mouse/geneset/HALLMARK_COMPLEMENT,MM,Mus musculus
HALLMARK_COMPLEMENT,Ang,https://www.gsea-msigdb.org/gsea/msigdb/mouse/geneset/HALLMARK_COMPLEMENT,MM,Mus musculus
HALLMARK_COMPLEMENT,Anxa5,https://www.gsea-msigdb.org/gsea/msigdb/mouse/geneset/HALLMARK_COMPLEMENT,MM,Mus musculus
HALLMARK_COMPLEMENT,Apoa4,https://www.gsea-msigdb.org/gsea/msigdb/mouse/geneset/HALLMARK_COMPLEMENT,MM,Mus musculus
HALLMARK_COMPLEMENT,Apoc1,https://www.gsea-msigdb.org/gsea/msigdb/mouse/geneset/HALLMARK_COMPLEMENT,MM,Mus musculus
HALLMARK_COMPLEMENT,Atox1,https://www.gsea-msigdb.org/gsea/msigdb/mouse/geneset/HALLMARK_COMPLEMENT,MM,Mus musculus
HALLMARK_COMPLEMENT,Brpf3,https://www.gsea-msigdb.org/gsea/msigdb/mouse/geneset/HALLMARK_COMPLEMENT,MM,Mus musculus
HALLMARK_COMPLEMENT,C1qa,https://www.gsea-msigdb.org/gsea/msigdb/mouse/geneset/HALLMARK_COMPLEMENT,MM,Mus musculus
HALLMARK_COMPLEMENT,C1qc,https://www.gsea-msigdb.org/gsea/msigdb/mouse/geneset/HALLMARK_COMPLEMENT,MM,Mus musculus
HALLMARK_COMPLEMENT,C1s1,https://www.gsea-msigdb.org/gsea/msigdb/mouse/geneset/HALLMARK_COMPLEMENT,MM,Mus musculus
HALLMARK_COMPLEMENT,C2,https://www.gsea-msigdb.org/gsea/msigdb/mouse/geneset/HALLMARK_COMPLEMENT,MM,Mus musculus
HALLMARK_COMPLEMENT,C3,https://www.gsea-msigdb.org/gsea/msigdb/mouse/geneset/HALLMARK_COMPLEMENT,MM,Mus musculus
HALLMARK_COMPLEMENT,C9,https://www.gsea-msigdb.org/gsea/msigdb/mouse/geneset/HALLMARK_COMPLEMENT,MM,Mus musculus
HALLMARK_COMPLEMENT,Calm1,https://www.gsea-msigdb.org/gsea/msigdb/mouse/geneset/HALLMARK_COMPLEMENT,MM,Mus musculus
HALLMARK_COMPLEMENT,Calm3,https://www.gsea-msigdb.org/gsea/msigdb/mouse/geneset/HALLMARK_COMPLEMENT,MM,Mus musculus
HALLMARK_COMPLEMENT,Car2,https://www.gsea-msigdb.org/gsea/msigdb/mouse/geneset/HALLMARK_COMPLEMENT,MM,Mus musculus
HALLMARK_COMPLEMENT,Casp1,https://www.gsea-msigdb.org/gsea/msigdb/mouse/geneset/HALLMARK_COMPLEMENT,MM,Mus musculus
HALLMARK_COMPLEMENT,Casp3,https://www.gsea-msigdb.org/gsea/msigdb/mouse/geneset/HALLMARK_COMPLEMENT,MM,Mus musculus
HALLMARK_COMPLEMENT,Casp4,https://www.gsea-msigdb.org/gsea/msigdb/mouse/geneset/HALLMARK_COMPLEMENT,MM,Mus musculus
HALLMARK_COMPLEMENT,Casp7,https://www.gsea-msigdb.org/gsea/msigdb/mouse/geneset/HALLMARK_COMPLEMENT,MM,Mus musculus
HALLMARK_COMPLEMENT,Casp9,https://www.gsea-msigdb.org/gsea/msigdb/mouse/geneset/HALLMARK_COMPLEMENT,MM,Mus musculus
HALLMARK_COMPLEMENT,Cblb,https://www.gsea-msigdb.org/gsea/msigdb/mouse/geneset/HALLMARK_COMPLEMENT,MM,Mus musculus
HALLMARK_COMPLEMENT,Ccl5,https://www.gsea-msigdb.org/gsea/msigdb/mouse/geneset/HALLMARK_COMPLEMENT,MM,Mus musculus
HALLMARK_COMPLEMENT,Cd36,https://www.gsea-msigdb.org/gsea/msigdb/mouse/geneset/HALLMARK_COMPLEMENT,MM,Mus musculus
HALLMARK_COMPLEMENT,Cd40lg,https://www.gsea-msigdb.org/gsea/msigdb/mouse/geneset/HALLMARK_COMPLEMENT,MM,Mus musculus
HALLMARK_COMPLEMENT,Cd46,https://www.gsea-msigdb.org/gsea/msigdb/mouse/geneset/HALLMARK_COMPLEMENT,MM,Mus musculus
HALLMARK_COMPLEMENT,Cda,https://www.gsea-msigdb.org/gsea/msigdb/mouse/geneset/HALLMARK_COMPLEMENT,MM,Mus musculus
HALLMARK_COMPLEMENT,Cdh13,https://www.gsea-msigdb.org/gsea/msigdb/mouse/geneset/HALLMARK_COMPLEMENT,MM,Mus musculus
HALLMARK_COMPLEMENT,Cdk5r1,https://www.gsea-msigdb.org/gsea/msigdb/mouse/geneset/HALLMARK_COMPLEMENT,MM,Mus musculus
HALLMARK_COMPLEMENT,Cebpb,https://www.gsea-msigdb.org/gsea/msigdb/mouse/geneset/HALLMARK_COMPLEMENT,MM,Mus musculus
HALLMARK_COMPLEMENT,Cfb,https://www.gsea-msigdb.org/gsea/msigdb/mouse/geneset/HALLMARK_COMPLEMENT,MM,Mus musculus
HALLMARK_COMPLEMENT,Cfh,https://www.gsea-msigdb.org/gsea/msigdb/mouse/geneset/HALLMARK_COMPLEMENT,MM,Mus musculus
HALLMARK_COMPLEMENT,Clu,https://www.gsea-msigdb.org/gsea/msigdb/mouse/geneset/HALLMARK_COMPLEMENT,MM,Mus musculus
HALLMARK_COMPLEMENT,Col4a2,https://www.gsea-msigdb.org/gsea/msigdb/mouse/geneset/HALLMARK_COMPLEMENT,MM,Mus musculus
HALLMARK_COMPLEMENT,Cp,https://www.gsea-msigdb.org/gsea/msigdb/mouse/geneset/HALLMARK_COMPLEMENT,MM,Mus musculus
HALLMARK_COMPLEMENT,Cpm,https://www.gsea-msigdb.org/gsea/msigdb/mouse/geneset/HALLMARK_COMPLEMENT,MM,Mus musculus
HALLMARK_COMPLEMENT,Cpq,https://www.gsea-msigdb.org/gsea/msigdb/mouse/geneset/HALLMARK_COMPLEMENT,MM,Mus musculus
HALLMARK_COMPLEMENT,Cr2,https://www.gsea-msigdb.org/gsea/msigdb/mouse/geneset/HALLMARK_COMPLEMENT,MM,Mus musculus
HALLMARK_COMPLEMENT,Csrp1,https://www.gsea-msigdb.org/gsea/msigdb/mouse/geneset/HALLMARK_COMPLEMENT,MM,Mus musculus
HALLMARK_COMPLEMENT,Ctsb,https://www.gsea-msigdb.org/gsea/msigdb/mouse/geneset/HALLMARK_COMPLEMENT,MM,Mus musculus
HALLMARK_COMPLEMENT,Ctsc,https://www.gsea-msigdb.org/gsea/msigdb/mouse/geneset/HALLMARK_COMPLEMENT,MM,Mus musculus
HALLMARK_COMPLEMENT,Ctsd,https://www.gsea-msigdb.org/gsea/msigdb/mouse/geneset/HALLMARK_COMPLEMENT,MM,Mus musculus
HALLMARK_COMPLEMENT,Ctsh,https://www.gsea-msigdb.org/gsea/msigdb/mouse/geneset/HALLMARK_COMPLEMENT,MM,Mus musculus
HALLMARK_COMPLEMENT,Ctsl,https://www.gsea-msigdb.org/gsea/msigdb/mouse/geneset/HALLMARK_COMPLEMENT,MM,Mus musculus
HALLMARK_COMPLEMENT,Ctso,https://www.gsea-msigdb.org/gsea/msigdb/mouse/geneset/HALLMARK_COMPLEMENT,MM,Mus musculus
HALLMARK_COMPLEMENT,Ctss,https://www.gsea-msigdb.org/gsea/msigdb/mouse/geneset/HALLMARK_COMPLEMENT,MM,Mus musculus
HALLMARK_COMPLEMENT,Dgkg,https://www.gsea-msigdb.org/gsea/msigdb/mouse/geneset/HALLMARK_COMPLEMENT,MM,Mus musculus
HALLMARK_COMPLEMENT,Dgkh,https://www.gsea-msigdb.org/gsea/msigdb/mouse/geneset/HALLMARK_COMPLEMENT,MM,Mus musculus
HALLMARK_COMPLEMENT,Dock10,https://www.gsea-msigdb.org/gsea/msigdb/mouse/geneset/HALLMARK_COMPLEMENT,MM,Mus musculus
HALLMARK_COMPLEMENT,Dock4,https://www.gsea-msigdb.org/gsea/msigdb/mouse/geneset/HALLMARK_COMPLEMENT,MM,Mus musculus
HALLMARK_COMPLEMENT,Dock9,https://www.gsea-msigdb.org/gsea/msigdb/mouse/geneset/HALLMARK_COMPLEMENT,MM,Mus musculus
HALLMARK_COMPLEMENT,Dpp4,https://www.gsea-msigdb.org/gsea/msigdb/mouse/geneset/HALLMARK_COMPLEMENT,MM,Mus musculus
HALLMARK_COMPLEMENT,Dusp5,https://www.gsea-msigdb.org/gsea/msigdb/mouse/geneset/HALLMARK_COMPLEMENT,MM,Mus musculus
HALLMARK_COMPLEMENT,Dusp6,https://www.gsea-msigdb.org/gsea/msigdb/mouse/geneset/HALLMARK_COMPLEMENT,MM,Mus musculus
HALLMARK_COMPLEMENT,Dyrk2,https://www.gsea-msigdb.org/gsea/msigdb/mouse/geneset/HALLMARK_COMPLEMENT,MM,Mus musculus
HALLMARK_COMPLEMENT,Ehd1,https://www.gsea-msigdb.org/gsea/msigdb/mouse/geneset/HALLMARK_COMPLEMENT,MM,Mus musculus
HALLMARK_COMPLEMENT,F10,https://www.gsea-msigdb.org/gsea/msigdb/mouse/geneset/HALLMARK_COMPLEMENT,MM,Mus musculus
HALLMARK_COMPLEMENT,F2,https://www.gsea-msigdb.org/gsea/msigdb/mouse/geneset/HALLMARK_COMPLEMENT,MM,Mus musculus
HALLMARK_COMPLEMENT,F3,https://www.gsea-msigdb.org/gsea/msigdb/mouse/geneset/HALLMARK_COMPLEMENT,MM,Mus musculus
HALLMARK_COMPLEMENT,F5,https://www.gsea-msigdb.org/gsea/msigdb/mouse/geneset/HALLMARK_COMPLEMENT,MM,Mus musculus
HALLMARK_COMPLEMENT,F7,https://www.gsea-msigdb.org/gsea/msigdb/mouse/geneset/HALLMARK_COMPLEMENT,MM,Mus musculus
HALLMARK_COMPLEMENT,F8,https://www.gsea-msigdb.org/gsea/msigdb/mouse/geneset/HALLMARK_COMPLEMENT,MM,Mus musculus
HALLMARK_COMPLEMENT,Fcer1g,https://www.gsea-msigdb.org/gsea/msigdb/mouse/geneset/HALLMARK_COMPLEMENT,MM,Mus musculus
HALLMARK_COMPLEMENT,Fcnb,https://www.gsea-msigdb.org/gsea/msigdb/mouse/geneset/HALLMARK_COMPLEMENT,MM,Mus musculus
HALLMARK_COMPLEMENT,Fdx1,https://www.gsea-msigdb.org/gsea/msigdb/mouse/geneset/HALLMARK_COMPLEMENT,MM,Mus musculus
HALLMARK_COMPLEMENT,Fn1,https://www.gsea-msigdb.org/gsea/msigdb/mouse/geneset/HALLMARK_COMPLEMENT,MM,Mus musculus
HALLMARK_COMPLEMENT,Fyn,https://www.gsea-msigdb.org/gsea/msigdb/mouse/geneset/HALLMARK_COMPLEMENT,MM,Mus musculus
HALLMARK_COMPLEMENT,Gata3,https://www.gsea-msigdb.org/gsea/msigdb/mouse/geneset/HALLMARK_COMPLEMENT,MM,Mus musculus
HALLMARK_COMPLEMENT,Gca,https://www.gsea-msigdb.org/gsea/msigdb/mouse/geneset/HALLMARK_COMPLEMENT,MM,Mus musculus
HALLMARK_COMPLEMENT,Gmfb,https://www.gsea-msigdb.org/gsea/msigdb/mouse/geneset/HALLMARK_COMPLEMENT,MM,Mus musculus
HALLMARK_COMPLEMENT,Gnai2,https://www.gsea-msigdb.org/gsea/msigdb/mouse/geneset/HALLMARK_COMPLEMENT,MM,Mus musculus
HALLMARK_COMPLEMENT,Gnai3,https://www.gsea-msigdb.org/gsea/msigdb/mouse/geneset/HALLMARK_COMPLEMENT,MM,Mus musculus
HALLMARK_COMPLEMENT,Gnb2,https://www.gsea-msigdb.org/gsea/msigdb/mouse/geneset/HALLMARK_COMPLEMENT,MM,Mus musculus
HALLMARK_COMPLEMENT,Gnb4,https://www.gsea-msigdb.org/gsea/msigdb/mouse/geneset/HALLMARK_COMPLEMENT,MM,Mus musculus
HALLMARK_COMPLEMENT,Gng2,https://www.gsea-msigdb.org/gsea/msigdb/mouse/geneset/HALLMARK_COMPLEMENT,MM,Mus musculus
HALLMARK_COMPLEMENT,Gngt2,https://www.gsea-msigdb.org/gsea/msigdb/mouse/geneset/HALLMARK_COMPLEMENT,MM,Mus musculus
HALLMARK_COMPLEMENT,Gp1ba,https://www.gsea-msigdb.org/gsea/msigdb/mouse/geneset/HALLMARK_COMPLEMENT,MM,Mus musculus
HALLMARK_COMPLEMENT,Gp9,https://www.gsea-msigdb.org/gsea/msigdb/mouse/geneset/HALLMARK_COMPLEMENT,MM,Mus musculus
HALLMARK_COMPLEMENT,Gpd2,https://www.gsea-msigdb.org/gsea/msigdb/mouse/geneset/HALLMARK_COMPLEMENT,MM,Mus musculus
HALLMARK_COMPLEMENT,Grb2,https://www.gsea-msigdb.org/gsea/msigdb/mouse/geneset/HALLMARK_COMPLEMENT,MM,Mus musculus
HALLMARK_COMPLEMENT,Gzma,https://www.gsea-msigdb.org/gsea/msigdb/mouse/geneset/HALLMARK_COMPLEMENT,MM,Mus musculus
HALLMARK_COMPLEMENT,Gzmb,https://www.gsea-msigdb.org/gsea/msigdb/mouse/geneset/HALLMARK_COMPLEMENT,MM,Mus musculus
HALLMARK_COMPLEMENT,Gzmk,https://www.gsea-msigdb.org/gsea/msigdb/mouse/geneset/HALLMARK_COMPLEMENT,MM,Mus musculus
HALLMARK_COMPLEMENT,Hnf4a,https://www.gsea-msigdb.org/gsea/msigdb/mouse/geneset/HALLMARK_COMPLEMENT,MM,Mus musculus
HALLMARK_COMPLEMENT,Hpcal4,https://www.gsea-msigdb.org/gsea/msigdb/mouse/geneset/HALLMARK_COMPLEMENT,MM,Mus musculus
HALLMARK_COMPLEMENT,Hspa1a,https://www.gsea-msigdb.org/gsea/msigdb/mouse/geneset/HALLMARK_COMPLEMENT,MM,Mus musculus
HALLMARK_COMPLEMENT,Hspa5,https://www.gsea-msigdb.org/gsea/msigdb/mouse/geneset/HALLMARK_COMPLEMENT,MM,Mus musculus
HALLMARK_COMPLEMENT,Il6,https://www.gsea-msigdb.org/gsea/msigdb/mouse/geneset/HALLMARK_COMPLEMENT,MM,Mus musculus
HALLMARK_COMPLEMENT,Irf1,https://www.gsea-msigdb.org/gsea/msigdb/mouse/geneset/HALLMARK_COMPLEMENT,MM,Mus musculus
HALLMARK_COMPLEMENT,Irf2,https://www.gsea-msigdb.org/gsea/msigdb/mouse/geneset/HALLMARK_COMPLEMENT,MM,Mus musculus
HALLMARK_COMPLEMENT,Irf7,https://www.gsea-msigdb.org/gsea/msigdb/mouse/geneset/HALLMARK_COMPLEMENT,MM,Mus musculus
HALLMARK_COMPLEMENT,Itgam,https://www.gsea-msigdb.org/gsea/msigdb/mouse/geneset/HALLMARK_COMPLEMENT,MM,Mus musculus
HALLMARK_COMPLEMENT,Itih1,https://www.gsea-msigdb.org/gsea/msigdb/mouse/geneset/HALLMARK_COMPLEMENT,MM,Mus musculus
HALLMARK_COMPLEMENT,Jak2,https://www.gsea-msigdb.org/gsea/msigdb/mouse/geneset/HALLMARK_COMPLEMENT,MM,Mus musculus
HALLMARK_COMPLEMENT,Kcnip2,https://www.gsea-msigdb.org/gsea/msigdb/mouse/geneset/HALLMARK_COMPLEMENT,MM,Mus musculus
HALLMARK_COMPLEMENT,Kcnip3,https://www.gsea-msigdb.org/gsea/msigdb/mouse/geneset/HALLMARK_COMPLEMENT,MM,Mus musculus
HALLMARK_COMPLEMENT,Kif2a,https://www.gsea-msigdb.org/gsea/msigdb/mouse/geneset/HALLMARK_COMPLEMENT,MM,Mus musculus
HALLMARK_COMPLEMENT,Klk1,https://www.gsea-msigdb.org/gsea/msigdb/mouse/geneset/HALLMARK_COMPLEMENT,MM,Mus musculus
HALLMARK_COMPLEMENT,Klkb1,https://www.gsea-msigdb.org/gsea/msigdb/mouse/geneset/HALLMARK_COMPLEMENT,MM,Mus musculus
HALLMARK_COMPLEMENT,Kynu,https://www.gsea-msigdb.org/gsea/msigdb/mouse/geneset/HALLMARK_COMPLEMENT,MM,Mus musculus
HALLMARK_COMPLEMENT,L3mbtl4,https://www.gsea-msigdb.org/gsea/msigdb/mouse/geneset/HALLMARK_COMPLEMENT,MM,Mus musculus
HALLMARK_COMPLEMENT,Lamp2,https://www.gsea-msigdb.org/gsea/msigdb/mouse/geneset/HALLMARK_COMPLEMENT,MM,Mus musculus
HALLMARK_COMPLEMENT,Lap3,https://www.gsea-msigdb.org/gsea/msigdb/mouse/geneset/HALLMARK_COMPLEMENT,MM,Mus musculus
HALLMARK_COMPLEMENT,Lck,https://www.gsea-msigdb.org/gsea/msigdb/mouse/geneset/HALLMARK_COMPLEMENT,MM,Mus musculus
HALLMARK_COMPLEMENT,Lcp2,https://www.gsea-msigdb.org/gsea/msigdb/mouse/geneset/HALLMARK_COMPLEMENT,MM,Mus musculus
HALLMARK_COMPLEMENT,Lgals3,https://www.gsea-msigdb.org/gsea/msigdb/mouse/geneset/HALLMARK_COMPLEMENT,MM,Mus musculus
HALLMARK_COMPLEMENT,Lgmn,https://www.gsea-msigdb.org/gsea/msigdb/mouse/geneset/HALLMARK_COMPLEMENT,MM,Mus musculus
HALLMARK_COMPLEMENT,Lipa,https://www.gsea-msigdb.org/gsea/msigdb/mouse/geneset/HALLMARK_COMPLEMENT,MM,Mus musculus
HALLMARK_COMPLEMENT,Lrp1,https://www.gsea-msigdb.org/gsea/msigdb/mouse/geneset/HALLMARK_COMPLEMENT,MM,Mus musculus
HALLMARK_COMPLEMENT,Lta4h,https://www.gsea-msigdb.org/gsea/msigdb/mouse/geneset/HALLMARK_COMPLEMENT,MM,Mus musculus
HALLMARK_COMPLEMENT,Ltf,https://www.gsea-msigdb.org/gsea/msigdb/mouse/geneset/HALLMARK_COMPLEMENT,MM,Mus musculus
HALLMARK_COMPLEMENT,Lyn,https://www.gsea-msigdb.org/gsea/msigdb/mouse/geneset/HALLMARK_COMPLEMENT,MM,Mus musculus
HALLMARK_COMPLEMENT,Maff,https://www.gsea-msigdb.org/gsea/msigdb/mouse/geneset/HALLMARK_COMPLEMENT,MM,Mus musculus
HALLMARK_COMPLEMENT,Me1,https://www.gsea-msigdb.org/gsea/msigdb/mouse/geneset/HALLMARK_COMPLEMENT,MM,Mus musculus
HALLMARK_COMPLEMENT,Mmp12,https://www.gsea-msigdb.org/gsea/msigdb/mouse/geneset/HALLMARK_COMPLEMENT,MM,Mus musculus
HALLMARK_COMPLEMENT,Mmp13,https://www.gsea-msigdb.org/gsea/msigdb/mouse/geneset/HALLMARK_COMPLEMENT,MM,Mus musculus
HALLMARK_COMPLEMENT,Mmp14,https://www.gsea-msigdb.org/gsea/msigdb/mouse/geneset/HALLMARK_COMPLEMENT,MM,Mus musculus
HALLMARK_COMPLEMENT,Mmp15,https://www.gsea-msigdb.org/gsea/msigdb/mouse/geneset/HALLMARK_COMPLEMENT,MM,Mus musculus
HALLMARK_COMPLEMENT,Mmp8,https://www.gsea-msigdb.org/gsea/msigdb/mouse/geneset/HALLMARK_COMPLEMENT,MM,Mus musculus
HALLMARK_COMPLEMENT,Msrb1,https://www.gsea-msigdb.org/gsea/msigdb/mouse/geneset/HALLMARK_COMPLEMENT,MM,Mus musculus
HALLMARK_COMPLEMENT,Mt3,https://www.gsea-msigdb.org/gsea/msigdb/mouse/geneset/HALLMARK_COMPLEMENT,MM,Mus musculus
HALLMARK_COMPLEMENT,Notch4,https://www.gsea-msigdb.org/gsea/msigdb/mouse/geneset/HALLMARK_COMPLEMENT,MM,Mus musculus
HALLMARK_COMPLEMENT,Olr1,https://www.gsea-msigdb.org/gsea/msigdb/mouse/geneset/HALLMARK_COMPLEMENT,MM,Mus musculus
HALLMARK_COMPLEMENT,Pclo,https://www.gsea-msigdb.org/gsea/msigdb/mouse/geneset/HALLMARK_COMPLEMENT,MM,Mus musculus
HALLMARK_COMPLEMENT,Pcsk9,https://www.gsea-msigdb.org/gsea/msigdb/mouse/geneset/HALLMARK_COMPLEMENT,MM,Mus musculus
HALLMARK_COMPLEMENT,Pdgfb,https://www.gsea-msigdb.org/gsea/msigdb/mouse/geneset/HALLMARK_COMPLEMENT,MM,Mus musculus
HALLMARK_COMPLEMENT,Pdp1,https://www.gsea-msigdb.org/gsea/msigdb/mouse/geneset/HALLMARK_COMPLEMENT,MM,Mus musculus
HALLMARK_COMPLEMENT,Pfn1,https://www.gsea-msigdb.org/gsea/msigdb/mouse/geneset/HALLMARK_COMPLEMENT,MM,Mus musculus
HALLMARK_COMPLEMENT,Phex,https://www.gsea-msigdb.org/gsea/msigdb/mouse/geneset/HALLMARK_COMPLEMENT,MM,Mus musculus
HALLMARK_COMPLEMENT,Pik3ca,https://www.gsea-msigdb.org/gsea/msigdb/mouse/geneset/HALLMARK_COMPLEMENT,MM,Mus musculus
HALLMARK_COMPLEMENT,Pik3cg,https://www.gsea-msigdb.org/gsea/msigdb/mouse/geneset/HALLMARK_COMPLEMENT,MM,Mus musculus
HALLMARK_COMPLEMENT,Pik3r5,https://www.gsea-msigdb.org/gsea/msigdb/mouse/geneset/HALLMARK_COMPLEMENT,MM,Mus musculus
HALLMARK_COMPLEMENT,Pim1,https://www.gsea-msigdb.org/gsea/msigdb/mouse/geneset/HALLMARK_COMPLEMENT,MM,Mus musculus
HALLMARK_COMPLEMENT,Pla2g4a,https://www.gsea-msigdb.org/gsea/msigdb/mouse/geneset/HALLMARK_COMPLEMENT,MM,Mus musculus
HALLMARK_COMPLEMENT,Pla2g7,https://www.gsea-msigdb.org/gsea/msigdb/mouse/geneset/HALLMARK_COMPLEMENT,MM,Mus musculus
HALLMARK_COMPLEMENT,Plat,https://www.gsea-msigdb.org/gsea/msigdb/mouse/geneset/HALLMARK_COMPLEMENT,MM,Mus musculus
HALLMARK_COMPLEMENT,Plaur,https://www.gsea-msigdb.org/gsea/msigdb/mouse/geneset/HALLMARK_COMPLEMENT,MM,Mus musculus
HALLMARK_COMPLEMENT,Plek,https://www.gsea-msigdb.org/gsea/msigdb/mouse/geneset/HALLMARK_COMPLEMENT,MM,Mus musculus
HALLMARK_COMPLEMENT,Plg,https://www.gsea-msigdb.org/gsea/msigdb/mouse/geneset/HALLMARK_COMPLEMENT,MM,Mus musculus
HALLMARK_COMPLEMENT,Plscr1,https://www.gsea-msigdb.org/gsea/msigdb/mouse/geneset/HALLMARK_COMPLEMENT,MM,Mus musculus
HALLMARK_COMPLEMENT,Ppp2cb,https://www.gsea-msigdb.org/gsea/msigdb/mouse/geneset/HALLMARK_COMPLEMENT,MM,Mus musculus
HALLMARK_COMPLEMENT,Ppp4c,https://www.gsea-msigdb.org/gsea/msigdb/mouse/geneset/HALLMARK_COMPLEMENT,MM,Mus musculus
HALLMARK_COMPLEMENT,Prcp,https://www.gsea-msigdb.org/gsea/msigdb/mouse/geneset/HALLMARK_COMPLEMENT,MM,Mus musculus
HALLMARK_COMPLEMENT,Prdm4,https://www.gsea-msigdb.org/gsea/msigdb/mouse/geneset/HALLMARK_COMPLEMENT,MM,Mus musculus
HALLMARK_COMPLEMENT,Prep,https://www.gsea-msigdb.org/gsea/msigdb/mouse/geneset/HALLMARK_COMPLEMENT,MM,Mus musculus
HALLMARK_COMPLEMENT,Prkcd,https://www.gsea-msigdb.org/gsea/msigdb/mouse/geneset/HALLMARK_COMPLEMENT,MM,Mus musculus
HALLMARK_COMPLEMENT,Prss36,https://www.gsea-msigdb.org/gsea/msigdb/mouse/geneset/HALLMARK_COMPLEMENT,MM,Mus musculus
HALLMARK_COMPLEMENT,Psen1,https://www.gsea-msigdb.org/gsea/msigdb/mouse/geneset/HALLMARK_COMPLEMENT,MM,Mus musculus
HALLMARK_COMPLEMENT,Psmb9,https://www.gsea-msigdb.org/gsea/msigdb/mouse/geneset/HALLMARK_COMPLEMENT,MM,Mus musculus
HALLMARK_COMPLEMENT,Rabif,https://www.gsea-msigdb.org/gsea/msigdb/mouse/geneset/HALLMARK_COMPLEMENT,MM,Mus musculus
HALLMARK_COMPLEMENT,Raf1,https://www.gsea-msigdb.org/gsea/msigdb/mouse/geneset/HALLMARK_COMPLEMENT,MM,Mus musculus
HALLMARK_COMPLEMENT,Rasgrp1,https://www.gsea-msigdb.org/gsea/msigdb/mouse/geneset/HALLMARK_COMPLEMENT,MM,Mus musculus
HALLMARK_COMPLEMENT,Rbsn,https://www.gsea-msigdb.org/gsea/msigdb/mouse/geneset/HALLMARK_COMPLEMENT,MM,Mus musculus
HALLMARK_COMPLEMENT,Rce1,https://www.gsea-msigdb.org/gsea/msigdb/mouse/geneset/HALLMARK_COMPLEMENT,MM,Mus musculus
HALLMARK_COMPLEMENT,Rhog,https://www.gsea-msigdb.org/gsea/msigdb/mouse/geneset/HALLMARK_COMPLEMENT,MM,Mus musculus
HALLMARK_COMPLEMENT,Rnf4,https://www.gsea-msigdb.org/gsea/msigdb/mouse/geneset/HALLMARK_COMPLEMENT,MM,Mus musculus
HALLMARK_COMPLEMENT,S100a13,https://www.gsea-msigdb.org/gsea/msigdb/mouse/geneset/HALLMARK_COMPLEMENT,MM,Mus musculus
HALLMARK_COMPLEMENT,S100a9,https://www.gsea-msigdb.org/gsea/msigdb/mouse/geneset/HALLMARK_COMPLEMENT,MM,Mus musculus
HALLMARK_COMPLEMENT,Scg3,https://www.gsea-msigdb.org/gsea/msigdb/mouse/geneset/HALLMARK_COMPLEMENT,MM,Mus musculus
HALLMARK_COMPLEMENT,Serpinb2,https://www.gsea-msigdb.org/gsea/msigdb/mouse/geneset/HALLMARK_COMPLEMENT,MM,Mus musculus
HALLMARK_COMPLEMENT,Serpinc1,https://www.gsea-msigdb.org/gsea/msigdb/mouse/geneset/HALLMARK_COMPLEMENT,MM,Mus musculus
HALLMARK_COMPLEMENT,Serpine1,https://www.gsea-msigdb.org/gsea/msigdb/mouse/geneset/HALLMARK_COMPLEMENT,MM,Mus musculus
HALLMARK_COMPLEMENT,Serping1,https://www.gsea-msigdb.org/gsea/msigdb/mouse/geneset/HALLMARK_COMPLEMENT,MM,Mus musculus
HALLMARK_COMPLEMENT,Sh2b3,https://www.gsea-msigdb.org/gsea/msigdb/mouse/geneset/HALLMARK_COMPLEMENT,MM,Mus musculus
HALLMARK_COMPLEMENT,Sirt6,https://www.gsea-msigdb.org/gsea/msigdb/mouse/geneset/HALLMARK_COMPLEMENT,MM,Mus musculus
HALLMARK_COMPLEMENT,Spock2,https://www.gsea-msigdb.org/gsea/msigdb/mouse/geneset/HALLMARK_COMPLEMENT,MM,Mus musculus
HALLMARK_COMPLEMENT,Src,https://www.gsea-msigdb.org/gsea/msigdb/mouse/geneset/HALLMARK_COMPLEMENT,MM,Mus musculus
HALLMARK_COMPLEMENT,Stx4a,https://www.gsea-msigdb.org/gsea/msigdb/mouse/geneset/HALLMARK_COMPLEMENT,MM,Mus musculus
HALLMARK_COMPLEMENT,Tfpi2,https://www.gsea-msigdb.org/gsea/msigdb/mouse/geneset/HALLMARK_COMPLEMENT,MM,Mus musculus
HALLMARK_COMPLEMENT,Timp1,https://www.gsea-msigdb.org/gsea/msigdb/mouse/geneset/HALLMARK_COMPLEMENT,MM,Mus musculus
HALLMARK_COMPLEMENT,Timp2,https://www.gsea-msigdb.org/gsea/msigdb/mouse/geneset/HALLMARK_COMPLEMENT,MM,Mus musculus
HALLMARK_COMPLEMENT,Tmprss6,https://www.gsea-msigdb.org/gsea/msigdb/mouse/geneset/HALLMARK_COMPLEMENT,MM,Mus musculus
HALLMARK_COMPLEMENT,Tnfaip3,https://www.gsea-msigdb.org/gsea/msigdb/mouse/geneset/HALLMARK_COMPLEMENT,MM,Mus musculus
HALLMARK_COMPLEMENT,Usp14,https://www.gsea-msigdb.org/gsea/msigdb/mouse/geneset/HALLMARK_COMPLEMENT,MM,Mus musculus
HALLMARK_COMPLEMENT,Usp15,https://www.gsea-msigdb.org/gsea/msigdb/mouse/geneset/HALLMARK_COMPLEMENT,MM,Mus musculus
HALLMARK_COMPLEMENT,Usp16,https://www.gsea-msigdb.org/gsea/msigdb/mouse/geneset/HALLMARK_COMPLEMENT,MM,Mus musculus
HALLMARK_COMPLEMENT,Usp8,https://www.gsea-msigdb.org/gsea/msigdb/mouse/geneset/HALLMARK_COMPLEMENT,MM,Mus musculus
HALLMARK_COMPLEMENT,Vcpip1,https://www.gsea-msigdb.org/gsea/msigdb/mouse/geneset/HALLMARK_COMPLEMENT,MM,Mus musculus
HALLMARK_COMPLEMENT,Was,https://www.gsea-msigdb.org/gsea/msigdb/mouse/geneset/HALLMARK_COMPLEMENT,MM,Mus musculus
HALLMARK_COMPLEMENT,Xpnpep1,https://www.gsea-msigdb.org/gsea/msigdb/mouse/geneset/HALLMARK_COMPLEMENT,MM,Mus musculus
HALLMARK_COMPLEMENT,Zeb1,https://www.gsea-msigdb.org/gsea/msigdb/mouse/geneset/HALLMARK_COMPLEMENT,MM,Mus musculus
HALLMARK_COMPLEMENT,Zfpm2,https://www.gsea-msigdb.org/gsea/msigdb/mouse/geneset/HALLMARK_COMPLEMENT,MM,Mus musculus
HALLMARK_DNA_REPAIR,Aaas,https://www.gsea-msigdb.org/gsea/msigdb/mouse/geneset/HALLMARK_DNA_REPAIR,MM,Mus musculus
HALLMARK_DNA_REPAIR,Ada,https://www.gsea-msigdb.org/gsea/msigdb/mouse/geneset/HALLMARK_DNA_REPAIR,MM,Mus musculus
HALLMARK_DNA_REPAIR,Adcy6,https://www.gsea-msigdb.org/gsea/msigdb/mouse/geneset/HALLMARK_DNA_REPAIR,MM,Mus musculus
HALLMARK_DNA_REPAIR,Adrm1,https://www.gsea-msigdb.org/gsea/msigdb/mouse/geneset/HALLMARK_DNA_REPAIR,MM,Mus musculus
HALLMARK_DNA_REPAIR,Ago4,https://www.gsea-msigdb.org/gsea/msigdb/mouse/geneset/HALLMARK_DNA_REPAIR,MM,Mus musculus
HALLMARK_DNA_REPAIR,Ak1,https://www.gsea-msigdb.org/gsea/msigdb/mouse/geneset/HALLMARK_DNA_REPAIR,MM,Mus musculus
HALLMARK_DNA_REPAIR,Ak3,https://www.gsea-msigdb.org/gsea/msigdb/mouse/geneset/HALLMARK_DNA_REPAIR,MM,Mus musculus
HALLMARK_DNA_REPAIR,Alyref,https://www.gsea-msigdb.org/gsea/msigdb/mouse/geneset/HALLMARK_DNA_REPAIR,MM,Mus musculus
HALLMARK_DNA_REPAIR,Aprt,https://www.gsea-msigdb.org/gsea/msigdb/mouse/geneset/HALLMARK_DNA_REPAIR,MM,Mus musculus
HALLMARK_DNA_REPAIR,Arl6ip1,https://www.gsea-msigdb.org/gsea/msigdb/mouse/geneset/HALLMARK_DNA_REPAIR,MM,Mus musculus
HALLMARK_DNA_REPAIR,Bcam,https://www.gsea-msigdb.org/gsea/msigdb/mouse/geneset/HALLMARK_DNA_REPAIR,MM,Mus musculus
HALLMARK_DNA_REPAIR,Bcap31,https://www.gsea-msigdb.org/gsea/msigdb/mouse/geneset/HALLMARK_DNA_REPAIR,MM,Mus musculus
HALLMARK_DNA_REPAIR,Brf2,https://www.gsea-msigdb.org/gsea/msigdb/mouse/geneset/HALLMARK_DNA_REPAIR,MM,Mus musculus
HALLMARK_DNA_REPAIR,Cant1,https://www.gsea-msigdb.org/gsea/msigdb/mouse/geneset/HALLMARK_DNA_REPAIR,MM,Mus musculus
HALLMARK_DNA_REPAIR,Ccno,https://www.gsea-msigdb.org/gsea/msigdb/mouse/geneset/HALLMARK_DNA_REPAIR,MM,Mus musculus
HALLMARK_DNA_REPAIR,Cda,https://www.gsea-msigdb.org/gsea/msigdb/mouse/geneset/HALLMARK_DNA_REPAIR,MM,Mus musculus
HALLMARK_DNA_REPAIR,Cetn2,https://www.gsea-msigdb.org/gsea/msigdb/mouse/geneset/HALLMARK_DNA_REPAIR,MM,Mus musculus
HALLMARK_DNA_REPAIR,Clp1,https://www.gsea-msigdb.org/gsea/msigdb/mouse/geneset/HALLMARK_DNA_REPAIR,MM,Mus musculus
HALLMARK_DNA_REPAIR,Cmpk2,https://www.gsea-msigdb.org/gsea/msigdb/mouse/geneset/HALLMARK_DNA_REPAIR,MM,Mus musculus
HALLMARK_DNA_REPAIR,Cox17,https://www.gsea-msigdb.org/gsea/msigdb/mouse/geneset/HALLMARK_DNA_REPAIR,MM,Mus musculus
HALLMARK_DNA_REPAIR,Cstf3,https://www.gsea-msigdb.org/gsea/msigdb/mouse/geneset/HALLMARK_DNA_REPAIR,MM,Mus musculus
HALLMARK_DNA_REPAIR,Dad1,https://www.gsea-msigdb.org/gsea/msigdb/mouse/geneset/HALLMARK_DNA_REPAIR,MM,Mus musculus
HALLMARK_DNA_REPAIR,Dctn4,https://www.gsea-msigdb.org/gsea/msigdb/mouse/geneset/HALLMARK_DNA_REPAIR,MM,Mus musculus
HALLMARK_DNA_REPAIR,Ddb1,https://www.gsea-msigdb.org/gsea/msigdb/mouse/geneset/HALLMARK_DNA_REPAIR,MM,Mus musculus
HALLMARK_DNA_REPAIR,Ddb2,https://www.gsea-msigdb.org/gsea/msigdb/mouse/geneset/HALLMARK_DNA_REPAIR,MM,Mus musculus
HALLMARK_DNA_REPAIR,Dgcr8,https://www.gsea-msigdb.org/gsea/msigdb/mouse/geneset/HALLMARK_DNA_REPAIR,MM,Mus musculus
HALLMARK_DNA_REPAIR,Dguok,https://www.gsea-msigdb.org/gsea/msigdb/mouse/geneset/HALLMARK_DNA_REPAIR,MM,Mus musculus
HALLMARK_DNA_REPAIR,Dut,https://www.gsea-msigdb.org/gsea/msigdb/mouse/geneset/HALLMARK_DNA_REPAIR,MM,Mus musculus
HALLMARK_DNA_REPAIR,Edf1,https://www.gsea-msigdb.org/gsea/msigdb/mouse/geneset/HALLMARK_DNA_REPAIR,MM,Mus musculus
HALLMARK_DNA_REPAIR,Eif1b,https://www.gsea-msigdb.org/gsea/msigdb/mouse/geneset/HALLMARK_DNA_REPAIR,MM,Mus musculus
HALLMARK_DNA_REPAIR,Ell,https://www.gsea-msigdb.org/gsea/msigdb/mouse/geneset/HALLMARK_DNA_REPAIR,MM,Mus musculus
HALLMARK_DNA_REPAIR,Eloa,https://www.gsea-msigdb.org/gsea/msigdb/mouse/geneset/HALLMARK_DNA_REPAIR,MM,Mus musculus
HALLMARK_DNA_REPAIR,Ercc1,https://www.gsea-msigdb.org/gsea/msigdb/mouse/geneset/HALLMARK_DNA_REPAIR,MM,Mus musculus
HALLMARK_DNA_REPAIR,Ercc2,https://www.gsea-msigdb.org/gsea/msigdb/mouse/geneset/HALLMARK_DNA_REPAIR,MM,Mus musculus
HALLMARK_DNA_REPAIR,Ercc3,https://www.gsea-msigdb.org/gsea/msigdb/mouse/geneset/HALLMARK_DNA_REPAIR,MM,Mus musculus
HALLMARK_DNA_REPAIR,Ercc4,https://www.gsea-msigdb.org/gsea/msigdb/mouse/geneset/HALLMARK_DNA_REPAIR,MM,Mus musculus
HALLMARK_DNA_REPAIR,Ercc5,https://www.gsea-msigdb.org/gsea/msigdb/mouse/geneset/HALLMARK_DNA_REPAIR,MM,Mus musculus
HALLMARK_DNA_REPAIR,Ercc8,https://www.gsea-msigdb.org/gsea/msigdb/mouse/geneset/HALLMARK_DNA_REPAIR,MM,Mus musculus
HALLMARK_DNA_REPAIR,Fen1,https://www.gsea-msigdb.org/gsea/msigdb/mouse/geneset/HALLMARK_DNA_REPAIR,MM,Mus musculus
HALLMARK_DNA_REPAIR,Gmpr2,https://www.gsea-msigdb.org/gsea/msigdb/mouse/geneset/HALLMARK_DNA_REPAIR,MM,Mus musculus
HALLMARK_DNA_REPAIR,Gpx4,https://www.gsea-msigdb.org/gsea/msigdb/mouse/geneset/HALLMARK_DNA_REPAIR,MM,Mus musculus
HALLMARK_DNA_REPAIR,Gsdme,https://www.gsea-msigdb.org/gsea/msigdb/mouse/geneset/HALLMARK_DNA_REPAIR,MM,Mus musculus
HALLMARK_DNA_REPAIR,Gtf2a2,https://www.gsea-msigdb.org/gsea/msigdb/mouse/geneset/HALLMARK_DNA_REPAIR,MM,Mus musculus
HALLMARK_DNA_REPAIR,Gtf2b,https://www.gsea-msigdb.org/gsea/msigdb/mouse/geneset/HALLMARK_DNA_REPAIR,MM,Mus musculus
HALLMARK_DNA_REPAIR,Gtf2f1,https://www.gsea-msigdb.org/gsea/msigdb/mouse/geneset/HALLMARK_DNA_REPAIR,MM,Mus musculus
HALLMARK_DNA_REPAIR,Gtf2h1,https://www.gsea-msigdb.org/gsea/msigdb/mouse/geneset/HALLMARK_DNA_REPAIR,MM,Mus musculus
HALLMARK_DNA_REPAIR,Gtf2h3,https://www.gsea-msigdb.org/gsea/msigdb/mouse/geneset/HALLMARK_DNA_REPAIR,MM,Mus musculus
HALLMARK_DNA_REPAIR,Gtf2h5,https://www.gsea-msigdb.org/gsea/msigdb/mouse/geneset/HALLMARK_DNA_REPAIR,MM,Mus musculus
HALLMARK_DNA_REPAIR,Gtf3c5,https://www.gsea-msigdb.org/gsea/msigdb/mouse/geneset/HALLMARK_DNA_REPAIR,MM,Mus musculus
HALLMARK_DNA_REPAIR,Guk1,https://www.gsea-msigdb.org/gsea/msigdb/mouse/geneset/HALLMARK_DNA_REPAIR,MM,Mus musculus
HALLMARK_DNA_REPAIR,Hcls1,https://www.gsea-msigdb.org/gsea/msigdb/mouse/geneset/HALLMARK_DNA_REPAIR,MM,Mus musculus
HALLMARK_DNA_REPAIR,Hprt1,https://www.gsea-msigdb.org/gsea/msigdb/mouse/geneset/HALLMARK_DNA_REPAIR,MM,Mus musculus
HALLMARK_DNA_REPAIR,Impdh2,https://www.gsea-msigdb.org/gsea/msigdb/mouse/geneset/HALLMARK_DNA_REPAIR,MM,Mus musculus
HALLMARK_DNA_REPAIR,Itpa,https://www.gsea-msigdb.org/gsea/msigdb/mouse/geneset/HALLMARK_DNA_REPAIR,MM,Mus musculus
HALLMARK_DNA_REPAIR,Lig1,https://www.gsea-msigdb.org/gsea/msigdb/mouse/geneset/HALLMARK_DNA_REPAIR,MM,Mus musculus
HALLMARK_DNA_REPAIR,Mpc2,https://www.gsea-msigdb.org/gsea/msigdb/mouse/geneset/HALLMARK_DNA_REPAIR,MM,Mus musculus
HALLMARK_DNA_REPAIR,Mpg,https://www.gsea-msigdb.org/gsea/msigdb/mouse/geneset/HALLMARK_DNA_REPAIR,MM,Mus musculus
HALLMARK_DNA_REPAIR,Mrpl40,https://www.gsea-msigdb.org/gsea/msigdb/mouse/geneset/HALLMARK_DNA_REPAIR,MM,Mus musculus
HALLMARK_DNA_REPAIR,Ncbp2,https://www.gsea-msigdb.org/gsea/msigdb/mouse/geneset/HALLMARK_DNA_REPAIR,MM,Mus musculus
HALLMARK_DNA_REPAIR,Nelfb,https://www.gsea-msigdb.org/gsea/msigdb/mouse/geneset/HALLMARK_DNA_REPAIR,MM,Mus musculus
HALLMARK_DNA_REPAIR,Nelfcd,https://www.gsea-msigdb.org/gsea/msigdb/mouse/geneset/HALLMARK_DNA_REPAIR,MM,Mus musculus
HALLMARK_DNA_REPAIR,Nelfe,https://www.gsea-msigdb.org/gsea/msigdb/mouse/geneset/HALLMARK_DNA_REPAIR,MM,Mus musculus
HALLMARK_DNA_REPAIR,Nfx1,https://www.gsea-msigdb.org/gsea/msigdb/mouse/geneset/HALLMARK_DNA_REPAIR,MM,Mus musculus
HALLMARK_DNA_REPAIR,Nme1,https://www.gsea-msigdb.org/gsea/msigdb/mouse/geneset/HALLMARK_DNA_REPAIR,MM,Mus musculus
HALLMARK_DNA_REPAIR,Nme3,https://www.gsea-msigdb.org/gsea/msigdb/mouse/geneset/HALLMARK_DNA_REPAIR,MM,Mus musculus
HALLMARK_DNA_REPAIR,Nme4,https://www.gsea-msigdb.org/gsea/msigdb/mouse/geneset/HALLMARK_DNA_REPAIR,MM,Mus musculus
HALLMARK_DNA_REPAIR,Npr2,https://www.gsea-msigdb.org/gsea/msigdb/mouse/geneset/HALLMARK_DNA_REPAIR,MM,Mus musculus
HALLMARK_DNA_REPAIR,Nt5c,https://www.gsea-msigdb.org/gsea/msigdb/mouse/geneset/HALLMARK_DNA_REPAIR,MM,Mus musculus
HALLMARK_DNA_REPAIR,Nt5c3,https://www.gsea-msigdb.org/gsea/msigdb/mouse/geneset/HALLMARK_DNA_REPAIR,MM,Mus musculus
HALLMARK_DNA_REPAIR,Nudt21,https://www.gsea-msigdb.org/gsea/msigdb/mouse/geneset/HALLMARK_DNA_REPAIR,MM,Mus musculus
HALLMARK_DNA_REPAIR,Nudt9,https://www.gsea-msigdb.org/gsea/msigdb/mouse/geneset/HALLMARK_DNA_REPAIR,MM,Mus musculus
HALLMARK_DNA_REPAIR,Pcna,https://www.gsea-msigdb.org/gsea/msigdb/mouse/geneset/HALLMARK_DNA_REPAIR,MM,Mus musculus
HALLMARK_DNA_REPAIR,Pde4b,https://www.gsea-msigdb.org/gsea/msigdb/mouse/geneset/HALLMARK_DNA_REPAIR,MM,Mus musculus
HALLMARK_DNA_REPAIR,Pde6g,https://www.gsea-msigdb.org/gsea/msigdb/mouse/geneset/HALLMARK_DNA_REPAIR,MM,Mus musculus
HALLMARK_DNA_REPAIR,Pnp,https://www.gsea-msigdb.org/gsea/msigdb/mouse/geneset/HALLMARK_DNA_REPAIR,MM,Mus musculus
HALLMARK_DNA_REPAIR,Pola1,https://www.gsea-msigdb.org/gsea/msigdb/mouse/geneset/HALLMARK_DNA_REPAIR,MM,Mus musculus
HALLMARK_DNA_REPAIR,Pola2,https://www.gsea-msigdb.org/gsea/msigdb/mouse/geneset/HALLMARK_DNA_REPAIR,MM,Mus musculus
HALLMARK_DNA_REPAIR,Polb,https://www.gsea-msigdb.org/gsea/msigdb/mouse/geneset/HALLMARK_DNA_REPAIR,MM,Mus musculus
HALLMARK_DNA_REPAIR,Pold1,https://www.gsea-msigdb.org/gsea/msigdb/mouse/geneset/HALLMARK_DNA_REPAIR,MM,Mus musculus
HALLMARK_DNA_REPAIR,Pold3,https://www.gsea-msigdb.org/gsea/msigdb/mouse/geneset/HALLMARK_DNA_REPAIR,MM,Mus musculus
HALLMARK_DNA_REPAIR,Pold4,https://www.gsea-msigdb.org/gsea/msigdb/mouse/geneset/HALLMARK_DNA_REPAIR,MM,Mus musculus
HALLMARK_DNA_REPAIR,Pole4,https://www.gsea-msigdb.org/gsea/msigdb/mouse/geneset/HALLMARK_DNA_REPAIR,MM,Mus musculus
HALLMARK_DNA_REPAIR,Polh,https://www.gsea-msigdb.org/gsea/msigdb/mouse/geneset/HALLMARK_DNA_REPAIR,MM,Mus musculus
HALLMARK_DNA_REPAIR,Poll,https://www.gsea-msigdb.org/gsea/msigdb/mouse/geneset/HALLMARK_DNA_REPAIR,MM,Mus musculus
HALLMARK_DNA_REPAIR,Polr1c,https://www.gsea-msigdb.org/gsea/msigdb/mouse/geneset/HALLMARK_DNA_REPAIR,MM,Mus musculus
HALLMARK_DNA_REPAIR,Polr1d,https://www.gsea-msigdb.org/gsea/msigdb/mouse/geneset/HALLMARK_DNA_REPAIR,MM,Mus musculus
HALLMARK_DNA_REPAIR,Polr1h,https://www.gsea-msigdb.org/gsea/msigdb/mouse/geneset/HALLMARK_DNA_REPAIR,MM,Mus musculus
HALLMARK_DNA_REPAIR,Polr2a,https://www.gsea-msigdb.org/gsea/msigdb/mouse/geneset/HALLMARK_DNA_REPAIR,MM,Mus musculus
HALLMARK_DNA_REPAIR,Polr2c,https://www.gsea-msigdb.org/gsea/msigdb/mouse/geneset/HALLMARK_DNA_REPAIR,MM,Mus musculus
HALLMARK_DNA_REPAIR,Polr2d,https://www.gsea-msigdb.org/gsea/msigdb/mouse/geneset/HALLMARK_DNA_REPAIR,MM,Mus musculus
HALLMARK_DNA_REPAIR,Polr2e,https://www.gsea-msigdb.org/gsea/msigdb/mouse/geneset/HALLMARK_DNA_REPAIR,MM,Mus musculus
HALLMARK_DNA_REPAIR,Polr2f,https://www.gsea-msigdb.org/gsea/msigdb/mouse/geneset/HALLMARK_DNA_REPAIR,MM,Mus musculus
HALLMARK_DNA_REPAIR,Polr2g,https://www.gsea-msigdb.org/gsea/msigdb/mouse/geneset/HALLMARK_DNA_REPAIR,MM,Mus musculus
HALLMARK_DNA_REPAIR,Polr2h,https://www.gsea-msigdb.org/gsea/msigdb/mouse/geneset/HALLMARK_DNA_REPAIR,MM,Mus musculus
HALLMARK_DNA_REPAIR,Polr2i,https://www.gsea-msigdb.org/gsea/msigdb/mouse/geneset/HALLMARK_DNA_REPAIR,MM,Mus musculus
HALLMARK_DNA_REPAIR,Polr2j,https://www.gsea-msigdb.org/gsea/msigdb/mouse/geneset/HALLMARK_DNA_REPAIR,MM,Mus musculus
HALLMARK_DNA_REPAIR,Polr2k,https://www.gsea-msigdb.org/gsea/msigdb/mouse/geneset/HALLMARK_DNA_REPAIR,MM,Mus musculus
HALLMARK_DNA_REPAIR,Polr3c,https://www.gsea-msigdb.org/gsea/msigdb/mouse/geneset/HALLMARK_DNA_REPAIR,MM,Mus musculus
HALLMARK_DNA_REPAIR,Polr3gl,https://www.gsea-msigdb.org/gsea/msigdb/mouse/geneset/HALLMARK_DNA_REPAIR,MM,Mus musculus
HALLMARK_DNA_REPAIR,Pom121,https://www.gsea-msigdb.org/gsea/msigdb/mouse/geneset/HALLMARK_DNA_REPAIR,MM,Mus musculus
HALLMARK_DNA_REPAIR,Prim1,https://www.gsea-msigdb.org/gsea/msigdb/mouse/geneset/HALLMARK_DNA_REPAIR,MM,Mus musculus
HALLMARK_DNA_REPAIR,Rad51,https://www.gsea-msigdb.org/gsea/msigdb/mouse/geneset/HALLMARK_DNA_REPAIR,MM,Mus musculus
HALLMARK_DNA_REPAIR,Rad52,https://www.gsea-msigdb.org/gsea/msigdb/mouse/geneset/HALLMARK_DNA_REPAIR,MM,Mus musculus
HALLMARK_DNA_REPAIR,Rae1,https://www.gsea-msigdb.org/gsea/msigdb/mouse/geneset/HALLMARK_DNA_REPAIR,MM,Mus musculus
HALLMARK_DNA_REPAIR,Rala,https://www.gsea-msigdb.org/gsea/msigdb/mouse/geneset/HALLMARK_DNA_REPAIR,MM,Mus musculus
HALLMARK_DNA_REPAIR,Rbx1,https://www.gsea-msigdb.org/gsea/msigdb/mouse/geneset/HALLMARK_DNA_REPAIR,MM,Mus musculus
HALLMARK_DNA_REPAIR,Rev3l,https://www.gsea-msigdb.org/gsea/msigdb/mouse/geneset/HALLMARK_DNA_REPAIR,MM,Mus musculus
HALLMARK_DNA_REPAIR,Rfc2,https://www.gsea-msigdb.org/gsea/msigdb/mouse/geneset/HALLMARK_DNA_REPAIR,MM,Mus musculus
HALLMARK_DNA_REPAIR,Rfc3,https://www.gsea-msigdb.org/gsea/msigdb/mouse/geneset/HALLMARK_DNA_REPAIR,MM,Mus musculus
HALLMARK_DNA_REPAIR,Rfc4,https://www.gsea-msigdb.org/gsea/msigdb/mouse/geneset/HALLMARK_DNA_REPAIR,MM,Mus musculus
HALLMARK_DNA_REPAIR,Rfc5,https://www.gsea-msigdb.org/gsea/msigdb/mouse/geneset/HALLMARK_DNA_REPAIR,MM,Mus musculus
HALLMARK_DNA_REPAIR,Rnmt,https://www.gsea-msigdb.org/gsea/msigdb/mouse/geneset/HALLMARK_DNA_REPAIR,MM,Mus musculus
HALLMARK_DNA_REPAIR,Rpa2,https://www.gsea-msigdb.org/gsea/msigdb/mouse/geneset/HALLMARK_DNA_REPAIR,MM,Mus musculus
HALLMARK_DNA_REPAIR,Rpa3,https://www.gsea-msigdb.org/gsea/msigdb/mouse/geneset/HALLMARK_DNA_REPAIR,MM,Mus musculus
HALLMARK_DNA_REPAIR,Rrm2b,https://www.gsea-msigdb.org/gsea/msigdb/mouse/geneset/HALLMARK_DNA_REPAIR,MM,Mus musculus
HALLMARK_DNA_REPAIR,Sac3d1,https://www.gsea-msigdb.org/gsea/msigdb/mouse/geneset/HALLMARK_DNA_REPAIR,MM,Mus musculus
HALLMARK_DNA_REPAIR,Sdcbp,https://www.gsea-msigdb.org/gsea/msigdb/mouse/geneset/HALLMARK_DNA_REPAIR,MM,Mus musculus
HALLMARK_DNA_REPAIR,Sec61a1,https://www.gsea-msigdb.org/gsea/msigdb/mouse/geneset/HALLMARK_DNA_REPAIR,MM,Mus musculus
HALLMARK_DNA_REPAIR,Sf3a3,https://www.gsea-msigdb.org/gsea/msigdb/mouse/geneset/HALLMARK_DNA_REPAIR,MM,Mus musculus
HALLMARK_DNA_REPAIR,Smad5,https://www.gsea-msigdb.org/gsea/msigdb/mouse/geneset/HALLMARK_DNA_REPAIR,MM,Mus musculus
HALLMARK_DNA_REPAIR,Snapc4,https://www.gsea-msigdb.org/gsea/msigdb/mouse/geneset/HALLMARK_DNA_REPAIR,MM,Mus musculus
HALLMARK_DNA_REPAIR,Snapc5,https://www.gsea-msigdb.org/gsea/msigdb/mouse/geneset/HALLMARK_DNA_REPAIR,MM,Mus musculus
HALLMARK_DNA_REPAIR,Srsf6,https://www.gsea-msigdb.org/gsea/msigdb/mouse/geneset/HALLMARK_DNA_REPAIR,MM,Mus musculus
HALLMARK_DNA_REPAIR,Ssrp1,https://www.gsea-msigdb.org/gsea/msigdb/mouse/geneset/HALLMARK_DNA_REPAIR,MM,Mus musculus
HALLMARK_DNA_REPAIR,Stx3,https://www.gsea-msigdb.org/gsea/msigdb/mouse/geneset/HALLMARK_DNA_REPAIR,MM,Mus musculus
HALLMARK_DNA_REPAIR,Supt4a,https://www.gsea-msigdb.org/gsea/msigdb/mouse/geneset/HALLMARK_DNA_REPAIR,MM,Mus musculus
HALLMARK_DNA_REPAIR,Supt5,https://www.gsea-msigdb.org/gsea/msigdb/mouse/geneset/HALLMARK_DNA_REPAIR,MM,Mus musculus
HALLMARK_DNA_REPAIR,Surf1,https://www.gsea-msigdb.org/gsea/msigdb/mouse/geneset/HALLMARK_DNA_REPAIR,MM,Mus musculus
HALLMARK_DNA_REPAIR,Taf10,https://www.gsea-msigdb.org/gsea/msigdb/mouse/geneset/HALLMARK_DNA_REPAIR,MM,Mus musculus
HALLMARK_DNA_REPAIR,Taf12,https://www.gsea-msigdb.org/gsea/msigdb/mouse/geneset/HALLMARK_DNA_REPAIR,MM,Mus musculus
HALLMARK_DNA_REPAIR,Taf13,https://www.gsea-msigdb.org/gsea/msigdb/mouse/geneset/HALLMARK_DNA_REPAIR,MM,Mus musculus
HALLMARK_DNA_REPAIR,Taf1c,https://www.gsea-msigdb.org/gsea/msigdb/mouse/geneset/HALLMARK_DNA_REPAIR,MM,Mus musculus
HALLMARK_DNA_REPAIR,Taf6,https://www.gsea-msigdb.org/gsea/msigdb/mouse/geneset/HALLMARK_DNA_REPAIR,MM,Mus musculus
HALLMARK_DNA_REPAIR,Taf9,https://www.gsea-msigdb.org/gsea/msigdb/mouse/geneset/HALLMARK_DNA_REPAIR,MM,Mus musculus
HALLMARK_DNA_REPAIR,Tarbp2,https://www.gsea-msigdb.org/gsea/msigdb/mouse/geneset/HALLMARK_DNA_REPAIR,MM,Mus musculus
HALLMARK_DNA_REPAIR,Tk2,https://www.gsea-msigdb.org/gsea/msigdb/mouse/geneset/HALLMARK_DNA_REPAIR,MM,Mus musculus
HALLMARK_DNA_REPAIR,Trp53,https://www.gsea-msigdb.org/gsea/msigdb/mouse/geneset/HALLMARK_DNA_REPAIR,MM,Mus musculus
HALLMARK_DNA_REPAIR,Tsg101,https://www.gsea-msigdb.org/gsea/msigdb/mouse/geneset/HALLMARK_DNA_REPAIR,MM,Mus musculus
HALLMARK_DNA_REPAIR,Tyms,https://www.gsea-msigdb.org/gsea/msigdb/mouse/geneset/HALLMARK_DNA_REPAIR,MM,Mus musculus
HALLMARK_DNA_REPAIR,Umps,https://www.gsea-msigdb.org/gsea/msigdb/mouse/geneset/HALLMARK_DNA_REPAIR,MM,Mus musculus
HALLMARK_DNA_REPAIR,Upf3b,https://www.gsea-msigdb.org/gsea/msigdb/mouse/geneset/HALLMARK_DNA_REPAIR,MM,Mus musculus
HALLMARK_DNA_REPAIR,Usp11,https://www.gsea-msigdb.org/gsea/msigdb/mouse/geneset/HALLMARK_DNA_REPAIR,MM,Mus musculus
HALLMARK_DNA_REPAIR,Vps28,https://www.gsea-msigdb.org/gsea/msigdb/mouse/geneset/HALLMARK_DNA_REPAIR,MM,Mus musculus
HALLMARK_DNA_REPAIR,Vps37b,https://www.gsea-msigdb.org/gsea/msigdb/mouse/geneset/HALLMARK_DNA_REPAIR,MM,Mus musculus
HALLMARK_DNA_REPAIR,Vps37d,https://www.gsea-msigdb.org/gsea/msigdb/mouse/geneset/HALLMARK_DNA_REPAIR,MM,Mus musculus
HALLMARK_DNA_REPAIR,Xpc,https://www.gsea-msigdb.org/gsea/msigdb/mouse/geneset/HALLMARK_DNA_REPAIR,MM,Mus musculus
HALLMARK_DNA_REPAIR,Zfp707,https://www.gsea-msigdb.org/gsea/msigdb/mouse/geneset/HALLMARK_DNA_REPAIR,MM,Mus musculus
HALLMARK_DNA_REPAIR,Zwint,https://www.gsea-msigdb.org/gsea/msigdb/mouse/geneset/HALLMARK_DNA_REPAIR,MM,Mus musculus
HALLMARK_E2F_TARGETS,Ak2,https://www.gsea-msigdb.org/gsea/msigdb/mouse/geneset/HALLMARK_E2F_TARGETS,MM,Mus musculus
HALLMARK_E2F_TARGETS,Anp32e,https://www.gsea-msigdb.org/gsea/msigdb/mouse/geneset/HALLMARK_E2F_TARGETS,MM,Mus musculus
HALLMARK_E2F_TARGETS,Asf1a,https://www.gsea-msigdb.org/gsea/msigdb/mouse/geneset/HALLMARK_E2F_TARGETS,MM,Mus musculus
HALLMARK_E2F_TARGETS,Asf1b,https://www.gsea-msigdb.org/gsea/msigdb/mouse/geneset/HALLMARK_E2F_TARGETS,MM,Mus musculus
HALLMARK_E2F_TARGETS,Atad2,https://www.gsea-msigdb.org/gsea/msigdb/mouse/geneset/HALLMARK_E2F_TARGETS,MM,Mus musculus
HALLMARK_E2F_TARGETS,Aurka,https://www.gsea-msigdb.org/gsea/msigdb/mouse/geneset/HALLMARK_E2F_TARGETS,MM,Mus musculus
HALLMARK_E2F_TARGETS,Aurkb,https://www.gsea-msigdb.org/gsea/msigdb/mouse/geneset/HALLMARK_E2F_TARGETS,MM,Mus musculus
HALLMARK_E2F_TARGETS,Bard1,https://www.gsea-msigdb.org/gsea/msigdb/mouse/geneset/HALLMARK_E2F_TARGETS,MM,Mus musculus
HALLMARK_E2F_TARGETS,Birc5,https://www.gsea-msigdb.org/gsea/msigdb/mouse/geneset/HALLMARK_E2F_TARGETS,MM,Mus musculus
HALLMARK_E2F_TARGETS,Brca1,https://www.gsea-msigdb.org/gsea/msigdb/mouse/geneset/HALLMARK_E2F_TARGETS,MM,Mus musculus
HALLMARK_E2F_TARGETS,Brca2,https://www.gsea-msigdb.org/gsea/msigdb/mouse/geneset/HALLMARK_E2F_TARGETS,MM,Mus musculus
HALLMARK_E2F_TARGETS,Brms1l,https://www.gsea-msigdb.org/gsea/msigdb/mouse/geneset/HALLMARK_E2F_TARGETS,MM,Mus musculus
HALLMARK_E2F_TARGETS,Bub1b,https://www.gsea-msigdb.org/gsea/msigdb/mouse/geneset/HALLMARK_E2F_TARGETS,MM,Mus musculus
HALLMARK_E2F_TARGETS,Cbx5,https://www.gsea-msigdb.org/gsea/msigdb/mouse/geneset/HALLMARK_E2F_TARGETS,MM,Mus musculus
HALLMARK_E2F_TARGETS,Ccnb2,https://www.gsea-msigdb.org/gsea/msigdb/mouse/geneset/HALLMARK_E2F_TARGETS,MM,Mus musculus
HALLMARK_E2F_TARGETS,Ccne1,https://www.gsea-msigdb.org/gsea/msigdb/mouse/geneset/HALLMARK_E2F_TARGETS,MM,Mus musculus
HALLMARK_E2F_TARGETS,Ccp110,https://www.gsea-msigdb.org/gsea/msigdb/mouse/geneset/HALLMARK_E2F_TARGETS,MM,Mus musculus
HALLMARK_E2F_TARGETS,Cdc20,https://www.gsea-msigdb.org/gsea/msigdb/mouse/geneset/HALLMARK_E2F_TARGETS,MM,Mus musculus
HALLMARK_E2F_TARGETS,Cdc25a,https://www.gsea-msigdb.org/gsea/msigdb/mouse/geneset/HALLMARK_E2F_TARGETS,MM,Mus musculus
HALLMARK_E2F_TARGETS,Cdc25b,https://www.gsea-msigdb.org/gsea/msigdb/mouse/geneset/HALLMARK_E2F_TARGETS,MM,Mus musculus
HALLMARK_E2F_TARGETS,Cdca3,https://www.gsea-msigdb.org/gsea/msigdb/mouse/geneset/HALLMARK_E2F_TARGETS,MM,Mus musculus
HALLMARK_E2F_TARGETS,Cdca8,https://www.gsea-msigdb.org/gsea/msigdb/mouse/geneset/HALLMARK_E2F_TARGETS,MM,Mus musculus
HALLMARK_E2F_TARGETS,Cdk1,https://www.gsea-msigdb.org/gsea/msigdb/mouse/geneset/HALLMARK_E2F_TARGETS,MM,Mus musculus
HALLMARK_E2F_TARGETS,Cdk4,https://www.gsea-msigdb.org/gsea/msigdb/mouse/geneset/HALLMARK_E2F_TARGETS,MM,Mus musculus
HALLMARK_E2F_TARGETS,Cdkn1a,https://www.gsea-msigdb.org/gsea/msigdb/mouse/geneset/HALLMARK_E2F_TARGETS,MM,Mus musculus
HALLMARK_E2F_TARGETS,Cdkn1b,https://www.gsea-msigdb.org/gsea/msigdb/mouse/geneset/HALLMARK_E2F_TARGETS,MM,Mus musculus
HALLMARK_E2F_TARGETS,Cdkn2a,https://www.gsea-msigdb.org/gsea/msigdb/mouse/geneset/HALLMARK_E2F_TARGETS,MM,Mus musculus
HALLMARK_E2F_TARGETS,Cdkn2c,https://www.gsea-msigdb.org/gsea/msigdb/mouse/geneset/HALLMARK_E2F_TARGETS,MM,Mus musculus
HALLMARK_E2F_TARGETS,Cdkn3,https://www.gsea-msigdb.org/gsea/msigdb/mouse/geneset/HALLMARK_E2F_TARGETS,MM,Mus musculus
HALLMARK_E2F_TARGETS,Cenpe,https://www.gsea-msigdb.org/gsea/msigdb/mouse/geneset/HALLMARK_E2F_TARGETS,MM,Mus musculus
HALLMARK_E2F_TARGETS,Cenpm,https://www.gsea-msigdb.org/gsea/msigdb/mouse/geneset/HALLMARK_E2F_TARGETS,MM,Mus musculus
HALLMARK_E2F_TARGETS,Chek1,https://www.gsea-msigdb.org/gsea/msigdb/mouse/geneset/HALLMARK_E2F_TARGETS,MM,Mus musculus
HALLMARK_E2F_TARGETS,Chek2,https://www.gsea-msigdb.org/gsea/msigdb/mouse/geneset/HALLMARK_E2F_TARGETS,MM,Mus musculus
HALLMARK_E2F_TARGETS,Cit,https://www.gsea-msigdb.org/gsea/msigdb/mouse/geneset/HALLMARK_E2F_TARGETS,MM,Mus musculus
HALLMARK_E2F_TARGETS,Cks1b,https://www.gsea-msigdb.org/gsea/msigdb/mouse/geneset/HALLMARK_E2F_TARGETS,MM,Mus musculus
HALLMARK_E2F_TARGETS,Cks2,https://www.gsea-msigdb.org/gsea/msigdb/mouse/geneset/HALLMARK_E2F_TARGETS,MM,Mus musculus
HALLMARK_E2F_TARGETS,Cnot9,https://www.gsea-msigdb.org/gsea/msigdb/mouse/geneset/HALLMARK_E2F_TARGETS,MM,Mus musculus
HALLMARK_E2F_TARGETS,Cse1l,https://www.gsea-msigdb.org/gsea/msigdb/mouse/geneset/HALLMARK_E2F_TARGETS,MM,Mus musculus
HALLMARK_E2F_TARGETS,Ctcf,https://www.gsea-msigdb.org/gsea/msigdb/mouse/geneset/HALLMARK_E2F_TARGETS,MM,Mus musculus
HALLMARK_E2F_TARGETS,Ctps1,https://www.gsea-msigdb.org/gsea/msigdb/mouse/geneset/HALLMARK_E2F_TARGETS,MM,Mus musculus
HALLMARK_E2F_TARGETS,Dck,https://www.gsea-msigdb.org/gsea/msigdb/mouse/geneset/HALLMARK_E2F_TARGETS,MM,Mus musculus
HALLMARK_E2F_TARGETS,Dclre1b,https://www.gsea-msigdb.org/gsea/msigdb/mouse/geneset/HALLMARK_E2F_TARGETS,MM,Mus musculus
HALLMARK_E2F_TARGETS,Dctpp1,https://www.gsea-msigdb.org/gsea/msigdb/mouse/geneset/HALLMARK_E2F_TARGETS,MM,Mus musculus
HALLMARK_E2F_TARGETS,Ddx39a,https://www.gsea-msigdb.org/gsea/msigdb/mouse/geneset/HALLMARK_E2F_TARGETS,MM,Mus musculus
HALLMARK_E2F_TARGETS,Dek,https://www.gsea-msigdb.org/gsea/msigdb/mouse/geneset/HALLMARK_E2F_TARGETS,MM,Mus musculus
HALLMARK_E2F_TARGETS,Depdc1a,https://www.gsea-msigdb.org/gsea/msigdb/mouse/geneset/HALLMARK_E2F_TARGETS,MM,Mus musculus
HALLMARK_E2F_TARGETS,Diaph3,https://www.gsea-msigdb.org/gsea/msigdb/mouse/geneset/HALLMARK_E2F_TARGETS,MM,Mus musculus
HALLMARK_E2F_TARGETS,Dlgap5,https://www.gsea-msigdb.org/gsea/msigdb/mouse/geneset/HALLMARK_E2F_TARGETS,MM,Mus musculus
HALLMARK_E2F_TARGETS,Dnmt1,https://www.gsea-msigdb.org/gsea/msigdb/mouse/geneset/HALLMARK_E2F_TARGETS,MM,Mus musculus
HALLMARK_E2F_TARGETS,Donson,https://www.gsea-msigdb.org/gsea/msigdb/mouse/geneset/HALLMARK_E2F_TARGETS,MM,Mus musculus
HALLMARK_E2F_TARGETS,Dscc1,https://www.gsea-msigdb.org/gsea/msigdb/mouse/geneset/HALLMARK_E2F_TARGETS,MM,Mus musculus
HALLMARK_E2F_TARGETS,Dut,https://www.gsea-msigdb.org/gsea/msigdb/mouse/geneset/HALLMARK_E2F_TARGETS,MM,Mus musculus
HALLMARK_E2F_TARGETS,E2f8,https://www.gsea-msigdb.org/gsea/msigdb/mouse/geneset/HALLMARK_E2F_TARGETS,MM,Mus musculus
HALLMARK_E2F_TARGETS,Eed,https://www.gsea-msigdb.org/gsea/msigdb/mouse/geneset/HALLMARK_E2F_TARGETS,MM,Mus musculus
HALLMARK_E2F_TARGETS,Eif2s1,https://www.gsea-msigdb.org/gsea/msigdb/mouse/geneset/HALLMARK_E2F_TARGETS,MM,Mus musculus
HALLMARK_E2F_TARGETS,Espl1,https://www.gsea-msigdb.org/gsea/msigdb/mouse/geneset/HALLMARK_E2F_TARGETS,MM,Mus musculus
HALLMARK_E2F_TARGETS,Exosc8,https://www.gsea-msigdb.org/gsea/msigdb/mouse/geneset/HALLMARK_E2F_TARGETS,MM,Mus musculus
HALLMARK_E2F_TARGETS,Ezh2,https://www.gsea-msigdb.org/gsea/msigdb/mouse/geneset/HALLMARK_E2F_TARGETS,MM,Mus musculus
HALLMARK_E2F_TARGETS,Gins1,https://www.gsea-msigdb.org/gsea/msigdb/mouse/geneset/HALLMARK_E2F_TARGETS,MM,Mus musculus
HALLMARK_E2F_TARGETS,Gins3,https://www.gsea-msigdb.org/gsea/msigdb/mouse/geneset/HALLMARK_E2F_TARGETS,MM,Mus musculus
HALLMARK_E2F_TARGETS,Gins4,https://www.gsea-msigdb.org/gsea/msigdb/mouse/geneset/HALLMARK_E2F_TARGETS,MM,Mus musculus
HALLMARK_E2F_TARGETS,Gspt1,https://www.gsea-msigdb.org/gsea/msigdb/mouse/geneset/HALLMARK_E2F_TARGETS,MM,Mus musculus
HALLMARK_E2F_TARGETS,H2ax,https://www.gsea-msigdb.org/gsea/msigdb/mouse/geneset/HALLMARK_E2F_TARGETS,MM,Mus musculus
HALLMARK_E2F_TARGETS,H2az1,https://www.gsea-msigdb.org/gsea/msigdb/mouse/geneset/HALLMARK_E2F_TARGETS,MM,Mus musculus
HALLMARK_E2F_TARGETS,Hells,https://www.gsea-msigdb.org/gsea/msigdb/mouse/geneset/HALLMARK_E2F_TARGETS,MM,Mus musculus
HALLMARK_E2F_TARGETS,Hmga1b,https://www.gsea-msigdb.org/gsea/msigdb/mouse/geneset/HALLMARK_E2F_TARGETS,MM,Mus musculus
HALLMARK_E2F_TARGETS,Hmgb2,https://www.gsea-msigdb.org/gsea/msigdb/mouse/geneset/HALLMARK_E2F_TARGETS,MM,Mus musculus
HALLMARK_E2F_TARGETS,Hmgb3,https://www.gsea-msigdb.org/gsea/msigdb/mouse/geneset/HALLMARK_E2F_TARGETS,MM,Mus musculus
HALLMARK_E2F_TARGETS,Hmmr,https://www.gsea-msigdb.org/gsea/msigdb/mouse/geneset/HALLMARK_E2F_TARGETS,MM,Mus musculus
HALLMARK_E2F_TARGETS,Hnrnpd,https://www.gsea-msigdb.org/gsea/msigdb/mouse/geneset/HALLMARK_E2F_TARGETS,MM,Mus musculus
HALLMARK_E2F_TARGETS,Hus1,https://www.gsea-msigdb.org/gsea/msigdb/mouse/geneset/HALLMARK_E2F_TARGETS,MM,Mus musculus
HALLMARK_E2F_TARGETS,Ilf3,https://www.gsea-msigdb.org/gsea/msigdb/mouse/geneset/HALLMARK_E2F_TARGETS,MM,Mus musculus
HALLMARK_E2F_TARGETS,Ing3,https://www.gsea-msigdb.org/gsea/msigdb/mouse/geneset/HALLMARK_E2F_TARGETS,MM,Mus musculus
HALLMARK_E2F_TARGETS,Ipo7,https://www.gsea-msigdb.org/gsea/msigdb/mouse/geneset/HALLMARK_E2F_TARGETS,MM,Mus musculus
HALLMARK_E2F_TARGETS,Jpt1,https://www.gsea-msigdb.org/gsea/msigdb/mouse/geneset/HALLMARK_E2F_TARGETS,MM,Mus musculus
HALLMARK_E2F_TARGETS,Kif18b,https://www.gsea-msigdb.org/gsea/msigdb/mouse/geneset/HALLMARK_E2F_TARGETS,MM,Mus musculus
HALLMARK_E2F_TARGETS,Kif22,https://www.gsea-msigdb.org/gsea/msigdb/mouse/geneset/HALLMARK_E2F_TARGETS,MM,Mus musculus
HALLMARK_E2F_TARGETS,Kif2c,https://www.gsea-msigdb.org/gsea/msigdb/mouse/geneset/HALLMARK_E2F_TARGETS,MM,Mus musculus
HALLMARK_E2F_TARGETS,Kif4,https://www.gsea-msigdb.org/gsea/msigdb/mouse/geneset/HALLMARK_E2F_TARGETS,MM,Mus musculus
HALLMARK_E2F_TARGETS,Lbr,https://www.gsea-msigdb.org/gsea/msigdb/mouse/geneset/HALLMARK_E2F_TARGETS,MM,Mus musculus
HALLMARK_E2F_TARGETS,Lig1,https://www.gsea-msigdb.org/gsea/msigdb/mouse/geneset/HALLMARK_E2F_TARGETS,MM,Mus musculus
HALLMARK_E2F_TARGETS,Lmnb1,https://www.gsea-msigdb.org/gsea/msigdb/mouse/geneset/HALLMARK_E2F_TARGETS,MM,Mus musculus
HALLMARK_E2F_TARGETS,Lsm8,https://www.gsea-msigdb.org/gsea/msigdb/mouse/geneset/HALLMARK_E2F_TARGETS,MM,Mus musculus
HALLMARK_E2F_TARGETS,Luc7l3,https://www.gsea-msigdb.org/gsea/msigdb/mouse/geneset/HALLMARK_E2F_TARGETS,MM,Mus musculus
HALLMARK_E2F_TARGETS,Lyar,https://www.gsea-msigdb.org/gsea/msigdb/mouse/geneset/HALLMARK_E2F_TARGETS,MM,Mus musculus
HALLMARK_E2F_TARGETS,Mad2l1,https://www.gsea-msigdb.org/gsea/msigdb/mouse/geneset/HALLMARK_E2F_TARGETS,MM,Mus musculus
HALLMARK_E2F_TARGETS,Mcm2,https://www.gsea-msigdb.org/gsea/msigdb/mouse/geneset/HALLMARK_E2F_TARGETS,MM,Mus musculus
HALLMARK_E2F_TARGETS,Mcm3,https://www.gsea-msigdb.org/gsea/msigdb/mouse/geneset/HALLMARK_E2F_TARGETS,MM,Mus musculus
HALLMARK_E2F_TARGETS,Mcm4,https://www.gsea-msigdb.org/gsea/msigdb/mouse/geneset/HALLMARK_E2F_TARGETS,MM,Mus musculus
HALLMARK_E2F_TARGETS,Mcm5,https://www.gsea-msigdb.org/gsea/msigdb/mouse/geneset/HALLMARK_E2F_TARGETS,MM,Mus musculus
HALLMARK_E2F_TARGETS,Mcm6,https://www.gsea-msigdb.org/gsea/msigdb/mouse/geneset/HALLMARK_E2F_TARGETS,MM,Mus musculus
HALLMARK_E2F_TARGETS,Mcm7,https://www.gsea-msigdb.org/gsea/msigdb/mouse/geneset/HALLMARK_E2F_TARGETS,MM,Mus musculus
HALLMARK_E2F_TARGETS,Melk,https://www.gsea-msigdb.org/gsea/msigdb/mouse/geneset/HALLMARK_E2F_TARGETS,MM,Mus musculus
HALLMARK_E2F_TARGETS,Mki67,https://www.gsea-msigdb.org/gsea/msigdb/mouse/geneset/HALLMARK_E2F_TARGETS,MM,Mus musculus
HALLMARK_E2F_TARGETS,Mlh1,https://www.gsea-msigdb.org/gsea/msigdb/mouse/geneset/HALLMARK_E2F_TARGETS,MM,Mus musculus
HALLMARK_E2F_TARGETS,Mms22l,https://www.gsea-msigdb.org/gsea/msigdb/mouse/geneset/HALLMARK_E2F_TARGETS,MM,Mus musculus
HALLMARK_E2F_TARGETS,Mre11a,https://www.gsea-msigdb.org/gsea/msigdb/mouse/geneset/HALLMARK_E2F_TARGETS,MM,Mus musculus
HALLMARK_E2F_TARGETS,Msh2,https://www.gsea-msigdb.org/gsea/msigdb/mouse/geneset/HALLMARK_E2F_TARGETS,MM,Mus musculus
HALLMARK_E2F_TARGETS,Mthfd2,https://www.gsea-msigdb.org/gsea/msigdb/mouse/geneset/HALLMARK_E2F_TARGETS,MM,Mus musculus
HALLMARK_E2F_TARGETS,Mxd3,https://www.gsea-msigdb.org/gsea/msigdb/mouse/geneset/HALLMARK_E2F_TARGETS,MM,Mus musculus
HALLMARK_E2F_TARGETS,Mybl2,https://www.gsea-msigdb.org/gsea/msigdb/mouse/geneset/HALLMARK_E2F_TARGETS,MM,Mus musculus
HALLMARK_E2F_TARGETS,Myc,https://www.gsea-msigdb.org/gsea/msigdb/mouse/geneset/HALLMARK_E2F_TARGETS,MM,Mus musculus
HALLMARK_E2F_TARGETS,Nap1l1,https://www.gsea-msigdb.org/gsea/msigdb/mouse/geneset/HALLMARK_E2F_TARGETS,MM,Mus musculus
HALLMARK_E2F_TARGETS,Nasp,https://www.gsea-msigdb.org/gsea/msigdb/mouse/geneset/HALLMARK_E2F_TARGETS,MM,Mus musculus
HALLMARK_E2F_TARGETS,Nbn,https://www.gsea-msigdb.org/gsea/msigdb/mouse/geneset/HALLMARK_E2F_TARGETS,MM,Mus musculus
HALLMARK_E2F_TARGETS,Ncapd2,https://www.gsea-msigdb.org/gsea/msigdb/mouse/geneset/HALLMARK_E2F_TARGETS,MM,Mus musculus
HALLMARK_E2F_TARGETS,Nme1,https://www.gsea-msigdb.org/gsea/msigdb/mouse/geneset/HALLMARK_E2F_TARGETS,MM,Mus musculus
HALLMARK_E2F_TARGETS,Nolc1,https://www.gsea-msigdb.org/gsea/msigdb/mouse/geneset/HALLMARK_E2F_TARGETS,MM,Mus musculus
HALLMARK_E2F_TARGETS,Nop56,https://www.gsea-msigdb.org/gsea/msigdb/mouse/geneset/HALLMARK_E2F_TARGETS,MM,Mus musculus
HALLMARK_E2F_TARGETS,Nudt21,https://www.gsea-msigdb.org/gsea/msigdb/mouse/geneset/HALLMARK_E2F_TARGETS,MM,Mus musculus
HALLMARK_E2F_TARGETS,Nup107,https://www.gsea-msigdb.org/gsea/msigdb/mouse/geneset/HALLMARK_E2F_TARGETS,MM,Mus musculus
HALLMARK_E2F_TARGETS,Nup153,https://www.gsea-msigdb.org/gsea/msigdb/mouse/geneset/HALLMARK_E2F_TARGETS,MM,Mus musculus
HALLMARK_E2F_TARGETS,Nup205,https://www.gsea-msigdb.org/gsea/msigdb/mouse/geneset/HALLMARK_E2F_TARGETS,MM,Mus musculus
HALLMARK_E2F_TARGETS,Orc2,https://www.gsea-msigdb.org/gsea/msigdb/mouse/geneset/HALLMARK_E2F_TARGETS,MM,Mus musculus
HALLMARK_E2F_TARGETS,Orc6,https://www.gsea-msigdb.org/gsea/msigdb/mouse/geneset/HALLMARK_E2F_TARGETS,MM,Mus musculus
HALLMARK_E2F_TARGETS,Pa2g4,https://www.gsea-msigdb.org/gsea/msigdb/mouse/geneset/HALLMARK_E2F_TARGETS,MM,Mus musculus
HALLMARK_E2F_TARGETS,Paics,https://www.gsea-msigdb.org/gsea/msigdb/mouse/geneset/HALLMARK_E2F_TARGETS,MM,Mus musculus
HALLMARK_E2F_TARGETS,Pan2,https://www.gsea-msigdb.org/gsea/msigdb/mouse/geneset/HALLMARK_E2F_TARGETS,MM,Mus musculus
HALLMARK_E2F_TARGETS,Pcna,https://www.gsea-msigdb.org/gsea/msigdb/mouse/geneset/HALLMARK_E2F_TARGETS,MM,Mus musculus
HALLMARK_E2F_TARGETS,Pds5b,https://www.gsea-msigdb.org/gsea/msigdb/mouse/geneset/HALLMARK_E2F_TARGETS,MM,Mus musculus
HALLMARK_E2F_TARGETS,Phf5a,https://www.gsea-msigdb.org/gsea/msigdb/mouse/geneset/HALLMARK_E2F_TARGETS,MM,Mus musculus
HALLMARK_E2F_TARGETS,Plk1,https://www.gsea-msigdb.org/gsea/msigdb/mouse/geneset/HALLMARK_E2F_TARGETS,MM,Mus musculus
HALLMARK_E2F_TARGETS,Plk4,https://www.gsea-msigdb.org/gsea/msigdb/mouse/geneset/HALLMARK_E2F_TARGETS,MM,Mus musculus
HALLMARK_E2F_TARGETS,Pms2,https://www.gsea-msigdb.org/gsea/msigdb/mouse/geneset/HALLMARK_E2F_TARGETS,MM,Mus musculus
HALLMARK_E2F_TARGETS,Pnn,https://www.gsea-msigdb.org/gsea/msigdb/mouse/geneset/HALLMARK_E2F_TARGETS,MM,Mus musculus
HALLMARK_E2F_TARGETS,Pola2,https://www.gsea-msigdb.org/gsea/msigdb/mouse/geneset/HALLMARK_E2F_TARGETS,MM,Mus musculus
HALLMARK_E2F_TARGETS,Pold1,https://www.gsea-msigdb.org/gsea/msigdb/mouse/geneset/HALLMARK_E2F_TARGETS,MM,Mus musculus
HALLMARK_E2F_TARGETS,Pold2,https://www.gsea-msigdb.org/gsea/msigdb/mouse/geneset/HALLMARK_E2F_TARGETS,MM,Mus musculus
HALLMARK_E2F_TARGETS,Pold3,https://www.gsea-msigdb.org/gsea/msigdb/mouse/geneset/HALLMARK_E2F_TARGETS,MM,Mus musculus
HALLMARK_E2F_TARGETS,Pole,https://www.gsea-msigdb.org/gsea/msigdb/mouse/geneset/HALLMARK_E2F_TARGETS,MM,Mus musculus
HALLMARK_E2F_TARGETS,Pole4,https://www.gsea-msigdb.org/gsea/msigdb/mouse/geneset/HALLMARK_E2F_TARGETS,MM,Mus musculus
HALLMARK_E2F_TARGETS,Pop7,https://www.gsea-msigdb.org/gsea/msigdb/mouse/geneset/HALLMARK_E2F_TARGETS,MM,Mus musculus
HALLMARK_E2F_TARGETS,Ppm1d,https://www.gsea-msigdb.org/gsea/msigdb/mouse/geneset/HALLMARK_E2F_TARGETS,MM,Mus musculus
HALLMARK_E2F_TARGETS,Ppp1r8,https://www.gsea-msigdb.org/gsea/msigdb/mouse/geneset/HALLMARK_E2F_TARGETS,MM,Mus musculus
HALLMARK_E2F_TARGETS,Prdx4,https://www.gsea-msigdb.org/gsea/msigdb/mouse/geneset/HALLMARK_E2F_TARGETS,MM,Mus musculus
HALLMARK_E2F_TARGETS,Prim2,https://www.gsea-msigdb.org/gsea/msigdb/mouse/geneset/HALLMARK_E2F_TARGETS,MM,Mus musculus
HALLMARK_E2F_TARGETS,Prkdc,https://www.gsea-msigdb.org/gsea/msigdb/mouse/geneset/HALLMARK_E2F_TARGETS,MM,Mus musculus
HALLMARK_E2F_TARGETS,Prps1,https://www.gsea-msigdb.org/gsea/msigdb/mouse/geneset/HALLMARK_E2F_TARGETS,MM,Mus musculus
HALLMARK_E2F_TARGETS,Psip1,https://www.gsea-msigdb.org/gsea/msigdb/mouse/geneset/HALLMARK_E2F_TARGETS,MM,Mus musculus
HALLMARK_E2F_TARGETS,Psmc3ip,https://www.gsea-msigdb.org/gsea/msigdb/mouse/geneset/HALLMARK_E2F_TARGETS,MM,Mus musculus
HALLMARK_E2F_TARGETS,Pttg1,https://www.gsea-msigdb.org/gsea/msigdb/mouse/geneset/HALLMARK_E2F_TARGETS,MM,Mus musculus
HALLMARK_E2F_TARGETS,Racgap1,https://www.gsea-msigdb.org/gsea/msigdb/mouse/geneset/HALLMARK_E2F_TARGETS,MM,Mus musculus
HALLMARK_E2F_TARGETS,Rad1,https://www.gsea-msigdb.org/gsea/msigdb/mouse/geneset/HALLMARK_E2F_TARGETS,MM,Mus musculus
HALLMARK_E2F_TARGETS,Rad21,https://www.gsea-msigdb.org/gsea/msigdb/mouse/geneset/HALLMARK_E2F_TARGETS,MM,Mus musculus
HALLMARK_E2F_TARGETS,Rad50,https://www.gsea-msigdb.org/gsea/msigdb/mouse/geneset/HALLMARK_E2F_TARGETS,MM,Mus musculus
HALLMARK_E2F_TARGETS,Rad51ap1,https://www.gsea-msigdb.org/gsea/msigdb/mouse/geneset/HALLMARK_E2F_TARGETS,MM,Mus musculus
HALLMARK_E2F_TARGETS,Rad51c,https://www.gsea-msigdb.org/gsea/msigdb/mouse/geneset/HALLMARK_E2F_TARGETS,MM,Mus musculus
HALLMARK_E2F_TARGETS,Ran,https://www.gsea-msigdb.org/gsea/msigdb/mouse/geneset/HALLMARK_E2F_TARGETS,MM,Mus musculus
HALLMARK_E2F_TARGETS,Ranbp1,https://www.gsea-msigdb.org/gsea/msigdb/mouse/geneset/HALLMARK_E2F_TARGETS,MM,Mus musculus
HALLMARK_E2F_TARGETS,Rbbp7,https://www.gsea-msigdb.org/gsea/msigdb/mouse/geneset/HALLMARK_E2F_TARGETS,MM,Mus musculus
HALLMARK_E2F_TARGETS,Rfc1,https://www.gsea-msigdb.org/gsea/msigdb/mouse/geneset/HALLMARK_E2F_TARGETS,MM,Mus musculus
HALLMARK_E2F_TARGETS,Rfc2,https://www.gsea-msigdb.org/gsea/msigdb/mouse/geneset/HALLMARK_E2F_TARGETS,MM,Mus musculus
HALLMARK_E2F_TARGETS,Rfc3,https://www.gsea-msigdb.org/gsea/msigdb/mouse/geneset/HALLMARK_E2F_TARGETS,MM,Mus musculus
HALLMARK_E2F_TARGETS,Rnaseh2a,https://www.gsea-msigdb.org/gsea/msigdb/mouse/geneset/HALLMARK_E2F_TARGETS,MM,Mus musculus
HALLMARK_E2F_TARGETS,Rpa1,https://www.gsea-msigdb.org/gsea/msigdb/mouse/geneset/HALLMARK_E2F_TARGETS,MM,Mus musculus
HALLMARK_E2F_TARGETS,Rpa2,https://www.gsea-msigdb.org/gsea/msigdb/mouse/geneset/HALLMARK_E2F_TARGETS,MM,Mus musculus
HALLMARK_E2F_TARGETS,Rpa3,https://www.gsea-msigdb.org/gsea/msigdb/mouse/geneset/HALLMARK_E2F_TARGETS,MM,Mus musculus
HALLMARK_E2F_TARGETS,Rrm2,https://www.gsea-msigdb.org/gsea/msigdb/mouse/geneset/HALLMARK_E2F_TARGETS,MM,Mus musculus
HALLMARK_E2F_TARGETS,Shmt1,https://www.gsea-msigdb.org/gsea/msigdb/mouse/geneset/HALLMARK_E2F_TARGETS,MM,Mus musculus
HALLMARK_E2F_TARGETS,Slbp,https://www.gsea-msigdb.org/gsea/msigdb/mouse/geneset/HALLMARK_E2F_TARGETS,MM,Mus musculus
HALLMARK_E2F_TARGETS,Smc1a,https://www.gsea-msigdb.org/gsea/msigdb/mouse/geneset/HALLMARK_E2F_TARGETS,MM,Mus musculus
HALLMARK_E2F_TARGETS,Smc3,https://www.gsea-msigdb.org/gsea/msigdb/mouse/geneset/HALLMARK_E2F_TARGETS,MM,Mus musculus
HALLMARK_E2F_TARGETS,Smc4,https://www.gsea-msigdb.org/gsea/msigdb/mouse/geneset/HALLMARK_E2F_TARGETS,MM,Mus musculus
HALLMARK_E2F_TARGETS,Smc6,https://www.gsea-msigdb.org/gsea/msigdb/mouse/geneset/HALLMARK_E2F_TARGETS,MM,Mus musculus
HALLMARK_E2F_TARGETS,Snrpb,https://www.gsea-msigdb.org/gsea/msigdb/mouse/geneset/HALLMARK_E2F_TARGETS,MM,Mus musculus
HALLMARK_E2F_TARGETS,Spag5,https://www.gsea-msigdb.org/gsea/msigdb/mouse/geneset/HALLMARK_E2F_TARGETS,MM,Mus musculus
HALLMARK_E2F_TARGETS,Spc24,https://www.gsea-msigdb.org/gsea/msigdb/mouse/geneset/HALLMARK_E2F_TARGETS,MM,Mus musculus
HALLMARK_E2F_TARGETS,Spc25,https://www.gsea-msigdb.org/gsea/msigdb/mouse/geneset/HALLMARK_E2F_TARGETS,MM,Mus musculus
HALLMARK_E2F_TARGETS,Srsf1,https://www.gsea-msigdb.org/gsea/msigdb/mouse/geneset/HALLMARK_E2F_TARGETS,MM,Mus musculus
HALLMARK_E2F_TARGETS,Srsf2,https://www.gsea-msigdb.org/gsea/msigdb/mouse/geneset/HALLMARK_E2F_TARGETS,MM,Mus musculus
HALLMARK_E2F_TARGETS,Ssrp1,https://www.gsea-msigdb.org/gsea/msigdb/mouse/geneset/HALLMARK_E2F_TARGETS,MM,Mus musculus
HALLMARK_E2F_TARGETS,Stag1,https://www.gsea-msigdb.org/gsea/msigdb/mouse/geneset/HALLMARK_E2F_TARGETS,MM,Mus musculus
HALLMARK_E2F_TARGETS,Stmn1,https://www.gsea-msigdb.org/gsea/msigdb/mouse/geneset/HALLMARK_E2F_TARGETS,MM,Mus musculus
HALLMARK_E2F_TARGETS,Suv39h1,https://www.gsea-msigdb.org/gsea/msigdb/mouse/geneset/HALLMARK_E2F_TARGETS,MM,Mus musculus
HALLMARK_E2F_TARGETS,Syncrip,https://www.gsea-msigdb.org/gsea/msigdb/mouse/geneset/HALLMARK_E2F_TARGETS,MM,Mus musculus
HALLMARK_E2F_TARGETS,Tacc3,https://www.gsea-msigdb.org/gsea/msigdb/mouse/geneset/HALLMARK_E2F_TARGETS,MM,Mus musculus
HALLMARK_E2F_TARGETS,Tbrg4,https://www.gsea-msigdb.org/gsea/msigdb/mouse/geneset/HALLMARK_E2F_TARGETS,MM,Mus musculus
HALLMARK_E2F_TARGETS,Tcf19,https://www.gsea-msigdb.org/gsea/msigdb/mouse/geneset/HALLMARK_E2F_TARGETS,MM,Mus musculus
HALLMARK_E2F_TARGETS,Tfrc,https://www.gsea-msigdb.org/gsea/msigdb/mouse/geneset/HALLMARK_E2F_TARGETS,MM,Mus musculus
HALLMARK_E2F_TARGETS,Timeless,https://www.gsea-msigdb.org/gsea/msigdb/mouse/geneset/HALLMARK_E2F_TARGETS,MM,Mus musculus
HALLMARK_E2F_TARGETS,Tipin,https://www.gsea-msigdb.org/gsea/msigdb/mouse/geneset/HALLMARK_E2F_TARGETS,MM,Mus musculus
HALLMARK_E2F_TARGETS,Tk1,https://www.gsea-msigdb.org/gsea/msigdb/mouse/geneset/HALLMARK_E2F_TARGETS,MM,Mus musculus
HALLMARK_E2F_TARGETS,Tmpo,https://www.gsea-msigdb.org/gsea/msigdb/mouse/geneset/HALLMARK_E2F_TARGETS,MM,Mus musculus
HALLMARK_E2F_TARGETS,Top2a,https://www.gsea-msigdb.org/gsea/msigdb/mouse/geneset/HALLMARK_E2F_TARGETS,MM,Mus musculus
HALLMARK_E2F_TARGETS,Tra2b,https://www.gsea-msigdb.org/gsea/msigdb/mouse/geneset/HALLMARK_E2F_TARGETS,MM,Mus musculus
HALLMARK_E2F_TARGETS,Trip13,https://www.gsea-msigdb.org/gsea/msigdb/mouse/geneset/HALLMARK_E2F_TARGETS,MM,Mus musculus
HALLMARK_E2F_TARGETS,Trp53,https://www.gsea-msigdb.org/gsea/msigdb/mouse/geneset/HALLMARK_E2F_TARGETS,MM,Mus musculus
HALLMARK_E2F_TARGETS,Tubb5,https://www.gsea-msigdb.org/gsea/msigdb/mouse/geneset/HALLMARK_E2F_TARGETS,MM,Mus musculus
HALLMARK_E2F_TARGETS,Tubg1,https://www.gsea-msigdb.org/gsea/msigdb/mouse/geneset/HALLMARK_E2F_TARGETS,MM,Mus musculus
HALLMARK_E2F_TARGETS,Ube2s,https://www.gsea-msigdb.org/gsea/msigdb/mouse/geneset/HALLMARK_E2F_TARGETS,MM,Mus musculus
HALLMARK_E2F_TARGETS,Ube2t,https://www.gsea-msigdb.org/gsea/msigdb/mouse/geneset/HALLMARK_E2F_TARGETS,MM,Mus musculus
HALLMARK_E2F_TARGETS,Ubr7,https://www.gsea-msigdb.org/gsea/msigdb/mouse/geneset/HALLMARK_E2F_TARGETS,MM,Mus musculus
HALLMARK_E2F_TARGETS,Ung,https://www.gsea-msigdb.org/gsea/msigdb/mouse/geneset/HALLMARK_E2F_TARGETS,MM,Mus musculus
HALLMARK_E2F_TARGETS,Usp1,https://www.gsea-msigdb.org/gsea/msigdb/mouse/geneset/HALLMARK_E2F_TARGETS,MM,Mus musculus
HALLMARK_E2F_TARGETS,Wdr90,https://www.gsea-msigdb.org/gsea/msigdb/mouse/geneset/HALLMARK_E2F_TARGETS,MM,Mus musculus
HALLMARK_E2F_TARGETS,Wee1,https://www.gsea-msigdb.org/gsea/msigdb/mouse/geneset/HALLMARK_E2F_TARGETS,MM,Mus musculus
HALLMARK_E2F_TARGETS,Xpo1,https://www.gsea-msigdb.org/gsea/msigdb/mouse/geneset/HALLMARK_E2F_TARGETS,MM,Mus musculus
HALLMARK_E2F_TARGETS,Xrcc6,https://www.gsea-msigdb.org/gsea/msigdb/mouse/geneset/HALLMARK_E2F_TARGETS,MM,Mus musculus
HALLMARK_E2F_TARGETS,Zw10,https://www.gsea-msigdb.org/gsea/msigdb/mouse/geneset/HALLMARK_E2F_TARGETS,MM,Mus musculus
HALLMARK_EPITHELIAL_MESENCHYMAL_TRANSITION,Abi3bp,https://www.gsea-msigdb.org/gsea/msigdb/mouse/geneset/HALLMARK_EPITHELIAL_MESENCHYMAL_TRANSITION,MM,Mus musculus
HALLMARK_EPITHELIAL_MESENCHYMAL_TRANSITION,Acta2,https://www.gsea-msigdb.org/gsea/msigdb/mouse/geneset/HALLMARK_EPITHELIAL_MESENCHYMAL_TRANSITION,MM,Mus musculus
HALLMARK_EPITHELIAL_MESENCHYMAL_TRANSITION,Adam12,https://www.gsea-msigdb.org/gsea/msigdb/mouse/geneset/HALLMARK_EPITHELIAL_MESENCHYMAL_TRANSITION,MM,Mus musculus
HALLMARK_EPITHELIAL_MESENCHYMAL_TRANSITION,Anpep,https://www.gsea-msigdb.org/gsea/msigdb/mouse/geneset/HALLMARK_EPITHELIAL_MESENCHYMAL_TRANSITION,MM,Mus musculus
HALLMARK_EPITHELIAL_MESENCHYMAL_TRANSITION,Aplp1,https://www.gsea-msigdb.org/gsea/msigdb/mouse/geneset/HALLMARK_EPITHELIAL_MESENCHYMAL_TRANSITION,MM,Mus musculus
HALLMARK_EPITHELIAL_MESENCHYMAL_TRANSITION,Areg,https://www.gsea-msigdb.org/gsea/msigdb/mouse/geneset/HALLMARK_EPITHELIAL_MESENCHYMAL_TRANSITION,MM,Mus musculus
HALLMARK_EPITHELIAL_MESENCHYMAL_TRANSITION,Basp1,https://www.gsea-msigdb.org/gsea/msigdb/mouse/geneset/HALLMARK_EPITHELIAL_MESENCHYMAL_TRANSITION,MM,Mus musculus
HALLMARK_EPITHELIAL_MESENCHYMAL_TRANSITION,Bdnf,https://www.gsea-msigdb.org/gsea/msigdb/mouse/geneset/HALLMARK_EPITHELIAL_MESENCHYMAL_TRANSITION,MM,Mus musculus
HALLMARK_EPITHELIAL_MESENCHYMAL_TRANSITION,Bgn,https://www.gsea-msigdb.org/gsea/msigdb/mouse/geneset/HALLMARK_EPITHELIAL_MESENCHYMAL_TRANSITION,MM,Mus musculus
HALLMARK_EPITHELIAL_MESENCHYMAL_TRANSITION,Bmp1,https://www.gsea-msigdb.org/gsea/msigdb/mouse/geneset/HALLMARK_EPITHELIAL_MESENCHYMAL_TRANSITION,MM,Mus musculus
HALLMARK_EPITHELIAL_MESENCHYMAL_TRANSITION,Cadm1,https://www.gsea-msigdb.org/gsea/msigdb/mouse/geneset/HALLMARK_EPITHELIAL_MESENCHYMAL_TRANSITION,MM,Mus musculus
HALLMARK_EPITHELIAL_MESENCHYMAL_TRANSITION,Cald1,https://www.gsea-msigdb.org/gsea/msigdb/mouse/geneset/HALLMARK_EPITHELIAL_MESENCHYMAL_TRANSITION,MM,Mus musculus
HALLMARK_EPITHELIAL_MESENCHYMAL_TRANSITION,Calu,https://www.gsea-msigdb.org/gsea/msigdb/mouse/geneset/HALLMARK_EPITHELIAL_MESENCHYMAL_TRANSITION,MM,Mus musculus
HALLMARK_EPITHELIAL_MESENCHYMAL_TRANSITION,Cap2,https://www.gsea-msigdb.org/gsea/msigdb/mouse/geneset/HALLMARK_EPITHELIAL_MESENCHYMAL_TRANSITION,MM,Mus musculus
HALLMARK_EPITHELIAL_MESENCHYMAL_TRANSITION,Capg,https://www.gsea-msigdb.org/gsea/msigdb/mouse/geneset/HALLMARK_EPITHELIAL_MESENCHYMAL_TRANSITION,MM,Mus musculus
HALLMARK_EPITHELIAL_MESENCHYMAL_TRANSITION,Ccn1,https://www.gsea-msigdb.org/gsea/msigdb/mouse/geneset/HALLMARK_EPITHELIAL_MESENCHYMAL_TRANSITION,MM,Mus musculus
HALLMARK_EPITHELIAL_MESENCHYMAL_TRANSITION,Ccn2,https://www.gsea-msigdb.org/gsea/msigdb/mouse/geneset/HALLMARK_EPITHELIAL_MESENCHYMAL_TRANSITION,MM,Mus musculus
HALLMARK_EPITHELIAL_MESENCHYMAL_TRANSITION,Cd44,https://www.gsea-msigdb.org/gsea/msigdb/mouse/geneset/HALLMARK_EPITHELIAL_MESENCHYMAL_TRANSITION,MM,Mus musculus
HALLMARK_EPITHELIAL_MESENCHYMAL_TRANSITION,Cdh11,https://www.gsea-msigdb.org/gsea/msigdb/mouse/geneset/HALLMARK_EPITHELIAL_MESENCHYMAL_TRANSITION,MM,Mus musculus
HALLMARK_EPITHELIAL_MESENCHYMAL_TRANSITION,Cdh2,https://www.gsea-msigdb.org/gsea/msigdb/mouse/geneset/HALLMARK_EPITHELIAL_MESENCHYMAL_TRANSITION,MM,Mus musculus
HALLMARK_EPITHELIAL_MESENCHYMAL_TRANSITION,Cdh6,https://www.gsea-msigdb.org/gsea/msigdb/mouse/geneset/HALLMARK_EPITHELIAL_MESENCHYMAL_TRANSITION,MM,Mus musculus
HALLMARK_EPITHELIAL_MESENCHYMAL_TRANSITION,Col11a1,https://www.gsea-msigdb.org/gsea/msigdb/mouse/geneset/HALLMARK_EPITHELIAL_MESENCHYMAL_TRANSITION,MM,Mus musculus
HALLMARK_EPITHELIAL_MESENCHYMAL_TRANSITION,Col12a1,https://www.gsea-msigdb.org/gsea/msigdb/mouse/geneset/HALLMARK_EPITHELIAL_MESENCHYMAL_TRANSITION,MM,Mus musculus
HALLMARK_EPITHELIAL_MESENCHYMAL_TRANSITION,Col16a1,https://www.gsea-msigdb.org/gsea/msigdb/mouse/geneset/HALLMARK_EPITHELIAL_MESENCHYMAL_TRANSITION,MM,Mus musculus
HALLMARK_EPITHELIAL_MESENCHYMAL_TRANSITION,Col1a1,https://www.gsea-msigdb.org/gsea/msigdb/mouse/geneset/HALLMARK_EPITHELIAL_MESENCHYMAL_TRANSITION,MM,Mus musculus
HALLMARK_EPITHELIAL_MESENCHYMAL_TRANSITION,Col1a2,https://www.gsea-msigdb.org/gsea/msigdb/mouse/geneset/HALLMARK_EPITHELIAL_MESENCHYMAL_TRANSITION,MM,Mus musculus
HALLMARK_EPITHELIAL_MESENCHYMAL_TRANSITION,Col3a1,https://www.gsea-msigdb.org/gsea/msigdb/mouse/geneset/HALLMARK_EPITHELIAL_MESENCHYMAL_TRANSITION,MM,Mus musculus
HALLMARK_EPITHELIAL_MESENCHYMAL_TRANSITION,Col4a1,https://www.gsea-msigdb.org/gsea/msigdb/mouse/geneset/HALLMARK_EPITHELIAL_MESENCHYMAL_TRANSITION,MM,Mus musculus
HALLMARK_EPITHELIAL_MESENCHYMAL_TRANSITION,Col4a2,https://www.gsea-msigdb.org/gsea/msigdb/mouse/geneset/HALLMARK_EPITHELIAL_MESENCHYMAL_TRANSITION,MM,Mus musculus
HALLMARK_EPITHELIAL_MESENCHYMAL_TRANSITION,Col5a1,https://www.gsea-msigdb.org/gsea/msigdb/mouse/geneset/HALLMARK_EPITHELIAL_MESENCHYMAL_TRANSITION,MM,Mus musculus
HALLMARK_EPITHELIAL_MESENCHYMAL_TRANSITION,Col5a2,https://www.gsea-msigdb.org/gsea/msigdb/mouse/geneset/HALLMARK_EPITHELIAL_MESENCHYMAL_TRANSITION,MM,Mus musculus
HALLMARK_EPITHELIAL_MESENCHYMAL_TRANSITION,Col5a3,https://www.gsea-msigdb.org/gsea/msigdb/mouse/geneset/HALLMARK_EPITHELIAL_MESENCHYMAL_TRANSITION,MM,Mus musculus
HALLMARK_EPITHELIAL_MESENCHYMAL_TRANSITION,Col6a2,https://www.gsea-msigdb.org/gsea/msigdb/mouse/geneset/HALLMARK_EPITHELIAL_MESENCHYMAL_TRANSITION,MM,Mus musculus
HALLMARK_EPITHELIAL_MESENCHYMAL_TRANSITION,Col6a3,https://www.gsea-msigdb.org/gsea/msigdb/mouse/geneset/HALLMARK_EPITHELIAL_MESENCHYMAL_TRANSITION,MM,Mus musculus
HALLMARK_EPITHELIAL_MESENCHYMAL_TRANSITION,Col7a1,https://www.gsea-msigdb.org/gsea/msigdb/mouse/geneset/HALLMARK_EPITHELIAL_MESENCHYMAL_TRANSITION,MM,Mus musculus
HALLMARK_EPITHELIAL_MESENCHYMAL_TRANSITION,Col8a2,https://www.gsea-msigdb.org/gsea/msigdb/mouse/geneset/HALLMARK_EPITHELIAL_MESENCHYMAL_TRANSITION,MM,Mus musculus
HALLMARK_EPITHELIAL_MESENCHYMAL_TRANSITION,Colgalt1,https://www.gsea-msigdb.org/gsea/msigdb/mouse/geneset/HALLMARK_EPITHELIAL_MESENCHYMAL_TRANSITION,MM,Mus musculus
HALLMARK_EPITHELIAL_MESENCHYMAL_TRANSITION,Comp,https://www.gsea-msigdb.org/gsea/msigdb/mouse/geneset/HALLMARK_EPITHELIAL_MESENCHYMAL_TRANSITION,MM,Mus musculus
HALLMARK_EPITHELIAL_MESENCHYMAL_TRANSITION,Copa,https://www.gsea-msigdb.org/gsea/msigdb/mouse/geneset/HALLMARK_EPITHELIAL_MESENCHYMAL_TRANSITION,MM,Mus musculus
HALLMARK_EPITHELIAL_MESENCHYMAL_TRANSITION,Crlf1,https://www.gsea-msigdb.org/gsea/msigdb/mouse/geneset/HALLMARK_EPITHELIAL_MESENCHYMAL_TRANSITION,MM,Mus musculus
HALLMARK_EPITHELIAL_MESENCHYMAL_TRANSITION,Cthrc1,https://www.gsea-msigdb.org/gsea/msigdb/mouse/geneset/HALLMARK_EPITHELIAL_MESENCHYMAL_TRANSITION,MM,Mus musculus
HALLMARK_EPITHELIAL_MESENCHYMAL_TRANSITION,Cxcl12,https://www.gsea-msigdb.org/gsea/msigdb/mouse/geneset/HALLMARK_EPITHELIAL_MESENCHYMAL_TRANSITION,MM,Mus musculus
HALLMARK_EPITHELIAL_MESENCHYMAL_TRANSITION,Cxcl15,https://www.gsea-msigdb.org/gsea/msigdb/mouse/geneset/HALLMARK_EPITHELIAL_MESENCHYMAL_TRANSITION,MM,Mus musculus
HALLMARK_EPITHELIAL_MESENCHYMAL_TRANSITION,Cxcl5,https://www.gsea-msigdb.org/gsea/msigdb/mouse/geneset/HALLMARK_EPITHELIAL_MESENCHYMAL_TRANSITION,MM,Mus musculus
HALLMARK_EPITHELIAL_MESENCHYMAL_TRANSITION,Dab2,https://www.gsea-msigdb.org/gsea/msigdb/mouse/geneset/HALLMARK_EPITHELIAL_MESENCHYMAL_TRANSITION,MM,Mus musculus
HALLMARK_EPITHELIAL_MESENCHYMAL_TRANSITION,Dcn,https://www.gsea-msigdb.org/gsea/msigdb/mouse/geneset/HALLMARK_EPITHELIAL_MESENCHYMAL_TRANSITION,MM,Mus musculus
HALLMARK_EPITHELIAL_MESENCHYMAL_TRANSITION,Dkk1,https://www.gsea-msigdb.org/gsea/msigdb/mouse/geneset/HALLMARK_EPITHELIAL_MESENCHYMAL_TRANSITION,MM,Mus musculus
HALLMARK_EPITHELIAL_MESENCHYMAL_TRANSITION,Dpysl3,https://www.gsea-msigdb.org/gsea/msigdb/mouse/geneset/HALLMARK_EPITHELIAL_MESENCHYMAL_TRANSITION,MM,Mus musculus
HALLMARK_EPITHELIAL_MESENCHYMAL_TRANSITION,Dst,https://www.gsea-msigdb.org/gsea/msigdb/mouse/geneset/HALLMARK_EPITHELIAL_MESENCHYMAL_TRANSITION,MM,Mus musculus
HALLMARK_EPITHELIAL_MESENCHYMAL_TRANSITION,Ecm1,https://www.gsea-msigdb.org/gsea/msigdb/mouse/geneset/HALLMARK_EPITHELIAL_MESENCHYMAL_TRANSITION,MM,Mus musculus
HALLMARK_EPITHELIAL_MESENCHYMAL_TRANSITION,Ecm2,https://www.gsea-msigdb.org/gsea/msigdb/mouse/geneset/HALLMARK_EPITHELIAL_MESENCHYMAL_TRANSITION,MM,Mus musculus
HALLMARK_EPITHELIAL_MESENCHYMAL_TRANSITION,Edil3,https://www.gsea-msigdb.org/gsea/msigdb/mouse/geneset/HALLMARK_EPITHELIAL_MESENCHYMAL_TRANSITION,MM,Mus musculus
HALLMARK_EPITHELIAL_MESENCHYMAL_TRANSITION,Efemp2,https://www.gsea-msigdb.org/gsea/msigdb/mouse/geneset/HALLMARK_EPITHELIAL_MESENCHYMAL_TRANSITION,MM,Mus musculus
HALLMARK_EPITHELIAL_MESENCHYMAL_TRANSITION,Eln,https://www.gsea-msigdb.org/gsea/msigdb/mouse/geneset/HALLMARK_EPITHELIAL_MESENCHYMAL_TRANSITION,MM,Mus musculus
HALLMARK_EPITHELIAL_MESENCHYMAL_TRANSITION,Emp3,https://www.gsea-msigdb.org/gsea/msigdb/mouse/geneset/HALLMARK_EPITHELIAL_MESENCHYMAL_TRANSITION,MM,Mus musculus
HALLMARK_EPITHELIAL_MESENCHYMAL_TRANSITION,Eno2,https://www.gsea-msigdb.org/gsea/msigdb/mouse/geneset/HALLMARK_EPITHELIAL_MESENCHYMAL_TRANSITION,MM,Mus musculus
HALLMARK_EPITHELIAL_MESENCHYMAL_TRANSITION,Fap,https://www.gsea-msigdb.org/gsea/msigdb/mouse/geneset/HALLMARK_EPITHELIAL_MESENCHYMAL_TRANSITION,MM,Mus musculus
HALLMARK_EPITHELIAL_MESENCHYMAL_TRANSITION,Fas,https://www.gsea-msigdb.org/gsea/msigdb/mouse/geneset/HALLMARK_EPITHELIAL_MESENCHYMAL_TRANSITION,MM,Mus musculus
HALLMARK_EPITHELIAL_MESENCHYMAL_TRANSITION,Fbln1,https://www.gsea-msigdb.org/gsea/msigdb/mouse/geneset/HALLMARK_EPITHELIAL_MESENCHYMAL_TRANSITION,MM,Mus musculus
HALLMARK_EPITHELIAL_MESENCHYMAL_TRANSITION,Fbln2,https://www.gsea-msigdb.org/gsea/msigdb/mouse/geneset/HALLMARK_EPITHELIAL_MESENCHYMAL_TRANSITION,MM,Mus musculus
HALLMARK_EPITHELIAL_MESENCHYMAL_TRANSITION,Fbln5,https://www.gsea-msigdb.org/gsea/msigdb/mouse/geneset/HALLMARK_EPITHELIAL_MESENCHYMAL_TRANSITION,MM,Mus musculus
HALLMARK_EPITHELIAL_MESENCHYMAL_TRANSITION,Fbn1,https://www.gsea-msigdb.org/gsea/msigdb/mouse/geneset/HALLMARK_EPITHELIAL_MESENCHYMAL_TRANSITION,MM,Mus musculus
HALLMARK_EPITHELIAL_MESENCHYMAL_TRANSITION,Fbn2,https://www.gsea-msigdb.org/gsea/msigdb/mouse/geneset/HALLMARK_EPITHELIAL_MESENCHYMAL_TRANSITION,MM,Mus musculus
HALLMARK_EPITHELIAL_MESENCHYMAL_TRANSITION,Fermt2,https://www.gsea-msigdb.org/gsea/msigdb/mouse/geneset/HALLMARK_EPITHELIAL_MESENCHYMAL_TRANSITION,MM,Mus musculus
HALLMARK_EPITHELIAL_MESENCHYMAL_TRANSITION,Fgf2,https://www.gsea-msigdb.org/gsea/msigdb/mouse/geneset/HALLMARK_EPITHELIAL_MESENCHYMAL_TRANSITION,MM,Mus musculus
HALLMARK_EPITHELIAL_MESENCHYMAL_TRANSITION,Flna,https://www.gsea-msigdb.org/gsea/msigdb/mouse/geneset/HALLMARK_EPITHELIAL_MESENCHYMAL_TRANSITION,MM,Mus musculus
HALLMARK_EPITHELIAL_MESENCHYMAL_TRANSITION,Fmod,https://www.gsea-msigdb.org/gsea/msigdb/mouse/geneset/HALLMARK_EPITHELIAL_MESENCHYMAL_TRANSITION,MM,Mus musculus
HALLMARK_EPITHELIAL_MESENCHYMAL_TRANSITION,Fn1,https://www.gsea-msigdb.org/gsea/msigdb/mouse/geneset/HALLMARK_EPITHELIAL_MESENCHYMAL_TRANSITION,MM,Mus musculus
HALLMARK_EPITHELIAL_MESENCHYMAL_TRANSITION,Foxc2,https://www.gsea-msigdb.org/gsea/msigdb/mouse/geneset/HALLMARK_EPITHELIAL_MESENCHYMAL_TRANSITION,MM,Mus musculus
HALLMARK_EPITHELIAL_MESENCHYMAL_TRANSITION,Fstl1,https://www.gsea-msigdb.org/gsea/msigdb/mouse/geneset/HALLMARK_EPITHELIAL_MESENCHYMAL_TRANSITION,MM,Mus musculus
HALLMARK_EPITHELIAL_MESENCHYMAL_TRANSITION,Fstl3,https://www.gsea-msigdb.org/gsea/msigdb/mouse/geneset/HALLMARK_EPITHELIAL_MESENCHYMAL_TRANSITION,MM,Mus musculus
HALLMARK_EPITHELIAL_MESENCHYMAL_TRANSITION,Fuca1,https://www.gsea-msigdb.org/gsea/msigdb/mouse/geneset/HALLMARK_EPITHELIAL_MESENCHYMAL_TRANSITION,MM,Mus musculus
HALLMARK_EPITHELIAL_MESENCHYMAL_TRANSITION,Fzd8,https://www.gsea-msigdb.org/gsea/msigdb/mouse/geneset/HALLMARK_EPITHELIAL_MESENCHYMAL_TRANSITION,MM,Mus musculus
HALLMARK_EPITHELIAL_MESENCHYMAL_TRANSITION,Gadd45a,https://www.gsea-msigdb.org/gsea/msigdb/mouse/geneset/HALLMARK_EPITHELIAL_MESENCHYMAL_TRANSITION,MM,Mus musculus
HALLMARK_EPITHELIAL_MESENCHYMAL_TRANSITION,Gadd45b,https://www.gsea-msigdb.org/gsea/msigdb/mouse/geneset/HALLMARK_EPITHELIAL_MESENCHYMAL_TRANSITION,MM,Mus musculus
HALLMARK_EPITHELIAL_MESENCHYMAL_TRANSITION,Gas1,https://www.gsea-msigdb.org/gsea/msigdb/mouse/geneset/HALLMARK_EPITHELIAL_MESENCHYMAL_TRANSITION,MM,Mus musculus
HALLMARK_EPITHELIAL_MESENCHYMAL_TRANSITION,Gem,https://www.gsea-msigdb.org/gsea/msigdb/mouse/geneset/HALLMARK_EPITHELIAL_MESENCHYMAL_TRANSITION,MM,Mus musculus
HALLMARK_EPITHELIAL_MESENCHYMAL_TRANSITION,Gja1,https://www.gsea-msigdb.org/gsea/msigdb/mouse/geneset/HALLMARK_EPITHELIAL_MESENCHYMAL_TRANSITION,MM,Mus musculus
HALLMARK_EPITHELIAL_MESENCHYMAL_TRANSITION,Glipr1,https://www.gsea-msigdb.org/gsea/msigdb/mouse/geneset/HALLMARK_EPITHELIAL_MESENCHYMAL_TRANSITION,MM,Mus musculus
HALLMARK_EPITHELIAL_MESENCHYMAL_TRANSITION,Gm21451,https://www.gsea-msigdb.org/gsea/msigdb/mouse/geneset/HALLMARK_EPITHELIAL_MESENCHYMAL_TRANSITION,MM,Mus musculus
HALLMARK_EPITHELIAL_MESENCHYMAL_TRANSITION,Gpc1,https://www.gsea-msigdb.org/gsea/msigdb/mouse/geneset/HALLMARK_EPITHELIAL_MESENCHYMAL_TRANSITION,MM,Mus musculus
HALLMARK_EPITHELIAL_MESENCHYMAL_TRANSITION,Gpx7,https://www.gsea-msigdb.org/gsea/msigdb/mouse/geneset/HALLMARK_EPITHELIAL_MESENCHYMAL_TRANSITION,MM,Mus musculus
HALLMARK_EPITHELIAL_MESENCHYMAL_TRANSITION,Grem1,https://www.gsea-msigdb.org/gsea/msigdb/mouse/geneset/HALLMARK_EPITHELIAL_MESENCHYMAL_TRANSITION,MM,Mus musculus
HALLMARK_EPITHELIAL_MESENCHYMAL_TRANSITION,Htra1,https://www.gsea-msigdb.org/gsea/msigdb/mouse/geneset/HALLMARK_EPITHELIAL_MESENCHYMAL_TRANSITION,MM,Mus musculus
HALLMARK_EPITHELIAL_MESENCHYMAL_TRANSITION,Id2,https://www.gsea-msigdb.org/gsea/msigdb/mouse/geneset/HALLMARK_EPITHELIAL_MESENCHYMAL_TRANSITION,MM,Mus musculus
HALLMARK_EPITHELIAL_MESENCHYMAL_TRANSITION,Igfbp2,https://www.gsea-msigdb.org/gsea/msigdb/mouse/geneset/HALLMARK_EPITHELIAL_MESENCHYMAL_TRANSITION,MM,Mus musculus
HALLMARK_EPITHELIAL_MESENCHYMAL_TRANSITION,Igfbp3,https://www.gsea-msigdb.org/gsea/msigdb/mouse/geneset/HALLMARK_EPITHELIAL_MESENCHYMAL_TRANSITION,MM,Mus musculus
HALLMARK_EPITHELIAL_MESENCHYMAL_TRANSITION,Igfbp4,https://www.gsea-msigdb.org/gsea/msigdb/mouse/geneset/HALLMARK_EPITHELIAL_MESENCHYMAL_TRANSITION,MM,Mus musculus
HALLMARK_EPITHELIAL_MESENCHYMAL_TRANSITION,Il15,https://www.gsea-msigdb.org/gsea/msigdb/mouse/geneset/HALLMARK_EPITHELIAL_MESENCHYMAL_TRANSITION,MM,Mus musculus
HALLMARK_EPITHELIAL_MESENCHYMAL_TRANSITION,Il6,https://www.gsea-msigdb.org/gsea/msigdb/mouse/geneset/HALLMARK_EPITHELIAL_MESENCHYMAL_TRANSITION,MM,Mus musculus
HALLMARK_EPITHELIAL_MESENCHYMAL_TRANSITION,Inhba,https://www.gsea-msigdb.org/gsea/msigdb/mouse/geneset/HALLMARK_EPITHELIAL_MESENCHYMAL_TRANSITION,MM,Mus musculus
HALLMARK_EPITHELIAL_MESENCHYMAL_TRANSITION,Itga2,https://www.gsea-msigdb.org/gsea/msigdb/mouse/geneset/HALLMARK_EPITHELIAL_MESENCHYMAL_TRANSITION,MM,Mus musculus
HALLMARK_EPITHELIAL_MESENCHYMAL_TRANSITION,Itga5,https://www.gsea-msigdb.org/gsea/msigdb/mouse/geneset/HALLMARK_EPITHELIAL_MESENCHYMAL_TRANSITION,MM,Mus musculus
HALLMARK_EPITHELIAL_MESENCHYMAL_TRANSITION,Itgav,https://www.gsea-msigdb.org/gsea/msigdb/mouse/geneset/HALLMARK_EPITHELIAL_MESENCHYMAL_TRANSITION,MM,Mus musculus
HALLMARK_EPITHELIAL_MESENCHYMAL_TRANSITION,Itgb1,https://www.gsea-msigdb.org/gsea/msigdb/mouse/geneset/HALLMARK_EPITHELIAL_MESENCHYMAL_TRANSITION,MM,Mus musculus
HALLMARK_EPITHELIAL_MESENCHYMAL_TRANSITION,Itgb3,https://www.gsea-msigdb.org/gsea/msigdb/mouse/geneset/HALLMARK_EPITHELIAL_MESENCHYMAL_TRANSITION,MM,Mus musculus
HALLMARK_EPITHELIAL_MESENCHYMAL_TRANSITION,Itgb5,https://www.gsea-msigdb.org/gsea/msigdb/mouse/geneset/HALLMARK_EPITHELIAL_MESENCHYMAL_TRANSITION,MM,Mus musculus
HALLMARK_EPITHELIAL_MESENCHYMAL_TRANSITION,Jun,https://www.gsea-msigdb.org/gsea/msigdb/mouse/geneset/HALLMARK_EPITHELIAL_MESENCHYMAL_TRANSITION,MM,Mus musculus
HALLMARK_EPITHELIAL_MESENCHYMAL_TRANSITION,Lama1,https://www.gsea-msigdb.org/gsea/msigdb/mouse/geneset/HALLMARK_EPITHELIAL_MESENCHYMAL_TRANSITION,MM,Mus musculus
HALLMARK_EPITHELIAL_MESENCHYMAL_TRANSITION,Lama2,https://www.gsea-msigdb.org/gsea/msigdb/mouse/geneset/HALLMARK_EPITHELIAL_MESENCHYMAL_TRANSITION,MM,Mus musculus
HALLMARK_EPITHELIAL_MESENCHYMAL_TRANSITION,Lama3,https://www.gsea-msigdb.org/gsea/msigdb/mouse/geneset/HALLMARK_EPITHELIAL_MESENCHYMAL_TRANSITION,MM,Mus musculus
HALLMARK_EPITHELIAL_MESENCHYMAL_TRANSITION,Lamc1,https://www.gsea-msigdb.org/gsea/msigdb/mouse/geneset/HALLMARK_EPITHELIAL_MESENCHYMAL_TRANSITION,MM,Mus musculus
HALLMARK_EPITHELIAL_MESENCHYMAL_TRANSITION,Lamc2,https://www.gsea-msigdb.org/gsea/msigdb/mouse/geneset/HALLMARK_EPITHELIAL_MESENCHYMAL_TRANSITION,MM,Mus musculus
HALLMARK_EPITHELIAL_MESENCHYMAL_TRANSITION,Lgals1,https://www.gsea-msigdb.org/gsea/msigdb/mouse/geneset/HALLMARK_EPITHELIAL_MESENCHYMAL_TRANSITION,MM,Mus musculus
HALLMARK_EPITHELIAL_MESENCHYMAL_TRANSITION,Lox,https://www.gsea-msigdb.org/gsea/msigdb/mouse/geneset/HALLMARK_EPITHELIAL_MESENCHYMAL_TRANSITION,MM,Mus musculus
HALLMARK_EPITHELIAL_MESENCHYMAL_TRANSITION,Loxl1,https://www.gsea-msigdb.org/gsea/msigdb/mouse/geneset/HALLMARK_EPITHELIAL_MESENCHYMAL_TRANSITION,MM,Mus musculus
HALLMARK_EPITHELIAL_MESENCHYMAL_TRANSITION,Lrp1,https://www.gsea-msigdb.org/gsea/msigdb/mouse/geneset/HALLMARK_EPITHELIAL_MESENCHYMAL_TRANSITION,MM,Mus musculus
HALLMARK_EPITHELIAL_MESENCHYMAL_TRANSITION,Lrrc15,https://www.gsea-msigdb.org/gsea/msigdb/mouse/geneset/HALLMARK_EPITHELIAL_MESENCHYMAL_TRANSITION,MM,Mus musculus
HALLMARK_EPITHELIAL_MESENCHYMAL_TRANSITION,Lum,https://www.gsea-msigdb.org/gsea/msigdb/mouse/geneset/HALLMARK_EPITHELIAL_MESENCHYMAL_TRANSITION,MM,Mus musculus
HALLMARK_EPITHELIAL_MESENCHYMAL_TRANSITION,Magee1,https://www.gsea-msigdb.org/gsea/msigdb/mouse/geneset/HALLMARK_EPITHELIAL_MESENCHYMAL_TRANSITION,MM,Mus musculus
HALLMARK_EPITHELIAL_MESENCHYMAL_TRANSITION,Matn2,https://www.gsea-msigdb.org/gsea/msigdb/mouse/geneset/HALLMARK_EPITHELIAL_MESENCHYMAL_TRANSITION,MM,Mus musculus
HALLMARK_EPITHELIAL_MESENCHYMAL_TRANSITION,Matn3,https://www.gsea-msigdb.org/gsea/msigdb/mouse/geneset/HALLMARK_EPITHELIAL_MESENCHYMAL_TRANSITION,MM,Mus musculus
HALLMARK_EPITHELIAL_MESENCHYMAL_TRANSITION,Mcm7,https://www.gsea-msigdb.org/gsea/msigdb/mouse/geneset/HALLMARK_EPITHELIAL_MESENCHYMAL_TRANSITION,MM,Mus musculus
HALLMARK_EPITHELIAL_MESENCHYMAL_TRANSITION,Mest,https://www.gsea-msigdb.org/gsea/msigdb/mouse/geneset/HALLMARK_EPITHELIAL_MESENCHYMAL_TRANSITION,MM,Mus musculus
HALLMARK_EPITHELIAL_MESENCHYMAL_TRANSITION,Mfap5,https://www.gsea-msigdb.org/gsea/msigdb/mouse/geneset/HALLMARK_EPITHELIAL_MESENCHYMAL_TRANSITION,MM,Mus musculus
HALLMARK_EPITHELIAL_MESENCHYMAL_TRANSITION,Mgp,https://www.gsea-msigdb.org/gsea/msigdb/mouse/geneset/HALLMARK_EPITHELIAL_MESENCHYMAL_TRANSITION,MM,Mus musculus
HALLMARK_EPITHELIAL_MESENCHYMAL_TRANSITION,Mmp14,https://www.gsea-msigdb.org/gsea/msigdb/mouse/geneset/HALLMARK_EPITHELIAL_MESENCHYMAL_TRANSITION,MM,Mus musculus
HALLMARK_EPITHELIAL_MESENCHYMAL_TRANSITION,Mmp2,https://www.gsea-msigdb.org/gsea/msigdb/mouse/geneset/HALLMARK_EPITHELIAL_MESENCHYMAL_TRANSITION,MM,Mus musculus
HALLMARK_EPITHELIAL_MESENCHYMAL_TRANSITION,Mmp3,https://www.gsea-msigdb.org/gsea/msigdb/mouse/geneset/HALLMARK_EPITHELIAL_MESENCHYMAL_TRANSITION,MM,Mus musculus
HALLMARK_EPITHELIAL_MESENCHYMAL_TRANSITION,Msx1,https://www.gsea-msigdb.org/gsea/msigdb/mouse/geneset/HALLMARK_EPITHELIAL_MESENCHYMAL_TRANSITION,MM,Mus musculus
HALLMARK_EPITHELIAL_MESENCHYMAL_TRANSITION,Myl9,https://www.gsea-msigdb.org/gsea/msigdb/mouse/geneset/HALLMARK_EPITHELIAL_MESENCHYMAL_TRANSITION,MM,Mus musculus
HALLMARK_EPITHELIAL_MESENCHYMAL_TRANSITION,Mylk,https://www.gsea-msigdb.org/gsea/msigdb/mouse/geneset/HALLMARK_EPITHELIAL_MESENCHYMAL_TRANSITION,MM,Mus musculus
HALLMARK_EPITHELIAL_MESENCHYMAL_TRANSITION,Nid2,https://www.gsea-msigdb.org/gsea/msigdb/mouse/geneset/HALLMARK_EPITHELIAL_MESENCHYMAL_TRANSITION,MM,Mus musculus
HALLMARK_EPITHELIAL_MESENCHYMAL_TRANSITION,Nnmt,https://www.gsea-msigdb.org/gsea/msigdb/mouse/geneset/HALLMARK_EPITHELIAL_MESENCHYMAL_TRANSITION,MM,Mus musculus
HALLMARK_EPITHELIAL_MESENCHYMAL_TRANSITION,Notch2,https://www.gsea-msigdb.org/gsea/msigdb/mouse/geneset/HALLMARK_EPITHELIAL_MESENCHYMAL_TRANSITION,MM,Mus musculus
HALLMARK_EPITHELIAL_MESENCHYMAL_TRANSITION,Nt5e,https://www.gsea-msigdb.org/gsea/msigdb/mouse/geneset/HALLMARK_EPITHELIAL_MESENCHYMAL_TRANSITION,MM,Mus musculus
HALLMARK_EPITHELIAL_MESENCHYMAL_TRANSITION,Ntm,https://www.gsea-msigdb.org/gsea/msigdb/mouse/geneset/HALLMARK_EPITHELIAL_MESENCHYMAL_TRANSITION,MM,Mus musculus
HALLMARK_EPITHELIAL_MESENCHYMAL_TRANSITION,Oxtr,https://www.gsea-msigdb.org/gsea/msigdb/mouse/geneset/HALLMARK_EPITHELIAL_MESENCHYMAL_TRANSITION,MM,Mus musculus
HALLMARK_EPITHELIAL_MESENCHYMAL_TRANSITION,P3h1,https://www.gsea-msigdb.org/gsea/msigdb/mouse/geneset/HALLMARK_EPITHELIAL_MESENCHYMAL_TRANSITION,MM,Mus musculus
HALLMARK_EPITHELIAL_MESENCHYMAL_TRANSITION,Pcolce,https://www.gsea-msigdb.org/gsea/msigdb/mouse/geneset/HALLMARK_EPITHELIAL_MESENCHYMAL_TRANSITION,MM,Mus musculus
HALLMARK_EPITHELIAL_MESENCHYMAL_TRANSITION,Pcolce2,https://www.gsea-msigdb.org/gsea/msigdb/mouse/geneset/HALLMARK_EPITHELIAL_MESENCHYMAL_TRANSITION,MM,Mus musculus
HALLMARK_EPITHELIAL_MESENCHYMAL_TRANSITION,Pdgfrb,https://www.gsea-msigdb.org/gsea/msigdb/mouse/geneset/HALLMARK_EPITHELIAL_MESENCHYMAL_TRANSITION,MM,Mus musculus
HALLMARK_EPITHELIAL_MESENCHYMAL_TRANSITION,Pdlim4,https://www.gsea-msigdb.org/gsea/msigdb/mouse/geneset/HALLMARK_EPITHELIAL_MESENCHYMAL_TRANSITION,MM,Mus musculus
HALLMARK_EPITHELIAL_MESENCHYMAL_TRANSITION,Pfn2,https://www.gsea-msigdb.org/gsea/msigdb/mouse/geneset/HALLMARK_EPITHELIAL_MESENCHYMAL_TRANSITION,MM,Mus musculus
HALLMARK_EPITHELIAL_MESENCHYMAL_TRANSITION,Plaur,https://www.gsea-msigdb.org/gsea/msigdb/mouse/geneset/HALLMARK_EPITHELIAL_MESENCHYMAL_TRANSITION,MM,Mus musculus
HALLMARK_EPITHELIAL_MESENCHYMAL_TRANSITION,Plod1,https://www.gsea-msigdb.org/gsea/msigdb/mouse/geneset/HALLMARK_EPITHELIAL_MESENCHYMAL_TRANSITION,MM,Mus musculus
HALLMARK_EPITHELIAL_MESENCHYMAL_TRANSITION,Plod2,https://www.gsea-msigdb.org/gsea/msigdb/mouse/geneset/HALLMARK_EPITHELIAL_MESENCHYMAL_TRANSITION,MM,Mus musculus
HALLMARK_EPITHELIAL_MESENCHYMAL_TRANSITION,Plod3,https://www.gsea-msigdb.org/gsea/msigdb/mouse/geneset/HALLMARK_EPITHELIAL_MESENCHYMAL_TRANSITION,MM,Mus musculus
HALLMARK_EPITHELIAL_MESENCHYMAL_TRANSITION,Pmepa1,https://www.gsea-msigdb.org/gsea/msigdb/mouse/geneset/HALLMARK_EPITHELIAL_MESENCHYMAL_TRANSITION,MM,Mus musculus
HALLMARK_EPITHELIAL_MESENCHYMAL_TRANSITION,Pmp22,https://www.gsea-msigdb.org/gsea/msigdb/mouse/geneset/HALLMARK_EPITHELIAL_MESENCHYMAL_TRANSITION,MM,Mus musculus
HALLMARK_EPITHELIAL_MESENCHYMAL_TRANSITION,Postn,https://www.gsea-msigdb.org/gsea/msigdb/mouse/geneset/HALLMARK_EPITHELIAL_MESENCHYMAL_TRANSITION,MM,Mus musculus
HALLMARK_EPITHELIAL_MESENCHYMAL_TRANSITION,Ppib,https://www.gsea-msigdb.org/gsea/msigdb/mouse/geneset/HALLMARK_EPITHELIAL_MESENCHYMAL_TRANSITION,MM,Mus musculus
HALLMARK_EPITHELIAL_MESENCHYMAL_TRANSITION,Prrx1,https://www.gsea-msigdb.org/gsea/msigdb/mouse/geneset/HALLMARK_EPITHELIAL_MESENCHYMAL_TRANSITION,MM,Mus musculus
HALLMARK_EPITHELIAL_MESENCHYMAL_TRANSITION,Pthlh,https://www.gsea-msigdb.org/gsea/msigdb/mouse/geneset/HALLMARK_EPITHELIAL_MESENCHYMAL_TRANSITION,MM,Mus musculus
HALLMARK_EPITHELIAL_MESENCHYMAL_TRANSITION,Ptx3,https://www.gsea-msigdb.org/gsea/msigdb/mouse/geneset/HALLMARK_EPITHELIAL_MESENCHYMAL_TRANSITION,MM,Mus musculus
HALLMARK_EPITHELIAL_MESENCHYMAL_TRANSITION,Pvr,https://www.gsea-msigdb.org/gsea/msigdb/mouse/geneset/HALLMARK_EPITHELIAL_MESENCHYMAL_TRANSITION,MM,Mus musculus
HALLMARK_EPITHELIAL_MESENCHYMAL_TRANSITION,Qsox1,https://www.gsea-msigdb.org/gsea/msigdb/mouse/geneset/HALLMARK_EPITHELIAL_MESENCHYMAL_TRANSITION,MM,Mus musculus
HALLMARK_EPITHELIAL_MESENCHYMAL_TRANSITION,Rgs4,https://www.gsea-msigdb.org/gsea/msigdb/mouse/geneset/HALLMARK_EPITHELIAL_MESENCHYMAL_TRANSITION,MM,Mus musculus
HALLMARK_EPITHELIAL_MESENCHYMAL_TRANSITION,Rhob,https://www.gsea-msigdb.org/gsea/msigdb/mouse/geneset/HALLMARK_EPITHELIAL_MESENCHYMAL_TRANSITION,MM,Mus musculus
HALLMARK_EPITHELIAL_MESENCHYMAL_TRANSITION,Sat1,https://www.gsea-msigdb.org/gsea/msigdb/mouse/geneset/HALLMARK_EPITHELIAL_MESENCHYMAL_TRANSITION,MM,Mus musculus
HALLMARK_EPITHELIAL_MESENCHYMAL_TRANSITION,Scg2,https://www.gsea-msigdb.org/gsea/msigdb/mouse/geneset/HALLMARK_EPITHELIAL_MESENCHYMAL_TRANSITION,MM,Mus musculus
HALLMARK_EPITHELIAL_MESENCHYMAL_TRANSITION,Sdc1,https://www.gsea-msigdb.org/gsea/msigdb/mouse/geneset/HALLMARK_EPITHELIAL_MESENCHYMAL_TRANSITION,MM,Mus musculus
HALLMARK_EPITHELIAL_MESENCHYMAL_TRANSITION,Sdc4,https://www.gsea-msigdb.org/gsea/msigdb/mouse/geneset/HALLMARK_EPITHELIAL_MESENCHYMAL_TRANSITION,MM,Mus musculus
HALLMARK_EPITHELIAL_MESENCHYMAL_TRANSITION,Serpine1,https://www.gsea-msigdb.org/gsea/msigdb/mouse/geneset/HALLMARK_EPITHELIAL_MESENCHYMAL_TRANSITION,MM,Mus musculus
HALLMARK_EPITHELIAL_MESENCHYMAL_TRANSITION,Serpine2,https://www.gsea-msigdb.org/gsea/msigdb/mouse/geneset/HALLMARK_EPITHELIAL_MESENCHYMAL_TRANSITION,MM,Mus musculus
HALLMARK_EPITHELIAL_MESENCHYMAL_TRANSITION,Serpinh1,https://www.gsea-msigdb.org/gsea/msigdb/mouse/geneset/HALLMARK_EPITHELIAL_MESENCHYMAL_TRANSITION,MM,Mus musculus
HALLMARK_EPITHELIAL_MESENCHYMAL_TRANSITION,Sfrp1,https://www.gsea-msigdb.org/gsea/msigdb/mouse/geneset/HALLMARK_EPITHELIAL_MESENCHYMAL_TRANSITION,MM,Mus musculus
HALLMARK_EPITHELIAL_MESENCHYMAL_TRANSITION,Sfrp4,https://www.gsea-msigdb.org/gsea/msigdb/mouse/geneset/HALLMARK_EPITHELIAL_MESENCHYMAL_TRANSITION,MM,Mus musculus
HALLMARK_EPITHELIAL_MESENCHYMAL_TRANSITION,Sgcb,https://www.gsea-msigdb.org/gsea/msigdb/mouse/geneset/HALLMARK_EPITHELIAL_MESENCHYMAL_TRANSITION,MM,Mus musculus
HALLMARK_EPITHELIAL_MESENCHYMAL_TRANSITION,Sgcd,https://www.gsea-msigdb.org/gsea/msigdb/mouse/geneset/HALLMARK_EPITHELIAL_MESENCHYMAL_TRANSITION,MM,Mus musculus
HALLMARK_EPITHELIAL_MESENCHYMAL_TRANSITION,Sgcg,https://www.gsea-msigdb.org/gsea/msigdb/mouse/geneset/HALLMARK_EPITHELIAL_MESENCHYMAL_TRANSITION,MM,Mus musculus
HALLMARK_EPITHELIAL_MESENCHYMAL_TRANSITION,Slc6a8,https://www.gsea-msigdb.org/gsea/msigdb/mouse/geneset/HALLMARK_EPITHELIAL_MESENCHYMAL_TRANSITION,MM,Mus musculus
HALLMARK_EPITHELIAL_MESENCHYMAL_TRANSITION,Slit2,https://www.gsea-msigdb.org/gsea/msigdb/mouse/geneset/HALLMARK_EPITHELIAL_MESENCHYMAL_TRANSITION,MM,Mus musculus
HALLMARK_EPITHELIAL_MESENCHYMAL_TRANSITION,Slit3,https://www.gsea-msigdb.org/gsea/msigdb/mouse/geneset/HALLMARK_EPITHELIAL_MESENCHYMAL_TRANSITION,MM,Mus musculus
HALLMARK_EPITHELIAL_MESENCHYMAL_TRANSITION,Snai2,https://www.gsea-msigdb.org/gsea/msigdb/mouse/geneset/HALLMARK_EPITHELIAL_MESENCHYMAL_TRANSITION,MM,Mus musculus
HALLMARK_EPITHELIAL_MESENCHYMAL_TRANSITION,Sntb1,https://www.gsea-msigdb.org/gsea/msigdb/mouse/geneset/HALLMARK_EPITHELIAL_MESENCHYMAL_TRANSITION,MM,Mus musculus
HALLMARK_EPITHELIAL_MESENCHYMAL_TRANSITION,Sparc,https://www.gsea-msigdb.org/gsea/msigdb/mouse/geneset/HALLMARK_EPITHELIAL_MESENCHYMAL_TRANSITION,MM,Mus musculus
HALLMARK_EPITHELIAL_MESENCHYMAL_TRANSITION,Spock1,https://www.gsea-msigdb.org/gsea/msigdb/mouse/geneset/HALLMARK_EPITHELIAL_MESENCHYMAL_TRANSITION,MM,Mus musculus
HALLMARK_EPITHELIAL_MESENCHYMAL_TRANSITION,Spp1,https://www.gsea-msigdb.org/gsea/msigdb/mouse/geneset/HALLMARK_EPITHELIAL_MESENCHYMAL_TRANSITION,MM,Mus musculus
HALLMARK_EPITHELIAL_MESENCHYMAL_TRANSITION,Tagln,https://www.gsea-msigdb.org/gsea/msigdb/mouse/geneset/HALLMARK_EPITHELIAL_MESENCHYMAL_TRANSITION,MM,Mus musculus
HALLMARK_EPITHELIAL_MESENCHYMAL_TRANSITION,Tfpi2,https://www.gsea-msigdb.org/gsea/msigdb/mouse/geneset/HALLMARK_EPITHELIAL_MESENCHYMAL_TRANSITION,MM,Mus musculus
HALLMARK_EPITHELIAL_MESENCHYMAL_TRANSITION,Tgfb1,https://www.gsea-msigdb.org/gsea/msigdb/mouse/geneset/HALLMARK_EPITHELIAL_MESENCHYMAL_TRANSITION,MM,Mus musculus
HALLMARK_EPITHELIAL_MESENCHYMAL_TRANSITION,Tgfbi,https://www.gsea-msigdb.org/gsea/msigdb/mouse/geneset/HALLMARK_EPITHELIAL_MESENCHYMAL_TRANSITION,MM,Mus musculus
HALLMARK_EPITHELIAL_MESENCHYMAL_TRANSITION,Tgfbr3,https://www.gsea-msigdb.org/gsea/msigdb/mouse/geneset/HALLMARK_EPITHELIAL_MESENCHYMAL_TRANSITION,MM,Mus musculus
HALLMARK_EPITHELIAL_MESENCHYMAL_TRANSITION,Tgm2,https://www.gsea-msigdb.org/gsea/msigdb/mouse/geneset/HALLMARK_EPITHELIAL_MESENCHYMAL_TRANSITION,MM,Mus musculus
HALLMARK_EPITHELIAL_MESENCHYMAL_TRANSITION,Thbs1,https://www.gsea-msigdb.org/gsea/msigdb/mouse/geneset/HALLMARK_EPITHELIAL_MESENCHYMAL_TRANSITION,MM,Mus musculus
HALLMARK_EPITHELIAL_MESENCHYMAL_TRANSITION,Thbs2,https://www.gsea-msigdb.org/gsea/msigdb/mouse/geneset/HALLMARK_EPITHELIAL_MESENCHYMAL_TRANSITION,MM,Mus musculus
HALLMARK_EPITHELIAL_MESENCHYMAL_TRANSITION,Thy1,https://www.gsea-msigdb.org/gsea/msigdb/mouse/geneset/HALLMARK_EPITHELIAL_MESENCHYMAL_TRANSITION,MM,Mus musculus
HALLMARK_EPITHELIAL_MESENCHYMAL_TRANSITION,Timp1,https://www.gsea-msigdb.org/gsea/msigdb/mouse/geneset/HALLMARK_EPITHELIAL_MESENCHYMAL_TRANSITION,MM,Mus musculus
HALLMARK_EPITHELIAL_MESENCHYMAL_TRANSITION,Timp3,https://www.gsea-msigdb.org/gsea/msigdb/mouse/geneset/HALLMARK_EPITHELIAL_MESENCHYMAL_TRANSITION,MM,Mus musculus
HALLMARK_EPITHELIAL_MESENCHYMAL_TRANSITION,Tnc,https://www.gsea-msigdb.org/gsea/msigdb/mouse/geneset/HALLMARK_EPITHELIAL_MESENCHYMAL_TRANSITION,MM,Mus musculus
HALLMARK_EPITHELIAL_MESENCHYMAL_TRANSITION,Tnfaip3,https://www.gsea-msigdb.org/gsea/msigdb/mouse/geneset/HALLMARK_EPITHELIAL_MESENCHYMAL_TRANSITION,MM,Mus musculus
HALLMARK_EPITHELIAL_MESENCHYMAL_TRANSITION,Tnfrsf11b,https://www.gsea-msigdb.org/gsea/msigdb/mouse/geneset/HALLMARK_EPITHELIAL_MESENCHYMAL_TRANSITION,MM,Mus musculus
HALLMARK_EPITHELIAL_MESENCHYMAL_TRANSITION,Tnfrsf12a,https://www.gsea-msigdb.org/gsea/msigdb/mouse/geneset/HALLMARK_EPITHELIAL_MESENCHYMAL_TRANSITION,MM,Mus musculus
HALLMARK_EPITHELIAL_MESENCHYMAL_TRANSITION,Tpm1,https://www.gsea-msigdb.org/gsea/msigdb/mouse/geneset/HALLMARK_EPITHELIAL_MESENCHYMAL_TRANSITION,MM,Mus musculus
HALLMARK_EPITHELIAL_MESENCHYMAL_TRANSITION,Tpm2,https://www.gsea-msigdb.org/gsea/msigdb/mouse/geneset/HALLMARK_EPITHELIAL_MESENCHYMAL_TRANSITION,MM,Mus musculus
HALLMARK_EPITHELIAL_MESENCHYMAL_TRANSITION,Tpm4,https://www.gsea-msigdb.org/gsea/msigdb/mouse/geneset/HALLMARK_EPITHELIAL_MESENCHYMAL_TRANSITION,MM,Mus musculus
HALLMARK_EPITHELIAL_MESENCHYMAL_TRANSITION,Vcam1,https://www.gsea-msigdb.org/gsea/msigdb/mouse/geneset/HALLMARK_EPITHELIAL_MESENCHYMAL_TRANSITION,MM,Mus musculus
HALLMARK_EPITHELIAL_MESENCHYMAL_TRANSITION,Vcan,https://www.gsea-msigdb.org/gsea/msigdb/mouse/geneset/HALLMARK_EPITHELIAL_MESENCHYMAL_TRANSITION,MM,Mus musculus
HALLMARK_EPITHELIAL_MESENCHYMAL_TRANSITION,Vegfa,https://www.gsea-msigdb.org/gsea/msigdb/mouse/geneset/HALLMARK_EPITHELIAL_MESENCHYMAL_TRANSITION,MM,Mus musculus
HALLMARK_EPITHELIAL_MESENCHYMAL_TRANSITION,Vegfc,https://www.gsea-msigdb.org/gsea/msigdb/mouse/geneset/HALLMARK_EPITHELIAL_MESENCHYMAL_TRANSITION,MM,Mus musculus
HALLMARK_EPITHELIAL_MESENCHYMAL_TRANSITION,Vim,https://www.gsea-msigdb.org/gsea/msigdb/mouse/geneset/HALLMARK_EPITHELIAL_MESENCHYMAL_TRANSITION,MM,Mus musculus
HALLMARK_EPITHELIAL_MESENCHYMAL_TRANSITION,Wipf1,https://www.gsea-msigdb.org/gsea/msigdb/mouse/geneset/HALLMARK_EPITHELIAL_MESENCHYMAL_TRANSITION,MM,Mus musculus
HALLMARK_EPITHELIAL_MESENCHYMAL_TRANSITION,Wnt5a,https://www.gsea-msigdb.org/gsea/msigdb/mouse/geneset/HALLMARK_EPITHELIAL_MESENCHYMAL_TRANSITION,MM,Mus musculus
HALLMARK_ESTROGEN_RESPONSE_EARLY,Abat,https://www.gsea-msigdb.org/gsea/msigdb/mouse/geneset/HALLMARK_ESTROGEN_RESPONSE_EARLY,MM,Mus musculus
HALLMARK_ESTROGEN_RESPONSE_EARLY,Abca3,https://www.gsea-msigdb.org/gsea/msigdb/mouse/geneset/HALLMARK_ESTROGEN_RESPONSE_EARLY,MM,Mus musculus
HALLMARK_ESTROGEN_RESPONSE_EARLY,Abhd2,https://www.gsea-msigdb.org/gsea/msigdb/mouse/geneset/HALLMARK_ESTROGEN_RESPONSE_EARLY,MM,Mus musculus
HALLMARK_ESTROGEN_RESPONSE_EARLY,Ablim1,https://www.gsea-msigdb.org/gsea/msigdb/mouse/geneset/HALLMARK_ESTROGEN_RESPONSE_EARLY,MM,Mus musculus
HALLMARK_ESTROGEN_RESPONSE_EARLY,Adcy1,https://www.gsea-msigdb.org/gsea/msigdb/mouse/geneset/HALLMARK_ESTROGEN_RESPONSE_EARLY,MM,Mus musculus
HALLMARK_ESTROGEN_RESPONSE_EARLY,Adcy9,https://www.gsea-msigdb.org/gsea/msigdb/mouse/geneset/HALLMARK_ESTROGEN_RESPONSE_EARLY,MM,Mus musculus
HALLMARK_ESTROGEN_RESPONSE_EARLY,Add3,https://www.gsea-msigdb.org/gsea/msigdb/mouse/geneset/HALLMARK_ESTROGEN_RESPONSE_EARLY,MM,Mus musculus
HALLMARK_ESTROGEN_RESPONSE_EARLY,Aff1,https://www.gsea-msigdb.org/gsea/msigdb/mouse/geneset/HALLMARK_ESTROGEN_RESPONSE_EARLY,MM,Mus musculus
HALLMARK_ESTROGEN_RESPONSE_EARLY,Akap1,https://www.gsea-msigdb.org/gsea/msigdb/mouse/geneset/HALLMARK_ESTROGEN_RESPONSE_EARLY,MM,Mus musculus
HALLMARK_ESTROGEN_RESPONSE_EARLY,Aldh3b1,https://www.gsea-msigdb.org/gsea/msigdb/mouse/geneset/HALLMARK_ESTROGEN_RESPONSE_EARLY,MM,Mus musculus
HALLMARK_ESTROGEN_RESPONSE_EARLY,Amfr,https://www.gsea-msigdb.org/gsea/msigdb/mouse/geneset/HALLMARK_ESTROGEN_RESPONSE_EARLY,MM,Mus musculus
HALLMARK_ESTROGEN_RESPONSE_EARLY,Anxa9,https://www.gsea-msigdb.org/gsea/msigdb/mouse/geneset/HALLMARK_ESTROGEN_RESPONSE_EARLY,MM,Mus musculus
HALLMARK_ESTROGEN_RESPONSE_EARLY,Aqp3,https://www.gsea-msigdb.org/gsea/msigdb/mouse/geneset/HALLMARK_ESTROGEN_RESPONSE_EARLY,MM,Mus musculus
HALLMARK_ESTROGEN_RESPONSE_EARLY,Ar,https://www.gsea-msigdb.org/gsea/msigdb/mouse/geneset/HALLMARK_ESTROGEN_RESPONSE_EARLY,MM,Mus musculus
HALLMARK_ESTROGEN_RESPONSE_EARLY,Areg,https://www.gsea-msigdb.org/gsea/msigdb/mouse/geneset/HALLMARK_ESTROGEN_RESPONSE_EARLY,MM,Mus musculus
HALLMARK_ESTROGEN_RESPONSE_EARLY,Arl3,https://www.gsea-msigdb.org/gsea/msigdb/mouse/geneset/HALLMARK_ESTROGEN_RESPONSE_EARLY,MM,Mus musculus
HALLMARK_ESTROGEN_RESPONSE_EARLY,Asb13,https://www.gsea-msigdb.org/gsea/msigdb/mouse/geneset/HALLMARK_ESTROGEN_RESPONSE_EARLY,MM,Mus musculus
HALLMARK_ESTROGEN_RESPONSE_EARLY,B4galt1,https://www.gsea-msigdb.org/gsea/msigdb/mouse/geneset/HALLMARK_ESTROGEN_RESPONSE_EARLY,MM,Mus musculus
HALLMARK_ESTROGEN_RESPONSE_EARLY,Bag1,https://www.gsea-msigdb.org/gsea/msigdb/mouse/geneset/HALLMARK_ESTROGEN_RESPONSE_EARLY,MM,Mus musculus
HALLMARK_ESTROGEN_RESPONSE_EARLY,Bcl11b,https://www.gsea-msigdb.org/gsea/msigdb/mouse/geneset/HALLMARK_ESTROGEN_RESPONSE_EARLY,MM,Mus musculus
HALLMARK_ESTROGEN_RESPONSE_EARLY,Bcl2,https://www.gsea-msigdb.org/gsea/msigdb/mouse/geneset/HALLMARK_ESTROGEN_RESPONSE_EARLY,MM,Mus musculus
HALLMARK_ESTROGEN_RESPONSE_EARLY,Bhlhe40,https://www.gsea-msigdb.org/gsea/msigdb/mouse/geneset/HALLMARK_ESTROGEN_RESPONSE_EARLY,MM,Mus musculus
HALLMARK_ESTROGEN_RESPONSE_EARLY,Blvrb,https://www.gsea-msigdb.org/gsea/msigdb/mouse/geneset/HALLMARK_ESTROGEN_RESPONSE_EARLY,MM,Mus musculus
HALLMARK_ESTROGEN_RESPONSE_EARLY,Calb2,https://www.gsea-msigdb.org/gsea/msigdb/mouse/geneset/HALLMARK_ESTROGEN_RESPONSE_EARLY,MM,Mus musculus
HALLMARK_ESTROGEN_RESPONSE_EARLY,Calcr,https://www.gsea-msigdb.org/gsea/msigdb/mouse/geneset/HALLMARK_ESTROGEN_RESPONSE_EARLY,MM,Mus musculus
HALLMARK_ESTROGEN_RESPONSE_EARLY,Cant1,https://www.gsea-msigdb.org/gsea/msigdb/mouse/geneset/HALLMARK_ESTROGEN_RESPONSE_EARLY,MM,Mus musculus
HALLMARK_ESTROGEN_RESPONSE_EARLY,Car12,https://www.gsea-msigdb.org/gsea/msigdb/mouse/geneset/HALLMARK_ESTROGEN_RESPONSE_EARLY,MM,Mus musculus
HALLMARK_ESTROGEN_RESPONSE_EARLY,Cbfa2t3,https://www.gsea-msigdb.org/gsea/msigdb/mouse/geneset/HALLMARK_ESTROGEN_RESPONSE_EARLY,MM,Mus musculus
HALLMARK_ESTROGEN_RESPONSE_EARLY,Ccn5,https://www.gsea-msigdb.org/gsea/msigdb/mouse/geneset/HALLMARK_ESTROGEN_RESPONSE_EARLY,MM,Mus musculus
HALLMARK_ESTROGEN_RESPONSE_EARLY,Ccnd1,https://www.gsea-msigdb.org/gsea/msigdb/mouse/geneset/HALLMARK_ESTROGEN_RESPONSE_EARLY,MM,Mus musculus
HALLMARK_ESTROGEN_RESPONSE_EARLY,Cd44,https://www.gsea-msigdb.org/gsea/msigdb/mouse/geneset/HALLMARK_ESTROGEN_RESPONSE_EARLY,MM,Mus musculus
HALLMARK_ESTROGEN_RESPONSE_EARLY,Celsr1,https://www.gsea-msigdb.org/gsea/msigdb/mouse/geneset/HALLMARK_ESTROGEN_RESPONSE_EARLY,MM,Mus musculus
HALLMARK_ESTROGEN_RESPONSE_EARLY,Celsr2,https://www.gsea-msigdb.org/gsea/msigdb/mouse/geneset/HALLMARK_ESTROGEN_RESPONSE_EARLY,MM,Mus musculus
HALLMARK_ESTROGEN_RESPONSE_EARLY,Chpt1,https://www.gsea-msigdb.org/gsea/msigdb/mouse/geneset/HALLMARK_ESTROGEN_RESPONSE_EARLY,MM,Mus musculus
HALLMARK_ESTROGEN_RESPONSE_EARLY,Cish,https://www.gsea-msigdb.org/gsea/msigdb/mouse/geneset/HALLMARK_ESTROGEN_RESPONSE_EARLY,MM,Mus musculus
HALLMARK_ESTROGEN_RESPONSE_EARLY,Cldn7,https://www.gsea-msigdb.org/gsea/msigdb/mouse/geneset/HALLMARK_ESTROGEN_RESPONSE_EARLY,MM,Mus musculus
HALLMARK_ESTROGEN_RESPONSE_EARLY,Clic3,https://www.gsea-msigdb.org/gsea/msigdb/mouse/geneset/HALLMARK_ESTROGEN_RESPONSE_EARLY,MM,Mus musculus
HALLMARK_ESTROGEN_RESPONSE_EARLY,Cxcl12,https://www.gsea-msigdb.org/gsea/msigdb/mouse/geneset/HALLMARK_ESTROGEN_RESPONSE_EARLY,MM,Mus musculus
HALLMARK_ESTROGEN_RESPONSE_EARLY,Cyp26b1,https://www.gsea-msigdb.org/gsea/msigdb/mouse/geneset/HALLMARK_ESTROGEN_RESPONSE_EARLY,MM,Mus musculus
HALLMARK_ESTROGEN_RESPONSE_EARLY,Deptor,https://www.gsea-msigdb.org/gsea/msigdb/mouse/geneset/HALLMARK_ESTROGEN_RESPONSE_EARLY,MM,Mus musculus
HALLMARK_ESTROGEN_RESPONSE_EARLY,Dhcr7,https://www.gsea-msigdb.org/gsea/msigdb/mouse/geneset/HALLMARK_ESTROGEN_RESPONSE_EARLY,MM,Mus musculus
HALLMARK_ESTROGEN_RESPONSE_EARLY,Dhrs2,https://www.gsea-msigdb.org/gsea/msigdb/mouse/geneset/HALLMARK_ESTROGEN_RESPONSE_EARLY,MM,Mus musculus
HALLMARK_ESTROGEN_RESPONSE_EARLY,Dhrs3,https://www.gsea-msigdb.org/gsea/msigdb/mouse/geneset/HALLMARK_ESTROGEN_RESPONSE_EARLY,MM,Mus musculus
HALLMARK_ESTROGEN_RESPONSE_EARLY,Dlc1,https://www.gsea-msigdb.org/gsea/msigdb/mouse/geneset/HALLMARK_ESTROGEN_RESPONSE_EARLY,MM,Mus musculus
HALLMARK_ESTROGEN_RESPONSE_EARLY,Dynlt3,https://www.gsea-msigdb.org/gsea/msigdb/mouse/geneset/HALLMARK_ESTROGEN_RESPONSE_EARLY,MM,Mus musculus
HALLMARK_ESTROGEN_RESPONSE_EARLY,Eeig1,https://www.gsea-msigdb.org/gsea/msigdb/mouse/geneset/HALLMARK_ESTROGEN_RESPONSE_EARLY,MM,Mus musculus
HALLMARK_ESTROGEN_RESPONSE_EARLY,Egr3,https://www.gsea-msigdb.org/gsea/msigdb/mouse/geneset/HALLMARK_ESTROGEN_RESPONSE_EARLY,MM,Mus musculus
HALLMARK_ESTROGEN_RESPONSE_EARLY,Elf1,https://www.gsea-msigdb.org/gsea/msigdb/mouse/geneset/HALLMARK_ESTROGEN_RESPONSE_EARLY,MM,Mus musculus
HALLMARK_ESTROGEN_RESPONSE_EARLY,Elf3,https://www.gsea-msigdb.org/gsea/msigdb/mouse/geneset/HALLMARK_ESTROGEN_RESPONSE_EARLY,MM,Mus musculus
HALLMARK_ESTROGEN_RESPONSE_EARLY,Elovl2,https://www.gsea-msigdb.org/gsea/msigdb/mouse/geneset/HALLMARK_ESTROGEN_RESPONSE_EARLY,MM,Mus musculus
HALLMARK_ESTROGEN_RESPONSE_EARLY,Elovl5,https://www.gsea-msigdb.org/gsea/msigdb/mouse/geneset/HALLMARK_ESTROGEN_RESPONSE_EARLY,MM,Mus musculus
HALLMARK_ESTROGEN_RESPONSE_EARLY,Endod1,https://www.gsea-msigdb.org/gsea/msigdb/mouse/geneset/HALLMARK_ESTROGEN_RESPONSE_EARLY,MM,Mus musculus
HALLMARK_ESTROGEN_RESPONSE_EARLY,Esrp2,https://www.gsea-msigdb.org/gsea/msigdb/mouse/geneset/HALLMARK_ESTROGEN_RESPONSE_EARLY,MM,Mus musculus
HALLMARK_ESTROGEN_RESPONSE_EARLY,Farp1,https://www.gsea-msigdb.org/gsea/msigdb/mouse/geneset/HALLMARK_ESTROGEN_RESPONSE_EARLY,MM,Mus musculus
HALLMARK_ESTROGEN_RESPONSE_EARLY,Fasn,https://www.gsea-msigdb.org/gsea/msigdb/mouse/geneset/HALLMARK_ESTROGEN_RESPONSE_EARLY,MM,Mus musculus
HALLMARK_ESTROGEN_RESPONSE_EARLY,Fcmr,https://www.gsea-msigdb.org/gsea/msigdb/mouse/geneset/HALLMARK_ESTROGEN_RESPONSE_EARLY,MM,Mus musculus
HALLMARK_ESTROGEN_RESPONSE_EARLY,Fdft1,https://www.gsea-msigdb.org/gsea/msigdb/mouse/geneset/HALLMARK_ESTROGEN_RESPONSE_EARLY,MM,Mus musculus
HALLMARK_ESTROGEN_RESPONSE_EARLY,Fhl2,https://www.gsea-msigdb.org/gsea/msigdb/mouse/geneset/HALLMARK_ESTROGEN_RESPONSE_EARLY,MM,Mus musculus
HALLMARK_ESTROGEN_RESPONSE_EARLY,Fkbp4,https://www.gsea-msigdb.org/gsea/msigdb/mouse/geneset/HALLMARK_ESTROGEN_RESPONSE_EARLY,MM,Mus musculus
HALLMARK_ESTROGEN_RESPONSE_EARLY,Fkbp5,https://www.gsea-msigdb.org/gsea/msigdb/mouse/geneset/HALLMARK_ESTROGEN_RESPONSE_EARLY,MM,Mus musculus
HALLMARK_ESTROGEN_RESPONSE_EARLY,Flnb,https://www.gsea-msigdb.org/gsea/msigdb/mouse/geneset/HALLMARK_ESTROGEN_RESPONSE_EARLY,MM,Mus musculus
HALLMARK_ESTROGEN_RESPONSE_EARLY,Fos,https://www.gsea-msigdb.org/gsea/msigdb/mouse/geneset/HALLMARK_ESTROGEN_RESPONSE_EARLY,MM,Mus musculus
HALLMARK_ESTROGEN_RESPONSE_EARLY,Foxc1,https://www.gsea-msigdb.org/gsea/msigdb/mouse/geneset/HALLMARK_ESTROGEN_RESPONSE_EARLY,MM,Mus musculus
HALLMARK_ESTROGEN_RESPONSE_EARLY,Frk,https://www.gsea-msigdb.org/gsea/msigdb/mouse/geneset/HALLMARK_ESTROGEN_RESPONSE_EARLY,MM,Mus musculus
HALLMARK_ESTROGEN_RESPONSE_EARLY,Gab2,https://www.gsea-msigdb.org/gsea/msigdb/mouse/geneset/HALLMARK_ESTROGEN_RESPONSE_EARLY,MM,Mus musculus
HALLMARK_ESTROGEN_RESPONSE_EARLY,Gfra1,https://www.gsea-msigdb.org/gsea/msigdb/mouse/geneset/HALLMARK_ESTROGEN_RESPONSE_EARLY,MM,Mus musculus
HALLMARK_ESTROGEN_RESPONSE_EARLY,Gja1,https://www.gsea-msigdb.org/gsea/msigdb/mouse/geneset/HALLMARK_ESTROGEN_RESPONSE_EARLY,MM,Mus musculus
HALLMARK_ESTROGEN_RESPONSE_EARLY,Gla,https://www.gsea-msigdb.org/gsea/msigdb/mouse/geneset/HALLMARK_ESTROGEN_RESPONSE_EARLY,MM,Mus musculus
HALLMARK_ESTROGEN_RESPONSE_EARLY,Greb1,https://www.gsea-msigdb.org/gsea/msigdb/mouse/geneset/HALLMARK_ESTROGEN_RESPONSE_EARLY,MM,Mus musculus
HALLMARK_ESTROGEN_RESPONSE_EARLY,Hes1,https://www.gsea-msigdb.org/gsea/msigdb/mouse/geneset/HALLMARK_ESTROGEN_RESPONSE_EARLY,MM,Mus musculus
HALLMARK_ESTROGEN_RESPONSE_EARLY,Hr,https://www.gsea-msigdb.org/gsea/msigdb/mouse/geneset/HALLMARK_ESTROGEN_RESPONSE_EARLY,MM,Mus musculus
HALLMARK_ESTROGEN_RESPONSE_EARLY,Hspb8,https://www.gsea-msigdb.org/gsea/msigdb/mouse/geneset/HALLMARK_ESTROGEN_RESPONSE_EARLY,MM,Mus musculus
HALLMARK_ESTROGEN_RESPONSE_EARLY,Igf1r,https://www.gsea-msigdb.org/gsea/msigdb/mouse/geneset/HALLMARK_ESTROGEN_RESPONSE_EARLY,MM,Mus musculus
HALLMARK_ESTROGEN_RESPONSE_EARLY,Igfbp4,https://www.gsea-msigdb.org/gsea/msigdb/mouse/geneset/HALLMARK_ESTROGEN_RESPONSE_EARLY,MM,Mus musculus
HALLMARK_ESTROGEN_RESPONSE_EARLY,Il17rb,https://www.gsea-msigdb.org/gsea/msigdb/mouse/geneset/HALLMARK_ESTROGEN_RESPONSE_EARLY,MM,Mus musculus
HALLMARK_ESTROGEN_RESPONSE_EARLY,Il6st,https://www.gsea-msigdb.org/gsea/msigdb/mouse/geneset/HALLMARK_ESTROGEN_RESPONSE_EARLY,MM,Mus musculus
HALLMARK_ESTROGEN_RESPONSE_EARLY,Inhbb,https://www.gsea-msigdb.org/gsea/msigdb/mouse/geneset/HALLMARK_ESTROGEN_RESPONSE_EARLY,MM,Mus musculus
HALLMARK_ESTROGEN_RESPONSE_EARLY,Inpp5f,https://www.gsea-msigdb.org/gsea/msigdb/mouse/geneset/HALLMARK_ESTROGEN_RESPONSE_EARLY,MM,Mus musculus
HALLMARK_ESTROGEN_RESPONSE_EARLY,Isg20l2,https://www.gsea-msigdb.org/gsea/msigdb/mouse/geneset/HALLMARK_ESTROGEN_RESPONSE_EARLY,MM,Mus musculus
HALLMARK_ESTROGEN_RESPONSE_EARLY,Itpk1,https://www.gsea-msigdb.org/gsea/msigdb/mouse/geneset/HALLMARK_ESTROGEN_RESPONSE_EARLY,MM,Mus musculus
HALLMARK_ESTROGEN_RESPONSE_EARLY,Jak2,https://www.gsea-msigdb.org/gsea/msigdb/mouse/geneset/HALLMARK_ESTROGEN_RESPONSE_EARLY,MM,Mus musculus
HALLMARK_ESTROGEN_RESPONSE_EARLY,Kazn,https://www.gsea-msigdb.org/gsea/msigdb/mouse/geneset/HALLMARK_ESTROGEN_RESPONSE_EARLY,MM,Mus musculus
HALLMARK_ESTROGEN_RESPONSE_EARLY,Kcnk15,https://www.gsea-msigdb.org/gsea/msigdb/mouse/geneset/HALLMARK_ESTROGEN_RESPONSE_EARLY,MM,Mus musculus
HALLMARK_ESTROGEN_RESPONSE_EARLY,Kcnk5,https://www.gsea-msigdb.org/gsea/msigdb/mouse/geneset/HALLMARK_ESTROGEN_RESPONSE_EARLY,MM,Mus musculus
HALLMARK_ESTROGEN_RESPONSE_EARLY,Kdm4b,https://www.gsea-msigdb.org/gsea/msigdb/mouse/geneset/HALLMARK_ESTROGEN_RESPONSE_EARLY,MM,Mus musculus
HALLMARK_ESTROGEN_RESPONSE_EARLY,Klf10,https://www.gsea-msigdb.org/gsea/msigdb/mouse/geneset/HALLMARK_ESTROGEN_RESPONSE_EARLY,MM,Mus musculus
HALLMARK_ESTROGEN_RESPONSE_EARLY,Klf4,https://www.gsea-msigdb.org/gsea/msigdb/mouse/geneset/HALLMARK_ESTROGEN_RESPONSE_EARLY,MM,Mus musculus
HALLMARK_ESTROGEN_RESPONSE_EARLY,Klk10,https://www.gsea-msigdb.org/gsea/msigdb/mouse/geneset/HALLMARK_ESTROGEN_RESPONSE_EARLY,MM,Mus musculus
HALLMARK_ESTROGEN_RESPONSE_EARLY,Krt13,https://www.gsea-msigdb.org/gsea/msigdb/mouse/geneset/HALLMARK_ESTROGEN_RESPONSE_EARLY,MM,Mus musculus
HALLMARK_ESTROGEN_RESPONSE_EARLY,Krt15,https://www.gsea-msigdb.org/gsea/msigdb/mouse/geneset/HALLMARK_ESTROGEN_RESPONSE_EARLY,MM,Mus musculus
HALLMARK_ESTROGEN_RESPONSE_EARLY,Krt18,https://www.gsea-msigdb.org/gsea/msigdb/mouse/geneset/HALLMARK_ESTROGEN_RESPONSE_EARLY,MM,Mus musculus
HALLMARK_ESTROGEN_RESPONSE_EARLY,Krt19,https://www.gsea-msigdb.org/gsea/msigdb/mouse/geneset/HALLMARK_ESTROGEN_RESPONSE_EARLY,MM,Mus musculus
HALLMARK_ESTROGEN_RESPONSE_EARLY,Krt8,https://www.gsea-msigdb.org/gsea/msigdb/mouse/geneset/HALLMARK_ESTROGEN_RESPONSE_EARLY,MM,Mus musculus
HALLMARK_ESTROGEN_RESPONSE_EARLY,Lad1,https://www.gsea-msigdb.org/gsea/msigdb/mouse/geneset/HALLMARK_ESTROGEN_RESPONSE_EARLY,MM,Mus musculus
HALLMARK_ESTROGEN_RESPONSE_EARLY,Lrig1,https://www.gsea-msigdb.org/gsea/msigdb/mouse/geneset/HALLMARK_ESTROGEN_RESPONSE_EARLY,MM,Mus musculus
HALLMARK_ESTROGEN_RESPONSE_EARLY,Mapt,https://www.gsea-msigdb.org/gsea/msigdb/mouse/geneset/HALLMARK_ESTROGEN_RESPONSE_EARLY,MM,Mus musculus
HALLMARK_ESTROGEN_RESPONSE_EARLY,Mast4,https://www.gsea-msigdb.org/gsea/msigdb/mouse/geneset/HALLMARK_ESTROGEN_RESPONSE_EARLY,MM,Mus musculus
HALLMARK_ESTROGEN_RESPONSE_EARLY,Med13l,https://www.gsea-msigdb.org/gsea/msigdb/mouse/geneset/HALLMARK_ESTROGEN_RESPONSE_EARLY,MM,Mus musculus
HALLMARK_ESTROGEN_RESPONSE_EARLY,Med24,https://www.gsea-msigdb.org/gsea/msigdb/mouse/geneset/HALLMARK_ESTROGEN_RESPONSE_EARLY,MM,Mus musculus
HALLMARK_ESTROGEN_RESPONSE_EARLY,Mindy1,https://www.gsea-msigdb.org/gsea/msigdb/mouse/geneset/HALLMARK_ESTROGEN_RESPONSE_EARLY,MM,Mus musculus
HALLMARK_ESTROGEN_RESPONSE_EARLY,Mlph,https://www.gsea-msigdb.org/gsea/msigdb/mouse/geneset/HALLMARK_ESTROGEN_RESPONSE_EARLY,MM,Mus musculus
HALLMARK_ESTROGEN_RESPONSE_EARLY,Mpped2,https://www.gsea-msigdb.org/gsea/msigdb/mouse/geneset/HALLMARK_ESTROGEN_RESPONSE_EARLY,MM,Mus musculus
HALLMARK_ESTROGEN_RESPONSE_EARLY,Mreg,https://www.gsea-msigdb.org/gsea/msigdb/mouse/geneset/HALLMARK_ESTROGEN_RESPONSE_EARLY,MM,Mus musculus
HALLMARK_ESTROGEN_RESPONSE_EARLY,Msmb,https://www.gsea-msigdb.org/gsea/msigdb/mouse/geneset/HALLMARK_ESTROGEN_RESPONSE_EARLY,MM,Mus musculus
HALLMARK_ESTROGEN_RESPONSE_EARLY,Muc1,https://www.gsea-msigdb.org/gsea/msigdb/mouse/geneset/HALLMARK_ESTROGEN_RESPONSE_EARLY,MM,Mus musculus
HALLMARK_ESTROGEN_RESPONSE_EARLY,Myb,https://www.gsea-msigdb.org/gsea/msigdb/mouse/geneset/HALLMARK_ESTROGEN_RESPONSE_EARLY,MM,Mus musculus
HALLMARK_ESTROGEN_RESPONSE_EARLY,Mybbp1a,https://www.gsea-msigdb.org/gsea/msigdb/mouse/geneset/HALLMARK_ESTROGEN_RESPONSE_EARLY,MM,Mus musculus
HALLMARK_ESTROGEN_RESPONSE_EARLY,Mybl1,https://www.gsea-msigdb.org/gsea/msigdb/mouse/geneset/HALLMARK_ESTROGEN_RESPONSE_EARLY,MM,Mus musculus
HALLMARK_ESTROGEN_RESPONSE_EARLY,Myc,https://www.gsea-msigdb.org/gsea/msigdb/mouse/geneset/HALLMARK_ESTROGEN_RESPONSE_EARLY,MM,Mus musculus
HALLMARK_ESTROGEN_RESPONSE_EARLY,Myof,https://www.gsea-msigdb.org/gsea/msigdb/mouse/geneset/HALLMARK_ESTROGEN_RESPONSE_EARLY,MM,Mus musculus
HALLMARK_ESTROGEN_RESPONSE_EARLY,Nadsyn1,https://www.gsea-msigdb.org/gsea/msigdb/mouse/geneset/HALLMARK_ESTROGEN_RESPONSE_EARLY,MM,Mus musculus
HALLMARK_ESTROGEN_RESPONSE_EARLY,Nav2,https://www.gsea-msigdb.org/gsea/msigdb/mouse/geneset/HALLMARK_ESTROGEN_RESPONSE_EARLY,MM,Mus musculus
HALLMARK_ESTROGEN_RESPONSE_EARLY,Ncor2,https://www.gsea-msigdb.org/gsea/msigdb/mouse/geneset/HALLMARK_ESTROGEN_RESPONSE_EARLY,MM,Mus musculus
HALLMARK_ESTROGEN_RESPONSE_EARLY,Nherf1,https://www.gsea-msigdb.org/gsea/msigdb/mouse/geneset/HALLMARK_ESTROGEN_RESPONSE_EARLY,MM,Mus musculus
HALLMARK_ESTROGEN_RESPONSE_EARLY,Npy1r,https://www.gsea-msigdb.org/gsea/msigdb/mouse/geneset/HALLMARK_ESTROGEN_RESPONSE_EARLY,MM,Mus musculus
HALLMARK_ESTROGEN_RESPONSE_EARLY,Nrip1,https://www.gsea-msigdb.org/gsea/msigdb/mouse/geneset/HALLMARK_ESTROGEN_RESPONSE_EARLY,MM,Mus musculus
HALLMARK_ESTROGEN_RESPONSE_EARLY,Nxt1,https://www.gsea-msigdb.org/gsea/msigdb/mouse/geneset/HALLMARK_ESTROGEN_RESPONSE_EARLY,MM,Mus musculus
HALLMARK_ESTROGEN_RESPONSE_EARLY,Olfm1,https://www.gsea-msigdb.org/gsea/msigdb/mouse/geneset/HALLMARK_ESTROGEN_RESPONSE_EARLY,MM,Mus musculus
HALLMARK_ESTROGEN_RESPONSE_EARLY,Olfml3,https://www.gsea-msigdb.org/gsea/msigdb/mouse/geneset/HALLMARK_ESTROGEN_RESPONSE_EARLY,MM,Mus musculus
HALLMARK_ESTROGEN_RESPONSE_EARLY,Opn3,https://www.gsea-msigdb.org/gsea/msigdb/mouse/geneset/HALLMARK_ESTROGEN_RESPONSE_EARLY,MM,Mus musculus
HALLMARK_ESTROGEN_RESPONSE_EARLY,Ovol2,https://www.gsea-msigdb.org/gsea/msigdb/mouse/geneset/HALLMARK_ESTROGEN_RESPONSE_EARLY,MM,Mus musculus
HALLMARK_ESTROGEN_RESPONSE_EARLY,P2ry2,https://www.gsea-msigdb.org/gsea/msigdb/mouse/geneset/HALLMARK_ESTROGEN_RESPONSE_EARLY,MM,Mus musculus
HALLMARK_ESTROGEN_RESPONSE_EARLY,Papss2,https://www.gsea-msigdb.org/gsea/msigdb/mouse/geneset/HALLMARK_ESTROGEN_RESPONSE_EARLY,MM,Mus musculus
HALLMARK_ESTROGEN_RESPONSE_EARLY,Pdlim3,https://www.gsea-msigdb.org/gsea/msigdb/mouse/geneset/HALLMARK_ESTROGEN_RESPONSE_EARLY,MM,Mus musculus
HALLMARK_ESTROGEN_RESPONSE_EARLY,Pdzk1,https://www.gsea-msigdb.org/gsea/msigdb/mouse/geneset/HALLMARK_ESTROGEN_RESPONSE_EARLY,MM,Mus musculus
HALLMARK_ESTROGEN_RESPONSE_EARLY,Pex11a,https://www.gsea-msigdb.org/gsea/msigdb/mouse/geneset/HALLMARK_ESTROGEN_RESPONSE_EARLY,MM,Mus musculus
HALLMARK_ESTROGEN_RESPONSE_EARLY,Pgr,https://www.gsea-msigdb.org/gsea/msigdb/mouse/geneset/HALLMARK_ESTROGEN_RESPONSE_EARLY,MM,Mus musculus
HALLMARK_ESTROGEN_RESPONSE_EARLY,Plaat3,https://www.gsea-msigdb.org/gsea/msigdb/mouse/geneset/HALLMARK_ESTROGEN_RESPONSE_EARLY,MM,Mus musculus
HALLMARK_ESTROGEN_RESPONSE_EARLY,Pmaip1,https://www.gsea-msigdb.org/gsea/msigdb/mouse/geneset/HALLMARK_ESTROGEN_RESPONSE_EARLY,MM,Mus musculus
HALLMARK_ESTROGEN_RESPONSE_EARLY,Podxl,https://www.gsea-msigdb.org/gsea/msigdb/mouse/geneset/HALLMARK_ESTROGEN_RESPONSE_EARLY,MM,Mus musculus
HALLMARK_ESTROGEN_RESPONSE_EARLY,Ppif,https://www.gsea-msigdb.org/gsea/msigdb/mouse/geneset/HALLMARK_ESTROGEN_RESPONSE_EARLY,MM,Mus musculus
HALLMARK_ESTROGEN_RESPONSE_EARLY,Prss23,https://www.gsea-msigdb.org/gsea/msigdb/mouse/geneset/HALLMARK_ESTROGEN_RESPONSE_EARLY,MM,Mus musculus
HALLMARK_ESTROGEN_RESPONSE_EARLY,Ptges,https://www.gsea-msigdb.org/gsea/msigdb/mouse/geneset/HALLMARK_ESTROGEN_RESPONSE_EARLY,MM,Mus musculus
HALLMARK_ESTROGEN_RESPONSE_EARLY,Rab17,https://www.gsea-msigdb.org/gsea/msigdb/mouse/geneset/HALLMARK_ESTROGEN_RESPONSE_EARLY,MM,Mus musculus
HALLMARK_ESTROGEN_RESPONSE_EARLY,Rab31,https://www.gsea-msigdb.org/gsea/msigdb/mouse/geneset/HALLMARK_ESTROGEN_RESPONSE_EARLY,MM,Mus musculus
HALLMARK_ESTROGEN_RESPONSE_EARLY,Rapgefl1,https://www.gsea-msigdb.org/gsea/msigdb/mouse/geneset/HALLMARK_ESTROGEN_RESPONSE_EARLY,MM,Mus musculus
HALLMARK_ESTROGEN_RESPONSE_EARLY,Rara,https://www.gsea-msigdb.org/gsea/msigdb/mouse/geneset/HALLMARK_ESTROGEN_RESPONSE_EARLY,MM,Mus musculus
HALLMARK_ESTROGEN_RESPONSE_EARLY,Rasgrp1,https://www.gsea-msigdb.org/gsea/msigdb/mouse/geneset/HALLMARK_ESTROGEN_RESPONSE_EARLY,MM,Mus musculus
HALLMARK_ESTROGEN_RESPONSE_EARLY,Rbbp8,https://www.gsea-msigdb.org/gsea/msigdb/mouse/geneset/HALLMARK_ESTROGEN_RESPONSE_EARLY,MM,Mus musculus
HALLMARK_ESTROGEN_RESPONSE_EARLY,Reep1,https://www.gsea-msigdb.org/gsea/msigdb/mouse/geneset/HALLMARK_ESTROGEN_RESPONSE_EARLY,MM,Mus musculus
HALLMARK_ESTROGEN_RESPONSE_EARLY,Ret,https://www.gsea-msigdb.org/gsea/msigdb/mouse/geneset/HALLMARK_ESTROGEN_RESPONSE_EARLY,MM,Mus musculus
HALLMARK_ESTROGEN_RESPONSE_EARLY,Retreg1,https://www.gsea-msigdb.org/gsea/msigdb/mouse/geneset/HALLMARK_ESTROGEN_RESPONSE_EARLY,MM,Mus musculus
HALLMARK_ESTROGEN_RESPONSE_EARLY,Rhobtb3,https://www.gsea-msigdb.org/gsea/msigdb/mouse/geneset/HALLMARK_ESTROGEN_RESPONSE_EARLY,MM,Mus musculus
HALLMARK_ESTROGEN_RESPONSE_EARLY,Rhod,https://www.gsea-msigdb.org/gsea/msigdb/mouse/geneset/HALLMARK_ESTROGEN_RESPONSE_EARLY,MM,Mus musculus
HALLMARK_ESTROGEN_RESPONSE_EARLY,Rps6ka2,https://www.gsea-msigdb.org/gsea/msigdb/mouse/geneset/HALLMARK_ESTROGEN_RESPONSE_EARLY,MM,Mus musculus
HALLMARK_ESTROGEN_RESPONSE_EARLY,Rrp12,https://www.gsea-msigdb.org/gsea/msigdb/mouse/geneset/HALLMARK_ESTROGEN_RESPONSE_EARLY,MM,Mus musculus
HALLMARK_ESTROGEN_RESPONSE_EARLY,Scarb1,https://www.gsea-msigdb.org/gsea/msigdb/mouse/geneset/HALLMARK_ESTROGEN_RESPONSE_EARLY,MM,Mus musculus
HALLMARK_ESTROGEN_RESPONSE_EARLY,Scnn1a,https://www.gsea-msigdb.org/gsea/msigdb/mouse/geneset/HALLMARK_ESTROGEN_RESPONSE_EARLY,MM,Mus musculus
HALLMARK_ESTROGEN_RESPONSE_EARLY,Sec14l2,https://www.gsea-msigdb.org/gsea/msigdb/mouse/geneset/HALLMARK_ESTROGEN_RESPONSE_EARLY,MM,Mus musculus
HALLMARK_ESTROGEN_RESPONSE_EARLY,Sema3b,https://www.gsea-msigdb.org/gsea/msigdb/mouse/geneset/HALLMARK_ESTROGEN_RESPONSE_EARLY,MM,Mus musculus
HALLMARK_ESTROGEN_RESPONSE_EARLY,Sfn,https://www.gsea-msigdb.org/gsea/msigdb/mouse/geneset/HALLMARK_ESTROGEN_RESPONSE_EARLY,MM,Mus musculus
HALLMARK_ESTROGEN_RESPONSE_EARLY,Sh3bp5,https://www.gsea-msigdb.org/gsea/msigdb/mouse/geneset/HALLMARK_ESTROGEN_RESPONSE_EARLY,MM,Mus musculus
HALLMARK_ESTROGEN_RESPONSE_EARLY,Siah2,https://www.gsea-msigdb.org/gsea/msigdb/mouse/geneset/HALLMARK_ESTROGEN_RESPONSE_EARLY,MM,Mus musculus
HALLMARK_ESTROGEN_RESPONSE_EARLY,Slc16a1,https://www.gsea-msigdb.org/gsea/msigdb/mouse/geneset/HALLMARK_ESTROGEN_RESPONSE_EARLY,MM,Mus musculus
HALLMARK_ESTROGEN_RESPONSE_EARLY,Slc19a2,https://www.gsea-msigdb.org/gsea/msigdb/mouse/geneset/HALLMARK_ESTROGEN_RESPONSE_EARLY,MM,Mus musculus
HALLMARK_ESTROGEN_RESPONSE_EARLY,Slc1a1,https://www.gsea-msigdb.org/gsea/msigdb/mouse/geneset/HALLMARK_ESTROGEN_RESPONSE_EARLY,MM,Mus musculus
HALLMARK_ESTROGEN_RESPONSE_EARLY,Slc1a4,https://www.gsea-msigdb.org/gsea/msigdb/mouse/geneset/HALLMARK_ESTROGEN_RESPONSE_EARLY,MM,Mus musculus
HALLMARK_ESTROGEN_RESPONSE_EARLY,Slc22a5,https://www.gsea-msigdb.org/gsea/msigdb/mouse/geneset/HALLMARK_ESTROGEN_RESPONSE_EARLY,MM,Mus musculus
HALLMARK_ESTROGEN_RESPONSE_EARLY,Slc24a3,https://www.gsea-msigdb.org/gsea/msigdb/mouse/geneset/HALLMARK_ESTROGEN_RESPONSE_EARLY,MM,Mus musculus
HALLMARK_ESTROGEN_RESPONSE_EARLY,Slc26a2,https://www.gsea-msigdb.org/gsea/msigdb/mouse/geneset/HALLMARK_ESTROGEN_RESPONSE_EARLY,MM,Mus musculus
HALLMARK_ESTROGEN_RESPONSE_EARLY,Slc27a2,https://www.gsea-msigdb.org/gsea/msigdb/mouse/geneset/HALLMARK_ESTROGEN_RESPONSE_EARLY,MM,Mus musculus
HALLMARK_ESTROGEN_RESPONSE_EARLY,Slc2a1,https://www.gsea-msigdb.org/gsea/msigdb/mouse/geneset/HALLMARK_ESTROGEN_RESPONSE_EARLY,MM,Mus musculus
HALLMARK_ESTROGEN_RESPONSE_EARLY,Slc37a1,https://www.gsea-msigdb.org/gsea/msigdb/mouse/geneset/HALLMARK_ESTROGEN_RESPONSE_EARLY,MM,Mus musculus
HALLMARK_ESTROGEN_RESPONSE_EARLY,Slc39a6,https://www.gsea-msigdb.org/gsea/msigdb/mouse/geneset/HALLMARK_ESTROGEN_RESPONSE_EARLY,MM,Mus musculus
HALLMARK_ESTROGEN_RESPONSE_EARLY,Slc7a2,https://www.gsea-msigdb.org/gsea/msigdb/mouse/geneset/HALLMARK_ESTROGEN_RESPONSE_EARLY,MM,Mus musculus
HALLMARK_ESTROGEN_RESPONSE_EARLY,Slc7a5,https://www.gsea-msigdb.org/gsea/msigdb/mouse/geneset/HALLMARK_ESTROGEN_RESPONSE_EARLY,MM,Mus musculus
HALLMARK_ESTROGEN_RESPONSE_EARLY,Snx24,https://www.gsea-msigdb.org/gsea/msigdb/mouse/geneset/HALLMARK_ESTROGEN_RESPONSE_EARLY,MM,Mus musculus
HALLMARK_ESTROGEN_RESPONSE_EARLY,Sox3,https://www.gsea-msigdb.org/gsea/msigdb/mouse/geneset/HALLMARK_ESTROGEN_RESPONSE_EARLY,MM,Mus musculus
HALLMARK_ESTROGEN_RESPONSE_EARLY,Stc2,https://www.gsea-msigdb.org/gsea/msigdb/mouse/geneset/HALLMARK_ESTROGEN_RESPONSE_EARLY,MM,Mus musculus
HALLMARK_ESTROGEN_RESPONSE_EARLY,Sult2b1,https://www.gsea-msigdb.org/gsea/msigdb/mouse/geneset/HALLMARK_ESTROGEN_RESPONSE_EARLY,MM,Mus musculus
HALLMARK_ESTROGEN_RESPONSE_EARLY,Svil,https://www.gsea-msigdb.org/gsea/msigdb/mouse/geneset/HALLMARK_ESTROGEN_RESPONSE_EARLY,MM,Mus musculus
HALLMARK_ESTROGEN_RESPONSE_EARLY,Sybu,https://www.gsea-msigdb.org/gsea/msigdb/mouse/geneset/HALLMARK_ESTROGEN_RESPONSE_EARLY,MM,Mus musculus
HALLMARK_ESTROGEN_RESPONSE_EARLY,Syngr1,https://www.gsea-msigdb.org/gsea/msigdb/mouse/geneset/HALLMARK_ESTROGEN_RESPONSE_EARLY,MM,Mus musculus
HALLMARK_ESTROGEN_RESPONSE_EARLY,Syt12,https://www.gsea-msigdb.org/gsea/msigdb/mouse/geneset/HALLMARK_ESTROGEN_RESPONSE_EARLY,MM,Mus musculus
HALLMARK_ESTROGEN_RESPONSE_EARLY,Tbc1d30,https://www.gsea-msigdb.org/gsea/msigdb/mouse/geneset/HALLMARK_ESTROGEN_RESPONSE_EARLY,MM,Mus musculus
HALLMARK_ESTROGEN_RESPONSE_EARLY,Tfap2c,https://www.gsea-msigdb.org/gsea/msigdb/mouse/geneset/HALLMARK_ESTROGEN_RESPONSE_EARLY,MM,Mus musculus
HALLMARK_ESTROGEN_RESPONSE_EARLY,Tff3,https://www.gsea-msigdb.org/gsea/msigdb/mouse/geneset/HALLMARK_ESTROGEN_RESPONSE_EARLY,MM,Mus musculus
HALLMARK_ESTROGEN_RESPONSE_EARLY,Tgif2,https://www.gsea-msigdb.org/gsea/msigdb/mouse/geneset/HALLMARK_ESTROGEN_RESPONSE_EARLY,MM,Mus musculus
HALLMARK_ESTROGEN_RESPONSE_EARLY,Tgm2,https://www.gsea-msigdb.org/gsea/msigdb/mouse/geneset/HALLMARK_ESTROGEN_RESPONSE_EARLY,MM,Mus musculus
HALLMARK_ESTROGEN_RESPONSE_EARLY,Thsd4,https://www.gsea-msigdb.org/gsea/msigdb/mouse/geneset/HALLMARK_ESTROGEN_RESPONSE_EARLY,MM,Mus musculus
HALLMARK_ESTROGEN_RESPONSE_EARLY,Tiam1,https://www.gsea-msigdb.org/gsea/msigdb/mouse/geneset/HALLMARK_ESTROGEN_RESPONSE_EARLY,MM,Mus musculus
HALLMARK_ESTROGEN_RESPONSE_EARLY,Tiparp,https://www.gsea-msigdb.org/gsea/msigdb/mouse/geneset/HALLMARK_ESTROGEN_RESPONSE_EARLY,MM,Mus musculus
HALLMARK_ESTROGEN_RESPONSE_EARLY,Tjp3,https://www.gsea-msigdb.org/gsea/msigdb/mouse/geneset/HALLMARK_ESTROGEN_RESPONSE_EARLY,MM,Mus musculus
HALLMARK_ESTROGEN_RESPONSE_EARLY,Tmem164,https://www.gsea-msigdb.org/gsea/msigdb/mouse/geneset/HALLMARK_ESTROGEN_RESPONSE_EARLY,MM,Mus musculus
HALLMARK_ESTROGEN_RESPONSE_EARLY,Tmprss3,https://www.gsea-msigdb.org/gsea/msigdb/mouse/geneset/HALLMARK_ESTROGEN_RESPONSE_EARLY,MM,Mus musculus
HALLMARK_ESTROGEN_RESPONSE_EARLY,Tob1,https://www.gsea-msigdb.org/gsea/msigdb/mouse/geneset/HALLMARK_ESTROGEN_RESPONSE_EARLY,MM,Mus musculus
HALLMARK_ESTROGEN_RESPONSE_EARLY,Tpbg,https://www.gsea-msigdb.org/gsea/msigdb/mouse/geneset/HALLMARK_ESTROGEN_RESPONSE_EARLY,MM,Mus musculus
HALLMARK_ESTROGEN_RESPONSE_EARLY,Tpd52l1,https://www.gsea-msigdb.org/gsea/msigdb/mouse/geneset/HALLMARK_ESTROGEN_RESPONSE_EARLY,MM,Mus musculus
HALLMARK_ESTROGEN_RESPONSE_EARLY,Tsku,https://www.gsea-msigdb.org/gsea/msigdb/mouse/geneset/HALLMARK_ESTROGEN_RESPONSE_EARLY,MM,Mus musculus
HALLMARK_ESTROGEN_RESPONSE_EARLY,Ttc39a,https://www.gsea-msigdb.org/gsea/msigdb/mouse/geneset/HALLMARK_ESTROGEN_RESPONSE_EARLY,MM,Mus musculus
HALLMARK_ESTROGEN_RESPONSE_EARLY,Tubb2b,https://www.gsea-msigdb.org/gsea/msigdb/mouse/geneset/HALLMARK_ESTROGEN_RESPONSE_EARLY,MM,Mus musculus
HALLMARK_ESTROGEN_RESPONSE_EARLY,Ugcg,https://www.gsea-msigdb.org/gsea/msigdb/mouse/geneset/HALLMARK_ESTROGEN_RESPONSE_EARLY,MM,Mus musculus
HALLMARK_ESTROGEN_RESPONSE_EARLY,Unc119,https://www.gsea-msigdb.org/gsea/msigdb/mouse/geneset/HALLMARK_ESTROGEN_RESPONSE_EARLY,MM,Mus musculus
HALLMARK_ESTROGEN_RESPONSE_EARLY,Wfs1,https://www.gsea-msigdb.org/gsea/msigdb/mouse/geneset/HALLMARK_ESTROGEN_RESPONSE_EARLY,MM,Mus musculus
HALLMARK_ESTROGEN_RESPONSE_EARLY,Wwc1,https://www.gsea-msigdb.org/gsea/msigdb/mouse/geneset/HALLMARK_ESTROGEN_RESPONSE_EARLY,MM,Mus musculus
HALLMARK_ESTROGEN_RESPONSE_EARLY,Xbp1,https://www.gsea-msigdb.org/gsea/msigdb/mouse/geneset/HALLMARK_ESTROGEN_RESPONSE_EARLY,MM,Mus musculus
HALLMARK_ESTROGEN_RESPONSE_EARLY,Zfp185,https://www.gsea-msigdb.org/gsea/msigdb/mouse/geneset/HALLMARK_ESTROGEN_RESPONSE_EARLY,MM,Mus musculus
HALLMARK_ESTROGEN_RESPONSE_LATE,Abca3,https://www.gsea-msigdb.org/gsea/msigdb/mouse/geneset/HALLMARK_ESTROGEN_RESPONSE_LATE,MM,Mus musculus
HALLMARK_ESTROGEN_RESPONSE_LATE,Abhd2,https://www.gsea-msigdb.org/gsea/msigdb/mouse/geneset/HALLMARK_ESTROGEN_RESPONSE_LATE,MM,Mus musculus
HALLMARK_ESTROGEN_RESPONSE_LATE,Acox2,https://www.gsea-msigdb.org/gsea/msigdb/mouse/geneset/HALLMARK_ESTROGEN_RESPONSE_LATE,MM,Mus musculus
HALLMARK_ESTROGEN_RESPONSE_LATE,Add3,https://www.gsea-msigdb.org/gsea/msigdb/mouse/geneset/HALLMARK_ESTROGEN_RESPONSE_LATE,MM,Mus musculus
HALLMARK_ESTROGEN_RESPONSE_LATE,Aff1,https://www.gsea-msigdb.org/gsea/msigdb/mouse/geneset/HALLMARK_ESTROGEN_RESPONSE_LATE,MM,Mus musculus
HALLMARK_ESTROGEN_RESPONSE_LATE,Agr2,https://www.gsea-msigdb.org/gsea/msigdb/mouse/geneset/HALLMARK_ESTROGEN_RESPONSE_LATE,MM,Mus musculus
HALLMARK_ESTROGEN_RESPONSE_LATE,Aldh3a2,https://www.gsea-msigdb.org/gsea/msigdb/mouse/geneset/HALLMARK_ESTROGEN_RESPONSE_LATE,MM,Mus musculus
HALLMARK_ESTROGEN_RESPONSE_LATE,Aldh3b1,https://www.gsea-msigdb.org/gsea/msigdb/mouse/geneset/HALLMARK_ESTROGEN_RESPONSE_LATE,MM,Mus musculus
HALLMARK_ESTROGEN_RESPONSE_LATE,Amfr,https://www.gsea-msigdb.org/gsea/msigdb/mouse/geneset/HALLMARK_ESTROGEN_RESPONSE_LATE,MM,Mus musculus
HALLMARK_ESTROGEN_RESPONSE_LATE,Anxa9,https://www.gsea-msigdb.org/gsea/msigdb/mouse/geneset/HALLMARK_ESTROGEN_RESPONSE_LATE,MM,Mus musculus
HALLMARK_ESTROGEN_RESPONSE_LATE,Areg,https://www.gsea-msigdb.org/gsea/msigdb/mouse/geneset/HALLMARK_ESTROGEN_RESPONSE_LATE,MM,Mus musculus
HALLMARK_ESTROGEN_RESPONSE_LATE,Arl3,https://www.gsea-msigdb.org/gsea/msigdb/mouse/geneset/HALLMARK_ESTROGEN_RESPONSE_LATE,MM,Mus musculus
HALLMARK_ESTROGEN_RESPONSE_LATE,Ascl1,https://www.gsea-msigdb.org/gsea/msigdb/mouse/geneset/HALLMARK_ESTROGEN_RESPONSE_LATE,MM,Mus musculus
HALLMARK_ESTROGEN_RESPONSE_LATE,Ass1,https://www.gsea-msigdb.org/gsea/msigdb/mouse/geneset/HALLMARK_ESTROGEN_RESPONSE_LATE,MM,Mus musculus
HALLMARK_ESTROGEN_RESPONSE_LATE,Atp2b4,https://www.gsea-msigdb.org/gsea/msigdb/mouse/geneset/HALLMARK_ESTROGEN_RESPONSE_LATE,MM,Mus musculus
HALLMARK_ESTROGEN_RESPONSE_LATE,Bag1,https://www.gsea-msigdb.org/gsea/msigdb/mouse/geneset/HALLMARK_ESTROGEN_RESPONSE_LATE,MM,Mus musculus
HALLMARK_ESTROGEN_RESPONSE_LATE,Batf,https://www.gsea-msigdb.org/gsea/msigdb/mouse/geneset/HALLMARK_ESTROGEN_RESPONSE_LATE,MM,Mus musculus
HALLMARK_ESTROGEN_RESPONSE_LATE,Bcl2,https://www.gsea-msigdb.org/gsea/msigdb/mouse/geneset/HALLMARK_ESTROGEN_RESPONSE_LATE,MM,Mus musculus
HALLMARK_ESTROGEN_RESPONSE_LATE,Blvrb,https://www.gsea-msigdb.org/gsea/msigdb/mouse/geneset/HALLMARK_ESTROGEN_RESPONSE_LATE,MM,Mus musculus
HALLMARK_ESTROGEN_RESPONSE_LATE,Btg3,https://www.gsea-msigdb.org/gsea/msigdb/mouse/geneset/HALLMARK_ESTROGEN_RESPONSE_LATE,MM,Mus musculus
HALLMARK_ESTROGEN_RESPONSE_LATE,Cacna2d2,https://www.gsea-msigdb.org/gsea/msigdb/mouse/geneset/HALLMARK_ESTROGEN_RESPONSE_LATE,MM,Mus musculus
HALLMARK_ESTROGEN_RESPONSE_LATE,Calcr,https://www.gsea-msigdb.org/gsea/msigdb/mouse/geneset/HALLMARK_ESTROGEN_RESPONSE_LATE,MM,Mus musculus
HALLMARK_ESTROGEN_RESPONSE_LATE,Car12,https://www.gsea-msigdb.org/gsea/msigdb/mouse/geneset/HALLMARK_ESTROGEN_RESPONSE_LATE,MM,Mus musculus
HALLMARK_ESTROGEN_RESPONSE_LATE,Car2,https://www.gsea-msigdb.org/gsea/msigdb/mouse/geneset/HALLMARK_ESTROGEN_RESPONSE_LATE,MM,Mus musculus
HALLMARK_ESTROGEN_RESPONSE_LATE,Cav1,https://www.gsea-msigdb.org/gsea/msigdb/mouse/geneset/HALLMARK_ESTROGEN_RESPONSE_LATE,MM,Mus musculus
HALLMARK_ESTROGEN_RESPONSE_LATE,Ccn5,https://www.gsea-msigdb.org/gsea/msigdb/mouse/geneset/HALLMARK_ESTROGEN_RESPONSE_LATE,MM,Mus musculus
HALLMARK_ESTROGEN_RESPONSE_LATE,Ccna1,https://www.gsea-msigdb.org/gsea/msigdb/mouse/geneset/HALLMARK_ESTROGEN_RESPONSE_LATE,MM,Mus musculus
HALLMARK_ESTROGEN_RESPONSE_LATE,Ccnd1,https://www.gsea-msigdb.org/gsea/msigdb/mouse/geneset/HALLMARK_ESTROGEN_RESPONSE_LATE,MM,Mus musculus
HALLMARK_ESTROGEN_RESPONSE_LATE,Cd44,https://www.gsea-msigdb.org/gsea/msigdb/mouse/geneset/HALLMARK_ESTROGEN_RESPONSE_LATE,MM,Mus musculus
HALLMARK_ESTROGEN_RESPONSE_LATE,Cd9,https://www.gsea-msigdb.org/gsea/msigdb/mouse/geneset/HALLMARK_ESTROGEN_RESPONSE_LATE,MM,Mus musculus
HALLMARK_ESTROGEN_RESPONSE_LATE,Cdc20,https://www.gsea-msigdb.org/gsea/msigdb/mouse/geneset/HALLMARK_ESTROGEN_RESPONSE_LATE,MM,Mus musculus
HALLMARK_ESTROGEN_RESPONSE_LATE,Cdc6,https://www.gsea-msigdb.org/gsea/msigdb/mouse/geneset/HALLMARK_ESTROGEN_RESPONSE_LATE,MM,Mus musculus
HALLMARK_ESTROGEN_RESPONSE_LATE,Cdh1,https://www.gsea-msigdb.org/gsea/msigdb/mouse/geneset/HALLMARK_ESTROGEN_RESPONSE_LATE,MM,Mus musculus
HALLMARK_ESTROGEN_RESPONSE_LATE,Celsr2,https://www.gsea-msigdb.org/gsea/msigdb/mouse/geneset/HALLMARK_ESTROGEN_RESPONSE_LATE,MM,Mus musculus
HALLMARK_ESTROGEN_RESPONSE_LATE,Chpt1,https://www.gsea-msigdb.org/gsea/msigdb/mouse/geneset/HALLMARK_ESTROGEN_RESPONSE_LATE,MM,Mus musculus
HALLMARK_ESTROGEN_RESPONSE_LATE,Chst8,https://www.gsea-msigdb.org/gsea/msigdb/mouse/geneset/HALLMARK_ESTROGEN_RESPONSE_LATE,MM,Mus musculus
HALLMARK_ESTROGEN_RESPONSE_LATE,Cish,https://www.gsea-msigdb.org/gsea/msigdb/mouse/geneset/HALLMARK_ESTROGEN_RESPONSE_LATE,MM,Mus musculus
HALLMARK_ESTROGEN_RESPONSE_LATE,Ckb,https://www.gsea-msigdb.org/gsea/msigdb/mouse/geneset/HALLMARK_ESTROGEN_RESPONSE_LATE,MM,Mus musculus
HALLMARK_ESTROGEN_RESPONSE_LATE,Clic3,https://www.gsea-msigdb.org/gsea/msigdb/mouse/geneset/HALLMARK_ESTROGEN_RESPONSE_LATE,MM,Mus musculus
HALLMARK_ESTROGEN_RESPONSE_LATE,Cox6c,https://www.gsea-msigdb.org/gsea/msigdb/mouse/geneset/HALLMARK_ESTROGEN_RESPONSE_LATE,MM,Mus musculus
HALLMARK_ESTROGEN_RESPONSE_LATE,Cpe,https://www.gsea-msigdb.org/gsea/msigdb/mouse/geneset/HALLMARK_ESTROGEN_RESPONSE_LATE,MM,Mus musculus
HALLMARK_ESTROGEN_RESPONSE_LATE,Cxcl12,https://www.gsea-msigdb.org/gsea/msigdb/mouse/geneset/HALLMARK_ESTROGEN_RESPONSE_LATE,MM,Mus musculus
HALLMARK_ESTROGEN_RESPONSE_LATE,Cxcl14,https://www.gsea-msigdb.org/gsea/msigdb/mouse/geneset/HALLMARK_ESTROGEN_RESPONSE_LATE,MM,Mus musculus
HALLMARK_ESTROGEN_RESPONSE_LATE,Cyp26b1,https://www.gsea-msigdb.org/gsea/msigdb/mouse/geneset/HALLMARK_ESTROGEN_RESPONSE_LATE,MM,Mus musculus
HALLMARK_ESTROGEN_RESPONSE_LATE,Dcxr,https://www.gsea-msigdb.org/gsea/msigdb/mouse/geneset/HALLMARK_ESTROGEN_RESPONSE_LATE,MM,Mus musculus
HALLMARK_ESTROGEN_RESPONSE_LATE,Dhcr7,https://www.gsea-msigdb.org/gsea/msigdb/mouse/geneset/HALLMARK_ESTROGEN_RESPONSE_LATE,MM,Mus musculus
HALLMARK_ESTROGEN_RESPONSE_LATE,Dhrs2,https://www.gsea-msigdb.org/gsea/msigdb/mouse/geneset/HALLMARK_ESTROGEN_RESPONSE_LATE,MM,Mus musculus
HALLMARK_ESTROGEN_RESPONSE_LATE,Dlg5,https://www.gsea-msigdb.org/gsea/msigdb/mouse/geneset/HALLMARK_ESTROGEN_RESPONSE_LATE,MM,Mus musculus
HALLMARK_ESTROGEN_RESPONSE_LATE,Dnajc1,https://www.gsea-msigdb.org/gsea/msigdb/mouse/geneset/HALLMARK_ESTROGEN_RESPONSE_LATE,MM,Mus musculus
HALLMARK_ESTROGEN_RESPONSE_LATE,Dnajc12,https://www.gsea-msigdb.org/gsea/msigdb/mouse/geneset/HALLMARK_ESTROGEN_RESPONSE_LATE,MM,Mus musculus
HALLMARK_ESTROGEN_RESPONSE_LATE,Dusp2,https://www.gsea-msigdb.org/gsea/msigdb/mouse/geneset/HALLMARK_ESTROGEN_RESPONSE_LATE,MM,Mus musculus
HALLMARK_ESTROGEN_RESPONSE_LATE,Dynlt3,https://www.gsea-msigdb.org/gsea/msigdb/mouse/geneset/HALLMARK_ESTROGEN_RESPONSE_LATE,MM,Mus musculus
HALLMARK_ESTROGEN_RESPONSE_LATE,Eeig1,https://www.gsea-msigdb.org/gsea/msigdb/mouse/geneset/HALLMARK_ESTROGEN_RESPONSE_LATE,MM,Mus musculus
HALLMARK_ESTROGEN_RESPONSE_LATE,Egr3,https://www.gsea-msigdb.org/gsea/msigdb/mouse/geneset/HALLMARK_ESTROGEN_RESPONSE_LATE,MM,Mus musculus
HALLMARK_ESTROGEN_RESPONSE_LATE,Elovl5,https://www.gsea-msigdb.org/gsea/msigdb/mouse/geneset/HALLMARK_ESTROGEN_RESPONSE_LATE,MM,Mus musculus
HALLMARK_ESTROGEN_RESPONSE_LATE,Emp2,https://www.gsea-msigdb.org/gsea/msigdb/mouse/geneset/HALLMARK_ESTROGEN_RESPONSE_LATE,MM,Mus musculus
HALLMARK_ESTROGEN_RESPONSE_LATE,Etfb,https://www.gsea-msigdb.org/gsea/msigdb/mouse/geneset/HALLMARK_ESTROGEN_RESPONSE_LATE,MM,Mus musculus
HALLMARK_ESTROGEN_RESPONSE_LATE,Fabp5,https://www.gsea-msigdb.org/gsea/msigdb/mouse/geneset/HALLMARK_ESTROGEN_RESPONSE_LATE,MM,Mus musculus
HALLMARK_ESTROGEN_RESPONSE_LATE,Farp1,https://www.gsea-msigdb.org/gsea/msigdb/mouse/geneset/HALLMARK_ESTROGEN_RESPONSE_LATE,MM,Mus musculus
HALLMARK_ESTROGEN_RESPONSE_LATE,Fdft1,https://www.gsea-msigdb.org/gsea/msigdb/mouse/geneset/HALLMARK_ESTROGEN_RESPONSE_LATE,MM,Mus musculus
HALLMARK_ESTROGEN_RESPONSE_LATE,Fgfr3,https://www.gsea-msigdb.org/gsea/msigdb/mouse/geneset/HALLMARK_ESTROGEN_RESPONSE_LATE,MM,Mus musculus
HALLMARK_ESTROGEN_RESPONSE_LATE,Fkbp4,https://www.gsea-msigdb.org/gsea/msigdb/mouse/geneset/HALLMARK_ESTROGEN_RESPONSE_LATE,MM,Mus musculus
HALLMARK_ESTROGEN_RESPONSE_LATE,Fkbp5,https://www.gsea-msigdb.org/gsea/msigdb/mouse/geneset/HALLMARK_ESTROGEN_RESPONSE_LATE,MM,Mus musculus
HALLMARK_ESTROGEN_RESPONSE_LATE,Flnb,https://www.gsea-msigdb.org/gsea/msigdb/mouse/geneset/HALLMARK_ESTROGEN_RESPONSE_LATE,MM,Mus musculus
HALLMARK_ESTROGEN_RESPONSE_LATE,Fos,https://www.gsea-msigdb.org/gsea/msigdb/mouse/geneset/HALLMARK_ESTROGEN_RESPONSE_LATE,MM,Mus musculus
HALLMARK_ESTROGEN_RESPONSE_LATE,Foxc1,https://www.gsea-msigdb.org/gsea/msigdb/mouse/geneset/HALLMARK_ESTROGEN_RESPONSE_LATE,MM,Mus musculus
HALLMARK_ESTROGEN_RESPONSE_LATE,Frk,https://www.gsea-msigdb.org/gsea/msigdb/mouse/geneset/HALLMARK_ESTROGEN_RESPONSE_LATE,MM,Mus musculus
HALLMARK_ESTROGEN_RESPONSE_LATE,Gal,https://www.gsea-msigdb.org/gsea/msigdb/mouse/geneset/HALLMARK_ESTROGEN_RESPONSE_LATE,MM,Mus musculus
HALLMARK_ESTROGEN_RESPONSE_LATE,Gale,https://www.gsea-msigdb.org/gsea/msigdb/mouse/geneset/HALLMARK_ESTROGEN_RESPONSE_LATE,MM,Mus musculus
HALLMARK_ESTROGEN_RESPONSE_LATE,Gfus,https://www.gsea-msigdb.org/gsea/msigdb/mouse/geneset/HALLMARK_ESTROGEN_RESPONSE_LATE,MM,Mus musculus
HALLMARK_ESTROGEN_RESPONSE_LATE,Gins2,https://www.gsea-msigdb.org/gsea/msigdb/mouse/geneset/HALLMARK_ESTROGEN_RESPONSE_LATE,MM,Mus musculus
HALLMARK_ESTROGEN_RESPONSE_LATE,Gjb3,https://www.gsea-msigdb.org/gsea/msigdb/mouse/geneset/HALLMARK_ESTROGEN_RESPONSE_LATE,MM,Mus musculus
HALLMARK_ESTROGEN_RESPONSE_LATE,Gla,https://www.gsea-msigdb.org/gsea/msigdb/mouse/geneset/HALLMARK_ESTROGEN_RESPONSE_LATE,MM,Mus musculus
HALLMARK_ESTROGEN_RESPONSE_LATE,Gper1,https://www.gsea-msigdb.org/gsea/msigdb/mouse/geneset/HALLMARK_ESTROGEN_RESPONSE_LATE,MM,Mus musculus
HALLMARK_ESTROGEN_RESPONSE_LATE,Hmgcs2,https://www.gsea-msigdb.org/gsea/msigdb/mouse/geneset/HALLMARK_ESTROGEN_RESPONSE_LATE,MM,Mus musculus
HALLMARK_ESTROGEN_RESPONSE_LATE,Homer2,https://www.gsea-msigdb.org/gsea/msigdb/mouse/geneset/HALLMARK_ESTROGEN_RESPONSE_LATE,MM,Mus musculus
HALLMARK_ESTROGEN_RESPONSE_LATE,Hprt1,https://www.gsea-msigdb.org/gsea/msigdb/mouse/geneset/HALLMARK_ESTROGEN_RESPONSE_LATE,MM,Mus musculus
HALLMARK_ESTROGEN_RESPONSE_LATE,Hr,https://www.gsea-msigdb.org/gsea/msigdb/mouse/geneset/HALLMARK_ESTROGEN_RESPONSE_LATE,MM,Mus musculus
HALLMARK_ESTROGEN_RESPONSE_LATE,Hspa4l,https://www.gsea-msigdb.org/gsea/msigdb/mouse/geneset/HALLMARK_ESTROGEN_RESPONSE_LATE,MM,Mus musculus
HALLMARK_ESTROGEN_RESPONSE_LATE,Hspb8,https://www.gsea-msigdb.org/gsea/msigdb/mouse/geneset/HALLMARK_ESTROGEN_RESPONSE_LATE,MM,Mus musculus
HALLMARK_ESTROGEN_RESPONSE_LATE,Id2,https://www.gsea-msigdb.org/gsea/msigdb/mouse/geneset/HALLMARK_ESTROGEN_RESPONSE_LATE,MM,Mus musculus
HALLMARK_ESTROGEN_RESPONSE_LATE,Idh2,https://www.gsea-msigdb.org/gsea/msigdb/mouse/geneset/HALLMARK_ESTROGEN_RESPONSE_LATE,MM,Mus musculus
HALLMARK_ESTROGEN_RESPONSE_LATE,Igfbp4,https://www.gsea-msigdb.org/gsea/msigdb/mouse/geneset/HALLMARK_ESTROGEN_RESPONSE_LATE,MM,Mus musculus
HALLMARK_ESTROGEN_RESPONSE_LATE,Igsf1,https://www.gsea-msigdb.org/gsea/msigdb/mouse/geneset/HALLMARK_ESTROGEN_RESPONSE_LATE,MM,Mus musculus
HALLMARK_ESTROGEN_RESPONSE_LATE,Il17rb,https://www.gsea-msigdb.org/gsea/msigdb/mouse/geneset/HALLMARK_ESTROGEN_RESPONSE_LATE,MM,Mus musculus
HALLMARK_ESTROGEN_RESPONSE_LATE,Il6st,https://www.gsea-msigdb.org/gsea/msigdb/mouse/geneset/HALLMARK_ESTROGEN_RESPONSE_LATE,MM,Mus musculus
HALLMARK_ESTROGEN_RESPONSE_LATE,Impa2,https://www.gsea-msigdb.org/gsea/msigdb/mouse/geneset/HALLMARK_ESTROGEN_RESPONSE_LATE,MM,Mus musculus
HALLMARK_ESTROGEN_RESPONSE_LATE,Isg20,https://www.gsea-msigdb.org/gsea/msigdb/mouse/geneset/HALLMARK_ESTROGEN_RESPONSE_LATE,MM,Mus musculus
HALLMARK_ESTROGEN_RESPONSE_LATE,Itpk1,https://www.gsea-msigdb.org/gsea/msigdb/mouse/geneset/HALLMARK_ESTROGEN_RESPONSE_LATE,MM,Mus musculus
HALLMARK_ESTROGEN_RESPONSE_LATE,Jak1,https://www.gsea-msigdb.org/gsea/msigdb/mouse/geneset/HALLMARK_ESTROGEN_RESPONSE_LATE,MM,Mus musculus
HALLMARK_ESTROGEN_RESPONSE_LATE,Jak2,https://www.gsea-msigdb.org/gsea/msigdb/mouse/geneset/HALLMARK_ESTROGEN_RESPONSE_LATE,MM,Mus musculus
HALLMARK_ESTROGEN_RESPONSE_LATE,Kcnk5,https://www.gsea-msigdb.org/gsea/msigdb/mouse/geneset/HALLMARK_ESTROGEN_RESPONSE_LATE,MM,Mus musculus
HALLMARK_ESTROGEN_RESPONSE_LATE,Kif20a,https://www.gsea-msigdb.org/gsea/msigdb/mouse/geneset/HALLMARK_ESTROGEN_RESPONSE_LATE,MM,Mus musculus
HALLMARK_ESTROGEN_RESPONSE_LATE,Klf4,https://www.gsea-msigdb.org/gsea/msigdb/mouse/geneset/HALLMARK_ESTROGEN_RESPONSE_LATE,MM,Mus musculus
HALLMARK_ESTROGEN_RESPONSE_LATE,Klk10,https://www.gsea-msigdb.org/gsea/msigdb/mouse/geneset/HALLMARK_ESTROGEN_RESPONSE_LATE,MM,Mus musculus
HALLMARK_ESTROGEN_RESPONSE_LATE,Klk11,https://www.gsea-msigdb.org/gsea/msigdb/mouse/geneset/HALLMARK_ESTROGEN_RESPONSE_LATE,MM,Mus musculus
HALLMARK_ESTROGEN_RESPONSE_LATE,Krt13,https://www.gsea-msigdb.org/gsea/msigdb/mouse/geneset/HALLMARK_ESTROGEN_RESPONSE_LATE,MM,Mus musculus
HALLMARK_ESTROGEN_RESPONSE_LATE,Krt19,https://www.gsea-msigdb.org/gsea/msigdb/mouse/geneset/HALLMARK_ESTROGEN_RESPONSE_LATE,MM,Mus musculus
HALLMARK_ESTROGEN_RESPONSE_LATE,Lamc2,https://www.gsea-msigdb.org/gsea/msigdb/mouse/geneset/HALLMARK_ESTROGEN_RESPONSE_LATE,MM,Mus musculus
HALLMARK_ESTROGEN_RESPONSE_LATE,Large1,https://www.gsea-msigdb.org/gsea/msigdb/mouse/geneset/HALLMARK_ESTROGEN_RESPONSE_LATE,MM,Mus musculus
HALLMARK_ESTROGEN_RESPONSE_LATE,Llgl2,https://www.gsea-msigdb.org/gsea/msigdb/mouse/geneset/HALLMARK_ESTROGEN_RESPONSE_LATE,MM,Mus musculus
HALLMARK_ESTROGEN_RESPONSE_LATE,Lsr,https://www.gsea-msigdb.org/gsea/msigdb/mouse/geneset/HALLMARK_ESTROGEN_RESPONSE_LATE,MM,Mus musculus
HALLMARK_ESTROGEN_RESPONSE_LATE,Ltf,https://www.gsea-msigdb.org/gsea/msigdb/mouse/geneset/HALLMARK_ESTROGEN_RESPONSE_LATE,MM,Mus musculus
HALLMARK_ESTROGEN_RESPONSE_LATE,Mapk13,https://www.gsea-msigdb.org/gsea/msigdb/mouse/geneset/HALLMARK_ESTROGEN_RESPONSE_LATE,MM,Mus musculus
HALLMARK_ESTROGEN_RESPONSE_LATE,Mapt,https://www.gsea-msigdb.org/gsea/msigdb/mouse/geneset/HALLMARK_ESTROGEN_RESPONSE_LATE,MM,Mus musculus
HALLMARK_ESTROGEN_RESPONSE_LATE,Mdk,https://www.gsea-msigdb.org/gsea/msigdb/mouse/geneset/HALLMARK_ESTROGEN_RESPONSE_LATE,MM,Mus musculus
HALLMARK_ESTROGEN_RESPONSE_LATE,Mest,https://www.gsea-msigdb.org/gsea/msigdb/mouse/geneset/HALLMARK_ESTROGEN_RESPONSE_LATE,MM,Mus musculus
HALLMARK_ESTROGEN_RESPONSE_LATE,Mettl3,https://www.gsea-msigdb.org/gsea/msigdb/mouse/geneset/HALLMARK_ESTROGEN_RESPONSE_LATE,MM,Mus musculus
HALLMARK_ESTROGEN_RESPONSE_LATE,Mocs2,https://www.gsea-msigdb.org/gsea/msigdb/mouse/geneset/HALLMARK_ESTROGEN_RESPONSE_LATE,MM,Mus musculus
HALLMARK_ESTROGEN_RESPONSE_LATE,Myb,https://www.gsea-msigdb.org/gsea/msigdb/mouse/geneset/HALLMARK_ESTROGEN_RESPONSE_LATE,MM,Mus musculus
HALLMARK_ESTROGEN_RESPONSE_LATE,Myof,https://www.gsea-msigdb.org/gsea/msigdb/mouse/geneset/HALLMARK_ESTROGEN_RESPONSE_LATE,MM,Mus musculus
HALLMARK_ESTROGEN_RESPONSE_LATE,Nab2,https://www.gsea-msigdb.org/gsea/msigdb/mouse/geneset/HALLMARK_ESTROGEN_RESPONSE_LATE,MM,Mus musculus
HALLMARK_ESTROGEN_RESPONSE_LATE,Ncor2,https://www.gsea-msigdb.org/gsea/msigdb/mouse/geneset/HALLMARK_ESTROGEN_RESPONSE_LATE,MM,Mus musculus
HALLMARK_ESTROGEN_RESPONSE_LATE,Nherf1,https://www.gsea-msigdb.org/gsea/msigdb/mouse/geneset/HALLMARK_ESTROGEN_RESPONSE_LATE,MM,Mus musculus
HALLMARK_ESTROGEN_RESPONSE_LATE,Nmu,https://www.gsea-msigdb.org/gsea/msigdb/mouse/geneset/HALLMARK_ESTROGEN_RESPONSE_LATE,MM,Mus musculus
HALLMARK_ESTROGEN_RESPONSE_LATE,Npy1r,https://www.gsea-msigdb.org/gsea/msigdb/mouse/geneset/HALLMARK_ESTROGEN_RESPONSE_LATE,MM,Mus musculus
HALLMARK_ESTROGEN_RESPONSE_LATE,Nrip1,https://www.gsea-msigdb.org/gsea/msigdb/mouse/geneset/HALLMARK_ESTROGEN_RESPONSE_LATE,MM,Mus musculus
HALLMARK_ESTROGEN_RESPONSE_LATE,Nxt1,https://www.gsea-msigdb.org/gsea/msigdb/mouse/geneset/HALLMARK_ESTROGEN_RESPONSE_LATE,MM,Mus musculus
HALLMARK_ESTROGEN_RESPONSE_LATE,Olfm1,https://www.gsea-msigdb.org/gsea/msigdb/mouse/geneset/HALLMARK_ESTROGEN_RESPONSE_LATE,MM,Mus musculus
HALLMARK_ESTROGEN_RESPONSE_LATE,Opn3,https://www.gsea-msigdb.org/gsea/msigdb/mouse/geneset/HALLMARK_ESTROGEN_RESPONSE_LATE,MM,Mus musculus
HALLMARK_ESTROGEN_RESPONSE_LATE,Ovol2,https://www.gsea-msigdb.org/gsea/msigdb/mouse/geneset/HALLMARK_ESTROGEN_RESPONSE_LATE,MM,Mus musculus
HALLMARK_ESTROGEN_RESPONSE_LATE,Papss2,https://www.gsea-msigdb.org/gsea/msigdb/mouse/geneset/HALLMARK_ESTROGEN_RESPONSE_LATE,MM,Mus musculus
HALLMARK_ESTROGEN_RESPONSE_LATE,Pcp4,https://www.gsea-msigdb.org/gsea/msigdb/mouse/geneset/HALLMARK_ESTROGEN_RESPONSE_LATE,MM,Mus musculus
HALLMARK_ESTROGEN_RESPONSE_LATE,Pdcd4,https://www.gsea-msigdb.org/gsea/msigdb/mouse/geneset/HALLMARK_ESTROGEN_RESPONSE_LATE,MM,Mus musculus
HALLMARK_ESTROGEN_RESPONSE_LATE,Pdlim3,https://www.gsea-msigdb.org/gsea/msigdb/mouse/geneset/HALLMARK_ESTROGEN_RESPONSE_LATE,MM,Mus musculus
HALLMARK_ESTROGEN_RESPONSE_LATE,Pdzk1,https://www.gsea-msigdb.org/gsea/msigdb/mouse/geneset/HALLMARK_ESTROGEN_RESPONSE_LATE,MM,Mus musculus
HALLMARK_ESTROGEN_RESPONSE_LATE,Perp,https://www.gsea-msigdb.org/gsea/msigdb/mouse/geneset/HALLMARK_ESTROGEN_RESPONSE_LATE,MM,Mus musculus
HALLMARK_ESTROGEN_RESPONSE_LATE,Pgr,https://www.gsea-msigdb.org/gsea/msigdb/mouse/geneset/HALLMARK_ESTROGEN_RESPONSE_LATE,MM,Mus musculus
HALLMARK_ESTROGEN_RESPONSE_LATE,Pkp3,https://www.gsea-msigdb.org/gsea/msigdb/mouse/geneset/HALLMARK_ESTROGEN_RESPONSE_LATE,MM,Mus musculus
HALLMARK_ESTROGEN_RESPONSE_LATE,Plaat3,https://www.gsea-msigdb.org/gsea/msigdb/mouse/geneset/HALLMARK_ESTROGEN_RESPONSE_LATE,MM,Mus musculus
HALLMARK_ESTROGEN_RESPONSE_LATE,Plac1,https://www.gsea-msigdb.org/gsea/msigdb/mouse/geneset/HALLMARK_ESTROGEN_RESPONSE_LATE,MM,Mus musculus
HALLMARK_ESTROGEN_RESPONSE_LATE,Plk4,https://www.gsea-msigdb.org/gsea/msigdb/mouse/geneset/HALLMARK_ESTROGEN_RESPONSE_LATE,MM,Mus musculus
HALLMARK_ESTROGEN_RESPONSE_LATE,Plxnb1,https://www.gsea-msigdb.org/gsea/msigdb/mouse/geneset/HALLMARK_ESTROGEN_RESPONSE_LATE,MM,Mus musculus
HALLMARK_ESTROGEN_RESPONSE_LATE,Ppif,https://www.gsea-msigdb.org/gsea/msigdb/mouse/geneset/HALLMARK_ESTROGEN_RESPONSE_LATE,MM,Mus musculus
HALLMARK_ESTROGEN_RESPONSE_LATE,Prkar2b,https://www.gsea-msigdb.org/gsea/msigdb/mouse/geneset/HALLMARK_ESTROGEN_RESPONSE_LATE,MM,Mus musculus
HALLMARK_ESTROGEN_RESPONSE_LATE,Prlr,https://www.gsea-msigdb.org/gsea/msigdb/mouse/geneset/HALLMARK_ESTROGEN_RESPONSE_LATE,MM,Mus musculus
HALLMARK_ESTROGEN_RESPONSE_LATE,Prss23,https://www.gsea-msigdb.org/gsea/msigdb/mouse/geneset/HALLMARK_ESTROGEN_RESPONSE_LATE,MM,Mus musculus
HALLMARK_ESTROGEN_RESPONSE_LATE,Ptger3,https://www.gsea-msigdb.org/gsea/msigdb/mouse/geneset/HALLMARK_ESTROGEN_RESPONSE_LATE,MM,Mus musculus
HALLMARK_ESTROGEN_RESPONSE_LATE,Ptges,https://www.gsea-msigdb.org/gsea/msigdb/mouse/geneset/HALLMARK_ESTROGEN_RESPONSE_LATE,MM,Mus musculus
HALLMARK_ESTROGEN_RESPONSE_LATE,Ptpn6,https://www.gsea-msigdb.org/gsea/msigdb/mouse/geneset/HALLMARK_ESTROGEN_RESPONSE_LATE,MM,Mus musculus
HALLMARK_ESTROGEN_RESPONSE_LATE,Rab31,https://www.gsea-msigdb.org/gsea/msigdb/mouse/geneset/HALLMARK_ESTROGEN_RESPONSE_LATE,MM,Mus musculus
HALLMARK_ESTROGEN_RESPONSE_LATE,Rabep1,https://www.gsea-msigdb.org/gsea/msigdb/mouse/geneset/HALLMARK_ESTROGEN_RESPONSE_LATE,MM,Mus musculus
HALLMARK_ESTROGEN_RESPONSE_LATE,Rapgefl1,https://www.gsea-msigdb.org/gsea/msigdb/mouse/geneset/HALLMARK_ESTROGEN_RESPONSE_LATE,MM,Mus musculus
HALLMARK_ESTROGEN_RESPONSE_LATE,Rbbp8,https://www.gsea-msigdb.org/gsea/msigdb/mouse/geneset/HALLMARK_ESTROGEN_RESPONSE_LATE,MM,Mus musculus
HALLMARK_ESTROGEN_RESPONSE_LATE,Ret,https://www.gsea-msigdb.org/gsea/msigdb/mouse/geneset/HALLMARK_ESTROGEN_RESPONSE_LATE,MM,Mus musculus
HALLMARK_ESTROGEN_RESPONSE_LATE,Rnaseh2a,https://www.gsea-msigdb.org/gsea/msigdb/mouse/geneset/HALLMARK_ESTROGEN_RESPONSE_LATE,MM,Mus musculus
HALLMARK_ESTROGEN_RESPONSE_LATE,Rps6ka2,https://www.gsea-msigdb.org/gsea/msigdb/mouse/geneset/HALLMARK_ESTROGEN_RESPONSE_LATE,MM,Mus musculus
HALLMARK_ESTROGEN_RESPONSE_LATE,S100a9,https://www.gsea-msigdb.org/gsea/msigdb/mouse/geneset/HALLMARK_ESTROGEN_RESPONSE_LATE,MM,Mus musculus
HALLMARK_ESTROGEN_RESPONSE_LATE,Scarb1,https://www.gsea-msigdb.org/gsea/msigdb/mouse/geneset/HALLMARK_ESTROGEN_RESPONSE_LATE,MM,Mus musculus
HALLMARK_ESTROGEN_RESPONSE_LATE,Scnn1a,https://www.gsea-msigdb.org/gsea/msigdb/mouse/geneset/HALLMARK_ESTROGEN_RESPONSE_LATE,MM,Mus musculus
HALLMARK_ESTROGEN_RESPONSE_LATE,Scube2,https://www.gsea-msigdb.org/gsea/msigdb/mouse/geneset/HALLMARK_ESTROGEN_RESPONSE_LATE,MM,Mus musculus
HALLMARK_ESTROGEN_RESPONSE_LATE,Sema3b,https://www.gsea-msigdb.org/gsea/msigdb/mouse/geneset/HALLMARK_ESTROGEN_RESPONSE_LATE,MM,Mus musculus
HALLMARK_ESTROGEN_RESPONSE_LATE,Serpina5,https://www.gsea-msigdb.org/gsea/msigdb/mouse/geneset/HALLMARK_ESTROGEN_RESPONSE_LATE,MM,Mus musculus
HALLMARK_ESTROGEN_RESPONSE_LATE,Sfn,https://www.gsea-msigdb.org/gsea/msigdb/mouse/geneset/HALLMARK_ESTROGEN_RESPONSE_LATE,MM,Mus musculus
HALLMARK_ESTROGEN_RESPONSE_LATE,Sgk1,https://www.gsea-msigdb.org/gsea/msigdb/mouse/geneset/HALLMARK_ESTROGEN_RESPONSE_LATE,MM,Mus musculus
HALLMARK_ESTROGEN_RESPONSE_LATE,Siah2,https://www.gsea-msigdb.org/gsea/msigdb/mouse/geneset/HALLMARK_ESTROGEN_RESPONSE_LATE,MM,Mus musculus
HALLMARK_ESTROGEN_RESPONSE_LATE,Slc16a1,https://www.gsea-msigdb.org/gsea/msigdb/mouse/geneset/HALLMARK_ESTROGEN_RESPONSE_LATE,MM,Mus musculus
HALLMARK_ESTROGEN_RESPONSE_LATE,Slc1a4,https://www.gsea-msigdb.org/gsea/msigdb/mouse/geneset/HALLMARK_ESTROGEN_RESPONSE_LATE,MM,Mus musculus
HALLMARK_ESTROGEN_RESPONSE_LATE,Slc22a5,https://www.gsea-msigdb.org/gsea/msigdb/mouse/geneset/HALLMARK_ESTROGEN_RESPONSE_LATE,MM,Mus musculus
HALLMARK_ESTROGEN_RESPONSE_LATE,Slc24a3,https://www.gsea-msigdb.org/gsea/msigdb/mouse/geneset/HALLMARK_ESTROGEN_RESPONSE_LATE,MM,Mus musculus
HALLMARK_ESTROGEN_RESPONSE_LATE,Slc26a2,https://www.gsea-msigdb.org/gsea/msigdb/mouse/geneset/HALLMARK_ESTROGEN_RESPONSE_LATE,MM,Mus musculus
HALLMARK_ESTROGEN_RESPONSE_LATE,Slc27a2,https://www.gsea-msigdb.org/gsea/msigdb/mouse/geneset/HALLMARK_ESTROGEN_RESPONSE_LATE,MM,Mus musculus
HALLMARK_ESTROGEN_RESPONSE_LATE,Slc29a1,https://www.gsea-msigdb.org/gsea/msigdb/mouse/geneset/HALLMARK_ESTROGEN_RESPONSE_LATE,MM,Mus musculus
HALLMARK_ESTROGEN_RESPONSE_LATE,Slc2a8,https://www.gsea-msigdb.org/gsea/msigdb/mouse/geneset/HALLMARK_ESTROGEN_RESPONSE_LATE,MM,Mus musculus
HALLMARK_ESTROGEN_RESPONSE_LATE,Slc7a5,https://www.gsea-msigdb.org/gsea/msigdb/mouse/geneset/HALLMARK_ESTROGEN_RESPONSE_LATE,MM,Mus musculus
HALLMARK_ESTROGEN_RESPONSE_LATE,Snx10,https://www.gsea-msigdb.org/gsea/msigdb/mouse/geneset/HALLMARK_ESTROGEN_RESPONSE_LATE,MM,Mus musculus
HALLMARK_ESTROGEN_RESPONSE_LATE,Sord,https://www.gsea-msigdb.org/gsea/msigdb/mouse/geneset/HALLMARK_ESTROGEN_RESPONSE_LATE,MM,Mus musculus
HALLMARK_ESTROGEN_RESPONSE_LATE,Sox3,https://www.gsea-msigdb.org/gsea/msigdb/mouse/geneset/HALLMARK_ESTROGEN_RESPONSE_LATE,MM,Mus musculus
HALLMARK_ESTROGEN_RESPONSE_LATE,St14,https://www.gsea-msigdb.org/gsea/msigdb/mouse/geneset/HALLMARK_ESTROGEN_RESPONSE_LATE,MM,Mus musculus
HALLMARK_ESTROGEN_RESPONSE_LATE,St6galnac2,https://www.gsea-msigdb.org/gsea/msigdb/mouse/geneset/HALLMARK_ESTROGEN_RESPONSE_LATE,MM,Mus musculus
HALLMARK_ESTROGEN_RESPONSE_LATE,Stil,https://www.gsea-msigdb.org/gsea/msigdb/mouse/geneset/HALLMARK_ESTROGEN_RESPONSE_LATE,MM,Mus musculus
HALLMARK_ESTROGEN_RESPONSE_LATE,Sult2b1,https://www.gsea-msigdb.org/gsea/msigdb/mouse/geneset/HALLMARK_ESTROGEN_RESPONSE_LATE,MM,Mus musculus
HALLMARK_ESTROGEN_RESPONSE_LATE,Tfap2c,https://www.gsea-msigdb.org/gsea/msigdb/mouse/geneset/HALLMARK_ESTROGEN_RESPONSE_LATE,MM,Mus musculus
HALLMARK_ESTROGEN_RESPONSE_LATE,Tff3,https://www.gsea-msigdb.org/gsea/msigdb/mouse/geneset/HALLMARK_ESTROGEN_RESPONSE_LATE,MM,Mus musculus
HALLMARK_ESTROGEN_RESPONSE_LATE,Tfpi2,https://www.gsea-msigdb.org/gsea/msigdb/mouse/geneset/HALLMARK_ESTROGEN_RESPONSE_LATE,MM,Mus musculus
HALLMARK_ESTROGEN_RESPONSE_LATE,Th,https://www.gsea-msigdb.org/gsea/msigdb/mouse/geneset/HALLMARK_ESTROGEN_RESPONSE_LATE,MM,Mus musculus
HALLMARK_ESTROGEN_RESPONSE_LATE,Tiam1,https://www.gsea-msigdb.org/gsea/msigdb/mouse/geneset/HALLMARK_ESTROGEN_RESPONSE_LATE,MM,Mus musculus
HALLMARK_ESTROGEN_RESPONSE_LATE,Tjp3,https://www.gsea-msigdb.org/gsea/msigdb/mouse/geneset/HALLMARK_ESTROGEN_RESPONSE_LATE,MM,Mus musculus
HALLMARK_ESTROGEN_RESPONSE_LATE,Tmprss3,https://www.gsea-msigdb.org/gsea/msigdb/mouse/geneset/HALLMARK_ESTROGEN_RESPONSE_LATE,MM,Mus musculus
HALLMARK_ESTROGEN_RESPONSE_LATE,Tnnc1,https://www.gsea-msigdb.org/gsea/msigdb/mouse/geneset/HALLMARK_ESTROGEN_RESPONSE_LATE,MM,Mus musculus
HALLMARK_ESTROGEN_RESPONSE_LATE,Tob1,https://www.gsea-msigdb.org/gsea/msigdb/mouse/geneset/HALLMARK_ESTROGEN_RESPONSE_LATE,MM,Mus musculus
HALLMARK_ESTROGEN_RESPONSE_LATE,Top2a,https://www.gsea-msigdb.org/gsea/msigdb/mouse/geneset/HALLMARK_ESTROGEN_RESPONSE_LATE,MM,Mus musculus
HALLMARK_ESTROGEN_RESPONSE_LATE,Tpbg,https://www.gsea-msigdb.org/gsea/msigdb/mouse/geneset/HALLMARK_ESTROGEN_RESPONSE_LATE,MM,Mus musculus
HALLMARK_ESTROGEN_RESPONSE_LATE,Tpd52l1,https://www.gsea-msigdb.org/gsea/msigdb/mouse/geneset/HALLMARK_ESTROGEN_RESPONSE_LATE,MM,Mus musculus
HALLMARK_ESTROGEN_RESPONSE_LATE,Tpsb2,https://www.gsea-msigdb.org/gsea/msigdb/mouse/geneset/HALLMARK_ESTROGEN_RESPONSE_LATE,MM,Mus musculus
HALLMARK_ESTROGEN_RESPONSE_LATE,Trim29,https://www.gsea-msigdb.org/gsea/msigdb/mouse/geneset/HALLMARK_ESTROGEN_RESPONSE_LATE,MM,Mus musculus
HALLMARK_ESTROGEN_RESPONSE_LATE,Tspan13,https://www.gsea-msigdb.org/gsea/msigdb/mouse/geneset/HALLMARK_ESTROGEN_RESPONSE_LATE,MM,Mus musculus
HALLMARK_ESTROGEN_RESPONSE_LATE,Tst,https://www.gsea-msigdb.org/gsea/msigdb/mouse/geneset/HALLMARK_ESTROGEN_RESPONSE_LATE,MM,Mus musculus
HALLMARK_ESTROGEN_RESPONSE_LATE,Ugdh,https://www.gsea-msigdb.org/gsea/msigdb/mouse/geneset/HALLMARK_ESTROGEN_RESPONSE_LATE,MM,Mus musculus
HALLMARK_ESTROGEN_RESPONSE_LATE,Unc13b,https://www.gsea-msigdb.org/gsea/msigdb/mouse/geneset/HALLMARK_ESTROGEN_RESPONSE_LATE,MM,Mus musculus
HALLMARK_ESTROGEN_RESPONSE_LATE,Wfs1,https://www.gsea-msigdb.org/gsea/msigdb/mouse/geneset/HALLMARK_ESTROGEN_RESPONSE_LATE,MM,Mus musculus
HALLMARK_ESTROGEN_RESPONSE_LATE,Xbp1,https://www.gsea-msigdb.org/gsea/msigdb/mouse/geneset/HALLMARK_ESTROGEN_RESPONSE_LATE,MM,Mus musculus
HALLMARK_ESTROGEN_RESPONSE_LATE,Xrcc3,https://www.gsea-msigdb.org/gsea/msigdb/mouse/geneset/HALLMARK_ESTROGEN_RESPONSE_LATE,MM,Mus musculus
HALLMARK_ESTROGEN_RESPONSE_LATE,Zfp36,https://www.gsea-msigdb.org/gsea/msigdb/mouse/geneset/HALLMARK_ESTROGEN_RESPONSE_LATE,MM,Mus musculus
HALLMARK_FATTY_ACID_METABOLISM,Aadat,https://www.gsea-msigdb.org/gsea/msigdb/mouse/geneset/HALLMARK_FATTY_ACID_METABOLISM,MM,Mus musculus
HALLMARK_FATTY_ACID_METABOLISM,Acaa1a,https://www.gsea-msigdb.org/gsea/msigdb/mouse/geneset/HALLMARK_FATTY_ACID_METABOLISM,MM,Mus musculus
HALLMARK_FATTY_ACID_METABOLISM,Acaa2,https://www.gsea-msigdb.org/gsea/msigdb/mouse/geneset/HALLMARK_FATTY_ACID_METABOLISM,MM,Mus musculus
HALLMARK_FATTY_ACID_METABOLISM,Acadl,https://www.gsea-msigdb.org/gsea/msigdb/mouse/geneset/HALLMARK_FATTY_ACID_METABOLISM,MM,Mus musculus
HALLMARK_FATTY_ACID_METABOLISM,Acadm,https://www.gsea-msigdb.org/gsea/msigdb/mouse/geneset/HALLMARK_FATTY_ACID_METABOLISM,MM,Mus musculus
HALLMARK_FATTY_ACID_METABOLISM,Acads,https://www.gsea-msigdb.org/gsea/msigdb/mouse/geneset/HALLMARK_FATTY_ACID_METABOLISM,MM,Mus musculus
HALLMARK_FATTY_ACID_METABOLISM,Acadvl,https://www.gsea-msigdb.org/gsea/msigdb/mouse/geneset/HALLMARK_FATTY_ACID_METABOLISM,MM,Mus musculus
HALLMARK_FATTY_ACID_METABOLISM,Acat2,https://www.gsea-msigdb.org/gsea/msigdb/mouse/geneset/HALLMARK_FATTY_ACID_METABOLISM,MM,Mus musculus
HALLMARK_FATTY_ACID_METABOLISM,Aco2,https://www.gsea-msigdb.org/gsea/msigdb/mouse/geneset/HALLMARK_FATTY_ACID_METABOLISM,MM,Mus musculus
HALLMARK_FATTY_ACID_METABOLISM,Acot2,https://www.gsea-msigdb.org/gsea/msigdb/mouse/geneset/HALLMARK_FATTY_ACID_METABOLISM,MM,Mus musculus
HALLMARK_FATTY_ACID_METABOLISM,Acot8,https://www.gsea-msigdb.org/gsea/msigdb/mouse/geneset/HALLMARK_FATTY_ACID_METABOLISM,MM,Mus musculus
HALLMARK_FATTY_ACID_METABOLISM,Acox1,https://www.gsea-msigdb.org/gsea/msigdb/mouse/geneset/HALLMARK_FATTY_ACID_METABOLISM,MM,Mus musculus
HALLMARK_FATTY_ACID_METABOLISM,Acsl1,https://www.gsea-msigdb.org/gsea/msigdb/mouse/geneset/HALLMARK_FATTY_ACID_METABOLISM,MM,Mus musculus
HALLMARK_FATTY_ACID_METABOLISM,Acsl4,https://www.gsea-msigdb.org/gsea/msigdb/mouse/geneset/HALLMARK_FATTY_ACID_METABOLISM,MM,Mus musculus
HALLMARK_FATTY_ACID_METABOLISM,Acsl5,https://www.gsea-msigdb.org/gsea/msigdb/mouse/geneset/HALLMARK_FATTY_ACID_METABOLISM,MM,Mus musculus
HALLMARK_FATTY_ACID_METABOLISM,Acsm3,https://www.gsea-msigdb.org/gsea/msigdb/mouse/geneset/HALLMARK_FATTY_ACID_METABOLISM,MM,Mus musculus
HALLMARK_FATTY_ACID_METABOLISM,Acss1,https://www.gsea-msigdb.org/gsea/msigdb/mouse/geneset/HALLMARK_FATTY_ACID_METABOLISM,MM,Mus musculus
HALLMARK_FATTY_ACID_METABOLISM,Adh7,https://www.gsea-msigdb.org/gsea/msigdb/mouse/geneset/HALLMARK_FATTY_ACID_METABOLISM,MM,Mus musculus
HALLMARK_FATTY_ACID_METABOLISM,Adipor2,https://www.gsea-msigdb.org/gsea/msigdb/mouse/geneset/HALLMARK_FATTY_ACID_METABOLISM,MM,Mus musculus
HALLMARK_FATTY_ACID_METABOLISM,Adsl,https://www.gsea-msigdb.org/gsea/msigdb/mouse/geneset/HALLMARK_FATTY_ACID_METABOLISM,MM,Mus musculus
HALLMARK_FATTY_ACID_METABOLISM,Alad,https://www.gsea-msigdb.org/gsea/msigdb/mouse/geneset/HALLMARK_FATTY_ACID_METABOLISM,MM,Mus musculus
HALLMARK_FATTY_ACID_METABOLISM,Aldh1a1,https://www.gsea-msigdb.org/gsea/msigdb/mouse/geneset/HALLMARK_FATTY_ACID_METABOLISM,MM,Mus musculus
HALLMARK_FATTY_ACID_METABOLISM,Aldh3a1,https://www.gsea-msigdb.org/gsea/msigdb/mouse/geneset/HALLMARK_FATTY_ACID_METABOLISM,MM,Mus musculus
HALLMARK_FATTY_ACID_METABOLISM,Aldh3a2,https://www.gsea-msigdb.org/gsea/msigdb/mouse/geneset/HALLMARK_FATTY_ACID_METABOLISM,MM,Mus musculus
HALLMARK_FATTY_ACID_METABOLISM,Aldh9a1,https://www.gsea-msigdb.org/gsea/msigdb/mouse/geneset/HALLMARK_FATTY_ACID_METABOLISM,MM,Mus musculus
HALLMARK_FATTY_ACID_METABOLISM,Aldoa,https://www.gsea-msigdb.org/gsea/msigdb/mouse/geneset/HALLMARK_FATTY_ACID_METABOLISM,MM,Mus musculus
HALLMARK_FATTY_ACID_METABOLISM,Aoc3,https://www.gsea-msigdb.org/gsea/msigdb/mouse/geneset/HALLMARK_FATTY_ACID_METABOLISM,MM,Mus musculus
HALLMARK_FATTY_ACID_METABOLISM,Apex1,https://www.gsea-msigdb.org/gsea/msigdb/mouse/geneset/HALLMARK_FATTY_ACID_METABOLISM,MM,Mus musculus
HALLMARK_FATTY_ACID_METABOLISM,Aqp7,https://www.gsea-msigdb.org/gsea/msigdb/mouse/geneset/HALLMARK_FATTY_ACID_METABOLISM,MM,Mus musculus
HALLMARK_FATTY_ACID_METABOLISM,Auh,https://www.gsea-msigdb.org/gsea/msigdb/mouse/geneset/HALLMARK_FATTY_ACID_METABOLISM,MM,Mus musculus
HALLMARK_FATTY_ACID_METABOLISM,Bckdhb,https://www.gsea-msigdb.org/gsea/msigdb/mouse/geneset/HALLMARK_FATTY_ACID_METABOLISM,MM,Mus musculus
HALLMARK_FATTY_ACID_METABOLISM,Blvra,https://www.gsea-msigdb.org/gsea/msigdb/mouse/geneset/HALLMARK_FATTY_ACID_METABOLISM,MM,Mus musculus
HALLMARK_FATTY_ACID_METABOLISM,Bmpr1b,https://www.gsea-msigdb.org/gsea/msigdb/mouse/geneset/HALLMARK_FATTY_ACID_METABOLISM,MM,Mus musculus
HALLMARK_FATTY_ACID_METABOLISM,Bphl,https://www.gsea-msigdb.org/gsea/msigdb/mouse/geneset/HALLMARK_FATTY_ACID_METABOLISM,MM,Mus musculus
HALLMARK_FATTY_ACID_METABOLISM,Car2,https://www.gsea-msigdb.org/gsea/msigdb/mouse/geneset/HALLMARK_FATTY_ACID_METABOLISM,MM,Mus musculus
HALLMARK_FATTY_ACID_METABOLISM,Car4,https://www.gsea-msigdb.org/gsea/msigdb/mouse/geneset/HALLMARK_FATTY_ACID_METABOLISM,MM,Mus musculus
HALLMARK_FATTY_ACID_METABOLISM,Car6,https://www.gsea-msigdb.org/gsea/msigdb/mouse/geneset/HALLMARK_FATTY_ACID_METABOLISM,MM,Mus musculus
HALLMARK_FATTY_ACID_METABOLISM,Cbr1,https://www.gsea-msigdb.org/gsea/msigdb/mouse/geneset/HALLMARK_FATTY_ACID_METABOLISM,MM,Mus musculus
HALLMARK_FATTY_ACID_METABOLISM,Cbr3,https://www.gsea-msigdb.org/gsea/msigdb/mouse/geneset/HALLMARK_FATTY_ACID_METABOLISM,MM,Mus musculus
HALLMARK_FATTY_ACID_METABOLISM,Cd1d2,https://www.gsea-msigdb.org/gsea/msigdb/mouse/geneset/HALLMARK_FATTY_ACID_METABOLISM,MM,Mus musculus
HALLMARK_FATTY_ACID_METABOLISM,Cd36,https://www.gsea-msigdb.org/gsea/msigdb/mouse/geneset/HALLMARK_FATTY_ACID_METABOLISM,MM,Mus musculus
HALLMARK_FATTY_ACID_METABOLISM,Cel,https://www.gsea-msigdb.org/gsea/msigdb/mouse/geneset/HALLMARK_FATTY_ACID_METABOLISM,MM,Mus musculus
HALLMARK_FATTY_ACID_METABOLISM,Cidea,https://www.gsea-msigdb.org/gsea/msigdb/mouse/geneset/HALLMARK_FATTY_ACID_METABOLISM,MM,Mus musculus
HALLMARK_FATTY_ACID_METABOLISM,Cpox,https://www.gsea-msigdb.org/gsea/msigdb/mouse/geneset/HALLMARK_FATTY_ACID_METABOLISM,MM,Mus musculus
HALLMARK_FATTY_ACID_METABOLISM,Cpt1a,https://www.gsea-msigdb.org/gsea/msigdb/mouse/geneset/HALLMARK_FATTY_ACID_METABOLISM,MM,Mus musculus
HALLMARK_FATTY_ACID_METABOLISM,Cpt2,https://www.gsea-msigdb.org/gsea/msigdb/mouse/geneset/HALLMARK_FATTY_ACID_METABOLISM,MM,Mus musculus
HALLMARK_FATTY_ACID_METABOLISM,Crat,https://www.gsea-msigdb.org/gsea/msigdb/mouse/geneset/HALLMARK_FATTY_ACID_METABOLISM,MM,Mus musculus
HALLMARK_FATTY_ACID_METABOLISM,Cryz,https://www.gsea-msigdb.org/gsea/msigdb/mouse/geneset/HALLMARK_FATTY_ACID_METABOLISM,MM,Mus musculus
HALLMARK_FATTY_ACID_METABOLISM,Cyp1a1,https://www.gsea-msigdb.org/gsea/msigdb/mouse/geneset/HALLMARK_FATTY_ACID_METABOLISM,MM,Mus musculus
HALLMARK_FATTY_ACID_METABOLISM,Cyp4a10,https://www.gsea-msigdb.org/gsea/msigdb/mouse/geneset/HALLMARK_FATTY_ACID_METABOLISM,MM,Mus musculus
HALLMARK_FATTY_ACID_METABOLISM,D2hgdh,https://www.gsea-msigdb.org/gsea/msigdb/mouse/geneset/HALLMARK_FATTY_ACID_METABOLISM,MM,Mus musculus
HALLMARK_FATTY_ACID_METABOLISM,Decr1,https://www.gsea-msigdb.org/gsea/msigdb/mouse/geneset/HALLMARK_FATTY_ACID_METABOLISM,MM,Mus musculus
HALLMARK_FATTY_ACID_METABOLISM,Dhcr24,https://www.gsea-msigdb.org/gsea/msigdb/mouse/geneset/HALLMARK_FATTY_ACID_METABOLISM,MM,Mus musculus
HALLMARK_FATTY_ACID_METABOLISM,Dld,https://www.gsea-msigdb.org/gsea/msigdb/mouse/geneset/HALLMARK_FATTY_ACID_METABOLISM,MM,Mus musculus
HALLMARK_FATTY_ACID_METABOLISM,Dlst,https://www.gsea-msigdb.org/gsea/msigdb/mouse/geneset/HALLMARK_FATTY_ACID_METABOLISM,MM,Mus musculus
HALLMARK_FATTY_ACID_METABOLISM,Ech1,https://www.gsea-msigdb.org/gsea/msigdb/mouse/geneset/HALLMARK_FATTY_ACID_METABOLISM,MM,Mus musculus
HALLMARK_FATTY_ACID_METABOLISM,Echs1,https://www.gsea-msigdb.org/gsea/msigdb/mouse/geneset/HALLMARK_FATTY_ACID_METABOLISM,MM,Mus musculus
HALLMARK_FATTY_ACID_METABOLISM,Eci1,https://www.gsea-msigdb.org/gsea/msigdb/mouse/geneset/HALLMARK_FATTY_ACID_METABOLISM,MM,Mus musculus
HALLMARK_FATTY_ACID_METABOLISM,Eci2,https://www.gsea-msigdb.org/gsea/msigdb/mouse/geneset/HALLMARK_FATTY_ACID_METABOLISM,MM,Mus musculus
HALLMARK_FATTY_ACID_METABOLISM,Ehhadh,https://www.gsea-msigdb.org/gsea/msigdb/mouse/geneset/HALLMARK_FATTY_ACID_METABOLISM,MM,Mus musculus
HALLMARK_FATTY_ACID_METABOLISM,Elovl5,https://www.gsea-msigdb.org/gsea/msigdb/mouse/geneset/HALLMARK_FATTY_ACID_METABOLISM,MM,Mus musculus
HALLMARK_FATTY_ACID_METABOLISM,Eno2,https://www.gsea-msigdb.org/gsea/msigdb/mouse/geneset/HALLMARK_FATTY_ACID_METABOLISM,MM,Mus musculus
HALLMARK_FATTY_ACID_METABOLISM,Eno3,https://www.gsea-msigdb.org/gsea/msigdb/mouse/geneset/HALLMARK_FATTY_ACID_METABOLISM,MM,Mus musculus
HALLMARK_FATTY_ACID_METABOLISM,Ephx1,https://www.gsea-msigdb.org/gsea/msigdb/mouse/geneset/HALLMARK_FATTY_ACID_METABOLISM,MM,Mus musculus
HALLMARK_FATTY_ACID_METABOLISM,Erp29,https://www.gsea-msigdb.org/gsea/msigdb/mouse/geneset/HALLMARK_FATTY_ACID_METABOLISM,MM,Mus musculus
HALLMARK_FATTY_ACID_METABOLISM,Etfdh,https://www.gsea-msigdb.org/gsea/msigdb/mouse/geneset/HALLMARK_FATTY_ACID_METABOLISM,MM,Mus musculus
HALLMARK_FATTY_ACID_METABOLISM,Fabp1,https://www.gsea-msigdb.org/gsea/msigdb/mouse/geneset/HALLMARK_FATTY_ACID_METABOLISM,MM,Mus musculus
HALLMARK_FATTY_ACID_METABOLISM,Fabp2,https://www.gsea-msigdb.org/gsea/msigdb/mouse/geneset/HALLMARK_FATTY_ACID_METABOLISM,MM,Mus musculus
HALLMARK_FATTY_ACID_METABOLISM,Fasn,https://www.gsea-msigdb.org/gsea/msigdb/mouse/geneset/HALLMARK_FATTY_ACID_METABOLISM,MM,Mus musculus
HALLMARK_FATTY_ACID_METABOLISM,Fh1,https://www.gsea-msigdb.org/gsea/msigdb/mouse/geneset/HALLMARK_FATTY_ACID_METABOLISM,MM,Mus musculus
HALLMARK_FATTY_ACID_METABOLISM,Fmo1,https://www.gsea-msigdb.org/gsea/msigdb/mouse/geneset/HALLMARK_FATTY_ACID_METABOLISM,MM,Mus musculus
HALLMARK_FATTY_ACID_METABOLISM,G0s2,https://www.gsea-msigdb.org/gsea/msigdb/mouse/geneset/HALLMARK_FATTY_ACID_METABOLISM,MM,Mus musculus
HALLMARK_FATTY_ACID_METABOLISM,Gabarapl1,https://www.gsea-msigdb.org/gsea/msigdb/mouse/geneset/HALLMARK_FATTY_ACID_METABOLISM,MM,Mus musculus
HALLMARK_FATTY_ACID_METABOLISM,Gad2,https://www.gsea-msigdb.org/gsea/msigdb/mouse/geneset/HALLMARK_FATTY_ACID_METABOLISM,MM,Mus musculus
HALLMARK_FATTY_ACID_METABOLISM,Gapdhs,https://www.gsea-msigdb.org/gsea/msigdb/mouse/geneset/HALLMARK_FATTY_ACID_METABOLISM,MM,Mus musculus
HALLMARK_FATTY_ACID_METABOLISM,Gcdh,https://www.gsea-msigdb.org/gsea/msigdb/mouse/geneset/HALLMARK_FATTY_ACID_METABOLISM,MM,Mus musculus
HALLMARK_FATTY_ACID_METABOLISM,Glul,https://www.gsea-msigdb.org/gsea/msigdb/mouse/geneset/HALLMARK_FATTY_ACID_METABOLISM,MM,Mus musculus
HALLMARK_FATTY_ACID_METABOLISM,Gpd1,https://www.gsea-msigdb.org/gsea/msigdb/mouse/geneset/HALLMARK_FATTY_ACID_METABOLISM,MM,Mus musculus
HALLMARK_FATTY_ACID_METABOLISM,Gpd2,https://www.gsea-msigdb.org/gsea/msigdb/mouse/geneset/HALLMARK_FATTY_ACID_METABOLISM,MM,Mus musculus
HALLMARK_FATTY_ACID_METABOLISM,Grhpr,https://www.gsea-msigdb.org/gsea/msigdb/mouse/geneset/HALLMARK_FATTY_ACID_METABOLISM,MM,Mus musculus
HALLMARK_FATTY_ACID_METABOLISM,Gstz1,https://www.gsea-msigdb.org/gsea/msigdb/mouse/geneset/HALLMARK_FATTY_ACID_METABOLISM,MM,Mus musculus
HALLMARK_FATTY_ACID_METABOLISM,H2az1,https://www.gsea-msigdb.org/gsea/msigdb/mouse/geneset/HALLMARK_FATTY_ACID_METABOLISM,MM,Mus musculus
HALLMARK_FATTY_ACID_METABOLISM,Hadh,https://www.gsea-msigdb.org/gsea/msigdb/mouse/geneset/HALLMARK_FATTY_ACID_METABOLISM,MM,Mus musculus
HALLMARK_FATTY_ACID_METABOLISM,Hadhb,https://www.gsea-msigdb.org/gsea/msigdb/mouse/geneset/HALLMARK_FATTY_ACID_METABOLISM,MM,Mus musculus
HALLMARK_FATTY_ACID_METABOLISM,Hao2,https://www.gsea-msigdb.org/gsea/msigdb/mouse/geneset/HALLMARK_FATTY_ACID_METABOLISM,MM,Mus musculus
HALLMARK_FATTY_ACID_METABOLISM,Hccs,https://www.gsea-msigdb.org/gsea/msigdb/mouse/geneset/HALLMARK_FATTY_ACID_METABOLISM,MM,Mus musculus
HALLMARK_FATTY_ACID_METABOLISM,Hibch,https://www.gsea-msigdb.org/gsea/msigdb/mouse/geneset/HALLMARK_FATTY_ACID_METABOLISM,MM,Mus musculus
HALLMARK_FATTY_ACID_METABOLISM,Hmgcl,https://www.gsea-msigdb.org/gsea/msigdb/mouse/geneset/HALLMARK_FATTY_ACID_METABOLISM,MM,Mus musculus
HALLMARK_FATTY_ACID_METABOLISM,Hmgcs1,https://www.gsea-msigdb.org/gsea/msigdb/mouse/geneset/HALLMARK_FATTY_ACID_METABOLISM,MM,Mus musculus
HALLMARK_FATTY_ACID_METABOLISM,Hmgcs2,https://www.gsea-msigdb.org/gsea/msigdb/mouse/geneset/HALLMARK_FATTY_ACID_METABOLISM,MM,Mus musculus
HALLMARK_FATTY_ACID_METABOLISM,Hpgd,https://www.gsea-msigdb.org/gsea/msigdb/mouse/geneset/HALLMARK_FATTY_ACID_METABOLISM,MM,Mus musculus
HALLMARK_FATTY_ACID_METABOLISM,Hsd17b10,https://www.gsea-msigdb.org/gsea/msigdb/mouse/geneset/HALLMARK_FATTY_ACID_METABOLISM,MM,Mus musculus
HALLMARK_FATTY_ACID_METABOLISM,Hsd17b11,https://www.gsea-msigdb.org/gsea/msigdb/mouse/geneset/HALLMARK_FATTY_ACID_METABOLISM,MM,Mus musculus
HALLMARK_FATTY_ACID_METABOLISM,Hsd17b4,https://www.gsea-msigdb.org/gsea/msigdb/mouse/geneset/HALLMARK_FATTY_ACID_METABOLISM,MM,Mus musculus
HALLMARK_FATTY_ACID_METABOLISM,Hsd17b7,https://www.gsea-msigdb.org/gsea/msigdb/mouse/geneset/HALLMARK_FATTY_ACID_METABOLISM,MM,Mus musculus
HALLMARK_FATTY_ACID_METABOLISM,Hsdl2,https://www.gsea-msigdb.org/gsea/msigdb/mouse/geneset/HALLMARK_FATTY_ACID_METABOLISM,MM,Mus musculus
HALLMARK_FATTY_ACID_METABOLISM,Hsp90aa1,https://www.gsea-msigdb.org/gsea/msigdb/mouse/geneset/HALLMARK_FATTY_ACID_METABOLISM,MM,Mus musculus
HALLMARK_FATTY_ACID_METABOLISM,Hsph1,https://www.gsea-msigdb.org/gsea/msigdb/mouse/geneset/HALLMARK_FATTY_ACID_METABOLISM,MM,Mus musculus
HALLMARK_FATTY_ACID_METABOLISM,Idh1,https://www.gsea-msigdb.org/gsea/msigdb/mouse/geneset/HALLMARK_FATTY_ACID_METABOLISM,MM,Mus musculus
HALLMARK_FATTY_ACID_METABOLISM,Idh3b,https://www.gsea-msigdb.org/gsea/msigdb/mouse/geneset/HALLMARK_FATTY_ACID_METABOLISM,MM,Mus musculus
HALLMARK_FATTY_ACID_METABOLISM,Idh3g,https://www.gsea-msigdb.org/gsea/msigdb/mouse/geneset/HALLMARK_FATTY_ACID_METABOLISM,MM,Mus musculus
HALLMARK_FATTY_ACID_METABOLISM,Idi1,https://www.gsea-msigdb.org/gsea/msigdb/mouse/geneset/HALLMARK_FATTY_ACID_METABOLISM,MM,Mus musculus
HALLMARK_FATTY_ACID_METABOLISM,Inmt,https://www.gsea-msigdb.org/gsea/msigdb/mouse/geneset/HALLMARK_FATTY_ACID_METABOLISM,MM,Mus musculus
HALLMARK_FATTY_ACID_METABOLISM,Kmt5a,https://www.gsea-msigdb.org/gsea/msigdb/mouse/geneset/HALLMARK_FATTY_ACID_METABOLISM,MM,Mus musculus
HALLMARK_FATTY_ACID_METABOLISM,Ldha,https://www.gsea-msigdb.org/gsea/msigdb/mouse/geneset/HALLMARK_FATTY_ACID_METABOLISM,MM,Mus musculus
HALLMARK_FATTY_ACID_METABOLISM,Lgals1,https://www.gsea-msigdb.org/gsea/msigdb/mouse/geneset/HALLMARK_FATTY_ACID_METABOLISM,MM,Mus musculus
HALLMARK_FATTY_ACID_METABOLISM,Ltc4s,https://www.gsea-msigdb.org/gsea/msigdb/mouse/geneset/HALLMARK_FATTY_ACID_METABOLISM,MM,Mus musculus
HALLMARK_FATTY_ACID_METABOLISM,Maoa,https://www.gsea-msigdb.org/gsea/msigdb/mouse/geneset/HALLMARK_FATTY_ACID_METABOLISM,MM,Mus musculus
HALLMARK_FATTY_ACID_METABOLISM,Mcee,https://www.gsea-msigdb.org/gsea/msigdb/mouse/geneset/HALLMARK_FATTY_ACID_METABOLISM,MM,Mus musculus
HALLMARK_FATTY_ACID_METABOLISM,Mdh1,https://www.gsea-msigdb.org/gsea/msigdb/mouse/geneset/HALLMARK_FATTY_ACID_METABOLISM,MM,Mus musculus
HALLMARK_FATTY_ACID_METABOLISM,Mdh2,https://www.gsea-msigdb.org/gsea/msigdb/mouse/geneset/HALLMARK_FATTY_ACID_METABOLISM,MM,Mus musculus
HALLMARK_FATTY_ACID_METABOLISM,Me1,https://www.gsea-msigdb.org/gsea/msigdb/mouse/geneset/HALLMARK_FATTY_ACID_METABOLISM,MM,Mus musculus
HALLMARK_FATTY_ACID_METABOLISM,Metap1,https://www.gsea-msigdb.org/gsea/msigdb/mouse/geneset/HALLMARK_FATTY_ACID_METABOLISM,MM,Mus musculus
HALLMARK_FATTY_ACID_METABOLISM,Mgll,https://www.gsea-msigdb.org/gsea/msigdb/mouse/geneset/HALLMARK_FATTY_ACID_METABOLISM,MM,Mus musculus
HALLMARK_FATTY_ACID_METABOLISM,Mif,https://www.gsea-msigdb.org/gsea/msigdb/mouse/geneset/HALLMARK_FATTY_ACID_METABOLISM,MM,Mus musculus
HALLMARK_FATTY_ACID_METABOLISM,Mix23,https://www.gsea-msigdb.org/gsea/msigdb/mouse/geneset/HALLMARK_FATTY_ACID_METABOLISM,MM,Mus musculus
HALLMARK_FATTY_ACID_METABOLISM,Mlycd,https://www.gsea-msigdb.org/gsea/msigdb/mouse/geneset/HALLMARK_FATTY_ACID_METABOLISM,MM,Mus musculus
HALLMARK_FATTY_ACID_METABOLISM,Nbn,https://www.gsea-msigdb.org/gsea/msigdb/mouse/geneset/HALLMARK_FATTY_ACID_METABOLISM,MM,Mus musculus
HALLMARK_FATTY_ACID_METABOLISM,Ncaph2,https://www.gsea-msigdb.org/gsea/msigdb/mouse/geneset/HALLMARK_FATTY_ACID_METABOLISM,MM,Mus musculus
HALLMARK_FATTY_ACID_METABOLISM,Nsdhl,https://www.gsea-msigdb.org/gsea/msigdb/mouse/geneset/HALLMARK_FATTY_ACID_METABOLISM,MM,Mus musculus
HALLMARK_FATTY_ACID_METABOLISM,Nthl1,https://www.gsea-msigdb.org/gsea/msigdb/mouse/geneset/HALLMARK_FATTY_ACID_METABOLISM,MM,Mus musculus
HALLMARK_FATTY_ACID_METABOLISM,Odc1,https://www.gsea-msigdb.org/gsea/msigdb/mouse/geneset/HALLMARK_FATTY_ACID_METABOLISM,MM,Mus musculus
HALLMARK_FATTY_ACID_METABOLISM,Ostc,https://www.gsea-msigdb.org/gsea/msigdb/mouse/geneset/HALLMARK_FATTY_ACID_METABOLISM,MM,Mus musculus
HALLMARK_FATTY_ACID_METABOLISM,Pcbd1,https://www.gsea-msigdb.org/gsea/msigdb/mouse/geneset/HALLMARK_FATTY_ACID_METABOLISM,MM,Mus musculus
HALLMARK_FATTY_ACID_METABOLISM,Pdha1,https://www.gsea-msigdb.org/gsea/msigdb/mouse/geneset/HALLMARK_FATTY_ACID_METABOLISM,MM,Mus musculus
HALLMARK_FATTY_ACID_METABOLISM,Pdhb,https://www.gsea-msigdb.org/gsea/msigdb/mouse/geneset/HALLMARK_FATTY_ACID_METABOLISM,MM,Mus musculus
HALLMARK_FATTY_ACID_METABOLISM,Ppara,https://www.gsea-msigdb.org/gsea/msigdb/mouse/geneset/HALLMARK_FATTY_ACID_METABOLISM,MM,Mus musculus
HALLMARK_FATTY_ACID_METABOLISM,Prdx6,https://www.gsea-msigdb.org/gsea/msigdb/mouse/geneset/HALLMARK_FATTY_ACID_METABOLISM,MM,Mus musculus
HALLMARK_FATTY_ACID_METABOLISM,Psme1,https://www.gsea-msigdb.org/gsea/msigdb/mouse/geneset/HALLMARK_FATTY_ACID_METABOLISM,MM,Mus musculus
HALLMARK_FATTY_ACID_METABOLISM,Ptprg,https://www.gsea-msigdb.org/gsea/msigdb/mouse/geneset/HALLMARK_FATTY_ACID_METABOLISM,MM,Mus musculus
HALLMARK_FATTY_ACID_METABOLISM,Pts,https://www.gsea-msigdb.org/gsea/msigdb/mouse/geneset/HALLMARK_FATTY_ACID_METABOLISM,MM,Mus musculus
HALLMARK_FATTY_ACID_METABOLISM,Rap1gds1,https://www.gsea-msigdb.org/gsea/msigdb/mouse/geneset/HALLMARK_FATTY_ACID_METABOLISM,MM,Mus musculus
HALLMARK_FATTY_ACID_METABOLISM,Rdh1,https://www.gsea-msigdb.org/gsea/msigdb/mouse/geneset/HALLMARK_FATTY_ACID_METABOLISM,MM,Mus musculus
HALLMARK_FATTY_ACID_METABOLISM,Rdh11,https://www.gsea-msigdb.org/gsea/msigdb/mouse/geneset/HALLMARK_FATTY_ACID_METABOLISM,MM,Mus musculus
HALLMARK_FATTY_ACID_METABOLISM,Reep6,https://www.gsea-msigdb.org/gsea/msigdb/mouse/geneset/HALLMARK_FATTY_ACID_METABOLISM,MM,Mus musculus
HALLMARK_FATTY_ACID_METABOLISM,Retsat,https://www.gsea-msigdb.org/gsea/msigdb/mouse/geneset/HALLMARK_FATTY_ACID_METABOLISM,MM,Mus musculus
HALLMARK_FATTY_ACID_METABOLISM,S100a10,https://www.gsea-msigdb.org/gsea/msigdb/mouse/geneset/HALLMARK_FATTY_ACID_METABOLISM,MM,Mus musculus
HALLMARK_FATTY_ACID_METABOLISM,Sdha,https://www.gsea-msigdb.org/gsea/msigdb/mouse/geneset/HALLMARK_FATTY_ACID_METABOLISM,MM,Mus musculus
HALLMARK_FATTY_ACID_METABOLISM,Sdhc,https://www.gsea-msigdb.org/gsea/msigdb/mouse/geneset/HALLMARK_FATTY_ACID_METABOLISM,MM,Mus musculus
HALLMARK_FATTY_ACID_METABOLISM,Sdhd,https://www.gsea-msigdb.org/gsea/msigdb/mouse/geneset/HALLMARK_FATTY_ACID_METABOLISM,MM,Mus musculus
HALLMARK_FATTY_ACID_METABOLISM,Serinc1,https://www.gsea-msigdb.org/gsea/msigdb/mouse/geneset/HALLMARK_FATTY_ACID_METABOLISM,MM,Mus musculus
HALLMARK_FATTY_ACID_METABOLISM,Slc22a5,https://www.gsea-msigdb.org/gsea/msigdb/mouse/geneset/HALLMARK_FATTY_ACID_METABOLISM,MM,Mus musculus
HALLMARK_FATTY_ACID_METABOLISM,Sms-ps,https://www.gsea-msigdb.org/gsea/msigdb/mouse/geneset/HALLMARK_FATTY_ACID_METABOLISM,MM,Mus musculus
HALLMARK_FATTY_ACID_METABOLISM,Sucla2,https://www.gsea-msigdb.org/gsea/msigdb/mouse/geneset/HALLMARK_FATTY_ACID_METABOLISM,MM,Mus musculus
HALLMARK_FATTY_ACID_METABOLISM,Suclg1,https://www.gsea-msigdb.org/gsea/msigdb/mouse/geneset/HALLMARK_FATTY_ACID_METABOLISM,MM,Mus musculus
HALLMARK_FATTY_ACID_METABOLISM,Suclg2,https://www.gsea-msigdb.org/gsea/msigdb/mouse/geneset/HALLMARK_FATTY_ACID_METABOLISM,MM,Mus musculus
HALLMARK_FATTY_ACID_METABOLISM,Tdo2,https://www.gsea-msigdb.org/gsea/msigdb/mouse/geneset/HALLMARK_FATTY_ACID_METABOLISM,MM,Mus musculus
HALLMARK_FATTY_ACID_METABOLISM,Trp53inp2,https://www.gsea-msigdb.org/gsea/msigdb/mouse/geneset/HALLMARK_FATTY_ACID_METABOLISM,MM,Mus musculus
HALLMARK_FATTY_ACID_METABOLISM,Ube2l6,https://www.gsea-msigdb.org/gsea/msigdb/mouse/geneset/HALLMARK_FATTY_ACID_METABOLISM,MM,Mus musculus
HALLMARK_FATTY_ACID_METABOLISM,Ugdh,https://www.gsea-msigdb.org/gsea/msigdb/mouse/geneset/HALLMARK_FATTY_ACID_METABOLISM,MM,Mus musculus
HALLMARK_FATTY_ACID_METABOLISM,Urod,https://www.gsea-msigdb.org/gsea/msigdb/mouse/geneset/HALLMARK_FATTY_ACID_METABOLISM,MM,Mus musculus
HALLMARK_FATTY_ACID_METABOLISM,Uros,https://www.gsea-msigdb.org/gsea/msigdb/mouse/geneset/HALLMARK_FATTY_ACID_METABOLISM,MM,Mus musculus
HALLMARK_FATTY_ACID_METABOLISM,Vnn1,https://www.gsea-msigdb.org/gsea/msigdb/mouse/geneset/HALLMARK_FATTY_ACID_METABOLISM,MM,Mus musculus
HALLMARK_FATTY_ACID_METABOLISM,Xist,https://www.gsea-msigdb.org/gsea/msigdb/mouse/geneset/HALLMARK_FATTY_ACID_METABOLISM,MM,Mus musculus
HALLMARK_FATTY_ACID_METABOLISM,Ywhah,https://www.gsea-msigdb.org/gsea/msigdb/mouse/geneset/HALLMARK_FATTY_ACID_METABOLISM,MM,Mus musculus
HALLMARK_G2M_CHECKPOINT,Abl1,https://www.gsea-msigdb.org/gsea/msigdb/mouse/geneset/HALLMARK_G2M_CHECKPOINT,MM,Mus musculus
HALLMARK_G2M_CHECKPOINT,Amd1,https://www.gsea-msigdb.org/gsea/msigdb/mouse/geneset/HALLMARK_G2M_CHECKPOINT,MM,Mus musculus
HALLMARK_G2M_CHECKPOINT,Arid4a,https://www.gsea-msigdb.org/gsea/msigdb/mouse/geneset/HALLMARK_G2M_CHECKPOINT,MM,Mus musculus
HALLMARK_G2M_CHECKPOINT,Atf5,https://www.gsea-msigdb.org/gsea/msigdb/mouse/geneset/HALLMARK_G2M_CHECKPOINT,MM,Mus musculus
HALLMARK_G2M_CHECKPOINT,Atrx,https://www.gsea-msigdb.org/gsea/msigdb/mouse/geneset/HALLMARK_G2M_CHECKPOINT,MM,Mus musculus
HALLMARK_G2M_CHECKPOINT,Aurka,https://www.gsea-msigdb.org/gsea/msigdb/mouse/geneset/HALLMARK_G2M_CHECKPOINT,MM,Mus musculus
HALLMARK_G2M_CHECKPOINT,Aurkb,https://www.gsea-msigdb.org/gsea/msigdb/mouse/geneset/HALLMARK_G2M_CHECKPOINT,MM,Mus musculus
HALLMARK_G2M_CHECKPOINT,Bard1,https://www.gsea-msigdb.org/gsea/msigdb/mouse/geneset/HALLMARK_G2M_CHECKPOINT,MM,Mus musculus
HALLMARK_G2M_CHECKPOINT,Bcl3,https://www.gsea-msigdb.org/gsea/msigdb/mouse/geneset/HALLMARK_G2M_CHECKPOINT,MM,Mus musculus
HALLMARK_G2M_CHECKPOINT,Birc5,https://www.gsea-msigdb.org/gsea/msigdb/mouse/geneset/HALLMARK_G2M_CHECKPOINT,MM,Mus musculus
HALLMARK_G2M_CHECKPOINT,Brca2,https://www.gsea-msigdb.org/gsea/msigdb/mouse/geneset/HALLMARK_G2M_CHECKPOINT,MM,Mus musculus
HALLMARK_G2M_CHECKPOINT,Bub1,https://www.gsea-msigdb.org/gsea/msigdb/mouse/geneset/HALLMARK_G2M_CHECKPOINT,MM,Mus musculus
HALLMARK_G2M_CHECKPOINT,Bub3,https://www.gsea-msigdb.org/gsea/msigdb/mouse/geneset/HALLMARK_G2M_CHECKPOINT,MM,Mus musculus
HALLMARK_G2M_CHECKPOINT,Casp8ap2,https://www.gsea-msigdb.org/gsea/msigdb/mouse/geneset/HALLMARK_G2M_CHECKPOINT,MM,Mus musculus
HALLMARK_G2M_CHECKPOINT,Cbx1,https://www.gsea-msigdb.org/gsea/msigdb/mouse/geneset/HALLMARK_G2M_CHECKPOINT,MM,Mus musculus
HALLMARK_G2M_CHECKPOINT,Ccna2,https://www.gsea-msigdb.org/gsea/msigdb/mouse/geneset/HALLMARK_G2M_CHECKPOINT,MM,Mus musculus
HALLMARK_G2M_CHECKPOINT,Ccnb2,https://www.gsea-msigdb.org/gsea/msigdb/mouse/geneset/HALLMARK_G2M_CHECKPOINT,MM,Mus musculus
HALLMARK_G2M_CHECKPOINT,Ccnd1,https://www.gsea-msigdb.org/gsea/msigdb/mouse/geneset/HALLMARK_G2M_CHECKPOINT,MM,Mus musculus
HALLMARK_G2M_CHECKPOINT,Ccnf,https://www.gsea-msigdb.org/gsea/msigdb/mouse/geneset/HALLMARK_G2M_CHECKPOINT,MM,Mus musculus
HALLMARK_G2M_CHECKPOINT,Ccnt1,https://www.gsea-msigdb.org/gsea/msigdb/mouse/geneset/HALLMARK_G2M_CHECKPOINT,MM,Mus musculus
HALLMARK_G2M_CHECKPOINT,Cdc20,https://www.gsea-msigdb.org/gsea/msigdb/mouse/geneset/HALLMARK_G2M_CHECKPOINT,MM,Mus musculus
HALLMARK_G2M_CHECKPOINT,Cdc25a,https://www.gsea-msigdb.org/gsea/msigdb/mouse/geneset/HALLMARK_G2M_CHECKPOINT,MM,Mus musculus
HALLMARK_G2M_CHECKPOINT,Cdc25b,https://www.gsea-msigdb.org/gsea/msigdb/mouse/geneset/HALLMARK_G2M_CHECKPOINT,MM,Mus musculus
HALLMARK_G2M_CHECKPOINT,Cdc27,https://www.gsea-msigdb.org/gsea/msigdb/mouse/geneset/HALLMARK_G2M_CHECKPOINT,MM,Mus musculus
HALLMARK_G2M_CHECKPOINT,Cdc45,https://www.gsea-msigdb.org/gsea/msigdb/mouse/geneset/HALLMARK_G2M_CHECKPOINT,MM,Mus musculus
HALLMARK_G2M_CHECKPOINT,Cdc6,https://www.gsea-msigdb.org/gsea/msigdb/mouse/geneset/HALLMARK_G2M_CHECKPOINT,MM,Mus musculus
HALLMARK_G2M_CHECKPOINT,Cdc7,https://www.gsea-msigdb.org/gsea/msigdb/mouse/geneset/HALLMARK_G2M_CHECKPOINT,MM,Mus musculus
HALLMARK_G2M_CHECKPOINT,Cdk1,https://www.gsea-msigdb.org/gsea/msigdb/mouse/geneset/HALLMARK_G2M_CHECKPOINT,MM,Mus musculus
HALLMARK_G2M_CHECKPOINT,Cdk4,https://www.gsea-msigdb.org/gsea/msigdb/mouse/geneset/HALLMARK_G2M_CHECKPOINT,MM,Mus musculus
HALLMARK_G2M_CHECKPOINT,Cdkn1b,https://www.gsea-msigdb.org/gsea/msigdb/mouse/geneset/HALLMARK_G2M_CHECKPOINT,MM,Mus musculus
HALLMARK_G2M_CHECKPOINT,Cdkn2c,https://www.gsea-msigdb.org/gsea/msigdb/mouse/geneset/HALLMARK_G2M_CHECKPOINT,MM,Mus musculus
HALLMARK_G2M_CHECKPOINT,Cdkn3,https://www.gsea-msigdb.org/gsea/msigdb/mouse/geneset/HALLMARK_G2M_CHECKPOINT,MM,Mus musculus
HALLMARK_G2M_CHECKPOINT,Cenpa,https://www.gsea-msigdb.org/gsea/msigdb/mouse/geneset/HALLMARK_G2M_CHECKPOINT,MM,Mus musculus
HALLMARK_G2M_CHECKPOINT,Cenpe,https://www.gsea-msigdb.org/gsea/msigdb/mouse/geneset/HALLMARK_G2M_CHECKPOINT,MM,Mus musculus
HALLMARK_G2M_CHECKPOINT,Cenpf,https://www.gsea-msigdb.org/gsea/msigdb/mouse/geneset/HALLMARK_G2M_CHECKPOINT,MM,Mus musculus
HALLMARK_G2M_CHECKPOINT,Chaf1a,https://www.gsea-msigdb.org/gsea/msigdb/mouse/geneset/HALLMARK_G2M_CHECKPOINT,MM,Mus musculus
HALLMARK_G2M_CHECKPOINT,Chek1,https://www.gsea-msigdb.org/gsea/msigdb/mouse/geneset/HALLMARK_G2M_CHECKPOINT,MM,Mus musculus
HALLMARK_G2M_CHECKPOINT,Chmp1a,https://www.gsea-msigdb.org/gsea/msigdb/mouse/geneset/HALLMARK_G2M_CHECKPOINT,MM,Mus musculus
HALLMARK_G2M_CHECKPOINT,Cks1b,https://www.gsea-msigdb.org/gsea/msigdb/mouse/geneset/HALLMARK_G2M_CHECKPOINT,MM,Mus musculus
HALLMARK_G2M_CHECKPOINT,Cks2,https://www.gsea-msigdb.org/gsea/msigdb/mouse/geneset/HALLMARK_G2M_CHECKPOINT,MM,Mus musculus
HALLMARK_G2M_CHECKPOINT,Ctcf,https://www.gsea-msigdb.org/gsea/msigdb/mouse/geneset/HALLMARK_G2M_CHECKPOINT,MM,Mus musculus
HALLMARK_G2M_CHECKPOINT,Cul1,https://www.gsea-msigdb.org/gsea/msigdb/mouse/geneset/HALLMARK_G2M_CHECKPOINT,MM,Mus musculus
HALLMARK_G2M_CHECKPOINT,Cul3,https://www.gsea-msigdb.org/gsea/msigdb/mouse/geneset/HALLMARK_G2M_CHECKPOINT,MM,Mus musculus
HALLMARK_G2M_CHECKPOINT,Cul4a,https://www.gsea-msigdb.org/gsea/msigdb/mouse/geneset/HALLMARK_G2M_CHECKPOINT,MM,Mus musculus
HALLMARK_G2M_CHECKPOINT,Cul5,https://www.gsea-msigdb.org/gsea/msigdb/mouse/geneset/HALLMARK_G2M_CHECKPOINT,MM,Mus musculus
HALLMARK_G2M_CHECKPOINT,Dbf4,https://www.gsea-msigdb.org/gsea/msigdb/mouse/geneset/HALLMARK_G2M_CHECKPOINT,MM,Mus musculus
HALLMARK_G2M_CHECKPOINT,Ddx39a,https://www.gsea-msigdb.org/gsea/msigdb/mouse/geneset/HALLMARK_G2M_CHECKPOINT,MM,Mus musculus
HALLMARK_G2M_CHECKPOINT,Dkc1,https://www.gsea-msigdb.org/gsea/msigdb/mouse/geneset/HALLMARK_G2M_CHECKPOINT,MM,Mus musculus
HALLMARK_G2M_CHECKPOINT,Dmd,https://www.gsea-msigdb.org/gsea/msigdb/mouse/geneset/HALLMARK_G2M_CHECKPOINT,MM,Mus musculus
HALLMARK_G2M_CHECKPOINT,Dr1,https://www.gsea-msigdb.org/gsea/msigdb/mouse/geneset/HALLMARK_G2M_CHECKPOINT,MM,Mus musculus
HALLMARK_G2M_CHECKPOINT,Dtymk,https://www.gsea-msigdb.org/gsea/msigdb/mouse/geneset/HALLMARK_G2M_CHECKPOINT,MM,Mus musculus
HALLMARK_G2M_CHECKPOINT,E2f1,https://www.gsea-msigdb.org/gsea/msigdb/mouse/geneset/HALLMARK_G2M_CHECKPOINT,MM,Mus musculus
HALLMARK_G2M_CHECKPOINT,E2f2,https://www.gsea-msigdb.org/gsea/msigdb/mouse/geneset/HALLMARK_G2M_CHECKPOINT,MM,Mus musculus
HALLMARK_G2M_CHECKPOINT,E2f3,https://www.gsea-msigdb.org/gsea/msigdb/mouse/geneset/HALLMARK_G2M_CHECKPOINT,MM,Mus musculus
HALLMARK_G2M_CHECKPOINT,E2f4,https://www.gsea-msigdb.org/gsea/msigdb/mouse/geneset/HALLMARK_G2M_CHECKPOINT,MM,Mus musculus
HALLMARK_G2M_CHECKPOINT,Efna5,https://www.gsea-msigdb.org/gsea/msigdb/mouse/geneset/HALLMARK_G2M_CHECKPOINT,MM,Mus musculus
HALLMARK_G2M_CHECKPOINT,Egf,https://www.gsea-msigdb.org/gsea/msigdb/mouse/geneset/HALLMARK_G2M_CHECKPOINT,MM,Mus musculus
HALLMARK_G2M_CHECKPOINT,Espl1,https://www.gsea-msigdb.org/gsea/msigdb/mouse/geneset/HALLMARK_G2M_CHECKPOINT,MM,Mus musculus
HALLMARK_G2M_CHECKPOINT,Ewsr1,https://www.gsea-msigdb.org/gsea/msigdb/mouse/geneset/HALLMARK_G2M_CHECKPOINT,MM,Mus musculus
HALLMARK_G2M_CHECKPOINT,Exo1,https://www.gsea-msigdb.org/gsea/msigdb/mouse/geneset/HALLMARK_G2M_CHECKPOINT,MM,Mus musculus
HALLMARK_G2M_CHECKPOINT,Ezh2,https://www.gsea-msigdb.org/gsea/msigdb/mouse/geneset/HALLMARK_G2M_CHECKPOINT,MM,Mus musculus
HALLMARK_G2M_CHECKPOINT,Fancc,https://www.gsea-msigdb.org/gsea/msigdb/mouse/geneset/HALLMARK_G2M_CHECKPOINT,MM,Mus musculus
HALLMARK_G2M_CHECKPOINT,Fbxo5,https://www.gsea-msigdb.org/gsea/msigdb/mouse/geneset/HALLMARK_G2M_CHECKPOINT,MM,Mus musculus
HALLMARK_G2M_CHECKPOINT,Foxn3,https://www.gsea-msigdb.org/gsea/msigdb/mouse/geneset/HALLMARK_G2M_CHECKPOINT,MM,Mus musculus
HALLMARK_G2M_CHECKPOINT,G3bp1,https://www.gsea-msigdb.org/gsea/msigdb/mouse/geneset/HALLMARK_G2M_CHECKPOINT,MM,Mus musculus
HALLMARK_G2M_CHECKPOINT,Gins2,https://www.gsea-msigdb.org/gsea/msigdb/mouse/geneset/HALLMARK_G2M_CHECKPOINT,MM,Mus musculus
HALLMARK_G2M_CHECKPOINT,Gspt1,https://www.gsea-msigdb.org/gsea/msigdb/mouse/geneset/HALLMARK_G2M_CHECKPOINT,MM,Mus musculus
HALLMARK_G2M_CHECKPOINT,H2ax,https://www.gsea-msigdb.org/gsea/msigdb/mouse/geneset/HALLMARK_G2M_CHECKPOINT,MM,Mus musculus
HALLMARK_G2M_CHECKPOINT,H2az1,https://www.gsea-msigdb.org/gsea/msigdb/mouse/geneset/HALLMARK_G2M_CHECKPOINT,MM,Mus musculus
HALLMARK_G2M_CHECKPOINT,H2az2,https://www.gsea-msigdb.org/gsea/msigdb/mouse/geneset/HALLMARK_G2M_CHECKPOINT,MM,Mus musculus
HALLMARK_G2M_CHECKPOINT,H2bc12,https://www.gsea-msigdb.org/gsea/msigdb/mouse/geneset/HALLMARK_G2M_CHECKPOINT,MM,Mus musculus
HALLMARK_G2M_CHECKPOINT,Hif1a,https://www.gsea-msigdb.org/gsea/msigdb/mouse/geneset/HALLMARK_G2M_CHECKPOINT,MM,Mus musculus
HALLMARK_G2M_CHECKPOINT,Hira,https://www.gsea-msigdb.org/gsea/msigdb/mouse/geneset/HALLMARK_G2M_CHECKPOINT,MM,Mus musculus
HALLMARK_G2M_CHECKPOINT,Hmga1b,https://www.gsea-msigdb.org/gsea/msigdb/mouse/geneset/HALLMARK_G2M_CHECKPOINT,MM,Mus musculus
HALLMARK_G2M_CHECKPOINT,Hmgb3,https://www.gsea-msigdb.org/gsea/msigdb/mouse/geneset/HALLMARK_G2M_CHECKPOINT,MM,Mus musculus
HALLMARK_G2M_CHECKPOINT,Hmmr,https://www.gsea-msigdb.org/gsea/msigdb/mouse/geneset/HALLMARK_G2M_CHECKPOINT,MM,Mus musculus
HALLMARK_G2M_CHECKPOINT,Hnrnpd,https://www.gsea-msigdb.org/gsea/msigdb/mouse/geneset/HALLMARK_G2M_CHECKPOINT,MM,Mus musculus
HALLMARK_G2M_CHECKPOINT,Hnrnpu,https://www.gsea-msigdb.org/gsea/msigdb/mouse/geneset/HALLMARK_G2M_CHECKPOINT,MM,Mus musculus
HALLMARK_G2M_CHECKPOINT,Hoxc10,https://www.gsea-msigdb.org/gsea/msigdb/mouse/geneset/HALLMARK_G2M_CHECKPOINT,MM,Mus musculus
HALLMARK_G2M_CHECKPOINT,Hspa8,https://www.gsea-msigdb.org/gsea/msigdb/mouse/geneset/HALLMARK_G2M_CHECKPOINT,MM,Mus musculus
HALLMARK_G2M_CHECKPOINT,Hus1,https://www.gsea-msigdb.org/gsea/msigdb/mouse/geneset/HALLMARK_G2M_CHECKPOINT,MM,Mus musculus
HALLMARK_G2M_CHECKPOINT,Ilf3,https://www.gsea-msigdb.org/gsea/msigdb/mouse/geneset/HALLMARK_G2M_CHECKPOINT,MM,Mus musculus
HALLMARK_G2M_CHECKPOINT,Incenp,https://www.gsea-msigdb.org/gsea/msigdb/mouse/geneset/HALLMARK_G2M_CHECKPOINT,MM,Mus musculus
HALLMARK_G2M_CHECKPOINT,Jpt1,https://www.gsea-msigdb.org/gsea/msigdb/mouse/geneset/HALLMARK_G2M_CHECKPOINT,MM,Mus musculus
HALLMARK_G2M_CHECKPOINT,Katna1,https://www.gsea-msigdb.org/gsea/msigdb/mouse/geneset/HALLMARK_G2M_CHECKPOINT,MM,Mus musculus
HALLMARK_G2M_CHECKPOINT,Kif11,https://www.gsea-msigdb.org/gsea/msigdb/mouse/geneset/HALLMARK_G2M_CHECKPOINT,MM,Mus musculus
HALLMARK_G2M_CHECKPOINT,Kif15,https://www.gsea-msigdb.org/gsea/msigdb/mouse/geneset/HALLMARK_G2M_CHECKPOINT,MM,Mus musculus
HALLMARK_G2M_CHECKPOINT,Kif20b,https://www.gsea-msigdb.org/gsea/msigdb/mouse/geneset/HALLMARK_G2M_CHECKPOINT,MM,Mus musculus
HALLMARK_G2M_CHECKPOINT,Kif22,https://www.gsea-msigdb.org/gsea/msigdb/mouse/geneset/HALLMARK_G2M_CHECKPOINT,MM,Mus musculus
HALLMARK_G2M_CHECKPOINT,Kif23,https://www.gsea-msigdb.org/gsea/msigdb/mouse/geneset/HALLMARK_G2M_CHECKPOINT,MM,Mus musculus
HALLMARK_G2M_CHECKPOINT,Kif2c,https://www.gsea-msigdb.org/gsea/msigdb/mouse/geneset/HALLMARK_G2M_CHECKPOINT,MM,Mus musculus
HALLMARK_G2M_CHECKPOINT,Kif4,https://www.gsea-msigdb.org/gsea/msigdb/mouse/geneset/HALLMARK_G2M_CHECKPOINT,MM,Mus musculus
HALLMARK_G2M_CHECKPOINT,Kif5b,https://www.gsea-msigdb.org/gsea/msigdb/mouse/geneset/HALLMARK_G2M_CHECKPOINT,MM,Mus musculus
HALLMARK_G2M_CHECKPOINT,Kmt5a,https://www.gsea-msigdb.org/gsea/msigdb/mouse/geneset/HALLMARK_G2M_CHECKPOINT,MM,Mus musculus
HALLMARK_G2M_CHECKPOINT,Knl1,https://www.gsea-msigdb.org/gsea/msigdb/mouse/geneset/HALLMARK_G2M_CHECKPOINT,MM,Mus musculus
HALLMARK_G2M_CHECKPOINT,Kpnb1,https://www.gsea-msigdb.org/gsea/msigdb/mouse/geneset/HALLMARK_G2M_CHECKPOINT,MM,Mus musculus
HALLMARK_G2M_CHECKPOINT,Lbr,https://www.gsea-msigdb.org/gsea/msigdb/mouse/geneset/HALLMARK_G2M_CHECKPOINT,MM,Mus musculus
HALLMARK_G2M_CHECKPOINT,Lig3,https://www.gsea-msigdb.org/gsea/msigdb/mouse/geneset/HALLMARK_G2M_CHECKPOINT,MM,Mus musculus
HALLMARK_G2M_CHECKPOINT,Lmnb1,https://www.gsea-msigdb.org/gsea/msigdb/mouse/geneset/HALLMARK_G2M_CHECKPOINT,MM,Mus musculus
HALLMARK_G2M_CHECKPOINT,Mad2l1,https://www.gsea-msigdb.org/gsea/msigdb/mouse/geneset/HALLMARK_G2M_CHECKPOINT,MM,Mus musculus
HALLMARK_G2M_CHECKPOINT,Map3k20,https://www.gsea-msigdb.org/gsea/msigdb/mouse/geneset/HALLMARK_G2M_CHECKPOINT,MM,Mus musculus
HALLMARK_G2M_CHECKPOINT,Mapk14,https://www.gsea-msigdb.org/gsea/msigdb/mouse/geneset/HALLMARK_G2M_CHECKPOINT,MM,Mus musculus
HALLMARK_G2M_CHECKPOINT,Marcks,https://www.gsea-msigdb.org/gsea/msigdb/mouse/geneset/HALLMARK_G2M_CHECKPOINT,MM,Mus musculus
HALLMARK_G2M_CHECKPOINT,Mcm2,https://www.gsea-msigdb.org/gsea/msigdb/mouse/geneset/HALLMARK_G2M_CHECKPOINT,MM,Mus musculus
HALLMARK_G2M_CHECKPOINT,Mcm3,https://www.gsea-msigdb.org/gsea/msigdb/mouse/geneset/HALLMARK_G2M_CHECKPOINT,MM,Mus musculus
HALLMARK_G2M_CHECKPOINT,Mcm5,https://www.gsea-msigdb.org/gsea/msigdb/mouse/geneset/HALLMARK_G2M_CHECKPOINT,MM,Mus musculus
HALLMARK_G2M_CHECKPOINT,Mcm6,https://www.gsea-msigdb.org/gsea/msigdb/mouse/geneset/HALLMARK_G2M_CHECKPOINT,MM,Mus musculus
HALLMARK_G2M_CHECKPOINT,Meis1,https://www.gsea-msigdb.org/gsea/msigdb/mouse/geneset/HALLMARK_G2M_CHECKPOINT,MM,Mus musculus
HALLMARK_G2M_CHECKPOINT,Meis2,https://www.gsea-msigdb.org/gsea/msigdb/mouse/geneset/HALLMARK_G2M_CHECKPOINT,MM,Mus musculus
HALLMARK_G2M_CHECKPOINT,Mki67,https://www.gsea-msigdb.org/gsea/msigdb/mouse/geneset/HALLMARK_G2M_CHECKPOINT,MM,Mus musculus
HALLMARK_G2M_CHECKPOINT,Mnat1,https://www.gsea-msigdb.org/gsea/msigdb/mouse/geneset/HALLMARK_G2M_CHECKPOINT,MM,Mus musculus
HALLMARK_G2M_CHECKPOINT,Mtf2,https://www.gsea-msigdb.org/gsea/msigdb/mouse/geneset/HALLMARK_G2M_CHECKPOINT,MM,Mus musculus
HALLMARK_G2M_CHECKPOINT,Mybl2,https://www.gsea-msigdb.org/gsea/msigdb/mouse/geneset/HALLMARK_G2M_CHECKPOINT,MM,Mus musculus
HALLMARK_G2M_CHECKPOINT,Myc,https://www.gsea-msigdb.org/gsea/msigdb/mouse/geneset/HALLMARK_G2M_CHECKPOINT,MM,Mus musculus
HALLMARK_G2M_CHECKPOINT,Nasp,https://www.gsea-msigdb.org/gsea/msigdb/mouse/geneset/HALLMARK_G2M_CHECKPOINT,MM,Mus musculus
HALLMARK_G2M_CHECKPOINT,Ncl,https://www.gsea-msigdb.org/gsea/msigdb/mouse/geneset/HALLMARK_G2M_CHECKPOINT,MM,Mus musculus
HALLMARK_G2M_CHECKPOINT,Ndc80,https://www.gsea-msigdb.org/gsea/msigdb/mouse/geneset/HALLMARK_G2M_CHECKPOINT,MM,Mus musculus
HALLMARK_G2M_CHECKPOINT,Nek2,https://www.gsea-msigdb.org/gsea/msigdb/mouse/geneset/HALLMARK_G2M_CHECKPOINT,MM,Mus musculus
HALLMARK_G2M_CHECKPOINT,Nolc1,https://www.gsea-msigdb.org/gsea/msigdb/mouse/geneset/HALLMARK_G2M_CHECKPOINT,MM,Mus musculus
HALLMARK_G2M_CHECKPOINT,Notch2,https://www.gsea-msigdb.org/gsea/msigdb/mouse/geneset/HALLMARK_G2M_CHECKPOINT,MM,Mus musculus
HALLMARK_G2M_CHECKPOINT,Nsd2,https://www.gsea-msigdb.org/gsea/msigdb/mouse/geneset/HALLMARK_G2M_CHECKPOINT,MM,Mus musculus
HALLMARK_G2M_CHECKPOINT,Numa1,https://www.gsea-msigdb.org/gsea/msigdb/mouse/geneset/HALLMARK_G2M_CHECKPOINT,MM,Mus musculus
HALLMARK_G2M_CHECKPOINT,Nup50,https://www.gsea-msigdb.org/gsea/msigdb/mouse/geneset/HALLMARK_G2M_CHECKPOINT,MM,Mus musculus
HALLMARK_G2M_CHECKPOINT,Nup98,https://www.gsea-msigdb.org/gsea/msigdb/mouse/geneset/HALLMARK_G2M_CHECKPOINT,MM,Mus musculus
HALLMARK_G2M_CHECKPOINT,Nusap1,https://www.gsea-msigdb.org/gsea/msigdb/mouse/geneset/HALLMARK_G2M_CHECKPOINT,MM,Mus musculus
HALLMARK_G2M_CHECKPOINT,Odc1,https://www.gsea-msigdb.org/gsea/msigdb/mouse/geneset/HALLMARK_G2M_CHECKPOINT,MM,Mus musculus
HALLMARK_G2M_CHECKPOINT,Odf2,https://www.gsea-msigdb.org/gsea/msigdb/mouse/geneset/HALLMARK_G2M_CHECKPOINT,MM,Mus musculus
HALLMARK_G2M_CHECKPOINT,Orc5,https://www.gsea-msigdb.org/gsea/msigdb/mouse/geneset/HALLMARK_G2M_CHECKPOINT,MM,Mus musculus
HALLMARK_G2M_CHECKPOINT,Orc6,https://www.gsea-msigdb.org/gsea/msigdb/mouse/geneset/HALLMARK_G2M_CHECKPOINT,MM,Mus musculus
HALLMARK_G2M_CHECKPOINT,Pafah1b1,https://www.gsea-msigdb.org/gsea/msigdb/mouse/geneset/HALLMARK_G2M_CHECKPOINT,MM,Mus musculus
HALLMARK_G2M_CHECKPOINT,Pbk,https://www.gsea-msigdb.org/gsea/msigdb/mouse/geneset/HALLMARK_G2M_CHECKPOINT,MM,Mus musculus
HALLMARK_G2M_CHECKPOINT,Pds5b,https://www.gsea-msigdb.org/gsea/msigdb/mouse/geneset/HALLMARK_G2M_CHECKPOINT,MM,Mus musculus
HALLMARK_G2M_CHECKPOINT,Plk1,https://www.gsea-msigdb.org/gsea/msigdb/mouse/geneset/HALLMARK_G2M_CHECKPOINT,MM,Mus musculus
HALLMARK_G2M_CHECKPOINT,Plk4,https://www.gsea-msigdb.org/gsea/msigdb/mouse/geneset/HALLMARK_G2M_CHECKPOINT,MM,Mus musculus
HALLMARK_G2M_CHECKPOINT,Pml,https://www.gsea-msigdb.org/gsea/msigdb/mouse/geneset/HALLMARK_G2M_CHECKPOINT,MM,Mus musculus
HALLMARK_G2M_CHECKPOINT,Pola2,https://www.gsea-msigdb.org/gsea/msigdb/mouse/geneset/HALLMARK_G2M_CHECKPOINT,MM,Mus musculus
HALLMARK_G2M_CHECKPOINT,Pole,https://www.gsea-msigdb.org/gsea/msigdb/mouse/geneset/HALLMARK_G2M_CHECKPOINT,MM,Mus musculus
HALLMARK_G2M_CHECKPOINT,Polq,https://www.gsea-msigdb.org/gsea/msigdb/mouse/geneset/HALLMARK_G2M_CHECKPOINT,MM,Mus musculus
HALLMARK_G2M_CHECKPOINT,Prc1,https://www.gsea-msigdb.org/gsea/msigdb/mouse/geneset/HALLMARK_G2M_CHECKPOINT,MM,Mus musculus
HALLMARK_G2M_CHECKPOINT,Prim2,https://www.gsea-msigdb.org/gsea/msigdb/mouse/geneset/HALLMARK_G2M_CHECKPOINT,MM,Mus musculus
HALLMARK_G2M_CHECKPOINT,Prmt5,https://www.gsea-msigdb.org/gsea/msigdb/mouse/geneset/HALLMARK_G2M_CHECKPOINT,MM,Mus musculus
HALLMARK_G2M_CHECKPOINT,Prpf4b,https://www.gsea-msigdb.org/gsea/msigdb/mouse/geneset/HALLMARK_G2M_CHECKPOINT,MM,Mus musculus
HALLMARK_G2M_CHECKPOINT,Pttg1,https://www.gsea-msigdb.org/gsea/msigdb/mouse/geneset/HALLMARK_G2M_CHECKPOINT,MM,Mus musculus
HALLMARK_G2M_CHECKPOINT,Pura,https://www.gsea-msigdb.org/gsea/msigdb/mouse/geneset/HALLMARK_G2M_CHECKPOINT,MM,Mus musculus
HALLMARK_G2M_CHECKPOINT,Racgap1,https://www.gsea-msigdb.org/gsea/msigdb/mouse/geneset/HALLMARK_G2M_CHECKPOINT,MM,Mus musculus
HALLMARK_G2M_CHECKPOINT,Rad21,https://www.gsea-msigdb.org/gsea/msigdb/mouse/geneset/HALLMARK_G2M_CHECKPOINT,MM,Mus musculus
HALLMARK_G2M_CHECKPOINT,Rad23b,https://www.gsea-msigdb.org/gsea/msigdb/mouse/geneset/HALLMARK_G2M_CHECKPOINT,MM,Mus musculus
HALLMARK_G2M_CHECKPOINT,Rad54l,https://www.gsea-msigdb.org/gsea/msigdb/mouse/geneset/HALLMARK_G2M_CHECKPOINT,MM,Mus musculus
HALLMARK_G2M_CHECKPOINT,Rasal2,https://www.gsea-msigdb.org/gsea/msigdb/mouse/geneset/HALLMARK_G2M_CHECKPOINT,MM,Mus musculus
HALLMARK_G2M_CHECKPOINT,Rbl1,https://www.gsea-msigdb.org/gsea/msigdb/mouse/geneset/HALLMARK_G2M_CHECKPOINT,MM,Mus musculus
HALLMARK_G2M_CHECKPOINT,Rpa2,https://www.gsea-msigdb.org/gsea/msigdb/mouse/geneset/HALLMARK_G2M_CHECKPOINT,MM,Mus musculus
HALLMARK_G2M_CHECKPOINT,Rps6ka5,https://www.gsea-msigdb.org/gsea/msigdb/mouse/geneset/HALLMARK_G2M_CHECKPOINT,MM,Mus musculus
HALLMARK_G2M_CHECKPOINT,Sap30,https://www.gsea-msigdb.org/gsea/msigdb/mouse/geneset/HALLMARK_G2M_CHECKPOINT,MM,Mus musculus
HALLMARK_G2M_CHECKPOINT,Sfpq,https://www.gsea-msigdb.org/gsea/msigdb/mouse/geneset/HALLMARK_G2M_CHECKPOINT,MM,Mus musculus
HALLMARK_G2M_CHECKPOINT,Slc12a2,https://www.gsea-msigdb.org/gsea/msigdb/mouse/geneset/HALLMARK_G2M_CHECKPOINT,MM,Mus musculus
HALLMARK_G2M_CHECKPOINT,Slc38a1,https://www.gsea-msigdb.org/gsea/msigdb/mouse/geneset/HALLMARK_G2M_CHECKPOINT,MM,Mus musculus
HALLMARK_G2M_CHECKPOINT,Slc7a1,https://www.gsea-msigdb.org/gsea/msigdb/mouse/geneset/HALLMARK_G2M_CHECKPOINT,MM,Mus musculus
HALLMARK_G2M_CHECKPOINT,Slc7a5,https://www.gsea-msigdb.org/gsea/msigdb/mouse/geneset/HALLMARK_G2M_CHECKPOINT,MM,Mus musculus
HALLMARK_G2M_CHECKPOINT,Smad3,https://www.gsea-msigdb.org/gsea/msigdb/mouse/geneset/HALLMARK_G2M_CHECKPOINT,MM,Mus musculus
HALLMARK_G2M_CHECKPOINT,Smarcc1,https://www.gsea-msigdb.org/gsea/msigdb/mouse/geneset/HALLMARK_G2M_CHECKPOINT,MM,Mus musculus
HALLMARK_G2M_CHECKPOINT,Smc1a,https://www.gsea-msigdb.org/gsea/msigdb/mouse/geneset/HALLMARK_G2M_CHECKPOINT,MM,Mus musculus
HALLMARK_G2M_CHECKPOINT,Smc2,https://www.gsea-msigdb.org/gsea/msigdb/mouse/geneset/HALLMARK_G2M_CHECKPOINT,MM,Mus musculus
HALLMARK_G2M_CHECKPOINT,Smc4,https://www.gsea-msigdb.org/gsea/msigdb/mouse/geneset/HALLMARK_G2M_CHECKPOINT,MM,Mus musculus
HALLMARK_G2M_CHECKPOINT,Snrpd1,https://www.gsea-msigdb.org/gsea/msigdb/mouse/geneset/HALLMARK_G2M_CHECKPOINT,MM,Mus musculus
HALLMARK_G2M_CHECKPOINT,Sqle,https://www.gsea-msigdb.org/gsea/msigdb/mouse/geneset/HALLMARK_G2M_CHECKPOINT,MM,Mus musculus
HALLMARK_G2M_CHECKPOINT,Srsf1,https://www.gsea-msigdb.org/gsea/msigdb/mouse/geneset/HALLMARK_G2M_CHECKPOINT,MM,Mus musculus
HALLMARK_G2M_CHECKPOINT,Srsf10,https://www.gsea-msigdb.org/gsea/msigdb/mouse/geneset/HALLMARK_G2M_CHECKPOINT,MM,Mus musculus
HALLMARK_G2M_CHECKPOINT,Srsf2,https://www.gsea-msigdb.org/gsea/msigdb/mouse/geneset/HALLMARK_G2M_CHECKPOINT,MM,Mus musculus
HALLMARK_G2M_CHECKPOINT,Ss18,https://www.gsea-msigdb.org/gsea/msigdb/mouse/geneset/HALLMARK_G2M_CHECKPOINT,MM,Mus musculus
HALLMARK_G2M_CHECKPOINT,Stag1,https://www.gsea-msigdb.org/gsea/msigdb/mouse/geneset/HALLMARK_G2M_CHECKPOINT,MM,Mus musculus
HALLMARK_G2M_CHECKPOINT,Stil,https://www.gsea-msigdb.org/gsea/msigdb/mouse/geneset/HALLMARK_G2M_CHECKPOINT,MM,Mus musculus
HALLMARK_G2M_CHECKPOINT,Stmn1,https://www.gsea-msigdb.org/gsea/msigdb/mouse/geneset/HALLMARK_G2M_CHECKPOINT,MM,Mus musculus
HALLMARK_G2M_CHECKPOINT,Suv39h1,https://www.gsea-msigdb.org/gsea/msigdb/mouse/geneset/HALLMARK_G2M_CHECKPOINT,MM,Mus musculus
HALLMARK_G2M_CHECKPOINT,Syncrip,https://www.gsea-msigdb.org/gsea/msigdb/mouse/geneset/HALLMARK_G2M_CHECKPOINT,MM,Mus musculus
HALLMARK_G2M_CHECKPOINT,Tacc3,https://www.gsea-msigdb.org/gsea/msigdb/mouse/geneset/HALLMARK_G2M_CHECKPOINT,MM,Mus musculus
HALLMARK_G2M_CHECKPOINT,Tent4a,https://www.gsea-msigdb.org/gsea/msigdb/mouse/geneset/HALLMARK_G2M_CHECKPOINT,MM,Mus musculus
HALLMARK_G2M_CHECKPOINT,Tfdp1,https://www.gsea-msigdb.org/gsea/msigdb/mouse/geneset/HALLMARK_G2M_CHECKPOINT,MM,Mus musculus
HALLMARK_G2M_CHECKPOINT,Tgfb1,https://www.gsea-msigdb.org/gsea/msigdb/mouse/geneset/HALLMARK_G2M_CHECKPOINT,MM,Mus musculus
HALLMARK_G2M_CHECKPOINT,Tle3,https://www.gsea-msigdb.org/gsea/msigdb/mouse/geneset/HALLMARK_G2M_CHECKPOINT,MM,Mus musculus
HALLMARK_G2M_CHECKPOINT,Tmpo,https://www.gsea-msigdb.org/gsea/msigdb/mouse/geneset/HALLMARK_G2M_CHECKPOINT,MM,Mus musculus
HALLMARK_G2M_CHECKPOINT,Tnpo2,https://www.gsea-msigdb.org/gsea/msigdb/mouse/geneset/HALLMARK_G2M_CHECKPOINT,MM,Mus musculus
HALLMARK_G2M_CHECKPOINT,Top1,https://www.gsea-msigdb.org/gsea/msigdb/mouse/geneset/HALLMARK_G2M_CHECKPOINT,MM,Mus musculus
HALLMARK_G2M_CHECKPOINT,Top2a,https://www.gsea-msigdb.org/gsea/msigdb/mouse/geneset/HALLMARK_G2M_CHECKPOINT,MM,Mus musculus
HALLMARK_G2M_CHECKPOINT,Tpx2,https://www.gsea-msigdb.org/gsea/msigdb/mouse/geneset/HALLMARK_G2M_CHECKPOINT,MM,Mus musculus
HALLMARK_G2M_CHECKPOINT,Tra2b,https://www.gsea-msigdb.org/gsea/msigdb/mouse/geneset/HALLMARK_G2M_CHECKPOINT,MM,Mus musculus
HALLMARK_G2M_CHECKPOINT,Traip,https://www.gsea-msigdb.org/gsea/msigdb/mouse/geneset/HALLMARK_G2M_CHECKPOINT,MM,Mus musculus
HALLMARK_G2M_CHECKPOINT,Troap,https://www.gsea-msigdb.org/gsea/msigdb/mouse/geneset/HALLMARK_G2M_CHECKPOINT,MM,Mus musculus
HALLMARK_G2M_CHECKPOINT,Ttk,https://www.gsea-msigdb.org/gsea/msigdb/mouse/geneset/HALLMARK_G2M_CHECKPOINT,MM,Mus musculus
HALLMARK_G2M_CHECKPOINT,Ube2c,https://www.gsea-msigdb.org/gsea/msigdb/mouse/geneset/HALLMARK_G2M_CHECKPOINT,MM,Mus musculus
HALLMARK_G2M_CHECKPOINT,Ube2s,https://www.gsea-msigdb.org/gsea/msigdb/mouse/geneset/HALLMARK_G2M_CHECKPOINT,MM,Mus musculus
HALLMARK_G2M_CHECKPOINT,Uck2,https://www.gsea-msigdb.org/gsea/msigdb/mouse/geneset/HALLMARK_G2M_CHECKPOINT,MM,Mus musculus
HALLMARK_G2M_CHECKPOINT,Upf1,https://www.gsea-msigdb.org/gsea/msigdb/mouse/geneset/HALLMARK_G2M_CHECKPOINT,MM,Mus musculus
HALLMARK_G2M_CHECKPOINT,Wrn,https://www.gsea-msigdb.org/gsea/msigdb/mouse/geneset/HALLMARK_G2M_CHECKPOINT,MM,Mus musculus
HALLMARK_G2M_CHECKPOINT,Xpo1,https://www.gsea-msigdb.org/gsea/msigdb/mouse/geneset/HALLMARK_G2M_CHECKPOINT,MM,Mus musculus
HALLMARK_G2M_CHECKPOINT,Ythdc1,https://www.gsea-msigdb.org/gsea/msigdb/mouse/geneset/HALLMARK_G2M_CHECKPOINT,MM,Mus musculus
HALLMARK_GLYCOLYSIS,Abcb6,https://www.gsea-msigdb.org/gsea/msigdb/mouse/geneset/HALLMARK_GLYCOLYSIS,MM,Mus musculus
HALLMARK_GLYCOLYSIS,Adora2b,https://www.gsea-msigdb.org/gsea/msigdb/mouse/geneset/HALLMARK_GLYCOLYSIS,MM,Mus musculus
HALLMARK_GLYCOLYSIS,Agl,https://www.gsea-msigdb.org/gsea/msigdb/mouse/geneset/HALLMARK_GLYCOLYSIS,MM,Mus musculus
HALLMARK_GLYCOLYSIS,Agrn,https://www.gsea-msigdb.org/gsea/msigdb/mouse/geneset/HALLMARK_GLYCOLYSIS,MM,Mus musculus
HALLMARK_GLYCOLYSIS,Ak3,https://www.gsea-msigdb.org/gsea/msigdb/mouse/geneset/HALLMARK_GLYCOLYSIS,MM,Mus musculus
HALLMARK_GLYCOLYSIS,Ak4,https://www.gsea-msigdb.org/gsea/msigdb/mouse/geneset/HALLMARK_GLYCOLYSIS,MM,Mus musculus
HALLMARK_GLYCOLYSIS,Akr1a1,https://www.gsea-msigdb.org/gsea/msigdb/mouse/geneset/HALLMARK_GLYCOLYSIS,MM,Mus musculus
HALLMARK_GLYCOLYSIS,Aldh7a1,https://www.gsea-msigdb.org/gsea/msigdb/mouse/geneset/HALLMARK_GLYCOLYSIS,MM,Mus musculus
HALLMARK_GLYCOLYSIS,Aldh9a1,https://www.gsea-msigdb.org/gsea/msigdb/mouse/geneset/HALLMARK_GLYCOLYSIS,MM,Mus musculus
HALLMARK_GLYCOLYSIS,Aldoa,https://www.gsea-msigdb.org/gsea/msigdb/mouse/geneset/HALLMARK_GLYCOLYSIS,MM,Mus musculus
HALLMARK_GLYCOLYSIS,Aldob,https://www.gsea-msigdb.org/gsea/msigdb/mouse/geneset/HALLMARK_GLYCOLYSIS,MM,Mus musculus
HALLMARK_GLYCOLYSIS,Alg1,https://www.gsea-msigdb.org/gsea/msigdb/mouse/geneset/HALLMARK_GLYCOLYSIS,MM,Mus musculus
HALLMARK_GLYCOLYSIS,Ang,https://www.gsea-msigdb.org/gsea/msigdb/mouse/geneset/HALLMARK_GLYCOLYSIS,MM,Mus musculus
HALLMARK_GLYCOLYSIS,Angptl4,https://www.gsea-msigdb.org/gsea/msigdb/mouse/geneset/HALLMARK_GLYCOLYSIS,MM,Mus musculus
HALLMARK_GLYCOLYSIS,Ankzf1,https://www.gsea-msigdb.org/gsea/msigdb/mouse/geneset/HALLMARK_GLYCOLYSIS,MM,Mus musculus
HALLMARK_GLYCOLYSIS,Arpp19,https://www.gsea-msigdb.org/gsea/msigdb/mouse/geneset/HALLMARK_GLYCOLYSIS,MM,Mus musculus
HALLMARK_GLYCOLYSIS,Artn,https://www.gsea-msigdb.org/gsea/msigdb/mouse/geneset/HALLMARK_GLYCOLYSIS,MM,Mus musculus
HALLMARK_GLYCOLYSIS,Aurka,https://www.gsea-msigdb.org/gsea/msigdb/mouse/geneset/HALLMARK_GLYCOLYSIS,MM,Mus musculus
HALLMARK_GLYCOLYSIS,B3galt6,https://www.gsea-msigdb.org/gsea/msigdb/mouse/geneset/HALLMARK_GLYCOLYSIS,MM,Mus musculus
HALLMARK_GLYCOLYSIS,B3gat1,https://www.gsea-msigdb.org/gsea/msigdb/mouse/geneset/HALLMARK_GLYCOLYSIS,MM,Mus musculus
HALLMARK_GLYCOLYSIS,B3gat3,https://www.gsea-msigdb.org/gsea/msigdb/mouse/geneset/HALLMARK_GLYCOLYSIS,MM,Mus musculus
HALLMARK_GLYCOLYSIS,B3gnt3,https://www.gsea-msigdb.org/gsea/msigdb/mouse/geneset/HALLMARK_GLYCOLYSIS,MM,Mus musculus
HALLMARK_GLYCOLYSIS,B4galt1,https://www.gsea-msigdb.org/gsea/msigdb/mouse/geneset/HALLMARK_GLYCOLYSIS,MM,Mus musculus
HALLMARK_GLYCOLYSIS,B4galt2,https://www.gsea-msigdb.org/gsea/msigdb/mouse/geneset/HALLMARK_GLYCOLYSIS,MM,Mus musculus
HALLMARK_GLYCOLYSIS,B4galt4,https://www.gsea-msigdb.org/gsea/msigdb/mouse/geneset/HALLMARK_GLYCOLYSIS,MM,Mus musculus
HALLMARK_GLYCOLYSIS,B4galt7,https://www.gsea-msigdb.org/gsea/msigdb/mouse/geneset/HALLMARK_GLYCOLYSIS,MM,Mus musculus
HALLMARK_GLYCOLYSIS,Bik,https://www.gsea-msigdb.org/gsea/msigdb/mouse/geneset/HALLMARK_GLYCOLYSIS,MM,Mus musculus
HALLMARK_GLYCOLYSIS,Bpnt1,https://www.gsea-msigdb.org/gsea/msigdb/mouse/geneset/HALLMARK_GLYCOLYSIS,MM,Mus musculus
HALLMARK_GLYCOLYSIS,Cacna1h,https://www.gsea-msigdb.org/gsea/msigdb/mouse/geneset/HALLMARK_GLYCOLYSIS,MM,Mus musculus
HALLMARK_GLYCOLYSIS,Capn5,https://www.gsea-msigdb.org/gsea/msigdb/mouse/geneset/HALLMARK_GLYCOLYSIS,MM,Mus musculus
HALLMARK_GLYCOLYSIS,Casp6,https://www.gsea-msigdb.org/gsea/msigdb/mouse/geneset/HALLMARK_GLYCOLYSIS,MM,Mus musculus
HALLMARK_GLYCOLYSIS,Cd44,https://www.gsea-msigdb.org/gsea/msigdb/mouse/geneset/HALLMARK_GLYCOLYSIS,MM,Mus musculus
HALLMARK_GLYCOLYSIS,Cdk1,https://www.gsea-msigdb.org/gsea/msigdb/mouse/geneset/HALLMARK_GLYCOLYSIS,MM,Mus musculus
HALLMARK_GLYCOLYSIS,Cenpa,https://www.gsea-msigdb.org/gsea/msigdb/mouse/geneset/HALLMARK_GLYCOLYSIS,MM,Mus musculus
HALLMARK_GLYCOLYSIS,Chpf,https://www.gsea-msigdb.org/gsea/msigdb/mouse/geneset/HALLMARK_GLYCOLYSIS,MM,Mus musculus
HALLMARK_GLYCOLYSIS,Chpf2,https://www.gsea-msigdb.org/gsea/msigdb/mouse/geneset/HALLMARK_GLYCOLYSIS,MM,Mus musculus
HALLMARK_GLYCOLYSIS,Chst1,https://www.gsea-msigdb.org/gsea/msigdb/mouse/geneset/HALLMARK_GLYCOLYSIS,MM,Mus musculus
HALLMARK_GLYCOLYSIS,Chst12,https://www.gsea-msigdb.org/gsea/msigdb/mouse/geneset/HALLMARK_GLYCOLYSIS,MM,Mus musculus
HALLMARK_GLYCOLYSIS,Chst2,https://www.gsea-msigdb.org/gsea/msigdb/mouse/geneset/HALLMARK_GLYCOLYSIS,MM,Mus musculus
HALLMARK_GLYCOLYSIS,Chst4,https://www.gsea-msigdb.org/gsea/msigdb/mouse/geneset/HALLMARK_GLYCOLYSIS,MM,Mus musculus
HALLMARK_GLYCOLYSIS,Chst5,https://www.gsea-msigdb.org/gsea/msigdb/mouse/geneset/HALLMARK_GLYCOLYSIS,MM,Mus musculus
HALLMARK_GLYCOLYSIS,Cited2,https://www.gsea-msigdb.org/gsea/msigdb/mouse/geneset/HALLMARK_GLYCOLYSIS,MM,Mus musculus
HALLMARK_GLYCOLYSIS,Cldn3,https://www.gsea-msigdb.org/gsea/msigdb/mouse/geneset/HALLMARK_GLYCOLYSIS,MM,Mus musculus
HALLMARK_GLYCOLYSIS,Cldn9,https://www.gsea-msigdb.org/gsea/msigdb/mouse/geneset/HALLMARK_GLYCOLYSIS,MM,Mus musculus
HALLMARK_GLYCOLYSIS,Cln6,https://www.gsea-msigdb.org/gsea/msigdb/mouse/geneset/HALLMARK_GLYCOLYSIS,MM,Mus musculus
HALLMARK_GLYCOLYSIS,Cog2,https://www.gsea-msigdb.org/gsea/msigdb/mouse/geneset/HALLMARK_GLYCOLYSIS,MM,Mus musculus
HALLMARK_GLYCOLYSIS,Col5a1,https://www.gsea-msigdb.org/gsea/msigdb/mouse/geneset/HALLMARK_GLYCOLYSIS,MM,Mus musculus
HALLMARK_GLYCOLYSIS,Copb2,https://www.gsea-msigdb.org/gsea/msigdb/mouse/geneset/HALLMARK_GLYCOLYSIS,MM,Mus musculus
HALLMARK_GLYCOLYSIS,Cth,https://www.gsea-msigdb.org/gsea/msigdb/mouse/geneset/HALLMARK_GLYCOLYSIS,MM,Mus musculus
HALLMARK_GLYCOLYSIS,Cxcr4,https://www.gsea-msigdb.org/gsea/msigdb/mouse/geneset/HALLMARK_GLYCOLYSIS,MM,Mus musculus
HALLMARK_GLYCOLYSIS,Cyb5a,https://www.gsea-msigdb.org/gsea/msigdb/mouse/geneset/HALLMARK_GLYCOLYSIS,MM,Mus musculus
HALLMARK_GLYCOLYSIS,Dcn,https://www.gsea-msigdb.org/gsea/msigdb/mouse/geneset/HALLMARK_GLYCOLYSIS,MM,Mus musculus
HALLMARK_GLYCOLYSIS,Ddit4,https://www.gsea-msigdb.org/gsea/msigdb/mouse/geneset/HALLMARK_GLYCOLYSIS,MM,Mus musculus
HALLMARK_GLYCOLYSIS,Depdc1a,https://www.gsea-msigdb.org/gsea/msigdb/mouse/geneset/HALLMARK_GLYCOLYSIS,MM,Mus musculus
HALLMARK_GLYCOLYSIS,Dld,https://www.gsea-msigdb.org/gsea/msigdb/mouse/geneset/HALLMARK_GLYCOLYSIS,MM,Mus musculus
HALLMARK_GLYCOLYSIS,Dpysl4,https://www.gsea-msigdb.org/gsea/msigdb/mouse/geneset/HALLMARK_GLYCOLYSIS,MM,Mus musculus
HALLMARK_GLYCOLYSIS,Dsc2,https://www.gsea-msigdb.org/gsea/msigdb/mouse/geneset/HALLMARK_GLYCOLYSIS,MM,Mus musculus
HALLMARK_GLYCOLYSIS,Ecd,https://www.gsea-msigdb.org/gsea/msigdb/mouse/geneset/HALLMARK_GLYCOLYSIS,MM,Mus musculus
HALLMARK_GLYCOLYSIS,Efna3,https://www.gsea-msigdb.org/gsea/msigdb/mouse/geneset/HALLMARK_GLYCOLYSIS,MM,Mus musculus
HALLMARK_GLYCOLYSIS,Egfr,https://www.gsea-msigdb.org/gsea/msigdb/mouse/geneset/HALLMARK_GLYCOLYSIS,MM,Mus musculus
HALLMARK_GLYCOLYSIS,Egln3,https://www.gsea-msigdb.org/gsea/msigdb/mouse/geneset/HALLMARK_GLYCOLYSIS,MM,Mus musculus
HALLMARK_GLYCOLYSIS,Elf3,https://www.gsea-msigdb.org/gsea/msigdb/mouse/geneset/HALLMARK_GLYCOLYSIS,MM,Mus musculus
HALLMARK_GLYCOLYSIS,Eno1b,https://www.gsea-msigdb.org/gsea/msigdb/mouse/geneset/HALLMARK_GLYCOLYSIS,MM,Mus musculus
HALLMARK_GLYCOLYSIS,Eno2,https://www.gsea-msigdb.org/gsea/msigdb/mouse/geneset/HALLMARK_GLYCOLYSIS,MM,Mus musculus
HALLMARK_GLYCOLYSIS,Ero1a,https://www.gsea-msigdb.org/gsea/msigdb/mouse/geneset/HALLMARK_GLYCOLYSIS,MM,Mus musculus
HALLMARK_GLYCOLYSIS,Ext1,https://www.gsea-msigdb.org/gsea/msigdb/mouse/geneset/HALLMARK_GLYCOLYSIS,MM,Mus musculus
HALLMARK_GLYCOLYSIS,Ext2,https://www.gsea-msigdb.org/gsea/msigdb/mouse/geneset/HALLMARK_GLYCOLYSIS,MM,Mus musculus
HALLMARK_GLYCOLYSIS,Fam162a,https://www.gsea-msigdb.org/gsea/msigdb/mouse/geneset/HALLMARK_GLYCOLYSIS,MM,Mus musculus
HALLMARK_GLYCOLYSIS,Fbp2,https://www.gsea-msigdb.org/gsea/msigdb/mouse/geneset/HALLMARK_GLYCOLYSIS,MM,Mus musculus
HALLMARK_GLYCOLYSIS,Fkbp4,https://www.gsea-msigdb.org/gsea/msigdb/mouse/geneset/HALLMARK_GLYCOLYSIS,MM,Mus musculus
HALLMARK_GLYCOLYSIS,Fut8,https://www.gsea-msigdb.org/gsea/msigdb/mouse/geneset/HALLMARK_GLYCOLYSIS,MM,Mus musculus
HALLMARK_GLYCOLYSIS,G6pdx,https://www.gsea-msigdb.org/gsea/msigdb/mouse/geneset/HALLMARK_GLYCOLYSIS,MM,Mus musculus
HALLMARK_GLYCOLYSIS,Gal3st1,https://www.gsea-msigdb.org/gsea/msigdb/mouse/geneset/HALLMARK_GLYCOLYSIS,MM,Mus musculus
HALLMARK_GLYCOLYSIS,Gale,https://www.gsea-msigdb.org/gsea/msigdb/mouse/geneset/HALLMARK_GLYCOLYSIS,MM,Mus musculus
HALLMARK_GLYCOLYSIS,Galk1,https://www.gsea-msigdb.org/gsea/msigdb/mouse/geneset/HALLMARK_GLYCOLYSIS,MM,Mus musculus
HALLMARK_GLYCOLYSIS,Galk2,https://www.gsea-msigdb.org/gsea/msigdb/mouse/geneset/HALLMARK_GLYCOLYSIS,MM,Mus musculus
HALLMARK_GLYCOLYSIS,Gapdhs,https://www.gsea-msigdb.org/gsea/msigdb/mouse/geneset/HALLMARK_GLYCOLYSIS,MM,Mus musculus
HALLMARK_GLYCOLYSIS,Gclc,https://www.gsea-msigdb.org/gsea/msigdb/mouse/geneset/HALLMARK_GLYCOLYSIS,MM,Mus musculus
HALLMARK_GLYCOLYSIS,Gfpt1,https://www.gsea-msigdb.org/gsea/msigdb/mouse/geneset/HALLMARK_GLYCOLYSIS,MM,Mus musculus
HALLMARK_GLYCOLYSIS,Gfus,https://www.gsea-msigdb.org/gsea/msigdb/mouse/geneset/HALLMARK_GLYCOLYSIS,MM,Mus musculus
HALLMARK_GLYCOLYSIS,Glce,https://www.gsea-msigdb.org/gsea/msigdb/mouse/geneset/HALLMARK_GLYCOLYSIS,MM,Mus musculus
HALLMARK_GLYCOLYSIS,Glrx,https://www.gsea-msigdb.org/gsea/msigdb/mouse/geneset/HALLMARK_GLYCOLYSIS,MM,Mus musculus
HALLMARK_GLYCOLYSIS,Gmppa,https://www.gsea-msigdb.org/gsea/msigdb/mouse/geneset/HALLMARK_GLYCOLYSIS,MM,Mus musculus
HALLMARK_GLYCOLYSIS,Gmppb,https://www.gsea-msigdb.org/gsea/msigdb/mouse/geneset/HALLMARK_GLYCOLYSIS,MM,Mus musculus
HALLMARK_GLYCOLYSIS,Gne,https://www.gsea-msigdb.org/gsea/msigdb/mouse/geneset/HALLMARK_GLYCOLYSIS,MM,Mus musculus
HALLMARK_GLYCOLYSIS,Gnpda1,https://www.gsea-msigdb.org/gsea/msigdb/mouse/geneset/HALLMARK_GLYCOLYSIS,MM,Mus musculus
HALLMARK_GLYCOLYSIS,Got1,https://www.gsea-msigdb.org/gsea/msigdb/mouse/geneset/HALLMARK_GLYCOLYSIS,MM,Mus musculus
HALLMARK_GLYCOLYSIS,Got2,https://www.gsea-msigdb.org/gsea/msigdb/mouse/geneset/HALLMARK_GLYCOLYSIS,MM,Mus musculus
HALLMARK_GLYCOLYSIS,Gpc1,https://www.gsea-msigdb.org/gsea/msigdb/mouse/geneset/HALLMARK_GLYCOLYSIS,MM,Mus musculus
HALLMARK_GLYCOLYSIS,Gpc3,https://www.gsea-msigdb.org/gsea/msigdb/mouse/geneset/HALLMARK_GLYCOLYSIS,MM,Mus musculus
HALLMARK_GLYCOLYSIS,Gpc4,https://www.gsea-msigdb.org/gsea/msigdb/mouse/geneset/HALLMARK_GLYCOLYSIS,MM,Mus musculus
HALLMARK_GLYCOLYSIS,Gpr87,https://www.gsea-msigdb.org/gsea/msigdb/mouse/geneset/HALLMARK_GLYCOLYSIS,MM,Mus musculus
HALLMARK_GLYCOLYSIS,Gusb,https://www.gsea-msigdb.org/gsea/msigdb/mouse/geneset/HALLMARK_GLYCOLYSIS,MM,Mus musculus
HALLMARK_GLYCOLYSIS,Gys1,https://www.gsea-msigdb.org/gsea/msigdb/mouse/geneset/HALLMARK_GLYCOLYSIS,MM,Mus musculus
HALLMARK_GLYCOLYSIS,Gys2,https://www.gsea-msigdb.org/gsea/msigdb/mouse/geneset/HALLMARK_GLYCOLYSIS,MM,Mus musculus
HALLMARK_GLYCOLYSIS,Hax1,https://www.gsea-msigdb.org/gsea/msigdb/mouse/geneset/HALLMARK_GLYCOLYSIS,MM,Mus musculus
HALLMARK_GLYCOLYSIS,Hdlbp,https://www.gsea-msigdb.org/gsea/msigdb/mouse/geneset/HALLMARK_GLYCOLYSIS,MM,Mus musculus
HALLMARK_GLYCOLYSIS,Hk2,https://www.gsea-msigdb.org/gsea/msigdb/mouse/geneset/HALLMARK_GLYCOLYSIS,MM,Mus musculus
HALLMARK_GLYCOLYSIS,Hmmr,https://www.gsea-msigdb.org/gsea/msigdb/mouse/geneset/HALLMARK_GLYCOLYSIS,MM,Mus musculus
HALLMARK_GLYCOLYSIS,Homer1,https://www.gsea-msigdb.org/gsea/msigdb/mouse/geneset/HALLMARK_GLYCOLYSIS,MM,Mus musculus
HALLMARK_GLYCOLYSIS,Hs2st1,https://www.gsea-msigdb.org/gsea/msigdb/mouse/geneset/HALLMARK_GLYCOLYSIS,MM,Mus musculus
HALLMARK_GLYCOLYSIS,Hs6st2,https://www.gsea-msigdb.org/gsea/msigdb/mouse/geneset/HALLMARK_GLYCOLYSIS,MM,Mus musculus
HALLMARK_GLYCOLYSIS,Hspa5,https://www.gsea-msigdb.org/gsea/msigdb/mouse/geneset/HALLMARK_GLYCOLYSIS,MM,Mus musculus
HALLMARK_GLYCOLYSIS,Idh1,https://www.gsea-msigdb.org/gsea/msigdb/mouse/geneset/HALLMARK_GLYCOLYSIS,MM,Mus musculus
HALLMARK_GLYCOLYSIS,Idua,https://www.gsea-msigdb.org/gsea/msigdb/mouse/geneset/HALLMARK_GLYCOLYSIS,MM,Mus musculus
HALLMARK_GLYCOLYSIS,Ier3,https://www.gsea-msigdb.org/gsea/msigdb/mouse/geneset/HALLMARK_GLYCOLYSIS,MM,Mus musculus
HALLMARK_GLYCOLYSIS,Igfbp3,https://www.gsea-msigdb.org/gsea/msigdb/mouse/geneset/HALLMARK_GLYCOLYSIS,MM,Mus musculus
HALLMARK_GLYCOLYSIS,Il13ra1,https://www.gsea-msigdb.org/gsea/msigdb/mouse/geneset/HALLMARK_GLYCOLYSIS,MM,Mus musculus
HALLMARK_GLYCOLYSIS,Irs2,https://www.gsea-msigdb.org/gsea/msigdb/mouse/geneset/HALLMARK_GLYCOLYSIS,MM,Mus musculus
HALLMARK_GLYCOLYSIS,Isg20,https://www.gsea-msigdb.org/gsea/msigdb/mouse/geneset/HALLMARK_GLYCOLYSIS,MM,Mus musculus
HALLMARK_GLYCOLYSIS,Kdelr3,https://www.gsea-msigdb.org/gsea/msigdb/mouse/geneset/HALLMARK_GLYCOLYSIS,MM,Mus musculus
HALLMARK_GLYCOLYSIS,Kif20a,https://www.gsea-msigdb.org/gsea/msigdb/mouse/geneset/HALLMARK_GLYCOLYSIS,MM,Mus musculus
HALLMARK_GLYCOLYSIS,Kif2a,https://www.gsea-msigdb.org/gsea/msigdb/mouse/geneset/HALLMARK_GLYCOLYSIS,MM,Mus musculus
HALLMARK_GLYCOLYSIS,Lct,https://www.gsea-msigdb.org/gsea/msigdb/mouse/geneset/HALLMARK_GLYCOLYSIS,MM,Mus musculus
HALLMARK_GLYCOLYSIS,Ldha,https://www.gsea-msigdb.org/gsea/msigdb/mouse/geneset/HALLMARK_GLYCOLYSIS,MM,Mus musculus
HALLMARK_GLYCOLYSIS,Ldhc,https://www.gsea-msigdb.org/gsea/msigdb/mouse/geneset/HALLMARK_GLYCOLYSIS,MM,Mus musculus
HALLMARK_GLYCOLYSIS,Lhpp,https://www.gsea-msigdb.org/gsea/msigdb/mouse/geneset/HALLMARK_GLYCOLYSIS,MM,Mus musculus
HALLMARK_GLYCOLYSIS,Lhx9,https://www.gsea-msigdb.org/gsea/msigdb/mouse/geneset/HALLMARK_GLYCOLYSIS,MM,Mus musculus
HALLMARK_GLYCOLYSIS,Mdh1,https://www.gsea-msigdb.org/gsea/msigdb/mouse/geneset/HALLMARK_GLYCOLYSIS,MM,Mus musculus
HALLMARK_GLYCOLYSIS,Mdh2,https://www.gsea-msigdb.org/gsea/msigdb/mouse/geneset/HALLMARK_GLYCOLYSIS,MM,Mus musculus
HALLMARK_GLYCOLYSIS,Me1,https://www.gsea-msigdb.org/gsea/msigdb/mouse/geneset/HALLMARK_GLYCOLYSIS,MM,Mus musculus
HALLMARK_GLYCOLYSIS,Me2,https://www.gsea-msigdb.org/gsea/msigdb/mouse/geneset/HALLMARK_GLYCOLYSIS,MM,Mus musculus
HALLMARK_GLYCOLYSIS,Med24,https://www.gsea-msigdb.org/gsea/msigdb/mouse/geneset/HALLMARK_GLYCOLYSIS,MM,Mus musculus
HALLMARK_GLYCOLYSIS,Mertk,https://www.gsea-msigdb.org/gsea/msigdb/mouse/geneset/HALLMARK_GLYCOLYSIS,MM,Mus musculus
HALLMARK_GLYCOLYSIS,Met,https://www.gsea-msigdb.org/gsea/msigdb/mouse/geneset/HALLMARK_GLYCOLYSIS,MM,Mus musculus
HALLMARK_GLYCOLYSIS,Mif,https://www.gsea-msigdb.org/gsea/msigdb/mouse/geneset/HALLMARK_GLYCOLYSIS,MM,Mus musculus
HALLMARK_GLYCOLYSIS,Miox,https://www.gsea-msigdb.org/gsea/msigdb/mouse/geneset/HALLMARK_GLYCOLYSIS,MM,Mus musculus
HALLMARK_GLYCOLYSIS,Mpi,https://www.gsea-msigdb.org/gsea/msigdb/mouse/geneset/HALLMARK_GLYCOLYSIS,MM,Mus musculus
HALLMARK_GLYCOLYSIS,Mxi1,https://www.gsea-msigdb.org/gsea/msigdb/mouse/geneset/HALLMARK_GLYCOLYSIS,MM,Mus musculus
HALLMARK_GLYCOLYSIS,Nanp,https://www.gsea-msigdb.org/gsea/msigdb/mouse/geneset/HALLMARK_GLYCOLYSIS,MM,Mus musculus
HALLMARK_GLYCOLYSIS,Nasp,https://www.gsea-msigdb.org/gsea/msigdb/mouse/geneset/HALLMARK_GLYCOLYSIS,MM,Mus musculus
HALLMARK_GLYCOLYSIS,Ndst3,https://www.gsea-msigdb.org/gsea/msigdb/mouse/geneset/HALLMARK_GLYCOLYSIS,MM,Mus musculus
HALLMARK_GLYCOLYSIS,Ndufv3,https://www.gsea-msigdb.org/gsea/msigdb/mouse/geneset/HALLMARK_GLYCOLYSIS,MM,Mus musculus
HALLMARK_GLYCOLYSIS,Nol3,https://www.gsea-msigdb.org/gsea/msigdb/mouse/geneset/HALLMARK_GLYCOLYSIS,MM,Mus musculus
HALLMARK_GLYCOLYSIS,Nsdhl,https://www.gsea-msigdb.org/gsea/msigdb/mouse/geneset/HALLMARK_GLYCOLYSIS,MM,Mus musculus
HALLMARK_GLYCOLYSIS,Nt5e,https://www.gsea-msigdb.org/gsea/msigdb/mouse/geneset/HALLMARK_GLYCOLYSIS,MM,Mus musculus
HALLMARK_GLYCOLYSIS,P4ha1,https://www.gsea-msigdb.org/gsea/msigdb/mouse/geneset/HALLMARK_GLYCOLYSIS,MM,Mus musculus
HALLMARK_GLYCOLYSIS,P4ha2,https://www.gsea-msigdb.org/gsea/msigdb/mouse/geneset/HALLMARK_GLYCOLYSIS,MM,Mus musculus
HALLMARK_GLYCOLYSIS,Pam,https://www.gsea-msigdb.org/gsea/msigdb/mouse/geneset/HALLMARK_GLYCOLYSIS,MM,Mus musculus
HALLMARK_GLYCOLYSIS,Paxip1,https://www.gsea-msigdb.org/gsea/msigdb/mouse/geneset/HALLMARK_GLYCOLYSIS,MM,Mus musculus
HALLMARK_GLYCOLYSIS,Pcx,https://www.gsea-msigdb.org/gsea/msigdb/mouse/geneset/HALLMARK_GLYCOLYSIS,MM,Mus musculus
HALLMARK_GLYCOLYSIS,Pdk3,https://www.gsea-msigdb.org/gsea/msigdb/mouse/geneset/HALLMARK_GLYCOLYSIS,MM,Mus musculus
HALLMARK_GLYCOLYSIS,Pfkfb1,https://www.gsea-msigdb.org/gsea/msigdb/mouse/geneset/HALLMARK_GLYCOLYSIS,MM,Mus musculus
HALLMARK_GLYCOLYSIS,Pfkp,https://www.gsea-msigdb.org/gsea/msigdb/mouse/geneset/HALLMARK_GLYCOLYSIS,MM,Mus musculus
HALLMARK_GLYCOLYSIS,Pgam1,https://www.gsea-msigdb.org/gsea/msigdb/mouse/geneset/HALLMARK_GLYCOLYSIS,MM,Mus musculus
HALLMARK_GLYCOLYSIS,Pgam2,https://www.gsea-msigdb.org/gsea/msigdb/mouse/geneset/HALLMARK_GLYCOLYSIS,MM,Mus musculus
HALLMARK_GLYCOLYSIS,Pgk1,https://www.gsea-msigdb.org/gsea/msigdb/mouse/geneset/HALLMARK_GLYCOLYSIS,MM,Mus musculus
HALLMARK_GLYCOLYSIS,Pgls,https://www.gsea-msigdb.org/gsea/msigdb/mouse/geneset/HALLMARK_GLYCOLYSIS,MM,Mus musculus
HALLMARK_GLYCOLYSIS,Pgm2,https://www.gsea-msigdb.org/gsea/msigdb/mouse/geneset/HALLMARK_GLYCOLYSIS,MM,Mus musculus
HALLMARK_GLYCOLYSIS,Phka2,https://www.gsea-msigdb.org/gsea/msigdb/mouse/geneset/HALLMARK_GLYCOLYSIS,MM,Mus musculus
HALLMARK_GLYCOLYSIS,Pkm,https://www.gsea-msigdb.org/gsea/msigdb/mouse/geneset/HALLMARK_GLYCOLYSIS,MM,Mus musculus
HALLMARK_GLYCOLYSIS,Pkp2,https://www.gsea-msigdb.org/gsea/msigdb/mouse/geneset/HALLMARK_GLYCOLYSIS,MM,Mus musculus
HALLMARK_GLYCOLYSIS,Plod1,https://www.gsea-msigdb.org/gsea/msigdb/mouse/geneset/HALLMARK_GLYCOLYSIS,MM,Mus musculus
HALLMARK_GLYCOLYSIS,Plod2,https://www.gsea-msigdb.org/gsea/msigdb/mouse/geneset/HALLMARK_GLYCOLYSIS,MM,Mus musculus
HALLMARK_GLYCOLYSIS,Pmm2,https://www.gsea-msigdb.org/gsea/msigdb/mouse/geneset/HALLMARK_GLYCOLYSIS,MM,Mus musculus
HALLMARK_GLYCOLYSIS,Polr3k,https://www.gsea-msigdb.org/gsea/msigdb/mouse/geneset/HALLMARK_GLYCOLYSIS,MM,Mus musculus
HALLMARK_GLYCOLYSIS,Ppfia4,https://www.gsea-msigdb.org/gsea/msigdb/mouse/geneset/HALLMARK_GLYCOLYSIS,MM,Mus musculus
HALLMARK_GLYCOLYSIS,Ppia,https://www.gsea-msigdb.org/gsea/msigdb/mouse/geneset/HALLMARK_GLYCOLYSIS,MM,Mus musculus
HALLMARK_GLYCOLYSIS,Ppp2cb,https://www.gsea-msigdb.org/gsea/msigdb/mouse/geneset/HALLMARK_GLYCOLYSIS,MM,Mus musculus
HALLMARK_GLYCOLYSIS,Prps1,https://www.gsea-msigdb.org/gsea/msigdb/mouse/geneset/HALLMARK_GLYCOLYSIS,MM,Mus musculus
HALLMARK_GLYCOLYSIS,Psmc4,https://www.gsea-msigdb.org/gsea/msigdb/mouse/geneset/HALLMARK_GLYCOLYSIS,MM,Mus musculus
HALLMARK_GLYCOLYSIS,Pygb,https://www.gsea-msigdb.org/gsea/msigdb/mouse/geneset/HALLMARK_GLYCOLYSIS,MM,Mus musculus
HALLMARK_GLYCOLYSIS,Pygl,https://www.gsea-msigdb.org/gsea/msigdb/mouse/geneset/HALLMARK_GLYCOLYSIS,MM,Mus musculus
HALLMARK_GLYCOLYSIS,Qsox1,https://www.gsea-msigdb.org/gsea/msigdb/mouse/geneset/HALLMARK_GLYCOLYSIS,MM,Mus musculus
HALLMARK_GLYCOLYSIS,Rars1,https://www.gsea-msigdb.org/gsea/msigdb/mouse/geneset/HALLMARK_GLYCOLYSIS,MM,Mus musculus
HALLMARK_GLYCOLYSIS,Rbck1,https://www.gsea-msigdb.org/gsea/msigdb/mouse/geneset/HALLMARK_GLYCOLYSIS,MM,Mus musculus
HALLMARK_GLYCOLYSIS,Rpe,https://www.gsea-msigdb.org/gsea/msigdb/mouse/geneset/HALLMARK_GLYCOLYSIS,MM,Mus musculus
HALLMARK_GLYCOLYSIS,Rragd,https://www.gsea-msigdb.org/gsea/msigdb/mouse/geneset/HALLMARK_GLYCOLYSIS,MM,Mus musculus
HALLMARK_GLYCOLYSIS,Sap30,https://www.gsea-msigdb.org/gsea/msigdb/mouse/geneset/HALLMARK_GLYCOLYSIS,MM,Mus musculus
HALLMARK_GLYCOLYSIS,Sdc1,https://www.gsea-msigdb.org/gsea/msigdb/mouse/geneset/HALLMARK_GLYCOLYSIS,MM,Mus musculus
HALLMARK_GLYCOLYSIS,Sdc2,https://www.gsea-msigdb.org/gsea/msigdb/mouse/geneset/HALLMARK_GLYCOLYSIS,MM,Mus musculus
HALLMARK_GLYCOLYSIS,Sdc3,https://www.gsea-msigdb.org/gsea/msigdb/mouse/geneset/HALLMARK_GLYCOLYSIS,MM,Mus musculus
HALLMARK_GLYCOLYSIS,Sdhc,https://www.gsea-msigdb.org/gsea/msigdb/mouse/geneset/HALLMARK_GLYCOLYSIS,MM,Mus musculus
HALLMARK_GLYCOLYSIS,Slc16a3,https://www.gsea-msigdb.org/gsea/msigdb/mouse/geneset/HALLMARK_GLYCOLYSIS,MM,Mus musculus
HALLMARK_GLYCOLYSIS,Slc25a10,https://www.gsea-msigdb.org/gsea/msigdb/mouse/geneset/HALLMARK_GLYCOLYSIS,MM,Mus musculus
HALLMARK_GLYCOLYSIS,Slc25a13,https://www.gsea-msigdb.org/gsea/msigdb/mouse/geneset/HALLMARK_GLYCOLYSIS,MM,Mus musculus
HALLMARK_GLYCOLYSIS,Slc35a3,https://www.gsea-msigdb.org/gsea/msigdb/mouse/geneset/HALLMARK_GLYCOLYSIS,MM,Mus musculus
HALLMARK_GLYCOLYSIS,Slc37a4,https://www.gsea-msigdb.org/gsea/msigdb/mouse/geneset/HALLMARK_GLYCOLYSIS,MM,Mus musculus
HALLMARK_GLYCOLYSIS,Sod1,https://www.gsea-msigdb.org/gsea/msigdb/mouse/geneset/HALLMARK_GLYCOLYSIS,MM,Mus musculus
HALLMARK_GLYCOLYSIS,Sox9,https://www.gsea-msigdb.org/gsea/msigdb/mouse/geneset/HALLMARK_GLYCOLYSIS,MM,Mus musculus
HALLMARK_GLYCOLYSIS,Spag4,https://www.gsea-msigdb.org/gsea/msigdb/mouse/geneset/HALLMARK_GLYCOLYSIS,MM,Mus musculus
HALLMARK_GLYCOLYSIS,Srd5a3,https://www.gsea-msigdb.org/gsea/msigdb/mouse/geneset/HALLMARK_GLYCOLYSIS,MM,Mus musculus
HALLMARK_GLYCOLYSIS,Stc1,https://www.gsea-msigdb.org/gsea/msigdb/mouse/geneset/HALLMARK_GLYCOLYSIS,MM,Mus musculus
HALLMARK_GLYCOLYSIS,Stc2,https://www.gsea-msigdb.org/gsea/msigdb/mouse/geneset/HALLMARK_GLYCOLYSIS,MM,Mus musculus
HALLMARK_GLYCOLYSIS,Stmn1,https://www.gsea-msigdb.org/gsea/msigdb/mouse/geneset/HALLMARK_GLYCOLYSIS,MM,Mus musculus
HALLMARK_GLYCOLYSIS,Taldo1,https://www.gsea-msigdb.org/gsea/msigdb/mouse/geneset/HALLMARK_GLYCOLYSIS,MM,Mus musculus
HALLMARK_GLYCOLYSIS,Tff3,https://www.gsea-msigdb.org/gsea/msigdb/mouse/geneset/HALLMARK_GLYCOLYSIS,MM,Mus musculus
HALLMARK_GLYCOLYSIS,Tgfa,https://www.gsea-msigdb.org/gsea/msigdb/mouse/geneset/HALLMARK_GLYCOLYSIS,MM,Mus musculus
HALLMARK_GLYCOLYSIS,Tgfbi,https://www.gsea-msigdb.org/gsea/msigdb/mouse/geneset/HALLMARK_GLYCOLYSIS,MM,Mus musculus
HALLMARK_GLYCOLYSIS,Tktl1,https://www.gsea-msigdb.org/gsea/msigdb/mouse/geneset/HALLMARK_GLYCOLYSIS,MM,Mus musculus
HALLMARK_GLYCOLYSIS,Tpbg,https://www.gsea-msigdb.org/gsea/msigdb/mouse/geneset/HALLMARK_GLYCOLYSIS,MM,Mus musculus
HALLMARK_GLYCOLYSIS,Tpi1,https://www.gsea-msigdb.org/gsea/msigdb/mouse/geneset/HALLMARK_GLYCOLYSIS,MM,Mus musculus
HALLMARK_GLYCOLYSIS,Tpst1,https://www.gsea-msigdb.org/gsea/msigdb/mouse/geneset/HALLMARK_GLYCOLYSIS,MM,Mus musculus
HALLMARK_GLYCOLYSIS,Txn1,https://www.gsea-msigdb.org/gsea/msigdb/mouse/geneset/HALLMARK_GLYCOLYSIS,MM,Mus musculus
HALLMARK_GLYCOLYSIS,Ugp2,https://www.gsea-msigdb.org/gsea/msigdb/mouse/geneset/HALLMARK_GLYCOLYSIS,MM,Mus musculus
HALLMARK_GLYCOLYSIS,Vcan,https://www.gsea-msigdb.org/gsea/msigdb/mouse/geneset/HALLMARK_GLYCOLYSIS,MM,Mus musculus
HALLMARK_GLYCOLYSIS,Vegfa,https://www.gsea-msigdb.org/gsea/msigdb/mouse/geneset/HALLMARK_GLYCOLYSIS,MM,Mus musculus
HALLMARK_GLYCOLYSIS,Vldlr,https://www.gsea-msigdb.org/gsea/msigdb/mouse/geneset/HALLMARK_GLYCOLYSIS,MM,Mus musculus
HALLMARK_GLYCOLYSIS,Xylt2,https://www.gsea-msigdb.org/gsea/msigdb/mouse/geneset/HALLMARK_GLYCOLYSIS,MM,Mus musculus
HALLMARK_GLYCOLYSIS,Zfp292,https://www.gsea-msigdb.org/gsea/msigdb/mouse/geneset/HALLMARK_GLYCOLYSIS,MM,Mus musculus
HALLMARK_HEDGEHOG_SIGNALING,Ache,https://www.gsea-msigdb.org/gsea/msigdb/mouse/geneset/HALLMARK_HEDGEHOG_SIGNALING,MM,Mus musculus
HALLMARK_HEDGEHOG_SIGNALING,Adgrg1,https://www.gsea-msigdb.org/gsea/msigdb/mouse/geneset/HALLMARK_HEDGEHOG_SIGNALING,MM,Mus musculus
HALLMARK_HEDGEHOG_SIGNALING,Amot,https://www.gsea-msigdb.org/gsea/msigdb/mouse/geneset/HALLMARK_HEDGEHOG_SIGNALING,MM,Mus musculus
HALLMARK_HEDGEHOG_SIGNALING,Cdk5r1,https://www.gsea-msigdb.org/gsea/msigdb/mouse/geneset/HALLMARK_HEDGEHOG_SIGNALING,MM,Mus musculus
HALLMARK_HEDGEHOG_SIGNALING,Cdk6,https://www.gsea-msigdb.org/gsea/msigdb/mouse/geneset/HALLMARK_HEDGEHOG_SIGNALING,MM,Mus musculus
HALLMARK_HEDGEHOG_SIGNALING,Celsr1,https://www.gsea-msigdb.org/gsea/msigdb/mouse/geneset/HALLMARK_HEDGEHOG_SIGNALING,MM,Mus musculus
HALLMARK_HEDGEHOG_SIGNALING,Cntfr,https://www.gsea-msigdb.org/gsea/msigdb/mouse/geneset/HALLMARK_HEDGEHOG_SIGNALING,MM,Mus musculus
HALLMARK_HEDGEHOG_SIGNALING,Crmp1,https://www.gsea-msigdb.org/gsea/msigdb/mouse/geneset/HALLMARK_HEDGEHOG_SIGNALING,MM,Mus musculus
HALLMARK_HEDGEHOG_SIGNALING,Dpysl2,https://www.gsea-msigdb.org/gsea/msigdb/mouse/geneset/HALLMARK_HEDGEHOG_SIGNALING,MM,Mus musculus
HALLMARK_HEDGEHOG_SIGNALING,Ets2,https://www.gsea-msigdb.org/gsea/msigdb/mouse/geneset/HALLMARK_HEDGEHOG_SIGNALING,MM,Mus musculus
HALLMARK_HEDGEHOG_SIGNALING,Gli1,https://www.gsea-msigdb.org/gsea/msigdb/mouse/geneset/HALLMARK_HEDGEHOG_SIGNALING,MM,Mus musculus
HALLMARK_HEDGEHOG_SIGNALING,Hey1,https://www.gsea-msigdb.org/gsea/msigdb/mouse/geneset/HALLMARK_HEDGEHOG_SIGNALING,MM,Mus musculus
HALLMARK_HEDGEHOG_SIGNALING,Hey2,https://www.gsea-msigdb.org/gsea/msigdb/mouse/geneset/HALLMARK_HEDGEHOG_SIGNALING,MM,Mus musculus
HALLMARK_HEDGEHOG_SIGNALING,L1cam,https://www.gsea-msigdb.org/gsea/msigdb/mouse/geneset/HALLMARK_HEDGEHOG_SIGNALING,MM,Mus musculus
HALLMARK_HEDGEHOG_SIGNALING,Ldb1,https://www.gsea-msigdb.org/gsea/msigdb/mouse/geneset/HALLMARK_HEDGEHOG_SIGNALING,MM,Mus musculus
HALLMARK_HEDGEHOG_SIGNALING,Myh9,https://www.gsea-msigdb.org/gsea/msigdb/mouse/geneset/HALLMARK_HEDGEHOG_SIGNALING,MM,Mus musculus
HALLMARK_HEDGEHOG_SIGNALING,Nf1,https://www.gsea-msigdb.org/gsea/msigdb/mouse/geneset/HALLMARK_HEDGEHOG_SIGNALING,MM,Mus musculus
HALLMARK_HEDGEHOG_SIGNALING,Nkx6-1,https://www.gsea-msigdb.org/gsea/msigdb/mouse/geneset/HALLMARK_HEDGEHOG_SIGNALING,MM,Mus musculus
HALLMARK_HEDGEHOG_SIGNALING,Nrcam,https://www.gsea-msigdb.org/gsea/msigdb/mouse/geneset/HALLMARK_HEDGEHOG_SIGNALING,MM,Mus musculus
HALLMARK_HEDGEHOG_SIGNALING,Nrp1,https://www.gsea-msigdb.org/gsea/msigdb/mouse/geneset/HALLMARK_HEDGEHOG_SIGNALING,MM,Mus musculus
HALLMARK_HEDGEHOG_SIGNALING,Nrp2,https://www.gsea-msigdb.org/gsea/msigdb/mouse/geneset/HALLMARK_HEDGEHOG_SIGNALING,MM,Mus musculus
HALLMARK_HEDGEHOG_SIGNALING,Ophn1,https://www.gsea-msigdb.org/gsea/msigdb/mouse/geneset/HALLMARK_HEDGEHOG_SIGNALING,MM,Mus musculus
HALLMARK_HEDGEHOG_SIGNALING,Plg,https://www.gsea-msigdb.org/gsea/msigdb/mouse/geneset/HALLMARK_HEDGEHOG_SIGNALING,MM,Mus musculus
HALLMARK_HEDGEHOG_SIGNALING,Pml,https://www.gsea-msigdb.org/gsea/msigdb/mouse/geneset/HALLMARK_HEDGEHOG_SIGNALING,MM,Mus musculus
HALLMARK_HEDGEHOG_SIGNALING,Ptch1,https://www.gsea-msigdb.org/gsea/msigdb/mouse/geneset/HALLMARK_HEDGEHOG_SIGNALING,MM,Mus musculus
HALLMARK_HEDGEHOG_SIGNALING,Rasa1,https://www.gsea-msigdb.org/gsea/msigdb/mouse/geneset/HALLMARK_HEDGEHOG_SIGNALING,MM,Mus musculus
HALLMARK_HEDGEHOG_SIGNALING,Rtn1,https://www.gsea-msigdb.org/gsea/msigdb/mouse/geneset/HALLMARK_HEDGEHOG_SIGNALING,MM,Mus musculus
HALLMARK_HEDGEHOG_SIGNALING,Scg2,https://www.gsea-msigdb.org/gsea/msigdb/mouse/geneset/HALLMARK_HEDGEHOG_SIGNALING,MM,Mus musculus
HALLMARK_HEDGEHOG_SIGNALING,Shh,https://www.gsea-msigdb.org/gsea/msigdb/mouse/geneset/HALLMARK_HEDGEHOG_SIGNALING,MM,Mus musculus
HALLMARK_HEDGEHOG_SIGNALING,Slit1,https://www.gsea-msigdb.org/gsea/msigdb/mouse/geneset/HALLMARK_HEDGEHOG_SIGNALING,MM,Mus musculus
HALLMARK_HEDGEHOG_SIGNALING,Thy1,https://www.gsea-msigdb.org/gsea/msigdb/mouse/geneset/HALLMARK_HEDGEHOG_SIGNALING,MM,Mus musculus
HALLMARK_HEDGEHOG_SIGNALING,Tle1,https://www.gsea-msigdb.org/gsea/msigdb/mouse/geneset/HALLMARK_HEDGEHOG_SIGNALING,MM,Mus musculus
HALLMARK_HEDGEHOG_SIGNALING,Tle3,https://www.gsea-msigdb.org/gsea/msigdb/mouse/geneset/HALLMARK_HEDGEHOG_SIGNALING,MM,Mus musculus
HALLMARK_HEDGEHOG_SIGNALING,Unc5c,https://www.gsea-msigdb.org/gsea/msigdb/mouse/geneset/HALLMARK_HEDGEHOG_SIGNALING,MM,Mus musculus
HALLMARK_HEDGEHOG_SIGNALING,Vegfa,https://www.gsea-msigdb.org/gsea/msigdb/mouse/geneset/HALLMARK_HEDGEHOG_SIGNALING,MM,Mus musculus
HALLMARK_HEDGEHOG_SIGNALING,Vldlr,https://www.gsea-msigdb.org/gsea/msigdb/mouse/geneset/HALLMARK_HEDGEHOG_SIGNALING,MM,Mus musculus
HALLMARK_HEME_METABOLISM,AK157302,https://www.gsea-msigdb.org/gsea/msigdb/mouse/geneset/HALLMARK_HEME_METABOLISM,MM,Mus musculus
HALLMARK_HEME_METABOLISM,Abcb6,https://www.gsea-msigdb.org/gsea/msigdb/mouse/geneset/HALLMARK_HEME_METABOLISM,MM,Mus musculus
HALLMARK_HEME_METABOLISM,Abcg2,https://www.gsea-msigdb.org/gsea/msigdb/mouse/geneset/HALLMARK_HEME_METABOLISM,MM,Mus musculus
HALLMARK_HEME_METABOLISM,Ackr1,https://www.gsea-msigdb.org/gsea/msigdb/mouse/geneset/HALLMARK_HEME_METABOLISM,MM,Mus musculus
HALLMARK_HEME_METABOLISM,Acp5,https://www.gsea-msigdb.org/gsea/msigdb/mouse/geneset/HALLMARK_HEME_METABOLISM,MM,Mus musculus
HALLMARK_HEME_METABOLISM,Acsl6,https://www.gsea-msigdb.org/gsea/msigdb/mouse/geneset/HALLMARK_HEME_METABOLISM,MM,Mus musculus
HALLMARK_HEME_METABOLISM,Add1,https://www.gsea-msigdb.org/gsea/msigdb/mouse/geneset/HALLMARK_HEME_METABOLISM,MM,Mus musculus
HALLMARK_HEME_METABOLISM,Add2,https://www.gsea-msigdb.org/gsea/msigdb/mouse/geneset/HALLMARK_HEME_METABOLISM,MM,Mus musculus
HALLMARK_HEME_METABOLISM,Adipor1,https://www.gsea-msigdb.org/gsea/msigdb/mouse/geneset/HALLMARK_HEME_METABOLISM,MM,Mus musculus
HALLMARK_HEME_METABOLISM,Agpat4,https://www.gsea-msigdb.org/gsea/msigdb/mouse/geneset/HALLMARK_HEME_METABOLISM,MM,Mus musculus
HALLMARK_HEME_METABOLISM,Ahsp,https://www.gsea-msigdb.org/gsea/msigdb/mouse/geneset/HALLMARK_HEME_METABOLISM,MM,Mus musculus
HALLMARK_HEME_METABOLISM,Alad,https://www.gsea-msigdb.org/gsea/msigdb/mouse/geneset/HALLMARK_HEME_METABOLISM,MM,Mus musculus
HALLMARK_HEME_METABOLISM,Alas2,https://www.gsea-msigdb.org/gsea/msigdb/mouse/geneset/HALLMARK_HEME_METABOLISM,MM,Mus musculus
HALLMARK_HEME_METABOLISM,Aldh1l1,https://www.gsea-msigdb.org/gsea/msigdb/mouse/geneset/HALLMARK_HEME_METABOLISM,MM,Mus musculus
HALLMARK_HEME_METABOLISM,Aldh6a1,https://www.gsea-msigdb.org/gsea/msigdb/mouse/geneset/HALLMARK_HEME_METABOLISM,MM,Mus musculus
HALLMARK_HEME_METABOLISM,Ank1,https://www.gsea-msigdb.org/gsea/msigdb/mouse/geneset/HALLMARK_HEME_METABOLISM,MM,Mus musculus
HALLMARK_HEME_METABOLISM,Aqp3,https://www.gsea-msigdb.org/gsea/msigdb/mouse/geneset/HALLMARK_HEME_METABOLISM,MM,Mus musculus
HALLMARK_HEME_METABOLISM,Arhgef12,https://www.gsea-msigdb.org/gsea/msigdb/mouse/geneset/HALLMARK_HEME_METABOLISM,MM,Mus musculus
HALLMARK_HEME_METABOLISM,Arl2bp,https://www.gsea-msigdb.org/gsea/msigdb/mouse/geneset/HALLMARK_HEME_METABOLISM,MM,Mus musculus
HALLMARK_HEME_METABOLISM,Asns,https://www.gsea-msigdb.org/gsea/msigdb/mouse/geneset/HALLMARK_HEME_METABOLISM,MM,Mus musculus
HALLMARK_HEME_METABOLISM,Atg4a,https://www.gsea-msigdb.org/gsea/msigdb/mouse/geneset/HALLMARK_HEME_METABOLISM,MM,Mus musculus
HALLMARK_HEME_METABOLISM,Atp6v0a1,https://www.gsea-msigdb.org/gsea/msigdb/mouse/geneset/HALLMARK_HEME_METABOLISM,MM,Mus musculus
HALLMARK_HEME_METABOLISM,Bach1,https://www.gsea-msigdb.org/gsea/msigdb/mouse/geneset/HALLMARK_HEME_METABOLISM,MM,Mus musculus
HALLMARK_HEME_METABOLISM,Bcam,https://www.gsea-msigdb.org/gsea/msigdb/mouse/geneset/HALLMARK_HEME_METABOLISM,MM,Mus musculus
HALLMARK_HEME_METABOLISM,Blvra,https://www.gsea-msigdb.org/gsea/msigdb/mouse/geneset/HALLMARK_HEME_METABOLISM,MM,Mus musculus
HALLMARK_HEME_METABOLISM,Blvrb,https://www.gsea-msigdb.org/gsea/msigdb/mouse/geneset/HALLMARK_HEME_METABOLISM,MM,Mus musculus
HALLMARK_HEME_METABOLISM,Bmp2k,https://www.gsea-msigdb.org/gsea/msigdb/mouse/geneset/HALLMARK_HEME_METABOLISM,MM,Mus musculus
HALLMARK_HEME_METABOLISM,Bnip3l,https://www.gsea-msigdb.org/gsea/msigdb/mouse/geneset/HALLMARK_HEME_METABOLISM,MM,Mus musculus
HALLMARK_HEME_METABOLISM,Bpgm,https://www.gsea-msigdb.org/gsea/msigdb/mouse/geneset/HALLMARK_HEME_METABOLISM,MM,Mus musculus
HALLMARK_HEME_METABOLISM,Bsg,https://www.gsea-msigdb.org/gsea/msigdb/mouse/geneset/HALLMARK_HEME_METABOLISM,MM,Mus musculus
HALLMARK_HEME_METABOLISM,Btg2,https://www.gsea-msigdb.org/gsea/msigdb/mouse/geneset/HALLMARK_HEME_METABOLISM,MM,Mus musculus
HALLMARK_HEME_METABOLISM,Btrc,https://www.gsea-msigdb.org/gsea/msigdb/mouse/geneset/HALLMARK_HEME_METABOLISM,MM,Mus musculus
HALLMARK_HEME_METABOLISM,C3,https://www.gsea-msigdb.org/gsea/msigdb/mouse/geneset/HALLMARK_HEME_METABOLISM,MM,Mus musculus
HALLMARK_HEME_METABOLISM,Car1,https://www.gsea-msigdb.org/gsea/msigdb/mouse/geneset/HALLMARK_HEME_METABOLISM,MM,Mus musculus
HALLMARK_HEME_METABOLISM,Car2,https://www.gsea-msigdb.org/gsea/msigdb/mouse/geneset/HALLMARK_HEME_METABOLISM,MM,Mus musculus
HALLMARK_HEME_METABOLISM,Cast,https://www.gsea-msigdb.org/gsea/msigdb/mouse/geneset/HALLMARK_HEME_METABOLISM,MM,Mus musculus
HALLMARK_HEME_METABOLISM,Cat,https://www.gsea-msigdb.org/gsea/msigdb/mouse/geneset/HALLMARK_HEME_METABOLISM,MM,Mus musculus
HALLMARK_HEME_METABOLISM,Ccdc28a,https://www.gsea-msigdb.org/gsea/msigdb/mouse/geneset/HALLMARK_HEME_METABOLISM,MM,Mus musculus
HALLMARK_HEME_METABOLISM,Ccnd3,https://www.gsea-msigdb.org/gsea/msigdb/mouse/geneset/HALLMARK_HEME_METABOLISM,MM,Mus musculus
HALLMARK_HEME_METABOLISM,Cdc27,https://www.gsea-msigdb.org/gsea/msigdb/mouse/geneset/HALLMARK_HEME_METABOLISM,MM,Mus musculus
HALLMARK_HEME_METABOLISM,Cdr2,https://www.gsea-msigdb.org/gsea/msigdb/mouse/geneset/HALLMARK_HEME_METABOLISM,MM,Mus musculus
HALLMARK_HEME_METABOLISM,Cir1,https://www.gsea-msigdb.org/gsea/msigdb/mouse/geneset/HALLMARK_HEME_METABOLISM,MM,Mus musculus
HALLMARK_HEME_METABOLISM,Clcn3,https://www.gsea-msigdb.org/gsea/msigdb/mouse/geneset/HALLMARK_HEME_METABOLISM,MM,Mus musculus
HALLMARK_HEME_METABOLISM,Cpox,https://www.gsea-msigdb.org/gsea/msigdb/mouse/geneset/HALLMARK_HEME_METABOLISM,MM,Mus musculus
HALLMARK_HEME_METABOLISM,Ctns,https://www.gsea-msigdb.org/gsea/msigdb/mouse/geneset/HALLMARK_HEME_METABOLISM,MM,Mus musculus
HALLMARK_HEME_METABOLISM,Ctsb,https://www.gsea-msigdb.org/gsea/msigdb/mouse/geneset/HALLMARK_HEME_METABOLISM,MM,Mus musculus
HALLMARK_HEME_METABOLISM,Ctse,https://www.gsea-msigdb.org/gsea/msigdb/mouse/geneset/HALLMARK_HEME_METABOLISM,MM,Mus musculus
HALLMARK_HEME_METABOLISM,Daam1,https://www.gsea-msigdb.org/gsea/msigdb/mouse/geneset/HALLMARK_HEME_METABOLISM,MM,Mus musculus
HALLMARK_HEME_METABOLISM,Dcaf10,https://www.gsea-msigdb.org/gsea/msigdb/mouse/geneset/HALLMARK_HEME_METABOLISM,MM,Mus musculus
HALLMARK_HEME_METABOLISM,Dcaf11,https://www.gsea-msigdb.org/gsea/msigdb/mouse/geneset/HALLMARK_HEME_METABOLISM,MM,Mus musculus
HALLMARK_HEME_METABOLISM,Dcun1d1,https://www.gsea-msigdb.org/gsea/msigdb/mouse/geneset/HALLMARK_HEME_METABOLISM,MM,Mus musculus
HALLMARK_HEME_METABOLISM,Dmtn,https://www.gsea-msigdb.org/gsea/msigdb/mouse/geneset/HALLMARK_HEME_METABOLISM,MM,Mus musculus
HALLMARK_HEME_METABOLISM,E2f2,https://www.gsea-msigdb.org/gsea/msigdb/mouse/geneset/HALLMARK_HEME_METABOLISM,MM,Mus musculus
HALLMARK_HEME_METABOLISM,Eif2ak1,https://www.gsea-msigdb.org/gsea/msigdb/mouse/geneset/HALLMARK_HEME_METABOLISM,MM,Mus musculus
HALLMARK_HEME_METABOLISM,Ell2,https://www.gsea-msigdb.org/gsea/msigdb/mouse/geneset/HALLMARK_HEME_METABOLISM,MM,Mus musculus
HALLMARK_HEME_METABOLISM,Endod1,https://www.gsea-msigdb.org/gsea/msigdb/mouse/geneset/HALLMARK_HEME_METABOLISM,MM,Mus musculus
HALLMARK_HEME_METABOLISM,Epb41,https://www.gsea-msigdb.org/gsea/msigdb/mouse/geneset/HALLMARK_HEME_METABOLISM,MM,Mus musculus
HALLMARK_HEME_METABOLISM,Epb42,https://www.gsea-msigdb.org/gsea/msigdb/mouse/geneset/HALLMARK_HEME_METABOLISM,MM,Mus musculus
HALLMARK_HEME_METABOLISM,Epor,https://www.gsea-msigdb.org/gsea/msigdb/mouse/geneset/HALLMARK_HEME_METABOLISM,MM,Mus musculus
HALLMARK_HEME_METABOLISM,Ermap,https://www.gsea-msigdb.org/gsea/msigdb/mouse/geneset/HALLMARK_HEME_METABOLISM,MM,Mus musculus
HALLMARK_HEME_METABOLISM,Ezh1,https://www.gsea-msigdb.org/gsea/msigdb/mouse/geneset/HALLMARK_HEME_METABOLISM,MM,Mus musculus
HALLMARK_HEME_METABOLISM,Fbxo34,https://www.gsea-msigdb.org/gsea/msigdb/mouse/geneset/HALLMARK_HEME_METABOLISM,MM,Mus musculus
HALLMARK_HEME_METABOLISM,Fbxo7,https://www.gsea-msigdb.org/gsea/msigdb/mouse/geneset/HALLMARK_HEME_METABOLISM,MM,Mus musculus
HALLMARK_HEME_METABOLISM,Fbxo9,https://www.gsea-msigdb.org/gsea/msigdb/mouse/geneset/HALLMARK_HEME_METABOLISM,MM,Mus musculus
HALLMARK_HEME_METABOLISM,Fech,https://www.gsea-msigdb.org/gsea/msigdb/mouse/geneset/HALLMARK_HEME_METABOLISM,MM,Mus musculus
HALLMARK_HEME_METABOLISM,Fn3k,https://www.gsea-msigdb.org/gsea/msigdb/mouse/geneset/HALLMARK_HEME_METABOLISM,MM,Mus musculus
HALLMARK_HEME_METABOLISM,Foxj2,https://www.gsea-msigdb.org/gsea/msigdb/mouse/geneset/HALLMARK_HEME_METABOLISM,MM,Mus musculus
HALLMARK_HEME_METABOLISM,Foxo3,https://www.gsea-msigdb.org/gsea/msigdb/mouse/geneset/HALLMARK_HEME_METABOLISM,MM,Mus musculus
HALLMARK_HEME_METABOLISM,Ftcd,https://www.gsea-msigdb.org/gsea/msigdb/mouse/geneset/HALLMARK_HEME_METABOLISM,MM,Mus musculus
HALLMARK_HEME_METABOLISM,Gapvd1,https://www.gsea-msigdb.org/gsea/msigdb/mouse/geneset/HALLMARK_HEME_METABOLISM,MM,Mus musculus
HALLMARK_HEME_METABOLISM,Gata1,https://www.gsea-msigdb.org/gsea/msigdb/mouse/geneset/HALLMARK_HEME_METABOLISM,MM,Mus musculus
HALLMARK_HEME_METABOLISM,Gclc,https://www.gsea-msigdb.org/gsea/msigdb/mouse/geneset/HALLMARK_HEME_METABOLISM,MM,Mus musculus
HALLMARK_HEME_METABOLISM,Gclm,https://www.gsea-msigdb.org/gsea/msigdb/mouse/geneset/HALLMARK_HEME_METABOLISM,MM,Mus musculus
HALLMARK_HEME_METABOLISM,Gde1,https://www.gsea-msigdb.org/gsea/msigdb/mouse/geneset/HALLMARK_HEME_METABOLISM,MM,Mus musculus
HALLMARK_HEME_METABOLISM,Glrx5,https://www.gsea-msigdb.org/gsea/msigdb/mouse/geneset/HALLMARK_HEME_METABOLISM,MM,Mus musculus
HALLMARK_HEME_METABOLISM,Gmps,https://www.gsea-msigdb.org/gsea/msigdb/mouse/geneset/HALLMARK_HEME_METABOLISM,MM,Mus musculus
HALLMARK_HEME_METABOLISM,Gypc,https://www.gsea-msigdb.org/gsea/msigdb/mouse/geneset/HALLMARK_HEME_METABOLISM,MM,Mus musculus
HALLMARK_HEME_METABOLISM,H1f0,https://www.gsea-msigdb.org/gsea/msigdb/mouse/geneset/HALLMARK_HEME_METABOLISM,MM,Mus musculus
HALLMARK_HEME_METABOLISM,Hagh,https://www.gsea-msigdb.org/gsea/msigdb/mouse/geneset/HALLMARK_HEME_METABOLISM,MM,Mus musculus
HALLMARK_HEME_METABOLISM,Hba-x,https://www.gsea-msigdb.org/gsea/msigdb/mouse/geneset/HALLMARK_HEME_METABOLISM,MM,Mus musculus
HALLMARK_HEME_METABOLISM,Hbq1b,https://www.gsea-msigdb.org/gsea/msigdb/mouse/geneset/HALLMARK_HEME_METABOLISM,MM,Mus musculus
HALLMARK_HEME_METABOLISM,Hdgf,https://www.gsea-msigdb.org/gsea/msigdb/mouse/geneset/HALLMARK_HEME_METABOLISM,MM,Mus musculus
HALLMARK_HEME_METABOLISM,Hebp1,https://www.gsea-msigdb.org/gsea/msigdb/mouse/geneset/HALLMARK_HEME_METABOLISM,MM,Mus musculus
HALLMARK_HEME_METABOLISM,Hmbs,https://www.gsea-msigdb.org/gsea/msigdb/mouse/geneset/HALLMARK_HEME_METABOLISM,MM,Mus musculus
HALLMARK_HEME_METABOLISM,Htatip2,https://www.gsea-msigdb.org/gsea/msigdb/mouse/geneset/HALLMARK_HEME_METABOLISM,MM,Mus musculus
HALLMARK_HEME_METABOLISM,Htra2,https://www.gsea-msigdb.org/gsea/msigdb/mouse/geneset/HALLMARK_HEME_METABOLISM,MM,Mus musculus
HALLMARK_HEME_METABOLISM,Icam4,https://www.gsea-msigdb.org/gsea/msigdb/mouse/geneset/HALLMARK_HEME_METABOLISM,MM,Mus musculus
HALLMARK_HEME_METABOLISM,Igsf3,https://www.gsea-msigdb.org/gsea/msigdb/mouse/geneset/HALLMARK_HEME_METABOLISM,MM,Mus musculus
HALLMARK_HEME_METABOLISM,Kat2b,https://www.gsea-msigdb.org/gsea/msigdb/mouse/geneset/HALLMARK_HEME_METABOLISM,MM,Mus musculus
HALLMARK_HEME_METABOLISM,Kdm7a,https://www.gsea-msigdb.org/gsea/msigdb/mouse/geneset/HALLMARK_HEME_METABOLISM,MM,Mus musculus
HALLMARK_HEME_METABOLISM,Kel,https://www.gsea-msigdb.org/gsea/msigdb/mouse/geneset/HALLMARK_HEME_METABOLISM,MM,Mus musculus
HALLMARK_HEME_METABOLISM,Khnyn,https://www.gsea-msigdb.org/gsea/msigdb/mouse/geneset/HALLMARK_HEME_METABOLISM,MM,Mus musculus
HALLMARK_HEME_METABOLISM,Klf1,https://www.gsea-msigdb.org/gsea/msigdb/mouse/geneset/HALLMARK_HEME_METABOLISM,MM,Mus musculus
HALLMARK_HEME_METABOLISM,Klf3,https://www.gsea-msigdb.org/gsea/msigdb/mouse/geneset/HALLMARK_HEME_METABOLISM,MM,Mus musculus
HALLMARK_HEME_METABOLISM,Lamp2,https://www.gsea-msigdb.org/gsea/msigdb/mouse/geneset/HALLMARK_HEME_METABOLISM,MM,Mus musculus
HALLMARK_HEME_METABOLISM,Lmo2,https://www.gsea-msigdb.org/gsea/msigdb/mouse/geneset/HALLMARK_HEME_METABOLISM,MM,Mus musculus
HALLMARK_HEME_METABOLISM,Lpin2,https://www.gsea-msigdb.org/gsea/msigdb/mouse/geneset/HALLMARK_HEME_METABOLISM,MM,Mus musculus
HALLMARK_HEME_METABOLISM,Lrp10,https://www.gsea-msigdb.org/gsea/msigdb/mouse/geneset/HALLMARK_HEME_METABOLISM,MM,Mus musculus
HALLMARK_HEME_METABOLISM,Map2k3,https://www.gsea-msigdb.org/gsea/msigdb/mouse/geneset/HALLMARK_HEME_METABOLISM,MM,Mus musculus
HALLMARK_HEME_METABOLISM,Marchf2,https://www.gsea-msigdb.org/gsea/msigdb/mouse/geneset/HALLMARK_HEME_METABOLISM,MM,Mus musculus
HALLMARK_HEME_METABOLISM,Marchf8,https://www.gsea-msigdb.org/gsea/msigdb/mouse/geneset/HALLMARK_HEME_METABOLISM,MM,Mus musculus
HALLMARK_HEME_METABOLISM,Mark3,https://www.gsea-msigdb.org/gsea/msigdb/mouse/geneset/HALLMARK_HEME_METABOLISM,MM,Mus musculus
HALLMARK_HEME_METABOLISM,Mboat2,https://www.gsea-msigdb.org/gsea/msigdb/mouse/geneset/HALLMARK_HEME_METABOLISM,MM,Mus musculus
HALLMARK_HEME_METABOLISM,Mfhas1,https://www.gsea-msigdb.org/gsea/msigdb/mouse/geneset/HALLMARK_HEME_METABOLISM,MM,Mus musculus
HALLMARK_HEME_METABOLISM,Mgst3,https://www.gsea-msigdb.org/gsea/msigdb/mouse/geneset/HALLMARK_HEME_METABOLISM,MM,Mus musculus
HALLMARK_HEME_METABOLISM,Minpp1,https://www.gsea-msigdb.org/gsea/msigdb/mouse/geneset/HALLMARK_HEME_METABOLISM,MM,Mus musculus
HALLMARK_HEME_METABOLISM,Mkrn1,https://www.gsea-msigdb.org/gsea/msigdb/mouse/geneset/HALLMARK_HEME_METABOLISM,MM,Mus musculus
HALLMARK_HEME_METABOLISM,Mocos,https://www.gsea-msigdb.org/gsea/msigdb/mouse/geneset/HALLMARK_HEME_METABOLISM,MM,Mus musculus
HALLMARK_HEME_METABOLISM,Mospd1,https://www.gsea-msigdb.org/gsea/msigdb/mouse/geneset/HALLMARK_HEME_METABOLISM,MM,Mus musculus
HALLMARK_HEME_METABOLISM,Mpp1,https://www.gsea-msigdb.org/gsea/msigdb/mouse/geneset/HALLMARK_HEME_METABOLISM,MM,Mus musculus
HALLMARK_HEME_METABOLISM,Mxi1,https://www.gsea-msigdb.org/gsea/msigdb/mouse/geneset/HALLMARK_HEME_METABOLISM,MM,Mus musculus
HALLMARK_HEME_METABOLISM,Myl4,https://www.gsea-msigdb.org/gsea/msigdb/mouse/geneset/HALLMARK_HEME_METABOLISM,MM,Mus musculus
HALLMARK_HEME_METABOLISM,Narf,https://www.gsea-msigdb.org/gsea/msigdb/mouse/geneset/HALLMARK_HEME_METABOLISM,MM,Mus musculus
HALLMARK_HEME_METABOLISM,Ncoa4,https://www.gsea-msigdb.org/gsea/msigdb/mouse/geneset/HALLMARK_HEME_METABOLISM,MM,Mus musculus
HALLMARK_HEME_METABOLISM,Nek7,https://www.gsea-msigdb.org/gsea/msigdb/mouse/geneset/HALLMARK_HEME_METABOLISM,MM,Mus musculus
HALLMARK_HEME_METABOLISM,Nfe2,https://www.gsea-msigdb.org/gsea/msigdb/mouse/geneset/HALLMARK_HEME_METABOLISM,MM,Mus musculus
HALLMARK_HEME_METABOLISM,Nfe2l1,https://www.gsea-msigdb.org/gsea/msigdb/mouse/geneset/HALLMARK_HEME_METABOLISM,MM,Mus musculus
HALLMARK_HEME_METABOLISM,Nnt,https://www.gsea-msigdb.org/gsea/msigdb/mouse/geneset/HALLMARK_HEME_METABOLISM,MM,Mus musculus
HALLMARK_HEME_METABOLISM,Nr3c1,https://www.gsea-msigdb.org/gsea/msigdb/mouse/geneset/HALLMARK_HEME_METABOLISM,MM,Mus musculus
HALLMARK_HEME_METABOLISM,Nudt4,https://www.gsea-msigdb.org/gsea/msigdb/mouse/geneset/HALLMARK_HEME_METABOLISM,MM,Mus musculus
HALLMARK_HEME_METABOLISM,Optn,https://www.gsea-msigdb.org/gsea/msigdb/mouse/geneset/HALLMARK_HEME_METABOLISM,MM,Mus musculus
HALLMARK_HEME_METABOLISM,Osbp2,https://www.gsea-msigdb.org/gsea/msigdb/mouse/geneset/HALLMARK_HEME_METABOLISM,MM,Mus musculus
HALLMARK_HEME_METABOLISM,P4ha2,https://www.gsea-msigdb.org/gsea/msigdb/mouse/geneset/HALLMARK_HEME_METABOLISM,MM,Mus musculus
HALLMARK_HEME_METABOLISM,Pcx,https://www.gsea-msigdb.org/gsea/msigdb/mouse/geneset/HALLMARK_HEME_METABOLISM,MM,Mus musculus
HALLMARK_HEME_METABOLISM,Pdzk1ip1,https://www.gsea-msigdb.org/gsea/msigdb/mouse/geneset/HALLMARK_HEME_METABOLISM,MM,Mus musculus
HALLMARK_HEME_METABOLISM,Pgls,https://www.gsea-msigdb.org/gsea/msigdb/mouse/geneset/HALLMARK_HEME_METABOLISM,MM,Mus musculus
HALLMARK_HEME_METABOLISM,Picalm,https://www.gsea-msigdb.org/gsea/msigdb/mouse/geneset/HALLMARK_HEME_METABOLISM,MM,Mus musculus
HALLMARK_HEME_METABOLISM,Pigq,https://www.gsea-msigdb.org/gsea/msigdb/mouse/geneset/HALLMARK_HEME_METABOLISM,MM,Mus musculus
HALLMARK_HEME_METABOLISM,Ppox,https://www.gsea-msigdb.org/gsea/msigdb/mouse/geneset/HALLMARK_HEME_METABOLISM,MM,Mus musculus
HALLMARK_HEME_METABOLISM,Ppp2r5b,https://www.gsea-msigdb.org/gsea/msigdb/mouse/geneset/HALLMARK_HEME_METABOLISM,MM,Mus musculus
HALLMARK_HEME_METABOLISM,Prdx2,https://www.gsea-msigdb.org/gsea/msigdb/mouse/geneset/HALLMARK_HEME_METABOLISM,MM,Mus musculus
HALLMARK_HEME_METABOLISM,Psmd9,https://www.gsea-msigdb.org/gsea/msigdb/mouse/geneset/HALLMARK_HEME_METABOLISM,MM,Mus musculus
HALLMARK_HEME_METABOLISM,Rad23a,https://www.gsea-msigdb.org/gsea/msigdb/mouse/geneset/HALLMARK_HEME_METABOLISM,MM,Mus musculus
HALLMARK_HEME_METABOLISM,Ranbp10,https://www.gsea-msigdb.org/gsea/msigdb/mouse/geneset/HALLMARK_HEME_METABOLISM,MM,Mus musculus
HALLMARK_HEME_METABOLISM,Rap1gap,https://www.gsea-msigdb.org/gsea/msigdb/mouse/geneset/HALLMARK_HEME_METABOLISM,MM,Mus musculus
HALLMARK_HEME_METABOLISM,Rbm38,https://www.gsea-msigdb.org/gsea/msigdb/mouse/geneset/HALLMARK_HEME_METABOLISM,MM,Mus musculus
HALLMARK_HEME_METABOLISM,Rbm5,https://www.gsea-msigdb.org/gsea/msigdb/mouse/geneset/HALLMARK_HEME_METABOLISM,MM,Mus musculus
HALLMARK_HEME_METABOLISM,Rcl1,https://www.gsea-msigdb.org/gsea/msigdb/mouse/geneset/HALLMARK_HEME_METABOLISM,MM,Mus musculus
HALLMARK_HEME_METABOLISM,Rhag,https://www.gsea-msigdb.org/gsea/msigdb/mouse/geneset/HALLMARK_HEME_METABOLISM,MM,Mus musculus
HALLMARK_HEME_METABOLISM,Rhd,https://www.gsea-msigdb.org/gsea/msigdb/mouse/geneset/HALLMARK_HEME_METABOLISM,MM,Mus musculus
HALLMARK_HEME_METABOLISM,Riok3,https://www.gsea-msigdb.org/gsea/msigdb/mouse/geneset/HALLMARK_HEME_METABOLISM,MM,Mus musculus
HALLMARK_HEME_METABOLISM,Rnf123,https://www.gsea-msigdb.org/gsea/msigdb/mouse/geneset/HALLMARK_HEME_METABOLISM,MM,Mus musculus
HALLMARK_HEME_METABOLISM,Rnf19a,https://www.gsea-msigdb.org/gsea/msigdb/mouse/geneset/HALLMARK_HEME_METABOLISM,MM,Mus musculus
HALLMARK_HEME_METABOLISM,Sdcbp,https://www.gsea-msigdb.org/gsea/msigdb/mouse/geneset/HALLMARK_HEME_METABOLISM,MM,Mus musculus
HALLMARK_HEME_METABOLISM,Sec14l1,https://www.gsea-msigdb.org/gsea/msigdb/mouse/geneset/HALLMARK_HEME_METABOLISM,MM,Mus musculus
HALLMARK_HEME_METABOLISM,Selenbp1,https://www.gsea-msigdb.org/gsea/msigdb/mouse/geneset/HALLMARK_HEME_METABOLISM,MM,Mus musculus
HALLMARK_HEME_METABOLISM,Sidt2,https://www.gsea-msigdb.org/gsea/msigdb/mouse/geneset/HALLMARK_HEME_METABOLISM,MM,Mus musculus
HALLMARK_HEME_METABOLISM,Slc10a3,https://www.gsea-msigdb.org/gsea/msigdb/mouse/geneset/HALLMARK_HEME_METABOLISM,MM,Mus musculus
HALLMARK_HEME_METABOLISM,Slc11a2,https://www.gsea-msigdb.org/gsea/msigdb/mouse/geneset/HALLMARK_HEME_METABOLISM,MM,Mus musculus
HALLMARK_HEME_METABOLISM,Slc22a4,https://www.gsea-msigdb.org/gsea/msigdb/mouse/geneset/HALLMARK_HEME_METABOLISM,MM,Mus musculus
HALLMARK_HEME_METABOLISM,Slc25a38,https://www.gsea-msigdb.org/gsea/msigdb/mouse/geneset/HALLMARK_HEME_METABOLISM,MM,Mus musculus
HALLMARK_HEME_METABOLISM,Slc2a1,https://www.gsea-msigdb.org/gsea/msigdb/mouse/geneset/HALLMARK_HEME_METABOLISM,MM,Mus musculus
HALLMARK_HEME_METABOLISM,Slc30a1,https://www.gsea-msigdb.org/gsea/msigdb/mouse/geneset/HALLMARK_HEME_METABOLISM,MM,Mus musculus
HALLMARK_HEME_METABOLISM,Slc30a10,https://www.gsea-msigdb.org/gsea/msigdb/mouse/geneset/HALLMARK_HEME_METABOLISM,MM,Mus musculus
HALLMARK_HEME_METABOLISM,Slc4a1,https://www.gsea-msigdb.org/gsea/msigdb/mouse/geneset/HALLMARK_HEME_METABOLISM,MM,Mus musculus
HALLMARK_HEME_METABOLISM,Slc66a2,https://www.gsea-msigdb.org/gsea/msigdb/mouse/geneset/HALLMARK_HEME_METABOLISM,MM,Mus musculus
HALLMARK_HEME_METABOLISM,Slc6a8,https://www.gsea-msigdb.org/gsea/msigdb/mouse/geneset/HALLMARK_HEME_METABOLISM,MM,Mus musculus
HALLMARK_HEME_METABOLISM,Slc6a9,https://www.gsea-msigdb.org/gsea/msigdb/mouse/geneset/HALLMARK_HEME_METABOLISM,MM,Mus musculus
HALLMARK_HEME_METABOLISM,Slc7a11,https://www.gsea-msigdb.org/gsea/msigdb/mouse/geneset/HALLMARK_HEME_METABOLISM,MM,Mus musculus
HALLMARK_HEME_METABOLISM,Smox,https://www.gsea-msigdb.org/gsea/msigdb/mouse/geneset/HALLMARK_HEME_METABOLISM,MM,Mus musculus
HALLMARK_HEME_METABOLISM,Snca,https://www.gsea-msigdb.org/gsea/msigdb/mouse/geneset/HALLMARK_HEME_METABOLISM,MM,Mus musculus
HALLMARK_HEME_METABOLISM,Spta1,https://www.gsea-msigdb.org/gsea/msigdb/mouse/geneset/HALLMARK_HEME_METABOLISM,MM,Mus musculus
HALLMARK_HEME_METABOLISM,Sptb,https://www.gsea-msigdb.org/gsea/msigdb/mouse/geneset/HALLMARK_HEME_METABOLISM,MM,Mus musculus
HALLMARK_HEME_METABOLISM,Synj1,https://www.gsea-msigdb.org/gsea/msigdb/mouse/geneset/HALLMARK_HEME_METABOLISM,MM,Mus musculus
HALLMARK_HEME_METABOLISM,Tal1,https://www.gsea-msigdb.org/gsea/msigdb/mouse/geneset/HALLMARK_HEME_METABOLISM,MM,Mus musculus
HALLMARK_HEME_METABOLISM,Tcea1,https://www.gsea-msigdb.org/gsea/msigdb/mouse/geneset/HALLMARK_HEME_METABOLISM,MM,Mus musculus
HALLMARK_HEME_METABOLISM,Tent5c,https://www.gsea-msigdb.org/gsea/msigdb/mouse/geneset/HALLMARK_HEME_METABOLISM,MM,Mus musculus
HALLMARK_HEME_METABOLISM,Tfdp2,https://www.gsea-msigdb.org/gsea/msigdb/mouse/geneset/HALLMARK_HEME_METABOLISM,MM,Mus musculus
HALLMARK_HEME_METABOLISM,Tfrc,https://www.gsea-msigdb.org/gsea/msigdb/mouse/geneset/HALLMARK_HEME_METABOLISM,MM,Mus musculus
HALLMARK_HEME_METABOLISM,Tmcc2,https://www.gsea-msigdb.org/gsea/msigdb/mouse/geneset/HALLMARK_HEME_METABOLISM,MM,Mus musculus
HALLMARK_HEME_METABOLISM,Tmem9b,https://www.gsea-msigdb.org/gsea/msigdb/mouse/geneset/HALLMARK_HEME_METABOLISM,MM,Mus musculus
HALLMARK_HEME_METABOLISM,Tnrc6b,https://www.gsea-msigdb.org/gsea/msigdb/mouse/geneset/HALLMARK_HEME_METABOLISM,MM,Mus musculus
HALLMARK_HEME_METABOLISM,Tns1,https://www.gsea-msigdb.org/gsea/msigdb/mouse/geneset/HALLMARK_HEME_METABOLISM,MM,Mus musculus
HALLMARK_HEME_METABOLISM,Top1,https://www.gsea-msigdb.org/gsea/msigdb/mouse/geneset/HALLMARK_HEME_METABOLISM,MM,Mus musculus
HALLMARK_HEME_METABOLISM,Trak2,https://www.gsea-msigdb.org/gsea/msigdb/mouse/geneset/HALLMARK_HEME_METABOLISM,MM,Mus musculus
HALLMARK_HEME_METABOLISM,Trim10,https://www.gsea-msigdb.org/gsea/msigdb/mouse/geneset/HALLMARK_HEME_METABOLISM,MM,Mus musculus
HALLMARK_HEME_METABOLISM,Trim58,https://www.gsea-msigdb.org/gsea/msigdb/mouse/geneset/HALLMARK_HEME_METABOLISM,MM,Mus musculus
HALLMARK_HEME_METABOLISM,Tspan5,https://www.gsea-msigdb.org/gsea/msigdb/mouse/geneset/HALLMARK_HEME_METABOLISM,MM,Mus musculus
HALLMARK_HEME_METABOLISM,Tspo2,https://www.gsea-msigdb.org/gsea/msigdb/mouse/geneset/HALLMARK_HEME_METABOLISM,MM,Mus musculus
HALLMARK_HEME_METABOLISM,Tyr,https://www.gsea-msigdb.org/gsea/msigdb/mouse/geneset/HALLMARK_HEME_METABOLISM,MM,Mus musculus
HALLMARK_HEME_METABOLISM,Ubac1,https://www.gsea-msigdb.org/gsea/msigdb/mouse/geneset/HALLMARK_HEME_METABOLISM,MM,Mus musculus
HALLMARK_HEME_METABOLISM,Ucp2,https://www.gsea-msigdb.org/gsea/msigdb/mouse/geneset/HALLMARK_HEME_METABOLISM,MM,Mus musculus
HALLMARK_HEME_METABOLISM,Urod,https://www.gsea-msigdb.org/gsea/msigdb/mouse/geneset/HALLMARK_HEME_METABOLISM,MM,Mus musculus
HALLMARK_HEME_METABOLISM,Uros,https://www.gsea-msigdb.org/gsea/msigdb/mouse/geneset/HALLMARK_HEME_METABOLISM,MM,Mus musculus
HALLMARK_HEME_METABOLISM,Usp15,https://www.gsea-msigdb.org/gsea/msigdb/mouse/geneset/HALLMARK_HEME_METABOLISM,MM,Mus musculus
HALLMARK_HEME_METABOLISM,Vezf1,https://www.gsea-msigdb.org/gsea/msigdb/mouse/geneset/HALLMARK_HEME_METABOLISM,MM,Mus musculus
HALLMARK_HEME_METABOLISM,Xk,https://www.gsea-msigdb.org/gsea/msigdb/mouse/geneset/HALLMARK_HEME_METABOLISM,MM,Mus musculus
HALLMARK_HEME_METABOLISM,Xpo7,https://www.gsea-msigdb.org/gsea/msigdb/mouse/geneset/HALLMARK_HEME_METABOLISM,MM,Mus musculus
HALLMARK_HEME_METABOLISM,Ypel5,https://www.gsea-msigdb.org/gsea/msigdb/mouse/geneset/HALLMARK_HEME_METABOLISM,MM,Mus musculus
HALLMARK_HYPOXIA,Ackr3,https://www.gsea-msigdb.org/gsea/msigdb/mouse/geneset/HALLMARK_HYPOXIA,MM,Mus musculus
HALLMARK_HYPOXIA,Adm,https://www.gsea-msigdb.org/gsea/msigdb/mouse/geneset/HALLMARK_HYPOXIA,MM,Mus musculus
HALLMARK_HYPOXIA,Adora2b,https://www.gsea-msigdb.org/gsea/msigdb/mouse/geneset/HALLMARK_HYPOXIA,MM,Mus musculus
HALLMARK_HYPOXIA,Ak4,https://www.gsea-msigdb.org/gsea/msigdb/mouse/geneset/HALLMARK_HYPOXIA,MM,Mus musculus
HALLMARK_HYPOXIA,Akap12,https://www.gsea-msigdb.org/gsea/msigdb/mouse/geneset/HALLMARK_HYPOXIA,MM,Mus musculus
HALLMARK_HYPOXIA,Aldoa,https://www.gsea-msigdb.org/gsea/msigdb/mouse/geneset/HALLMARK_HYPOXIA,MM,Mus musculus
HALLMARK_HYPOXIA,Aldob,https://www.gsea-msigdb.org/gsea/msigdb/mouse/geneset/HALLMARK_HYPOXIA,MM,Mus musculus
HALLMARK_HYPOXIA,Aldoc,https://www.gsea-msigdb.org/gsea/msigdb/mouse/geneset/HALLMARK_HYPOXIA,MM,Mus musculus
HALLMARK_HYPOXIA,Ampd3,https://www.gsea-msigdb.org/gsea/msigdb/mouse/geneset/HALLMARK_HYPOXIA,MM,Mus musculus
HALLMARK_HYPOXIA,Angptl4,https://www.gsea-msigdb.org/gsea/msigdb/mouse/geneset/HALLMARK_HYPOXIA,MM,Mus musculus
HALLMARK_HYPOXIA,Ankzf1,https://www.gsea-msigdb.org/gsea/msigdb/mouse/geneset/HALLMARK_HYPOXIA,MM,Mus musculus
HALLMARK_HYPOXIA,Anxa2,https://www.gsea-msigdb.org/gsea/msigdb/mouse/geneset/HALLMARK_HYPOXIA,MM,Mus musculus
HALLMARK_HYPOXIA,Atf3,https://www.gsea-msigdb.org/gsea/msigdb/mouse/geneset/HALLMARK_HYPOXIA,MM,Mus musculus
HALLMARK_HYPOXIA,Atp7a,https://www.gsea-msigdb.org/gsea/msigdb/mouse/geneset/HALLMARK_HYPOXIA,MM,Mus musculus
HALLMARK_HYPOXIA,B3galt6,https://www.gsea-msigdb.org/gsea/msigdb/mouse/geneset/HALLMARK_HYPOXIA,MM,Mus musculus
HALLMARK_HYPOXIA,B4galnt2,https://www.gsea-msigdb.org/gsea/msigdb/mouse/geneset/HALLMARK_HYPOXIA,MM,Mus musculus
HALLMARK_HYPOXIA,Bcan,https://www.gsea-msigdb.org/gsea/msigdb/mouse/geneset/HALLMARK_HYPOXIA,MM,Mus musculus
HALLMARK_HYPOXIA,Bcl2,https://www.gsea-msigdb.org/gsea/msigdb/mouse/geneset/HALLMARK_HYPOXIA,MM,Mus musculus
HALLMARK_HYPOXIA,Bgn,https://www.gsea-msigdb.org/gsea/msigdb/mouse/geneset/HALLMARK_HYPOXIA,MM,Mus musculus
HALLMARK_HYPOXIA,Bhlhe40,https://www.gsea-msigdb.org/gsea/msigdb/mouse/geneset/HALLMARK_HYPOXIA,MM,Mus musculus
HALLMARK_HYPOXIA,Bnip3l,https://www.gsea-msigdb.org/gsea/msigdb/mouse/geneset/HALLMARK_HYPOXIA,MM,Mus musculus
HALLMARK_HYPOXIA,Brs3,https://www.gsea-msigdb.org/gsea/msigdb/mouse/geneset/HALLMARK_HYPOXIA,MM,Mus musculus
HALLMARK_HYPOXIA,Btg1,https://www.gsea-msigdb.org/gsea/msigdb/mouse/geneset/HALLMARK_HYPOXIA,MM,Mus musculus
HALLMARK_HYPOXIA,Car12,https://www.gsea-msigdb.org/gsea/msigdb/mouse/geneset/HALLMARK_HYPOXIA,MM,Mus musculus
HALLMARK_HYPOXIA,Casp6,https://www.gsea-msigdb.org/gsea/msigdb/mouse/geneset/HALLMARK_HYPOXIA,MM,Mus musculus
HALLMARK_HYPOXIA,Cav1,https://www.gsea-msigdb.org/gsea/msigdb/mouse/geneset/HALLMARK_HYPOXIA,MM,Mus musculus
HALLMARK_HYPOXIA,Cavin1,https://www.gsea-msigdb.org/gsea/msigdb/mouse/geneset/HALLMARK_HYPOXIA,MM,Mus musculus
HALLMARK_HYPOXIA,Cavin3,https://www.gsea-msigdb.org/gsea/msigdb/mouse/geneset/HALLMARK_HYPOXIA,MM,Mus musculus
HALLMARK_HYPOXIA,Ccn1,https://www.gsea-msigdb.org/gsea/msigdb/mouse/geneset/HALLMARK_HYPOXIA,MM,Mus musculus
HALLMARK_HYPOXIA,Ccn2,https://www.gsea-msigdb.org/gsea/msigdb/mouse/geneset/HALLMARK_HYPOXIA,MM,Mus musculus
HALLMARK_HYPOXIA,Ccn5,https://www.gsea-msigdb.org/gsea/msigdb/mouse/geneset/HALLMARK_HYPOXIA,MM,Mus musculus
HALLMARK_HYPOXIA,Ccng2,https://www.gsea-msigdb.org/gsea/msigdb/mouse/geneset/HALLMARK_HYPOXIA,MM,Mus musculus
HALLMARK_HYPOXIA,Cdkn1a,https://www.gsea-msigdb.org/gsea/msigdb/mouse/geneset/HALLMARK_HYPOXIA,MM,Mus musculus
HALLMARK_HYPOXIA,Cdkn1b,https://www.gsea-msigdb.org/gsea/msigdb/mouse/geneset/HALLMARK_HYPOXIA,MM,Mus musculus
HALLMARK_HYPOXIA,Cdkn1c,https://www.gsea-msigdb.org/gsea/msigdb/mouse/geneset/HALLMARK_HYPOXIA,MM,Mus musculus
HALLMARK_HYPOXIA,Chst2,https://www.gsea-msigdb.org/gsea/msigdb/mouse/geneset/HALLMARK_HYPOXIA,MM,Mus musculus
HALLMARK_HYPOXIA,Chst3,https://www.gsea-msigdb.org/gsea/msigdb/mouse/geneset/HALLMARK_HYPOXIA,MM,Mus musculus
HALLMARK_HYPOXIA,Cited2,https://www.gsea-msigdb.org/gsea/msigdb/mouse/geneset/HALLMARK_HYPOXIA,MM,Mus musculus
HALLMARK_HYPOXIA,Col5a1,https://www.gsea-msigdb.org/gsea/msigdb/mouse/geneset/HALLMARK_HYPOXIA,MM,Mus musculus
HALLMARK_HYPOXIA,Cp,https://www.gsea-msigdb.org/gsea/msigdb/mouse/geneset/HALLMARK_HYPOXIA,MM,Mus musculus
HALLMARK_HYPOXIA,Csrp2,https://www.gsea-msigdb.org/gsea/msigdb/mouse/geneset/HALLMARK_HYPOXIA,MM,Mus musculus
HALLMARK_HYPOXIA,Cxcr4,https://www.gsea-msigdb.org/gsea/msigdb/mouse/geneset/HALLMARK_HYPOXIA,MM,Mus musculus
HALLMARK_HYPOXIA,Dcn,https://www.gsea-msigdb.org/gsea/msigdb/mouse/geneset/HALLMARK_HYPOXIA,MM,Mus musculus
HALLMARK_HYPOXIA,Ddit3,https://www.gsea-msigdb.org/gsea/msigdb/mouse/geneset/HALLMARK_HYPOXIA,MM,Mus musculus
HALLMARK_HYPOXIA,Ddit4,https://www.gsea-msigdb.org/gsea/msigdb/mouse/geneset/HALLMARK_HYPOXIA,MM,Mus musculus
HALLMARK_HYPOXIA,Dpysl4,https://www.gsea-msigdb.org/gsea/msigdb/mouse/geneset/HALLMARK_HYPOXIA,MM,Mus musculus
HALLMARK_HYPOXIA,Dtna,https://www.gsea-msigdb.org/gsea/msigdb/mouse/geneset/HALLMARK_HYPOXIA,MM,Mus musculus
HALLMARK_HYPOXIA,Dusp1,https://www.gsea-msigdb.org/gsea/msigdb/mouse/geneset/HALLMARK_HYPOXIA,MM,Mus musculus
HALLMARK_HYPOXIA,Edn2,https://www.gsea-msigdb.org/gsea/msigdb/mouse/geneset/HALLMARK_HYPOXIA,MM,Mus musculus
HALLMARK_HYPOXIA,Efna1,https://www.gsea-msigdb.org/gsea/msigdb/mouse/geneset/HALLMARK_HYPOXIA,MM,Mus musculus
HALLMARK_HYPOXIA,Efna3,https://www.gsea-msigdb.org/gsea/msigdb/mouse/geneset/HALLMARK_HYPOXIA,MM,Mus musculus
HALLMARK_HYPOXIA,Egfr,https://www.gsea-msigdb.org/gsea/msigdb/mouse/geneset/HALLMARK_HYPOXIA,MM,Mus musculus
HALLMARK_HYPOXIA,Eno1b,https://www.gsea-msigdb.org/gsea/msigdb/mouse/geneset/HALLMARK_HYPOXIA,MM,Mus musculus
HALLMARK_HYPOXIA,Eno2,https://www.gsea-msigdb.org/gsea/msigdb/mouse/geneset/HALLMARK_HYPOXIA,MM,Mus musculus
HALLMARK_HYPOXIA,Eno3,https://www.gsea-msigdb.org/gsea/msigdb/mouse/geneset/HALLMARK_HYPOXIA,MM,Mus musculus
HALLMARK_HYPOXIA,Ero1a,https://www.gsea-msigdb.org/gsea/msigdb/mouse/geneset/HALLMARK_HYPOXIA,MM,Mus musculus
HALLMARK_HYPOXIA,Errfi1,https://www.gsea-msigdb.org/gsea/msigdb/mouse/geneset/HALLMARK_HYPOXIA,MM,Mus musculus
HALLMARK_HYPOXIA,Ets1,https://www.gsea-msigdb.org/gsea/msigdb/mouse/geneset/HALLMARK_HYPOXIA,MM,Mus musculus
HALLMARK_HYPOXIA,Ext1,https://www.gsea-msigdb.org/gsea/msigdb/mouse/geneset/HALLMARK_HYPOXIA,MM,Mus musculus
HALLMARK_HYPOXIA,F3,https://www.gsea-msigdb.org/gsea/msigdb/mouse/geneset/HALLMARK_HYPOXIA,MM,Mus musculus
HALLMARK_HYPOXIA,Fam162a,https://www.gsea-msigdb.org/gsea/msigdb/mouse/geneset/HALLMARK_HYPOXIA,MM,Mus musculus
HALLMARK_HYPOXIA,Fbp1,https://www.gsea-msigdb.org/gsea/msigdb/mouse/geneset/HALLMARK_HYPOXIA,MM,Mus musculus
HALLMARK_HYPOXIA,Fos,https://www.gsea-msigdb.org/gsea/msigdb/mouse/geneset/HALLMARK_HYPOXIA,MM,Mus musculus
HALLMARK_HYPOXIA,Fosl2,https://www.gsea-msigdb.org/gsea/msigdb/mouse/geneset/HALLMARK_HYPOXIA,MM,Mus musculus
HALLMARK_HYPOXIA,Foxo3,https://www.gsea-msigdb.org/gsea/msigdb/mouse/geneset/HALLMARK_HYPOXIA,MM,Mus musculus
HALLMARK_HYPOXIA,Gaa,https://www.gsea-msigdb.org/gsea/msigdb/mouse/geneset/HALLMARK_HYPOXIA,MM,Mus musculus
HALLMARK_HYPOXIA,Galk1,https://www.gsea-msigdb.org/gsea/msigdb/mouse/geneset/HALLMARK_HYPOXIA,MM,Mus musculus
HALLMARK_HYPOXIA,Gapdh-ps15,https://www.gsea-msigdb.org/gsea/msigdb/mouse/geneset/HALLMARK_HYPOXIA,MM,Mus musculus
HALLMARK_HYPOXIA,Gapdhs,https://www.gsea-msigdb.org/gsea/msigdb/mouse/geneset/HALLMARK_HYPOXIA,MM,Mus musculus
HALLMARK_HYPOXIA,Gbe1,https://www.gsea-msigdb.org/gsea/msigdb/mouse/geneset/HALLMARK_HYPOXIA,MM,Mus musculus
HALLMARK_HYPOXIA,Gck,https://www.gsea-msigdb.org/gsea/msigdb/mouse/geneset/HALLMARK_HYPOXIA,MM,Mus musculus
HALLMARK_HYPOXIA,Gcnt2,https://www.gsea-msigdb.org/gsea/msigdb/mouse/geneset/HALLMARK_HYPOXIA,MM,Mus musculus
HALLMARK_HYPOXIA,Glrx,https://www.gsea-msigdb.org/gsea/msigdb/mouse/geneset/HALLMARK_HYPOXIA,MM,Mus musculus
HALLMARK_HYPOXIA,Gpc1,https://www.gsea-msigdb.org/gsea/msigdb/mouse/geneset/HALLMARK_HYPOXIA,MM,Mus musculus
HALLMARK_HYPOXIA,Gpc3,https://www.gsea-msigdb.org/gsea/msigdb/mouse/geneset/HALLMARK_HYPOXIA,MM,Mus musculus
HALLMARK_HYPOXIA,Gpc4,https://www.gsea-msigdb.org/gsea/msigdb/mouse/geneset/HALLMARK_HYPOXIA,MM,Mus musculus
HALLMARK_HYPOXIA,Gpi1,https://www.gsea-msigdb.org/gsea/msigdb/mouse/geneset/HALLMARK_HYPOXIA,MM,Mus musculus
HALLMARK_HYPOXIA,Grhpr,https://www.gsea-msigdb.org/gsea/msigdb/mouse/geneset/HALLMARK_HYPOXIA,MM,Mus musculus
HALLMARK_HYPOXIA,Gys1,https://www.gsea-msigdb.org/gsea/msigdb/mouse/geneset/HALLMARK_HYPOXIA,MM,Mus musculus
HALLMARK_HYPOXIA,Has1,https://www.gsea-msigdb.org/gsea/msigdb/mouse/geneset/HALLMARK_HYPOXIA,MM,Mus musculus
HALLMARK_HYPOXIA,Hdlbp,https://www.gsea-msigdb.org/gsea/msigdb/mouse/geneset/HALLMARK_HYPOXIA,MM,Mus musculus
HALLMARK_HYPOXIA,Hexa,https://www.gsea-msigdb.org/gsea/msigdb/mouse/geneset/HALLMARK_HYPOXIA,MM,Mus musculus
HALLMARK_HYPOXIA,Hk1,https://www.gsea-msigdb.org/gsea/msigdb/mouse/geneset/HALLMARK_HYPOXIA,MM,Mus musculus
HALLMARK_HYPOXIA,Hk2,https://www.gsea-msigdb.org/gsea/msigdb/mouse/geneset/HALLMARK_HYPOXIA,MM,Mus musculus
HALLMARK_HYPOXIA,Hmox1,https://www.gsea-msigdb.org/gsea/msigdb/mouse/geneset/HALLMARK_HYPOXIA,MM,Mus musculus
HALLMARK_HYPOXIA,Hoxb9,https://www.gsea-msigdb.org/gsea/msigdb/mouse/geneset/HALLMARK_HYPOXIA,MM,Mus musculus
HALLMARK_HYPOXIA,Hs3st1,https://www.gsea-msigdb.org/gsea/msigdb/mouse/geneset/HALLMARK_HYPOXIA,MM,Mus musculus
HALLMARK_HYPOXIA,Hspa5,https://www.gsea-msigdb.org/gsea/msigdb/mouse/geneset/HALLMARK_HYPOXIA,MM,Mus musculus
HALLMARK_HYPOXIA,Ids,https://www.gsea-msigdb.org/gsea/msigdb/mouse/geneset/HALLMARK_HYPOXIA,MM,Mus musculus
HALLMARK_HYPOXIA,Ier3,https://www.gsea-msigdb.org/gsea/msigdb/mouse/geneset/HALLMARK_HYPOXIA,MM,Mus musculus
HALLMARK_HYPOXIA,Igfbp1,https://www.gsea-msigdb.org/gsea/msigdb/mouse/geneset/HALLMARK_HYPOXIA,MM,Mus musculus
HALLMARK_HYPOXIA,Igfbp3,https://www.gsea-msigdb.org/gsea/msigdb/mouse/geneset/HALLMARK_HYPOXIA,MM,Mus musculus
HALLMARK_HYPOXIA,Il6,https://www.gsea-msigdb.org/gsea/msigdb/mouse/geneset/HALLMARK_HYPOXIA,MM,Mus musculus
HALLMARK_HYPOXIA,Ilvbl,https://www.gsea-msigdb.org/gsea/msigdb/mouse/geneset/HALLMARK_HYPOXIA,MM,Mus musculus
HALLMARK_HYPOXIA,Inha,https://www.gsea-msigdb.org/gsea/msigdb/mouse/geneset/HALLMARK_HYPOXIA,MM,Mus musculus
HALLMARK_HYPOXIA,Irs2,https://www.gsea-msigdb.org/gsea/msigdb/mouse/geneset/HALLMARK_HYPOXIA,MM,Mus musculus
HALLMARK_HYPOXIA,Isg20,https://www.gsea-msigdb.org/gsea/msigdb/mouse/geneset/HALLMARK_HYPOXIA,MM,Mus musculus
HALLMARK_HYPOXIA,Jmjd6,https://www.gsea-msigdb.org/gsea/msigdb/mouse/geneset/HALLMARK_HYPOXIA,MM,Mus musculus
HALLMARK_HYPOXIA,Jun,https://www.gsea-msigdb.org/gsea/msigdb/mouse/geneset/HALLMARK_HYPOXIA,MM,Mus musculus
HALLMARK_HYPOXIA,Kdelr3,https://www.gsea-msigdb.org/gsea/msigdb/mouse/geneset/HALLMARK_HYPOXIA,MM,Mus musculus
HALLMARK_HYPOXIA,Kdm3a,https://www.gsea-msigdb.org/gsea/msigdb/mouse/geneset/HALLMARK_HYPOXIA,MM,Mus musculus
HALLMARK_HYPOXIA,Kif5a,https://www.gsea-msigdb.org/gsea/msigdb/mouse/geneset/HALLMARK_HYPOXIA,MM,Mus musculus
HALLMARK_HYPOXIA,Klf6,https://www.gsea-msigdb.org/gsea/msigdb/mouse/geneset/HALLMARK_HYPOXIA,MM,Mus musculus
HALLMARK_HYPOXIA,Klf7,https://www.gsea-msigdb.org/gsea/msigdb/mouse/geneset/HALLMARK_HYPOXIA,MM,Mus musculus
HALLMARK_HYPOXIA,Klhl24,https://www.gsea-msigdb.org/gsea/msigdb/mouse/geneset/HALLMARK_HYPOXIA,MM,Mus musculus
HALLMARK_HYPOXIA,Lalba,https://www.gsea-msigdb.org/gsea/msigdb/mouse/geneset/HALLMARK_HYPOXIA,MM,Mus musculus
HALLMARK_HYPOXIA,Large1,https://www.gsea-msigdb.org/gsea/msigdb/mouse/geneset/HALLMARK_HYPOXIA,MM,Mus musculus
HALLMARK_HYPOXIA,Ldha,https://www.gsea-msigdb.org/gsea/msigdb/mouse/geneset/HALLMARK_HYPOXIA,MM,Mus musculus
HALLMARK_HYPOXIA,Ldhc,https://www.gsea-msigdb.org/gsea/msigdb/mouse/geneset/HALLMARK_HYPOXIA,MM,Mus musculus
HALLMARK_HYPOXIA,Lox,https://www.gsea-msigdb.org/gsea/msigdb/mouse/geneset/HALLMARK_HYPOXIA,MM,Mus musculus
HALLMARK_HYPOXIA,Lxn,https://www.gsea-msigdb.org/gsea/msigdb/mouse/geneset/HALLMARK_HYPOXIA,MM,Mus musculus
HALLMARK_HYPOXIA,Maff,https://www.gsea-msigdb.org/gsea/msigdb/mouse/geneset/HALLMARK_HYPOXIA,MM,Mus musculus
HALLMARK_HYPOXIA,Map3k1,https://www.gsea-msigdb.org/gsea/msigdb/mouse/geneset/HALLMARK_HYPOXIA,MM,Mus musculus
HALLMARK_HYPOXIA,Mif,https://www.gsea-msigdb.org/gsea/msigdb/mouse/geneset/HALLMARK_HYPOXIA,MM,Mus musculus
HALLMARK_HYPOXIA,Mt1,https://www.gsea-msigdb.org/gsea/msigdb/mouse/geneset/HALLMARK_HYPOXIA,MM,Mus musculus
HALLMARK_HYPOXIA,Mxi1,https://www.gsea-msigdb.org/gsea/msigdb/mouse/geneset/HALLMARK_HYPOXIA,MM,Mus musculus
HALLMARK_HYPOXIA,Myh9,https://www.gsea-msigdb.org/gsea/msigdb/mouse/geneset/HALLMARK_HYPOXIA,MM,Mus musculus
HALLMARK_HYPOXIA,Nagk,https://www.gsea-msigdb.org/gsea/msigdb/mouse/geneset/HALLMARK_HYPOXIA,MM,Mus musculus
HALLMARK_HYPOXIA,Ncan,https://www.gsea-msigdb.org/gsea/msigdb/mouse/geneset/HALLMARK_HYPOXIA,MM,Mus musculus
HALLMARK_HYPOXIA,Ndrg1,https://www.gsea-msigdb.org/gsea/msigdb/mouse/geneset/HALLMARK_HYPOXIA,MM,Mus musculus
HALLMARK_HYPOXIA,Ndst1,https://www.gsea-msigdb.org/gsea/msigdb/mouse/geneset/HALLMARK_HYPOXIA,MM,Mus musculus
HALLMARK_HYPOXIA,Ndst2,https://www.gsea-msigdb.org/gsea/msigdb/mouse/geneset/HALLMARK_HYPOXIA,MM,Mus musculus
HALLMARK_HYPOXIA,Nedd4l,https://www.gsea-msigdb.org/gsea/msigdb/mouse/geneset/HALLMARK_HYPOXIA,MM,Mus musculus
HALLMARK_HYPOXIA,Nfil3,https://www.gsea-msigdb.org/gsea/msigdb/mouse/geneset/HALLMARK_HYPOXIA,MM,Mus musculus
HALLMARK_HYPOXIA,Noct,https://www.gsea-msigdb.org/gsea/msigdb/mouse/geneset/HALLMARK_HYPOXIA,MM,Mus musculus
HALLMARK_HYPOXIA,Nr3c1,https://www.gsea-msigdb.org/gsea/msigdb/mouse/geneset/HALLMARK_HYPOXIA,MM,Mus musculus
HALLMARK_HYPOXIA,P4ha1,https://www.gsea-msigdb.org/gsea/msigdb/mouse/geneset/HALLMARK_HYPOXIA,MM,Mus musculus
HALLMARK_HYPOXIA,P4ha2,https://www.gsea-msigdb.org/gsea/msigdb/mouse/geneset/HALLMARK_HYPOXIA,MM,Mus musculus
HALLMARK_HYPOXIA,Pam,https://www.gsea-msigdb.org/gsea/msigdb/mouse/geneset/HALLMARK_HYPOXIA,MM,Mus musculus
HALLMARK_HYPOXIA,Pck1,https://www.gsea-msigdb.org/gsea/msigdb/mouse/geneset/HALLMARK_HYPOXIA,MM,Mus musculus
HALLMARK_HYPOXIA,Pdgfb,https://www.gsea-msigdb.org/gsea/msigdb/mouse/geneset/HALLMARK_HYPOXIA,MM,Mus musculus
HALLMARK_HYPOXIA,Pdk1,https://www.gsea-msigdb.org/gsea/msigdb/mouse/geneset/HALLMARK_HYPOXIA,MM,Mus musculus
HALLMARK_HYPOXIA,Pdk3,https://www.gsea-msigdb.org/gsea/msigdb/mouse/geneset/HALLMARK_HYPOXIA,MM,Mus musculus
HALLMARK_HYPOXIA,Pfkfb3,https://www.gsea-msigdb.org/gsea/msigdb/mouse/geneset/HALLMARK_HYPOXIA,MM,Mus musculus
HALLMARK_HYPOXIA,Pfkl,https://www.gsea-msigdb.org/gsea/msigdb/mouse/geneset/HALLMARK_HYPOXIA,MM,Mus musculus
HALLMARK_HYPOXIA,Pfkp,https://www.gsea-msigdb.org/gsea/msigdb/mouse/geneset/HALLMARK_HYPOXIA,MM,Mus musculus
HALLMARK_HYPOXIA,Pgam2,https://www.gsea-msigdb.org/gsea/msigdb/mouse/geneset/HALLMARK_HYPOXIA,MM,Mus musculus
HALLMARK_HYPOXIA,Pgf,https://www.gsea-msigdb.org/gsea/msigdb/mouse/geneset/HALLMARK_HYPOXIA,MM,Mus musculus
HALLMARK_HYPOXIA,Pgk1,https://www.gsea-msigdb.org/gsea/msigdb/mouse/geneset/HALLMARK_HYPOXIA,MM,Mus musculus
HALLMARK_HYPOXIA,Pgm1,https://www.gsea-msigdb.org/gsea/msigdb/mouse/geneset/HALLMARK_HYPOXIA,MM,Mus musculus
HALLMARK_HYPOXIA,Pgm2,https://www.gsea-msigdb.org/gsea/msigdb/mouse/geneset/HALLMARK_HYPOXIA,MM,Mus musculus
HALLMARK_HYPOXIA,Phkg1,https://www.gsea-msigdb.org/gsea/msigdb/mouse/geneset/HALLMARK_HYPOXIA,MM,Mus musculus
HALLMARK_HYPOXIA,Pim1,https://www.gsea-msigdb.org/gsea/msigdb/mouse/geneset/HALLMARK_HYPOXIA,MM,Mus musculus
HALLMARK_HYPOXIA,Pklr,https://www.gsea-msigdb.org/gsea/msigdb/mouse/geneset/HALLMARK_HYPOXIA,MM,Mus musculus
HALLMARK_HYPOXIA,Pkp1,https://www.gsea-msigdb.org/gsea/msigdb/mouse/geneset/HALLMARK_HYPOXIA,MM,Mus musculus
HALLMARK_HYPOXIA,Plac8,https://www.gsea-msigdb.org/gsea/msigdb/mouse/geneset/HALLMARK_HYPOXIA,MM,Mus musculus
HALLMARK_HYPOXIA,Plaur,https://www.gsea-msigdb.org/gsea/msigdb/mouse/geneset/HALLMARK_HYPOXIA,MM,Mus musculus
HALLMARK_HYPOXIA,Plin2,https://www.gsea-msigdb.org/gsea/msigdb/mouse/geneset/HALLMARK_HYPOXIA,MM,Mus musculus
HALLMARK_HYPOXIA,Pnrc1,https://www.gsea-msigdb.org/gsea/msigdb/mouse/geneset/HALLMARK_HYPOXIA,MM,Mus musculus
HALLMARK_HYPOXIA,Ppargc1a,https://www.gsea-msigdb.org/gsea/msigdb/mouse/geneset/HALLMARK_HYPOXIA,MM,Mus musculus
HALLMARK_HYPOXIA,Ppfia4,https://www.gsea-msigdb.org/gsea/msigdb/mouse/geneset/HALLMARK_HYPOXIA,MM,Mus musculus
HALLMARK_HYPOXIA,Ppp1r15a,https://www.gsea-msigdb.org/gsea/msigdb/mouse/geneset/HALLMARK_HYPOXIA,MM,Mus musculus
HALLMARK_HYPOXIA,Ppp1r3c,https://www.gsea-msigdb.org/gsea/msigdb/mouse/geneset/HALLMARK_HYPOXIA,MM,Mus musculus
HALLMARK_HYPOXIA,Prdx5,https://www.gsea-msigdb.org/gsea/msigdb/mouse/geneset/HALLMARK_HYPOXIA,MM,Mus musculus
HALLMARK_HYPOXIA,Prkca,https://www.gsea-msigdb.org/gsea/msigdb/mouse/geneset/HALLMARK_HYPOXIA,MM,Mus musculus
HALLMARK_HYPOXIA,Pygm,https://www.gsea-msigdb.org/gsea/msigdb/mouse/geneset/HALLMARK_HYPOXIA,MM,Mus musculus
HALLMARK_HYPOXIA,Rbpj,https://www.gsea-msigdb.org/gsea/msigdb/mouse/geneset/HALLMARK_HYPOXIA,MM,Mus musculus
HALLMARK_HYPOXIA,Rora,https://www.gsea-msigdb.org/gsea/msigdb/mouse/geneset/HALLMARK_HYPOXIA,MM,Mus musculus
HALLMARK_HYPOXIA,Rragd,https://www.gsea-msigdb.org/gsea/msigdb/mouse/geneset/HALLMARK_HYPOXIA,MM,Mus musculus
HALLMARK_HYPOXIA,S100a4,https://www.gsea-msigdb.org/gsea/msigdb/mouse/geneset/HALLMARK_HYPOXIA,MM,Mus musculus
HALLMARK_HYPOXIA,Sap30,https://www.gsea-msigdb.org/gsea/msigdb/mouse/geneset/HALLMARK_HYPOXIA,MM,Mus musculus
HALLMARK_HYPOXIA,Scarb1,https://www.gsea-msigdb.org/gsea/msigdb/mouse/geneset/HALLMARK_HYPOXIA,MM,Mus musculus
HALLMARK_HYPOXIA,Sdc2,https://www.gsea-msigdb.org/gsea/msigdb/mouse/geneset/HALLMARK_HYPOXIA,MM,Mus musculus
HALLMARK_HYPOXIA,Sdc3,https://www.gsea-msigdb.org/gsea/msigdb/mouse/geneset/HALLMARK_HYPOXIA,MM,Mus musculus
HALLMARK_HYPOXIA,Sdc4,https://www.gsea-msigdb.org/gsea/msigdb/mouse/geneset/HALLMARK_HYPOXIA,MM,Mus musculus
HALLMARK_HYPOXIA,Selenbp1,https://www.gsea-msigdb.org/gsea/msigdb/mouse/geneset/HALLMARK_HYPOXIA,MM,Mus musculus
HALLMARK_HYPOXIA,Serpine1,https://www.gsea-msigdb.org/gsea/msigdb/mouse/geneset/HALLMARK_HYPOXIA,MM,Mus musculus
HALLMARK_HYPOXIA,Siah2,https://www.gsea-msigdb.org/gsea/msigdb/mouse/geneset/HALLMARK_HYPOXIA,MM,Mus musculus
HALLMARK_HYPOXIA,Slc25a1,https://www.gsea-msigdb.org/gsea/msigdb/mouse/geneset/HALLMARK_HYPOXIA,MM,Mus musculus
HALLMARK_HYPOXIA,Slc2a1,https://www.gsea-msigdb.org/gsea/msigdb/mouse/geneset/HALLMARK_HYPOXIA,MM,Mus musculus
HALLMARK_HYPOXIA,Slc2a3,https://www.gsea-msigdb.org/gsea/msigdb/mouse/geneset/HALLMARK_HYPOXIA,MM,Mus musculus
HALLMARK_HYPOXIA,Slc2a5,https://www.gsea-msigdb.org/gsea/msigdb/mouse/geneset/HALLMARK_HYPOXIA,MM,Mus musculus
HALLMARK_HYPOXIA,Slc37a4,https://www.gsea-msigdb.org/gsea/msigdb/mouse/geneset/HALLMARK_HYPOXIA,MM,Mus musculus
HALLMARK_HYPOXIA,Slc6a6,https://www.gsea-msigdb.org/gsea/msigdb/mouse/geneset/HALLMARK_HYPOXIA,MM,Mus musculus
HALLMARK_HYPOXIA,Srpx,https://www.gsea-msigdb.org/gsea/msigdb/mouse/geneset/HALLMARK_HYPOXIA,MM,Mus musculus
HALLMARK_HYPOXIA,Stbd1,https://www.gsea-msigdb.org/gsea/msigdb/mouse/geneset/HALLMARK_HYPOXIA,MM,Mus musculus
HALLMARK_HYPOXIA,Stc1,https://www.gsea-msigdb.org/gsea/msigdb/mouse/geneset/HALLMARK_HYPOXIA,MM,Mus musculus
HALLMARK_HYPOXIA,Stc2,https://www.gsea-msigdb.org/gsea/msigdb/mouse/geneset/HALLMARK_HYPOXIA,MM,Mus musculus
HALLMARK_HYPOXIA,Sult2b1,https://www.gsea-msigdb.org/gsea/msigdb/mouse/geneset/HALLMARK_HYPOXIA,MM,Mus musculus
HALLMARK_HYPOXIA,Tes,https://www.gsea-msigdb.org/gsea/msigdb/mouse/geneset/HALLMARK_HYPOXIA,MM,Mus musculus
HALLMARK_HYPOXIA,Tgfb3,https://www.gsea-msigdb.org/gsea/msigdb/mouse/geneset/HALLMARK_HYPOXIA,MM,Mus musculus
HALLMARK_HYPOXIA,Tgfbi,https://www.gsea-msigdb.org/gsea/msigdb/mouse/geneset/HALLMARK_HYPOXIA,MM,Mus musculus
HALLMARK_HYPOXIA,Tgm2,https://www.gsea-msigdb.org/gsea/msigdb/mouse/geneset/HALLMARK_HYPOXIA,MM,Mus musculus
HALLMARK_HYPOXIA,Tiparp,https://www.gsea-msigdb.org/gsea/msigdb/mouse/geneset/HALLMARK_HYPOXIA,MM,Mus musculus
HALLMARK_HYPOXIA,Tktl1,https://www.gsea-msigdb.org/gsea/msigdb/mouse/geneset/HALLMARK_HYPOXIA,MM,Mus musculus
HALLMARK_HYPOXIA,Tmem45a,https://www.gsea-msigdb.org/gsea/msigdb/mouse/geneset/HALLMARK_HYPOXIA,MM,Mus musculus
HALLMARK_HYPOXIA,Tnfaip3,https://www.gsea-msigdb.org/gsea/msigdb/mouse/geneset/HALLMARK_HYPOXIA,MM,Mus musculus
HALLMARK_HYPOXIA,Tpbg,https://www.gsea-msigdb.org/gsea/msigdb/mouse/geneset/HALLMARK_HYPOXIA,MM,Mus musculus
HALLMARK_HYPOXIA,Tpd52,https://www.gsea-msigdb.org/gsea/msigdb/mouse/geneset/HALLMARK_HYPOXIA,MM,Mus musculus
HALLMARK_HYPOXIA,Tpi1,https://www.gsea-msigdb.org/gsea/msigdb/mouse/geneset/HALLMARK_HYPOXIA,MM,Mus musculus
HALLMARK_HYPOXIA,Tpst2,https://www.gsea-msigdb.org/gsea/msigdb/mouse/geneset/HALLMARK_HYPOXIA,MM,Mus musculus
HALLMARK_HYPOXIA,Ugp2,https://www.gsea-msigdb.org/gsea/msigdb/mouse/geneset/HALLMARK_HYPOXIA,MM,Mus musculus
HALLMARK_HYPOXIA,Vegfa,https://www.gsea-msigdb.org/gsea/msigdb/mouse/geneset/HALLMARK_HYPOXIA,MM,Mus musculus
HALLMARK_HYPOXIA,Vhl,https://www.gsea-msigdb.org/gsea/msigdb/mouse/geneset/HALLMARK_HYPOXIA,MM,Mus musculus
HALLMARK_HYPOXIA,Vldlr,https://www.gsea-msigdb.org/gsea/msigdb/mouse/geneset/HALLMARK_HYPOXIA,MM,Mus musculus
HALLMARK_HYPOXIA,Wsb1,https://www.gsea-msigdb.org/gsea/msigdb/mouse/geneset/HALLMARK_HYPOXIA,MM,Mus musculus
HALLMARK_HYPOXIA,Xpnpep1,https://www.gsea-msigdb.org/gsea/msigdb/mouse/geneset/HALLMARK_HYPOXIA,MM,Mus musculus
HALLMARK_HYPOXIA,Zfp292,https://www.gsea-msigdb.org/gsea/msigdb/mouse/geneset/HALLMARK_HYPOXIA,MM,Mus musculus
HALLMARK_HYPOXIA,Zfp36,https://www.gsea-msigdb.org/gsea/msigdb/mouse/geneset/HALLMARK_HYPOXIA,MM,Mus musculus
HALLMARK_IL2_STAT5_SIGNALING,Abcb1a,https://www.gsea-msigdb.org/gsea/msigdb/mouse/geneset/HALLMARK_IL2_STAT5_SIGNALING,MM,Mus musculus
HALLMARK_IL2_STAT5_SIGNALING,Adam19,https://www.gsea-msigdb.org/gsea/msigdb/mouse/geneset/HALLMARK_IL2_STAT5_SIGNALING,MM,Mus musculus
HALLMARK_IL2_STAT5_SIGNALING,Ager,https://www.gsea-msigdb.org/gsea/msigdb/mouse/geneset/HALLMARK_IL2_STAT5_SIGNALING,MM,Mus musculus
HALLMARK_IL2_STAT5_SIGNALING,Ahcyl,https://www.gsea-msigdb.org/gsea/msigdb/mouse/geneset/HALLMARK_IL2_STAT5_SIGNALING,MM,Mus musculus
HALLMARK_IL2_STAT5_SIGNALING,Ahnak,https://www.gsea-msigdb.org/gsea/msigdb/mouse/geneset/HALLMARK_IL2_STAT5_SIGNALING,MM,Mus musculus
HALLMARK_IL2_STAT5_SIGNALING,Ahr,https://www.gsea-msigdb.org/gsea/msigdb/mouse/geneset/HALLMARK_IL2_STAT5_SIGNALING,MM,Mus musculus
HALLMARK_IL2_STAT5_SIGNALING,Alcam,https://www.gsea-msigdb.org/gsea/msigdb/mouse/geneset/HALLMARK_IL2_STAT5_SIGNALING,MM,Mus musculus
HALLMARK_IL2_STAT5_SIGNALING,Amacr,https://www.gsea-msigdb.org/gsea/msigdb/mouse/geneset/HALLMARK_IL2_STAT5_SIGNALING,MM,Mus musculus
HALLMARK_IL2_STAT5_SIGNALING,Anxa4,https://www.gsea-msigdb.org/gsea/msigdb/mouse/geneset/HALLMARK_IL2_STAT5_SIGNALING,MM,Mus musculus
HALLMARK_IL2_STAT5_SIGNALING,Aplp1,https://www.gsea-msigdb.org/gsea/msigdb/mouse/geneset/HALLMARK_IL2_STAT5_SIGNALING,MM,Mus musculus
HALLMARK_IL2_STAT5_SIGNALING,Arl4a,https://www.gsea-msigdb.org/gsea/msigdb/mouse/geneset/HALLMARK_IL2_STAT5_SIGNALING,MM,Mus musculus
HALLMARK_IL2_STAT5_SIGNALING,Batf,https://www.gsea-msigdb.org/gsea/msigdb/mouse/geneset/HALLMARK_IL2_STAT5_SIGNALING,MM,Mus musculus
HALLMARK_IL2_STAT5_SIGNALING,Batf3,https://www.gsea-msigdb.org/gsea/msigdb/mouse/geneset/HALLMARK_IL2_STAT5_SIGNALING,MM,Mus musculus
HALLMARK_IL2_STAT5_SIGNALING,Bcl2,https://www.gsea-msigdb.org/gsea/msigdb/mouse/geneset/HALLMARK_IL2_STAT5_SIGNALING,MM,Mus musculus
HALLMARK_IL2_STAT5_SIGNALING,Bcl2l1,https://www.gsea-msigdb.org/gsea/msigdb/mouse/geneset/HALLMARK_IL2_STAT5_SIGNALING,MM,Mus musculus
HALLMARK_IL2_STAT5_SIGNALING,Bhlhe40,https://www.gsea-msigdb.org/gsea/msigdb/mouse/geneset/HALLMARK_IL2_STAT5_SIGNALING,MM,Mus musculus
HALLMARK_IL2_STAT5_SIGNALING,Bmp2,https://www.gsea-msigdb.org/gsea/msigdb/mouse/geneset/HALLMARK_IL2_STAT5_SIGNALING,MM,Mus musculus
HALLMARK_IL2_STAT5_SIGNALING,Bmpr2,https://www.gsea-msigdb.org/gsea/msigdb/mouse/geneset/HALLMARK_IL2_STAT5_SIGNALING,MM,Mus musculus
HALLMARK_IL2_STAT5_SIGNALING,Capg,https://www.gsea-msigdb.org/gsea/msigdb/mouse/geneset/HALLMARK_IL2_STAT5_SIGNALING,MM,Mus musculus
HALLMARK_IL2_STAT5_SIGNALING,Capn3,https://www.gsea-msigdb.org/gsea/msigdb/mouse/geneset/HALLMARK_IL2_STAT5_SIGNALING,MM,Mus musculus
HALLMARK_IL2_STAT5_SIGNALING,Car2,https://www.gsea-msigdb.org/gsea/msigdb/mouse/geneset/HALLMARK_IL2_STAT5_SIGNALING,MM,Mus musculus
HALLMARK_IL2_STAT5_SIGNALING,Casp3,https://www.gsea-msigdb.org/gsea/msigdb/mouse/geneset/HALLMARK_IL2_STAT5_SIGNALING,MM,Mus musculus
HALLMARK_IL2_STAT5_SIGNALING,Ccnd2,https://www.gsea-msigdb.org/gsea/msigdb/mouse/geneset/HALLMARK_IL2_STAT5_SIGNALING,MM,Mus musculus
HALLMARK_IL2_STAT5_SIGNALING,Ccnd3,https://www.gsea-msigdb.org/gsea/msigdb/mouse/geneset/HALLMARK_IL2_STAT5_SIGNALING,MM,Mus musculus
HALLMARK_IL2_STAT5_SIGNALING,Ccne1,https://www.gsea-msigdb.org/gsea/msigdb/mouse/geneset/HALLMARK_IL2_STAT5_SIGNALING,MM,Mus musculus
HALLMARK_IL2_STAT5_SIGNALING,Ccr4,https://www.gsea-msigdb.org/gsea/msigdb/mouse/geneset/HALLMARK_IL2_STAT5_SIGNALING,MM,Mus musculus
HALLMARK_IL2_STAT5_SIGNALING,Cd44,https://www.gsea-msigdb.org/gsea/msigdb/mouse/geneset/HALLMARK_IL2_STAT5_SIGNALING,MM,Mus musculus
HALLMARK_IL2_STAT5_SIGNALING,Cd48,https://www.gsea-msigdb.org/gsea/msigdb/mouse/geneset/HALLMARK_IL2_STAT5_SIGNALING,MM,Mus musculus
HALLMARK_IL2_STAT5_SIGNALING,Cd79b,https://www.gsea-msigdb.org/gsea/msigdb/mouse/geneset/HALLMARK_IL2_STAT5_SIGNALING,MM,Mus musculus
HALLMARK_IL2_STAT5_SIGNALING,Cd81,https://www.gsea-msigdb.org/gsea/msigdb/mouse/geneset/HALLMARK_IL2_STAT5_SIGNALING,MM,Mus musculus
HALLMARK_IL2_STAT5_SIGNALING,Cd83,https://www.gsea-msigdb.org/gsea/msigdb/mouse/geneset/HALLMARK_IL2_STAT5_SIGNALING,MM,Mus musculus
HALLMARK_IL2_STAT5_SIGNALING,Cd86,https://www.gsea-msigdb.org/gsea/msigdb/mouse/geneset/HALLMARK_IL2_STAT5_SIGNALING,MM,Mus musculus
HALLMARK_IL2_STAT5_SIGNALING,Cdc42se2,https://www.gsea-msigdb.org/gsea/msigdb/mouse/geneset/HALLMARK_IL2_STAT5_SIGNALING,MM,Mus musculus
HALLMARK_IL2_STAT5_SIGNALING,Cdc6,https://www.gsea-msigdb.org/gsea/msigdb/mouse/geneset/HALLMARK_IL2_STAT5_SIGNALING,MM,Mus musculus
HALLMARK_IL2_STAT5_SIGNALING,Cdcp1,https://www.gsea-msigdb.org/gsea/msigdb/mouse/geneset/HALLMARK_IL2_STAT5_SIGNALING,MM,Mus musculus
HALLMARK_IL2_STAT5_SIGNALING,Cdkn1c,https://www.gsea-msigdb.org/gsea/msigdb/mouse/geneset/HALLMARK_IL2_STAT5_SIGNALING,MM,Mus musculus
HALLMARK_IL2_STAT5_SIGNALING,Cish,https://www.gsea-msigdb.org/gsea/msigdb/mouse/geneset/HALLMARK_IL2_STAT5_SIGNALING,MM,Mus musculus
HALLMARK_IL2_STAT5_SIGNALING,Ckap4,https://www.gsea-msigdb.org/gsea/msigdb/mouse/geneset/HALLMARK_IL2_STAT5_SIGNALING,MM,Mus musculus
HALLMARK_IL2_STAT5_SIGNALING,Coch,https://www.gsea-msigdb.org/gsea/msigdb/mouse/geneset/HALLMARK_IL2_STAT5_SIGNALING,MM,Mus musculus
HALLMARK_IL2_STAT5_SIGNALING,Col6a1,https://www.gsea-msigdb.org/gsea/msigdb/mouse/geneset/HALLMARK_IL2_STAT5_SIGNALING,MM,Mus musculus
HALLMARK_IL2_STAT5_SIGNALING,Csf1,https://www.gsea-msigdb.org/gsea/msigdb/mouse/geneset/HALLMARK_IL2_STAT5_SIGNALING,MM,Mus musculus
HALLMARK_IL2_STAT5_SIGNALING,Csf2,https://www.gsea-msigdb.org/gsea/msigdb/mouse/geneset/HALLMARK_IL2_STAT5_SIGNALING,MM,Mus musculus
HALLMARK_IL2_STAT5_SIGNALING,Cst7,https://www.gsea-msigdb.org/gsea/msigdb/mouse/geneset/HALLMARK_IL2_STAT5_SIGNALING,MM,Mus musculus
HALLMARK_IL2_STAT5_SIGNALING,Ctla4,https://www.gsea-msigdb.org/gsea/msigdb/mouse/geneset/HALLMARK_IL2_STAT5_SIGNALING,MM,Mus musculus
HALLMARK_IL2_STAT5_SIGNALING,Ctsz,https://www.gsea-msigdb.org/gsea/msigdb/mouse/geneset/HALLMARK_IL2_STAT5_SIGNALING,MM,Mus musculus
HALLMARK_IL2_STAT5_SIGNALING,Cxcl10,https://www.gsea-msigdb.org/gsea/msigdb/mouse/geneset/HALLMARK_IL2_STAT5_SIGNALING,MM,Mus musculus
HALLMARK_IL2_STAT5_SIGNALING,Cyfip1,https://www.gsea-msigdb.org/gsea/msigdb/mouse/geneset/HALLMARK_IL2_STAT5_SIGNALING,MM,Mus musculus
HALLMARK_IL2_STAT5_SIGNALING,Dcps,https://www.gsea-msigdb.org/gsea/msigdb/mouse/geneset/HALLMARK_IL2_STAT5_SIGNALING,MM,Mus musculus
HALLMARK_IL2_STAT5_SIGNALING,Dennd5a,https://www.gsea-msigdb.org/gsea/msigdb/mouse/geneset/HALLMARK_IL2_STAT5_SIGNALING,MM,Mus musculus
HALLMARK_IL2_STAT5_SIGNALING,Dhrs3,https://www.gsea-msigdb.org/gsea/msigdb/mouse/geneset/HALLMARK_IL2_STAT5_SIGNALING,MM,Mus musculus
HALLMARK_IL2_STAT5_SIGNALING,Drc1,https://www.gsea-msigdb.org/gsea/msigdb/mouse/geneset/HALLMARK_IL2_STAT5_SIGNALING,MM,Mus musculus
HALLMARK_IL2_STAT5_SIGNALING,Ecm1,https://www.gsea-msigdb.org/gsea/msigdb/mouse/geneset/HALLMARK_IL2_STAT5_SIGNALING,MM,Mus musculus
HALLMARK_IL2_STAT5_SIGNALING,Eef1akmt1,https://www.gsea-msigdb.org/gsea/msigdb/mouse/geneset/HALLMARK_IL2_STAT5_SIGNALING,MM,Mus musculus
HALLMARK_IL2_STAT5_SIGNALING,Emp1,https://www.gsea-msigdb.org/gsea/msigdb/mouse/geneset/HALLMARK_IL2_STAT5_SIGNALING,MM,Mus musculus
HALLMARK_IL2_STAT5_SIGNALING,Eno3,https://www.gsea-msigdb.org/gsea/msigdb/mouse/geneset/HALLMARK_IL2_STAT5_SIGNALING,MM,Mus musculus
HALLMARK_IL2_STAT5_SIGNALING,Enpp1,https://www.gsea-msigdb.org/gsea/msigdb/mouse/geneset/HALLMARK_IL2_STAT5_SIGNALING,MM,Mus musculus
HALLMARK_IL2_STAT5_SIGNALING,Eomes,https://www.gsea-msigdb.org/gsea/msigdb/mouse/geneset/HALLMARK_IL2_STAT5_SIGNALING,MM,Mus musculus
HALLMARK_IL2_STAT5_SIGNALING,Etfbkmt,https://www.gsea-msigdb.org/gsea/msigdb/mouse/geneset/HALLMARK_IL2_STAT5_SIGNALING,MM,Mus musculus
HALLMARK_IL2_STAT5_SIGNALING,Etv4,https://www.gsea-msigdb.org/gsea/msigdb/mouse/geneset/HALLMARK_IL2_STAT5_SIGNALING,MM,Mus musculus
HALLMARK_IL2_STAT5_SIGNALING,F2rl2,https://www.gsea-msigdb.org/gsea/msigdb/mouse/geneset/HALLMARK_IL2_STAT5_SIGNALING,MM,Mus musculus
HALLMARK_IL2_STAT5_SIGNALING,Fah,https://www.gsea-msigdb.org/gsea/msigdb/mouse/geneset/HALLMARK_IL2_STAT5_SIGNALING,MM,Mus musculus
HALLMARK_IL2_STAT5_SIGNALING,Fgl2,https://www.gsea-msigdb.org/gsea/msigdb/mouse/geneset/HALLMARK_IL2_STAT5_SIGNALING,MM,Mus musculus
HALLMARK_IL2_STAT5_SIGNALING,Flt3l,https://www.gsea-msigdb.org/gsea/msigdb/mouse/geneset/HALLMARK_IL2_STAT5_SIGNALING,MM,Mus musculus
HALLMARK_IL2_STAT5_SIGNALING,Furin,https://www.gsea-msigdb.org/gsea/msigdb/mouse/geneset/HALLMARK_IL2_STAT5_SIGNALING,MM,Mus musculus
HALLMARK_IL2_STAT5_SIGNALING,Gabarapl1,https://www.gsea-msigdb.org/gsea/msigdb/mouse/geneset/HALLMARK_IL2_STAT5_SIGNALING,MM,Mus musculus
HALLMARK_IL2_STAT5_SIGNALING,Gadd45b,https://www.gsea-msigdb.org/gsea/msigdb/mouse/geneset/HALLMARK_IL2_STAT5_SIGNALING,MM,Mus musculus
HALLMARK_IL2_STAT5_SIGNALING,Galm,https://www.gsea-msigdb.org/gsea/msigdb/mouse/geneset/HALLMARK_IL2_STAT5_SIGNALING,MM,Mus musculus
HALLMARK_IL2_STAT5_SIGNALING,Gata1,https://www.gsea-msigdb.org/gsea/msigdb/mouse/geneset/HALLMARK_IL2_STAT5_SIGNALING,MM,Mus musculus
HALLMARK_IL2_STAT5_SIGNALING,Gbp3,https://www.gsea-msigdb.org/gsea/msigdb/mouse/geneset/HALLMARK_IL2_STAT5_SIGNALING,MM,Mus musculus
HALLMARK_IL2_STAT5_SIGNALING,Glipr2,https://www.gsea-msigdb.org/gsea/msigdb/mouse/geneset/HALLMARK_IL2_STAT5_SIGNALING,MM,Mus musculus
HALLMARK_IL2_STAT5_SIGNALING,Gpr65,https://www.gsea-msigdb.org/gsea/msigdb/mouse/geneset/HALLMARK_IL2_STAT5_SIGNALING,MM,Mus musculus
HALLMARK_IL2_STAT5_SIGNALING,Gpr83,https://www.gsea-msigdb.org/gsea/msigdb/mouse/geneset/HALLMARK_IL2_STAT5_SIGNALING,MM,Mus musculus
HALLMARK_IL2_STAT5_SIGNALING,Gpx4,https://www.gsea-msigdb.org/gsea/msigdb/mouse/geneset/HALLMARK_IL2_STAT5_SIGNALING,MM,Mus musculus
HALLMARK_IL2_STAT5_SIGNALING,Gsto1,https://www.gsea-msigdb.org/gsea/msigdb/mouse/geneset/HALLMARK_IL2_STAT5_SIGNALING,MM,Mus musculus
HALLMARK_IL2_STAT5_SIGNALING,Gucy1b1,https://www.gsea-msigdb.org/gsea/msigdb/mouse/geneset/HALLMARK_IL2_STAT5_SIGNALING,MM,Mus musculus
HALLMARK_IL2_STAT5_SIGNALING,Hipk2,https://www.gsea-msigdb.org/gsea/msigdb/mouse/geneset/HALLMARK_IL2_STAT5_SIGNALING,MM,Mus musculus
HALLMARK_IL2_STAT5_SIGNALING,Hk2,https://www.gsea-msigdb.org/gsea/msigdb/mouse/geneset/HALLMARK_IL2_STAT5_SIGNALING,MM,Mus musculus
HALLMARK_IL2_STAT5_SIGNALING,Hopx,https://www.gsea-msigdb.org/gsea/msigdb/mouse/geneset/HALLMARK_IL2_STAT5_SIGNALING,MM,Mus musculus
HALLMARK_IL2_STAT5_SIGNALING,Huwe1,https://www.gsea-msigdb.org/gsea/msigdb/mouse/geneset/HALLMARK_IL2_STAT5_SIGNALING,MM,Mus musculus
HALLMARK_IL2_STAT5_SIGNALING,Hycc2,https://www.gsea-msigdb.org/gsea/msigdb/mouse/geneset/HALLMARK_IL2_STAT5_SIGNALING,MM,Mus musculus
HALLMARK_IL2_STAT5_SIGNALING,Icos,https://www.gsea-msigdb.org/gsea/msigdb/mouse/geneset/HALLMARK_IL2_STAT5_SIGNALING,MM,Mus musculus
HALLMARK_IL2_STAT5_SIGNALING,Ifitm3,https://www.gsea-msigdb.org/gsea/msigdb/mouse/geneset/HALLMARK_IL2_STAT5_SIGNALING,MM,Mus musculus
HALLMARK_IL2_STAT5_SIGNALING,Ifngr1,https://www.gsea-msigdb.org/gsea/msigdb/mouse/geneset/HALLMARK_IL2_STAT5_SIGNALING,MM,Mus musculus
HALLMARK_IL2_STAT5_SIGNALING,Igf1r,https://www.gsea-msigdb.org/gsea/msigdb/mouse/geneset/HALLMARK_IL2_STAT5_SIGNALING,MM,Mus musculus
HALLMARK_IL2_STAT5_SIGNALING,Igf2r,https://www.gsea-msigdb.org/gsea/msigdb/mouse/geneset/HALLMARK_IL2_STAT5_SIGNALING,MM,Mus musculus
HALLMARK_IL2_STAT5_SIGNALING,Ikzf2,https://www.gsea-msigdb.org/gsea/msigdb/mouse/geneset/HALLMARK_IL2_STAT5_SIGNALING,MM,Mus musculus
HALLMARK_IL2_STAT5_SIGNALING,Ikzf4,https://www.gsea-msigdb.org/gsea/msigdb/mouse/geneset/HALLMARK_IL2_STAT5_SIGNALING,MM,Mus musculus
HALLMARK_IL2_STAT5_SIGNALING,Il10,https://www.gsea-msigdb.org/gsea/msigdb/mouse/geneset/HALLMARK_IL2_STAT5_SIGNALING,MM,Mus musculus
HALLMARK_IL2_STAT5_SIGNALING,Il10ra,https://www.gsea-msigdb.org/gsea/msigdb/mouse/geneset/HALLMARK_IL2_STAT5_SIGNALING,MM,Mus musculus
HALLMARK_IL2_STAT5_SIGNALING,Il13,https://www.gsea-msigdb.org/gsea/msigdb/mouse/geneset/HALLMARK_IL2_STAT5_SIGNALING,MM,Mus musculus
HALLMARK_IL2_STAT5_SIGNALING,Il18r1,https://www.gsea-msigdb.org/gsea/msigdb/mouse/geneset/HALLMARK_IL2_STAT5_SIGNALING,MM,Mus musculus
HALLMARK_IL2_STAT5_SIGNALING,Il1r2,https://www.gsea-msigdb.org/gsea/msigdb/mouse/geneset/HALLMARK_IL2_STAT5_SIGNALING,MM,Mus musculus
HALLMARK_IL2_STAT5_SIGNALING,Il1rl1,https://www.gsea-msigdb.org/gsea/msigdb/mouse/geneset/HALLMARK_IL2_STAT5_SIGNALING,MM,Mus musculus
HALLMARK_IL2_STAT5_SIGNALING,Il2ra,https://www.gsea-msigdb.org/gsea/msigdb/mouse/geneset/HALLMARK_IL2_STAT5_SIGNALING,MM,Mus musculus
HALLMARK_IL2_STAT5_SIGNALING,Il2rb,https://www.gsea-msigdb.org/gsea/msigdb/mouse/geneset/HALLMARK_IL2_STAT5_SIGNALING,MM,Mus musculus
HALLMARK_IL2_STAT5_SIGNALING,Il3ra,https://www.gsea-msigdb.org/gsea/msigdb/mouse/geneset/HALLMARK_IL2_STAT5_SIGNALING,MM,Mus musculus
HALLMARK_IL2_STAT5_SIGNALING,Il4ra,https://www.gsea-msigdb.org/gsea/msigdb/mouse/geneset/HALLMARK_IL2_STAT5_SIGNALING,MM,Mus musculus
HALLMARK_IL2_STAT5_SIGNALING,Irf4,https://www.gsea-msigdb.org/gsea/msigdb/mouse/geneset/HALLMARK_IL2_STAT5_SIGNALING,MM,Mus musculus
HALLMARK_IL2_STAT5_SIGNALING,Irf6,https://www.gsea-msigdb.org/gsea/msigdb/mouse/geneset/HALLMARK_IL2_STAT5_SIGNALING,MM,Mus musculus
HALLMARK_IL2_STAT5_SIGNALING,Irf8,https://www.gsea-msigdb.org/gsea/msigdb/mouse/geneset/HALLMARK_IL2_STAT5_SIGNALING,MM,Mus musculus
HALLMARK_IL2_STAT5_SIGNALING,Itga6,https://www.gsea-msigdb.org/gsea/msigdb/mouse/geneset/HALLMARK_IL2_STAT5_SIGNALING,MM,Mus musculus
HALLMARK_IL2_STAT5_SIGNALING,Itgae,https://www.gsea-msigdb.org/gsea/msigdb/mouse/geneset/HALLMARK_IL2_STAT5_SIGNALING,MM,Mus musculus
HALLMARK_IL2_STAT5_SIGNALING,Itgav,https://www.gsea-msigdb.org/gsea/msigdb/mouse/geneset/HALLMARK_IL2_STAT5_SIGNALING,MM,Mus musculus
HALLMARK_IL2_STAT5_SIGNALING,Itih5,https://www.gsea-msigdb.org/gsea/msigdb/mouse/geneset/HALLMARK_IL2_STAT5_SIGNALING,MM,Mus musculus
HALLMARK_IL2_STAT5_SIGNALING,Klf6,https://www.gsea-msigdb.org/gsea/msigdb/mouse/geneset/HALLMARK_IL2_STAT5_SIGNALING,MM,Mus musculus
HALLMARK_IL2_STAT5_SIGNALING,Lclat1,https://www.gsea-msigdb.org/gsea/msigdb/mouse/geneset/HALLMARK_IL2_STAT5_SIGNALING,MM,Mus musculus
HALLMARK_IL2_STAT5_SIGNALING,Lif,https://www.gsea-msigdb.org/gsea/msigdb/mouse/geneset/HALLMARK_IL2_STAT5_SIGNALING,MM,Mus musculus
HALLMARK_IL2_STAT5_SIGNALING,Lrig1,https://www.gsea-msigdb.org/gsea/msigdb/mouse/geneset/HALLMARK_IL2_STAT5_SIGNALING,MM,Mus musculus
HALLMARK_IL2_STAT5_SIGNALING,Lrrc8c,https://www.gsea-msigdb.org/gsea/msigdb/mouse/geneset/HALLMARK_IL2_STAT5_SIGNALING,MM,Mus musculus
HALLMARK_IL2_STAT5_SIGNALING,Ltb,https://www.gsea-msigdb.org/gsea/msigdb/mouse/geneset/HALLMARK_IL2_STAT5_SIGNALING,MM,Mus musculus
HALLMARK_IL2_STAT5_SIGNALING,Maff,https://www.gsea-msigdb.org/gsea/msigdb/mouse/geneset/HALLMARK_IL2_STAT5_SIGNALING,MM,Mus musculus
HALLMARK_IL2_STAT5_SIGNALING,Map3k8,https://www.gsea-msigdb.org/gsea/msigdb/mouse/geneset/HALLMARK_IL2_STAT5_SIGNALING,MM,Mus musculus
HALLMARK_IL2_STAT5_SIGNALING,Map6,https://www.gsea-msigdb.org/gsea/msigdb/mouse/geneset/HALLMARK_IL2_STAT5_SIGNALING,MM,Mus musculus
HALLMARK_IL2_STAT5_SIGNALING,Mapkapk2,https://www.gsea-msigdb.org/gsea/msigdb/mouse/geneset/HALLMARK_IL2_STAT5_SIGNALING,MM,Mus musculus
HALLMARK_IL2_STAT5_SIGNALING,Muc1,https://www.gsea-msigdb.org/gsea/msigdb/mouse/geneset/HALLMARK_IL2_STAT5_SIGNALING,MM,Mus musculus
HALLMARK_IL2_STAT5_SIGNALING,Mxd1,https://www.gsea-msigdb.org/gsea/msigdb/mouse/geneset/HALLMARK_IL2_STAT5_SIGNALING,MM,Mus musculus
HALLMARK_IL2_STAT5_SIGNALING,Myc,https://www.gsea-msigdb.org/gsea/msigdb/mouse/geneset/HALLMARK_IL2_STAT5_SIGNALING,MM,Mus musculus
HALLMARK_IL2_STAT5_SIGNALING,Myo1c,https://www.gsea-msigdb.org/gsea/msigdb/mouse/geneset/HALLMARK_IL2_STAT5_SIGNALING,MM,Mus musculus
HALLMARK_IL2_STAT5_SIGNALING,Myo1e,https://www.gsea-msigdb.org/gsea/msigdb/mouse/geneset/HALLMARK_IL2_STAT5_SIGNALING,MM,Mus musculus
HALLMARK_IL2_STAT5_SIGNALING,Ncoa3,https://www.gsea-msigdb.org/gsea/msigdb/mouse/geneset/HALLMARK_IL2_STAT5_SIGNALING,MM,Mus musculus
HALLMARK_IL2_STAT5_SIGNALING,Ncs1,https://www.gsea-msigdb.org/gsea/msigdb/mouse/geneset/HALLMARK_IL2_STAT5_SIGNALING,MM,Mus musculus
HALLMARK_IL2_STAT5_SIGNALING,Ndrg1,https://www.gsea-msigdb.org/gsea/msigdb/mouse/geneset/HALLMARK_IL2_STAT5_SIGNALING,MM,Mus musculus
HALLMARK_IL2_STAT5_SIGNALING,Nfil3,https://www.gsea-msigdb.org/gsea/msigdb/mouse/geneset/HALLMARK_IL2_STAT5_SIGNALING,MM,Mus musculus
HALLMARK_IL2_STAT5_SIGNALING,Nfkbiz,https://www.gsea-msigdb.org/gsea/msigdb/mouse/geneset/HALLMARK_IL2_STAT5_SIGNALING,MM,Mus musculus
HALLMARK_IL2_STAT5_SIGNALING,Nop2,https://www.gsea-msigdb.org/gsea/msigdb/mouse/geneset/HALLMARK_IL2_STAT5_SIGNALING,MM,Mus musculus
HALLMARK_IL2_STAT5_SIGNALING,Nrp1,https://www.gsea-msigdb.org/gsea/msigdb/mouse/geneset/HALLMARK_IL2_STAT5_SIGNALING,MM,Mus musculus
HALLMARK_IL2_STAT5_SIGNALING,Nt5e,https://www.gsea-msigdb.org/gsea/msigdb/mouse/geneset/HALLMARK_IL2_STAT5_SIGNALING,MM,Mus musculus
HALLMARK_IL2_STAT5_SIGNALING,Odc1,https://www.gsea-msigdb.org/gsea/msigdb/mouse/geneset/HALLMARK_IL2_STAT5_SIGNALING,MM,Mus musculus
HALLMARK_IL2_STAT5_SIGNALING,P2rx4,https://www.gsea-msigdb.org/gsea/msigdb/mouse/geneset/HALLMARK_IL2_STAT5_SIGNALING,MM,Mus musculus
HALLMARK_IL2_STAT5_SIGNALING,P4ha1,https://www.gsea-msigdb.org/gsea/msigdb/mouse/geneset/HALLMARK_IL2_STAT5_SIGNALING,MM,Mus musculus
HALLMARK_IL2_STAT5_SIGNALING,Pdcd2l,https://www.gsea-msigdb.org/gsea/msigdb/mouse/geneset/HALLMARK_IL2_STAT5_SIGNALING,MM,Mus musculus
HALLMARK_IL2_STAT5_SIGNALING,Penk,https://www.gsea-msigdb.org/gsea/msigdb/mouse/geneset/HALLMARK_IL2_STAT5_SIGNALING,MM,Mus musculus
HALLMARK_IL2_STAT5_SIGNALING,Phlda1,https://www.gsea-msigdb.org/gsea/msigdb/mouse/geneset/HALLMARK_IL2_STAT5_SIGNALING,MM,Mus musculus
HALLMARK_IL2_STAT5_SIGNALING,Phtf2,https://www.gsea-msigdb.org/gsea/msigdb/mouse/geneset/HALLMARK_IL2_STAT5_SIGNALING,MM,Mus musculus
HALLMARK_IL2_STAT5_SIGNALING,Pim1,https://www.gsea-msigdb.org/gsea/msigdb/mouse/geneset/HALLMARK_IL2_STAT5_SIGNALING,MM,Mus musculus
HALLMARK_IL2_STAT5_SIGNALING,Plagl1,https://www.gsea-msigdb.org/gsea/msigdb/mouse/geneset/HALLMARK_IL2_STAT5_SIGNALING,MM,Mus musculus
HALLMARK_IL2_STAT5_SIGNALING,Plec,https://www.gsea-msigdb.org/gsea/msigdb/mouse/geneset/HALLMARK_IL2_STAT5_SIGNALING,MM,Mus musculus
HALLMARK_IL2_STAT5_SIGNALING,Plin2,https://www.gsea-msigdb.org/gsea/msigdb/mouse/geneset/HALLMARK_IL2_STAT5_SIGNALING,MM,Mus musculus
HALLMARK_IL2_STAT5_SIGNALING,Plpp1,https://www.gsea-msigdb.org/gsea/msigdb/mouse/geneset/HALLMARK_IL2_STAT5_SIGNALING,MM,Mus musculus
HALLMARK_IL2_STAT5_SIGNALING,Plscr1,https://www.gsea-msigdb.org/gsea/msigdb/mouse/geneset/HALLMARK_IL2_STAT5_SIGNALING,MM,Mus musculus
HALLMARK_IL2_STAT5_SIGNALING,Pnp,https://www.gsea-msigdb.org/gsea/msigdb/mouse/geneset/HALLMARK_IL2_STAT5_SIGNALING,MM,Mus musculus
HALLMARK_IL2_STAT5_SIGNALING,Pou2f1,https://www.gsea-msigdb.org/gsea/msigdb/mouse/geneset/HALLMARK_IL2_STAT5_SIGNALING,MM,Mus musculus
HALLMARK_IL2_STAT5_SIGNALING,Praf2,https://www.gsea-msigdb.org/gsea/msigdb/mouse/geneset/HALLMARK_IL2_STAT5_SIGNALING,MM,Mus musculus
HALLMARK_IL2_STAT5_SIGNALING,Prkch,https://www.gsea-msigdb.org/gsea/msigdb/mouse/geneset/HALLMARK_IL2_STAT5_SIGNALING,MM,Mus musculus
HALLMARK_IL2_STAT5_SIGNALING,Prnp,https://www.gsea-msigdb.org/gsea/msigdb/mouse/geneset/HALLMARK_IL2_STAT5_SIGNALING,MM,Mus musculus
HALLMARK_IL2_STAT5_SIGNALING,Ptch1,https://www.gsea-msigdb.org/gsea/msigdb/mouse/geneset/HALLMARK_IL2_STAT5_SIGNALING,MM,Mus musculus
HALLMARK_IL2_STAT5_SIGNALING,Ptger2,https://www.gsea-msigdb.org/gsea/msigdb/mouse/geneset/HALLMARK_IL2_STAT5_SIGNALING,MM,Mus musculus
HALLMARK_IL2_STAT5_SIGNALING,Pth1r,https://www.gsea-msigdb.org/gsea/msigdb/mouse/geneset/HALLMARK_IL2_STAT5_SIGNALING,MM,Mus musculus
HALLMARK_IL2_STAT5_SIGNALING,Ptrh2,https://www.gsea-msigdb.org/gsea/msigdb/mouse/geneset/HALLMARK_IL2_STAT5_SIGNALING,MM,Mus musculus
HALLMARK_IL2_STAT5_SIGNALING,Pus1,https://www.gsea-msigdb.org/gsea/msigdb/mouse/geneset/HALLMARK_IL2_STAT5_SIGNALING,MM,Mus musculus
HALLMARK_IL2_STAT5_SIGNALING,Rabgap1l,https://www.gsea-msigdb.org/gsea/msigdb/mouse/geneset/HALLMARK_IL2_STAT5_SIGNALING,MM,Mus musculus
HALLMARK_IL2_STAT5_SIGNALING,Rgs16,https://www.gsea-msigdb.org/gsea/msigdb/mouse/geneset/HALLMARK_IL2_STAT5_SIGNALING,MM,Mus musculus
HALLMARK_IL2_STAT5_SIGNALING,Rhob,https://www.gsea-msigdb.org/gsea/msigdb/mouse/geneset/HALLMARK_IL2_STAT5_SIGNALING,MM,Mus musculus
HALLMARK_IL2_STAT5_SIGNALING,Rhoh,https://www.gsea-msigdb.org/gsea/msigdb/mouse/geneset/HALLMARK_IL2_STAT5_SIGNALING,MM,Mus musculus
HALLMARK_IL2_STAT5_SIGNALING,Rnh1,https://www.gsea-msigdb.org/gsea/msigdb/mouse/geneset/HALLMARK_IL2_STAT5_SIGNALING,MM,Mus musculus
HALLMARK_IL2_STAT5_SIGNALING,Rora,https://www.gsea-msigdb.org/gsea/msigdb/mouse/geneset/HALLMARK_IL2_STAT5_SIGNALING,MM,Mus musculus
HALLMARK_IL2_STAT5_SIGNALING,Rragd,https://www.gsea-msigdb.org/gsea/msigdb/mouse/geneset/HALLMARK_IL2_STAT5_SIGNALING,MM,Mus musculus
HALLMARK_IL2_STAT5_SIGNALING,S100a1,https://www.gsea-msigdb.org/gsea/msigdb/mouse/geneset/HALLMARK_IL2_STAT5_SIGNALING,MM,Mus musculus
HALLMARK_IL2_STAT5_SIGNALING,Scn9a,https://www.gsea-msigdb.org/gsea/msigdb/mouse/geneset/HALLMARK_IL2_STAT5_SIGNALING,MM,Mus musculus
HALLMARK_IL2_STAT5_SIGNALING,Sell,https://www.gsea-msigdb.org/gsea/msigdb/mouse/geneset/HALLMARK_IL2_STAT5_SIGNALING,MM,Mus musculus
HALLMARK_IL2_STAT5_SIGNALING,Selp,https://www.gsea-msigdb.org/gsea/msigdb/mouse/geneset/HALLMARK_IL2_STAT5_SIGNALING,MM,Mus musculus
HALLMARK_IL2_STAT5_SIGNALING,Serpinb6a,https://www.gsea-msigdb.org/gsea/msigdb/mouse/geneset/HALLMARK_IL2_STAT5_SIGNALING,MM,Mus musculus
HALLMARK_IL2_STAT5_SIGNALING,Serpinc1,https://www.gsea-msigdb.org/gsea/msigdb/mouse/geneset/HALLMARK_IL2_STAT5_SIGNALING,MM,Mus musculus
HALLMARK_IL2_STAT5_SIGNALING,Sh3bgrl2,https://www.gsea-msigdb.org/gsea/msigdb/mouse/geneset/HALLMARK_IL2_STAT5_SIGNALING,MM,Mus musculus
HALLMARK_IL2_STAT5_SIGNALING,She,https://www.gsea-msigdb.org/gsea/msigdb/mouse/geneset/HALLMARK_IL2_STAT5_SIGNALING,MM,Mus musculus
HALLMARK_IL2_STAT5_SIGNALING,Slc1a5,https://www.gsea-msigdb.org/gsea/msigdb/mouse/geneset/HALLMARK_IL2_STAT5_SIGNALING,MM,Mus musculus
HALLMARK_IL2_STAT5_SIGNALING,Slc29a2,https://www.gsea-msigdb.org/gsea/msigdb/mouse/geneset/HALLMARK_IL2_STAT5_SIGNALING,MM,Mus musculus
HALLMARK_IL2_STAT5_SIGNALING,Slc2a3,https://www.gsea-msigdb.org/gsea/msigdb/mouse/geneset/HALLMARK_IL2_STAT5_SIGNALING,MM,Mus musculus
HALLMARK_IL2_STAT5_SIGNALING,Slc39a8,https://www.gsea-msigdb.org/gsea/msigdb/mouse/geneset/HALLMARK_IL2_STAT5_SIGNALING,MM,Mus musculus
HALLMARK_IL2_STAT5_SIGNALING,Smpdl3a,https://www.gsea-msigdb.org/gsea/msigdb/mouse/geneset/HALLMARK_IL2_STAT5_SIGNALING,MM,Mus musculus
HALLMARK_IL2_STAT5_SIGNALING,Snx14,https://www.gsea-msigdb.org/gsea/msigdb/mouse/geneset/HALLMARK_IL2_STAT5_SIGNALING,MM,Mus musculus
HALLMARK_IL2_STAT5_SIGNALING,Snx9,https://www.gsea-msigdb.org/gsea/msigdb/mouse/geneset/HALLMARK_IL2_STAT5_SIGNALING,MM,Mus musculus
HALLMARK_IL2_STAT5_SIGNALING,Socs1,https://www.gsea-msigdb.org/gsea/msigdb/mouse/geneset/HALLMARK_IL2_STAT5_SIGNALING,MM,Mus musculus
HALLMARK_IL2_STAT5_SIGNALING,Socs2,https://www.gsea-msigdb.org/gsea/msigdb/mouse/geneset/HALLMARK_IL2_STAT5_SIGNALING,MM,Mus musculus
HALLMARK_IL2_STAT5_SIGNALING,Spp1,https://www.gsea-msigdb.org/gsea/msigdb/mouse/geneset/HALLMARK_IL2_STAT5_SIGNALING,MM,Mus musculus
HALLMARK_IL2_STAT5_SIGNALING,Spred2,https://www.gsea-msigdb.org/gsea/msigdb/mouse/geneset/HALLMARK_IL2_STAT5_SIGNALING,MM,Mus musculus
HALLMARK_IL2_STAT5_SIGNALING,Spry4,https://www.gsea-msigdb.org/gsea/msigdb/mouse/geneset/HALLMARK_IL2_STAT5_SIGNALING,MM,Mus musculus
HALLMARK_IL2_STAT5_SIGNALING,St3gal4,https://www.gsea-msigdb.org/gsea/msigdb/mouse/geneset/HALLMARK_IL2_STAT5_SIGNALING,MM,Mus musculus
HALLMARK_IL2_STAT5_SIGNALING,Swap70,https://www.gsea-msigdb.org/gsea/msigdb/mouse/geneset/HALLMARK_IL2_STAT5_SIGNALING,MM,Mus musculus
HALLMARK_IL2_STAT5_SIGNALING,Syngr2,https://www.gsea-msigdb.org/gsea/msigdb/mouse/geneset/HALLMARK_IL2_STAT5_SIGNALING,MM,Mus musculus
HALLMARK_IL2_STAT5_SIGNALING,Syt11,https://www.gsea-msigdb.org/gsea/msigdb/mouse/geneset/HALLMARK_IL2_STAT5_SIGNALING,MM,Mus musculus
HALLMARK_IL2_STAT5_SIGNALING,Tgm2,https://www.gsea-msigdb.org/gsea/msigdb/mouse/geneset/HALLMARK_IL2_STAT5_SIGNALING,MM,Mus musculus
HALLMARK_IL2_STAT5_SIGNALING,Tiam1,https://www.gsea-msigdb.org/gsea/msigdb/mouse/geneset/HALLMARK_IL2_STAT5_SIGNALING,MM,Mus musculus
HALLMARK_IL2_STAT5_SIGNALING,Tlr7,https://www.gsea-msigdb.org/gsea/msigdb/mouse/geneset/HALLMARK_IL2_STAT5_SIGNALING,MM,Mus musculus
HALLMARK_IL2_STAT5_SIGNALING,Tnfrsf18,https://www.gsea-msigdb.org/gsea/msigdb/mouse/geneset/HALLMARK_IL2_STAT5_SIGNALING,MM,Mus musculus
HALLMARK_IL2_STAT5_SIGNALING,Tnfrsf1b,https://www.gsea-msigdb.org/gsea/msigdb/mouse/geneset/HALLMARK_IL2_STAT5_SIGNALING,MM,Mus musculus
HALLMARK_IL2_STAT5_SIGNALING,Tnfrsf21,https://www.gsea-msigdb.org/gsea/msigdb/mouse/geneset/HALLMARK_IL2_STAT5_SIGNALING,MM,Mus musculus
HALLMARK_IL2_STAT5_SIGNALING,Tnfrsf4,https://www.gsea-msigdb.org/gsea/msigdb/mouse/geneset/HALLMARK_IL2_STAT5_SIGNALING,MM,Mus musculus
HALLMARK_IL2_STAT5_SIGNALING,Tnfrsf8,https://www.gsea-msigdb.org/gsea/msigdb/mouse/geneset/HALLMARK_IL2_STAT5_SIGNALING,MM,Mus musculus
HALLMARK_IL2_STAT5_SIGNALING,Tnfrsf9,https://www.gsea-msigdb.org/gsea/msigdb/mouse/geneset/HALLMARK_IL2_STAT5_SIGNALING,MM,Mus musculus
HALLMARK_IL2_STAT5_SIGNALING,Tnfsf10,https://www.gsea-msigdb.org/gsea/msigdb/mouse/geneset/HALLMARK_IL2_STAT5_SIGNALING,MM,Mus musculus
HALLMARK_IL2_STAT5_SIGNALING,Tnfsf11,https://www.gsea-msigdb.org/gsea/msigdb/mouse/geneset/HALLMARK_IL2_STAT5_SIGNALING,MM,Mus musculus
HALLMARK_IL2_STAT5_SIGNALING,Traf1,https://www.gsea-msigdb.org/gsea/msigdb/mouse/geneset/HALLMARK_IL2_STAT5_SIGNALING,MM,Mus musculus
HALLMARK_IL2_STAT5_SIGNALING,Ttc39b,https://www.gsea-msigdb.org/gsea/msigdb/mouse/geneset/HALLMARK_IL2_STAT5_SIGNALING,MM,Mus musculus
HALLMARK_IL2_STAT5_SIGNALING,Twsg1,https://www.gsea-msigdb.org/gsea/msigdb/mouse/geneset/HALLMARK_IL2_STAT5_SIGNALING,MM,Mus musculus
HALLMARK_IL2_STAT5_SIGNALING,Uck2,https://www.gsea-msigdb.org/gsea/msigdb/mouse/geneset/HALLMARK_IL2_STAT5_SIGNALING,MM,Mus musculus
HALLMARK_IL2_STAT5_SIGNALING,Umps,https://www.gsea-msigdb.org/gsea/msigdb/mouse/geneset/HALLMARK_IL2_STAT5_SIGNALING,MM,Mus musculus
HALLMARK_IL2_STAT5_SIGNALING,Wls,https://www.gsea-msigdb.org/gsea/msigdb/mouse/geneset/HALLMARK_IL2_STAT5_SIGNALING,MM,Mus musculus
HALLMARK_IL2_STAT5_SIGNALING,Xbp1,https://www.gsea-msigdb.org/gsea/msigdb/mouse/geneset/HALLMARK_IL2_STAT5_SIGNALING,MM,Mus musculus
HALLMARK_IL6_JAK_STAT3_SIGNALING,A2m,https://www.gsea-msigdb.org/gsea/msigdb/mouse/geneset/HALLMARK_IL6_JAK_STAT3_SIGNALING,MM,Mus musculus
HALLMARK_IL6_JAK_STAT3_SIGNALING,Acvr1b,https://www.gsea-msigdb.org/gsea/msigdb/mouse/geneset/HALLMARK_IL6_JAK_STAT3_SIGNALING,MM,Mus musculus
HALLMARK_IL6_JAK_STAT3_SIGNALING,Acvrl1,https://www.gsea-msigdb.org/gsea/msigdb/mouse/geneset/HALLMARK_IL6_JAK_STAT3_SIGNALING,MM,Mus musculus
HALLMARK_IL6_JAK_STAT3_SIGNALING,Bak1,https://www.gsea-msigdb.org/gsea/msigdb/mouse/geneset/HALLMARK_IL6_JAK_STAT3_SIGNALING,MM,Mus musculus
HALLMARK_IL6_JAK_STAT3_SIGNALING,Cbl,https://www.gsea-msigdb.org/gsea/msigdb/mouse/geneset/HALLMARK_IL6_JAK_STAT3_SIGNALING,MM,Mus musculus
HALLMARK_IL6_JAK_STAT3_SIGNALING,Ccl7,https://www.gsea-msigdb.org/gsea/msigdb/mouse/geneset/HALLMARK_IL6_JAK_STAT3_SIGNALING,MM,Mus musculus
HALLMARK_IL6_JAK_STAT3_SIGNALING,Ccr1,https://www.gsea-msigdb.org/gsea/msigdb/mouse/geneset/HALLMARK_IL6_JAK_STAT3_SIGNALING,MM,Mus musculus
HALLMARK_IL6_JAK_STAT3_SIGNALING,Cd14,https://www.gsea-msigdb.org/gsea/msigdb/mouse/geneset/HALLMARK_IL6_JAK_STAT3_SIGNALING,MM,Mus musculus
HALLMARK_IL6_JAK_STAT3_SIGNALING,Cd36,https://www.gsea-msigdb.org/gsea/msigdb/mouse/geneset/HALLMARK_IL6_JAK_STAT3_SIGNALING,MM,Mus musculus
HALLMARK_IL6_JAK_STAT3_SIGNALING,Cd38,https://www.gsea-msigdb.org/gsea/msigdb/mouse/geneset/HALLMARK_IL6_JAK_STAT3_SIGNALING,MM,Mus musculus
HALLMARK_IL6_JAK_STAT3_SIGNALING,Cd44,https://www.gsea-msigdb.org/gsea/msigdb/mouse/geneset/HALLMARK_IL6_JAK_STAT3_SIGNALING,MM,Mus musculus
HALLMARK_IL6_JAK_STAT3_SIGNALING,Cd9,https://www.gsea-msigdb.org/gsea/msigdb/mouse/geneset/HALLMARK_IL6_JAK_STAT3_SIGNALING,MM,Mus musculus
HALLMARK_IL6_JAK_STAT3_SIGNALING,Cntfr,https://www.gsea-msigdb.org/gsea/msigdb/mouse/geneset/HALLMARK_IL6_JAK_STAT3_SIGNALING,MM,Mus musculus
HALLMARK_IL6_JAK_STAT3_SIGNALING,Crlf2,https://www.gsea-msigdb.org/gsea/msigdb/mouse/geneset/HALLMARK_IL6_JAK_STAT3_SIGNALING,MM,Mus musculus
HALLMARK_IL6_JAK_STAT3_SIGNALING,Csf1,https://www.gsea-msigdb.org/gsea/msigdb/mouse/geneset/HALLMARK_IL6_JAK_STAT3_SIGNALING,MM,Mus musculus
HALLMARK_IL6_JAK_STAT3_SIGNALING,Csf2,https://www.gsea-msigdb.org/gsea/msigdb/mouse/geneset/HALLMARK_IL6_JAK_STAT3_SIGNALING,MM,Mus musculus
HALLMARK_IL6_JAK_STAT3_SIGNALING,Csf2ra,https://www.gsea-msigdb.org/gsea/msigdb/mouse/geneset/HALLMARK_IL6_JAK_STAT3_SIGNALING,MM,Mus musculus
HALLMARK_IL6_JAK_STAT3_SIGNALING,Csf3r,https://www.gsea-msigdb.org/gsea/msigdb/mouse/geneset/HALLMARK_IL6_JAK_STAT3_SIGNALING,MM,Mus musculus
HALLMARK_IL6_JAK_STAT3_SIGNALING,Cxcl10,https://www.gsea-msigdb.org/gsea/msigdb/mouse/geneset/HALLMARK_IL6_JAK_STAT3_SIGNALING,MM,Mus musculus
HALLMARK_IL6_JAK_STAT3_SIGNALING,Cxcl11,https://www.gsea-msigdb.org/gsea/msigdb/mouse/geneset/HALLMARK_IL6_JAK_STAT3_SIGNALING,MM,Mus musculus
HALLMARK_IL6_JAK_STAT3_SIGNALING,Cxcl13,https://www.gsea-msigdb.org/gsea/msigdb/mouse/geneset/HALLMARK_IL6_JAK_STAT3_SIGNALING,MM,Mus musculus
HALLMARK_IL6_JAK_STAT3_SIGNALING,Cxcl2,https://www.gsea-msigdb.org/gsea/msigdb/mouse/geneset/HALLMARK_IL6_JAK_STAT3_SIGNALING,MM,Mus musculus
HALLMARK_IL6_JAK_STAT3_SIGNALING,Cxcl9,https://www.gsea-msigdb.org/gsea/msigdb/mouse/geneset/HALLMARK_IL6_JAK_STAT3_SIGNALING,MM,Mus musculus
HALLMARK_IL6_JAK_STAT3_SIGNALING,Dntt,https://www.gsea-msigdb.org/gsea/msigdb/mouse/geneset/HALLMARK_IL6_JAK_STAT3_SIGNALING,MM,Mus musculus
HALLMARK_IL6_JAK_STAT3_SIGNALING,Ebi3,https://www.gsea-msigdb.org/gsea/msigdb/mouse/geneset/HALLMARK_IL6_JAK_STAT3_SIGNALING,MM,Mus musculus
HALLMARK_IL6_JAK_STAT3_SIGNALING,Fas,https://www.gsea-msigdb.org/gsea/msigdb/mouse/geneset/HALLMARK_IL6_JAK_STAT3_SIGNALING,MM,Mus musculus
HALLMARK_IL6_JAK_STAT3_SIGNALING,Grb2,https://www.gsea-msigdb.org/gsea/msigdb/mouse/geneset/HALLMARK_IL6_JAK_STAT3_SIGNALING,MM,Mus musculus
HALLMARK_IL6_JAK_STAT3_SIGNALING,Hax1,https://www.gsea-msigdb.org/gsea/msigdb/mouse/geneset/HALLMARK_IL6_JAK_STAT3_SIGNALING,MM,Mus musculus
HALLMARK_IL6_JAK_STAT3_SIGNALING,Hmox1,https://www.gsea-msigdb.org/gsea/msigdb/mouse/geneset/HALLMARK_IL6_JAK_STAT3_SIGNALING,MM,Mus musculus
HALLMARK_IL6_JAK_STAT3_SIGNALING,Ifnar1,https://www.gsea-msigdb.org/gsea/msigdb/mouse/geneset/HALLMARK_IL6_JAK_STAT3_SIGNALING,MM,Mus musculus
HALLMARK_IL6_JAK_STAT3_SIGNALING,Ifngr1,https://www.gsea-msigdb.org/gsea/msigdb/mouse/geneset/HALLMARK_IL6_JAK_STAT3_SIGNALING,MM,Mus musculus
HALLMARK_IL6_JAK_STAT3_SIGNALING,Ifngr2,https://www.gsea-msigdb.org/gsea/msigdb/mouse/geneset/HALLMARK_IL6_JAK_STAT3_SIGNALING,MM,Mus musculus
HALLMARK_IL6_JAK_STAT3_SIGNALING,Il10rb,https://www.gsea-msigdb.org/gsea/msigdb/mouse/geneset/HALLMARK_IL6_JAK_STAT3_SIGNALING,MM,Mus musculus
HALLMARK_IL6_JAK_STAT3_SIGNALING,Il12rb1,https://www.gsea-msigdb.org/gsea/msigdb/mouse/geneset/HALLMARK_IL6_JAK_STAT3_SIGNALING,MM,Mus musculus
HALLMARK_IL6_JAK_STAT3_SIGNALING,Il13ra1,https://www.gsea-msigdb.org/gsea/msigdb/mouse/geneset/HALLMARK_IL6_JAK_STAT3_SIGNALING,MM,Mus musculus
HALLMARK_IL6_JAK_STAT3_SIGNALING,Il15ra,https://www.gsea-msigdb.org/gsea/msigdb/mouse/geneset/HALLMARK_IL6_JAK_STAT3_SIGNALING,MM,Mus musculus
HALLMARK_IL6_JAK_STAT3_SIGNALING,Il17ra,https://www.gsea-msigdb.org/gsea/msigdb/mouse/geneset/HALLMARK_IL6_JAK_STAT3_SIGNALING,MM,Mus musculus
HALLMARK_IL6_JAK_STAT3_SIGNALING,Il17rb,https://www.gsea-msigdb.org/gsea/msigdb/mouse/geneset/HALLMARK_IL6_JAK_STAT3_SIGNALING,MM,Mus musculus
HALLMARK_IL6_JAK_STAT3_SIGNALING,Il18r1,https://www.gsea-msigdb.org/gsea/msigdb/mouse/geneset/HALLMARK_IL6_JAK_STAT3_SIGNALING,MM,Mus musculus
HALLMARK_IL6_JAK_STAT3_SIGNALING,Il1b,https://www.gsea-msigdb.org/gsea/msigdb/mouse/geneset/HALLMARK_IL6_JAK_STAT3_SIGNALING,MM,Mus musculus
HALLMARK_IL6_JAK_STAT3_SIGNALING,Il1r1,https://www.gsea-msigdb.org/gsea/msigdb/mouse/geneset/HALLMARK_IL6_JAK_STAT3_SIGNALING,MM,Mus musculus
HALLMARK_IL6_JAK_STAT3_SIGNALING,Il1r2,https://www.gsea-msigdb.org/gsea/msigdb/mouse/geneset/HALLMARK_IL6_JAK_STAT3_SIGNALING,MM,Mus musculus
HALLMARK_IL6_JAK_STAT3_SIGNALING,Il2ra,https://www.gsea-msigdb.org/gsea/msigdb/mouse/geneset/HALLMARK_IL6_JAK_STAT3_SIGNALING,MM,Mus musculus
HALLMARK_IL6_JAK_STAT3_SIGNALING,Il2rg,https://www.gsea-msigdb.org/gsea/msigdb/mouse/geneset/HALLMARK_IL6_JAK_STAT3_SIGNALING,MM,Mus musculus
HALLMARK_IL6_JAK_STAT3_SIGNALING,Il3ra,https://www.gsea-msigdb.org/gsea/msigdb/mouse/geneset/HALLMARK_IL6_JAK_STAT3_SIGNALING,MM,Mus musculus
HALLMARK_IL6_JAK_STAT3_SIGNALING,Il4ra,https://www.gsea-msigdb.org/gsea/msigdb/mouse/geneset/HALLMARK_IL6_JAK_STAT3_SIGNALING,MM,Mus musculus
HALLMARK_IL6_JAK_STAT3_SIGNALING,Il6,https://www.gsea-msigdb.org/gsea/msigdb/mouse/geneset/HALLMARK_IL6_JAK_STAT3_SIGNALING,MM,Mus musculus
HALLMARK_IL6_JAK_STAT3_SIGNALING,Il6st,https://www.gsea-msigdb.org/gsea/msigdb/mouse/geneset/HALLMARK_IL6_JAK_STAT3_SIGNALING,MM,Mus musculus
HALLMARK_IL6_JAK_STAT3_SIGNALING,Il7,https://www.gsea-msigdb.org/gsea/msigdb/mouse/geneset/HALLMARK_IL6_JAK_STAT3_SIGNALING,MM,Mus musculus
HALLMARK_IL6_JAK_STAT3_SIGNALING,Il9r,https://www.gsea-msigdb.org/gsea/msigdb/mouse/geneset/HALLMARK_IL6_JAK_STAT3_SIGNALING,MM,Mus musculus
HALLMARK_IL6_JAK_STAT3_SIGNALING,Inhbe,https://www.gsea-msigdb.org/gsea/msigdb/mouse/geneset/HALLMARK_IL6_JAK_STAT3_SIGNALING,MM,Mus musculus
HALLMARK_IL6_JAK_STAT3_SIGNALING,Irf1,https://www.gsea-msigdb.org/gsea/msigdb/mouse/geneset/HALLMARK_IL6_JAK_STAT3_SIGNALING,MM,Mus musculus
HALLMARK_IL6_JAK_STAT3_SIGNALING,Irf9,https://www.gsea-msigdb.org/gsea/msigdb/mouse/geneset/HALLMARK_IL6_JAK_STAT3_SIGNALING,MM,Mus musculus
HALLMARK_IL6_JAK_STAT3_SIGNALING,Itga4,https://www.gsea-msigdb.org/gsea/msigdb/mouse/geneset/HALLMARK_IL6_JAK_STAT3_SIGNALING,MM,Mus musculus
HALLMARK_IL6_JAK_STAT3_SIGNALING,Itgb3,https://www.gsea-msigdb.org/gsea/msigdb/mouse/geneset/HALLMARK_IL6_JAK_STAT3_SIGNALING,MM,Mus musculus
HALLMARK_IL6_JAK_STAT3_SIGNALING,Jun,https://www.gsea-msigdb.org/gsea/msigdb/mouse/geneset/HALLMARK_IL6_JAK_STAT3_SIGNALING,MM,Mus musculus
HALLMARK_IL6_JAK_STAT3_SIGNALING,Lepr,https://www.gsea-msigdb.org/gsea/msigdb/mouse/geneset/HALLMARK_IL6_JAK_STAT3_SIGNALING,MM,Mus musculus
HALLMARK_IL6_JAK_STAT3_SIGNALING,Ltb,https://www.gsea-msigdb.org/gsea/msigdb/mouse/geneset/HALLMARK_IL6_JAK_STAT3_SIGNALING,MM,Mus musculus
HALLMARK_IL6_JAK_STAT3_SIGNALING,Ltbr,https://www.gsea-msigdb.org/gsea/msigdb/mouse/geneset/HALLMARK_IL6_JAK_STAT3_SIGNALING,MM,Mus musculus
HALLMARK_IL6_JAK_STAT3_SIGNALING,Map3k8,https://www.gsea-msigdb.org/gsea/msigdb/mouse/geneset/HALLMARK_IL6_JAK_STAT3_SIGNALING,MM,Mus musculus
HALLMARK_IL6_JAK_STAT3_SIGNALING,Myd88,https://www.gsea-msigdb.org/gsea/msigdb/mouse/geneset/HALLMARK_IL6_JAK_STAT3_SIGNALING,MM,Mus musculus
HALLMARK_IL6_JAK_STAT3_SIGNALING,Osmr,https://www.gsea-msigdb.org/gsea/msigdb/mouse/geneset/HALLMARK_IL6_JAK_STAT3_SIGNALING,MM,Mus musculus
HALLMARK_IL6_JAK_STAT3_SIGNALING,Pdgfc,https://www.gsea-msigdb.org/gsea/msigdb/mouse/geneset/HALLMARK_IL6_JAK_STAT3_SIGNALING,MM,Mus musculus
HALLMARK_IL6_JAK_STAT3_SIGNALING,Pf4,https://www.gsea-msigdb.org/gsea/msigdb/mouse/geneset/HALLMARK_IL6_JAK_STAT3_SIGNALING,MM,Mus musculus
HALLMARK_IL6_JAK_STAT3_SIGNALING,Pik3r5,https://www.gsea-msigdb.org/gsea/msigdb/mouse/geneset/HALLMARK_IL6_JAK_STAT3_SIGNALING,MM,Mus musculus
HALLMARK_IL6_JAK_STAT3_SIGNALING,Pim1,https://www.gsea-msigdb.org/gsea/msigdb/mouse/geneset/HALLMARK_IL6_JAK_STAT3_SIGNALING,MM,Mus musculus
HALLMARK_IL6_JAK_STAT3_SIGNALING,Pla2g2a,https://www.gsea-msigdb.org/gsea/msigdb/mouse/geneset/HALLMARK_IL6_JAK_STAT3_SIGNALING,MM,Mus musculus
HALLMARK_IL6_JAK_STAT3_SIGNALING,Ptpn1,https://www.gsea-msigdb.org/gsea/msigdb/mouse/geneset/HALLMARK_IL6_JAK_STAT3_SIGNALING,MM,Mus musculus
HALLMARK_IL6_JAK_STAT3_SIGNALING,Ptpn11,https://www.gsea-msigdb.org/gsea/msigdb/mouse/geneset/HALLMARK_IL6_JAK_STAT3_SIGNALING,MM,Mus musculus
HALLMARK_IL6_JAK_STAT3_SIGNALING,Ptpn2,https://www.gsea-msigdb.org/gsea/msigdb/mouse/geneset/HALLMARK_IL6_JAK_STAT3_SIGNALING,MM,Mus musculus
HALLMARK_IL6_JAK_STAT3_SIGNALING,Reg1,https://www.gsea-msigdb.org/gsea/msigdb/mouse/geneset/HALLMARK_IL6_JAK_STAT3_SIGNALING,MM,Mus musculus
HALLMARK_IL6_JAK_STAT3_SIGNALING,Socs1,https://www.gsea-msigdb.org/gsea/msigdb/mouse/geneset/HALLMARK_IL6_JAK_STAT3_SIGNALING,MM,Mus musculus
HALLMARK_IL6_JAK_STAT3_SIGNALING,Socs3,https://www.gsea-msigdb.org/gsea/msigdb/mouse/geneset/HALLMARK_IL6_JAK_STAT3_SIGNALING,MM,Mus musculus
HALLMARK_IL6_JAK_STAT3_SIGNALING,Stam2,https://www.gsea-msigdb.org/gsea/msigdb/mouse/geneset/HALLMARK_IL6_JAK_STAT3_SIGNALING,MM,Mus musculus
HALLMARK_IL6_JAK_STAT3_SIGNALING,Stat1,https://www.gsea-msigdb.org/gsea/msigdb/mouse/geneset/HALLMARK_IL6_JAK_STAT3_SIGNALING,MM,Mus musculus
HALLMARK_IL6_JAK_STAT3_SIGNALING,Stat2,https://www.gsea-msigdb.org/gsea/msigdb/mouse/geneset/HALLMARK_IL6_JAK_STAT3_SIGNALING,MM,Mus musculus
HALLMARK_IL6_JAK_STAT3_SIGNALING,Stat3,https://www.gsea-msigdb.org/gsea/msigdb/mouse/geneset/HALLMARK_IL6_JAK_STAT3_SIGNALING,MM,Mus musculus
HALLMARK_IL6_JAK_STAT3_SIGNALING,Tgfb1,https://www.gsea-msigdb.org/gsea/msigdb/mouse/geneset/HALLMARK_IL6_JAK_STAT3_SIGNALING,MM,Mus musculus
HALLMARK_IL6_JAK_STAT3_SIGNALING,Tlr2,https://www.gsea-msigdb.org/gsea/msigdb/mouse/geneset/HALLMARK_IL6_JAK_STAT3_SIGNALING,MM,Mus musculus
HALLMARK_IL6_JAK_STAT3_SIGNALING,Tnf,https://www.gsea-msigdb.org/gsea/msigdb/mouse/geneset/HALLMARK_IL6_JAK_STAT3_SIGNALING,MM,Mus musculus
HALLMARK_IL6_JAK_STAT3_SIGNALING,Tnfrsf12a,https://www.gsea-msigdb.org/gsea/msigdb/mouse/geneset/HALLMARK_IL6_JAK_STAT3_SIGNALING,MM,Mus musculus
HALLMARK_IL6_JAK_STAT3_SIGNALING,Tnfrsf1a,https://www.gsea-msigdb.org/gsea/msigdb/mouse/geneset/HALLMARK_IL6_JAK_STAT3_SIGNALING,MM,Mus musculus
HALLMARK_IL6_JAK_STAT3_SIGNALING,Tnfrsf1b,https://www.gsea-msigdb.org/gsea/msigdb/mouse/geneset/HALLMARK_IL6_JAK_STAT3_SIGNALING,MM,Mus musculus
HALLMARK_IL6_JAK_STAT3_SIGNALING,Tnfrsf21,https://www.gsea-msigdb.org/gsea/msigdb/mouse/geneset/HALLMARK_IL6_JAK_STAT3_SIGNALING,MM,Mus musculus
HALLMARK_IL6_JAK_STAT3_SIGNALING,Tyk2,https://www.gsea-msigdb.org/gsea/msigdb/mouse/geneset/HALLMARK_IL6_JAK_STAT3_SIGNALING,MM,Mus musculus
HALLMARK_INFLAMMATORY_RESPONSE,Abca1,https://www.gsea-msigdb.org/gsea/msigdb/mouse/geneset/HALLMARK_INFLAMMATORY_RESPONSE,MM,Mus musculus
HALLMARK_INFLAMMATORY_RESPONSE,Abi1,https://www.gsea-msigdb.org/gsea/msigdb/mouse/geneset/HALLMARK_INFLAMMATORY_RESPONSE,MM,Mus musculus
HALLMARK_INFLAMMATORY_RESPONSE,Acvr1b,https://www.gsea-msigdb.org/gsea/msigdb/mouse/geneset/HALLMARK_INFLAMMATORY_RESPONSE,MM,Mus musculus
HALLMARK_INFLAMMATORY_RESPONSE,Acvr2a,https://www.gsea-msigdb.org/gsea/msigdb/mouse/geneset/HALLMARK_INFLAMMATORY_RESPONSE,MM,Mus musculus
HALLMARK_INFLAMMATORY_RESPONSE,Adgre1,https://www.gsea-msigdb.org/gsea/msigdb/mouse/geneset/HALLMARK_INFLAMMATORY_RESPONSE,MM,Mus musculus
HALLMARK_INFLAMMATORY_RESPONSE,Adm,https://www.gsea-msigdb.org/gsea/msigdb/mouse/geneset/HALLMARK_INFLAMMATORY_RESPONSE,MM,Mus musculus
HALLMARK_INFLAMMATORY_RESPONSE,Adora2b,https://www.gsea-msigdb.org/gsea/msigdb/mouse/geneset/HALLMARK_INFLAMMATORY_RESPONSE,MM,Mus musculus
HALLMARK_INFLAMMATORY_RESPONSE,Adrm1,https://www.gsea-msigdb.org/gsea/msigdb/mouse/geneset/HALLMARK_INFLAMMATORY_RESPONSE,MM,Mus musculus
HALLMARK_INFLAMMATORY_RESPONSE,Ahr,https://www.gsea-msigdb.org/gsea/msigdb/mouse/geneset/HALLMARK_INFLAMMATORY_RESPONSE,MM,Mus musculus
HALLMARK_INFLAMMATORY_RESPONSE,Aplnr,https://www.gsea-msigdb.org/gsea/msigdb/mouse/geneset/HALLMARK_INFLAMMATORY_RESPONSE,MM,Mus musculus
HALLMARK_INFLAMMATORY_RESPONSE,Aqp9,https://www.gsea-msigdb.org/gsea/msigdb/mouse/geneset/HALLMARK_INFLAMMATORY_RESPONSE,MM,Mus musculus
HALLMARK_INFLAMMATORY_RESPONSE,Atp2a2,https://www.gsea-msigdb.org/gsea/msigdb/mouse/geneset/HALLMARK_INFLAMMATORY_RESPONSE,MM,Mus musculus
HALLMARK_INFLAMMATORY_RESPONSE,Atp2b1,https://www.gsea-msigdb.org/gsea/msigdb/mouse/geneset/HALLMARK_INFLAMMATORY_RESPONSE,MM,Mus musculus
HALLMARK_INFLAMMATORY_RESPONSE,Atp2c1,https://www.gsea-msigdb.org/gsea/msigdb/mouse/geneset/HALLMARK_INFLAMMATORY_RESPONSE,MM,Mus musculus
HALLMARK_INFLAMMATORY_RESPONSE,Axl,https://www.gsea-msigdb.org/gsea/msigdb/mouse/geneset/HALLMARK_INFLAMMATORY_RESPONSE,MM,Mus musculus
HALLMARK_INFLAMMATORY_RESPONSE,Bdkrb1,https://www.gsea-msigdb.org/gsea/msigdb/mouse/geneset/HALLMARK_INFLAMMATORY_RESPONSE,MM,Mus musculus
HALLMARK_INFLAMMATORY_RESPONSE,Best1,https://www.gsea-msigdb.org/gsea/msigdb/mouse/geneset/HALLMARK_INFLAMMATORY_RESPONSE,MM,Mus musculus
HALLMARK_INFLAMMATORY_RESPONSE,Bst2,https://www.gsea-msigdb.org/gsea/msigdb/mouse/geneset/HALLMARK_INFLAMMATORY_RESPONSE,MM,Mus musculus
HALLMARK_INFLAMMATORY_RESPONSE,Btg2,https://www.gsea-msigdb.org/gsea/msigdb/mouse/geneset/HALLMARK_INFLAMMATORY_RESPONSE,MM,Mus musculus
HALLMARK_INFLAMMATORY_RESPONSE,C3ar1,https://www.gsea-msigdb.org/gsea/msigdb/mouse/geneset/HALLMARK_INFLAMMATORY_RESPONSE,MM,Mus musculus
HALLMARK_INFLAMMATORY_RESPONSE,Calcrl,https://www.gsea-msigdb.org/gsea/msigdb/mouse/geneset/HALLMARK_INFLAMMATORY_RESPONSE,MM,Mus musculus
HALLMARK_INFLAMMATORY_RESPONSE,Ccl17,https://www.gsea-msigdb.org/gsea/msigdb/mouse/geneset/HALLMARK_INFLAMMATORY_RESPONSE,MM,Mus musculus
HALLMARK_INFLAMMATORY_RESPONSE,Ccl20,https://www.gsea-msigdb.org/gsea/msigdb/mouse/geneset/HALLMARK_INFLAMMATORY_RESPONSE,MM,Mus musculus
HALLMARK_INFLAMMATORY_RESPONSE,Ccl22,https://www.gsea-msigdb.org/gsea/msigdb/mouse/geneset/HALLMARK_INFLAMMATORY_RESPONSE,MM,Mus musculus
HALLMARK_INFLAMMATORY_RESPONSE,Ccl24,https://www.gsea-msigdb.org/gsea/msigdb/mouse/geneset/HALLMARK_INFLAMMATORY_RESPONSE,MM,Mus musculus
HALLMARK_INFLAMMATORY_RESPONSE,Ccl5,https://www.gsea-msigdb.org/gsea/msigdb/mouse/geneset/HALLMARK_INFLAMMATORY_RESPONSE,MM,Mus musculus
HALLMARK_INFLAMMATORY_RESPONSE,Ccl7,https://www.gsea-msigdb.org/gsea/msigdb/mouse/geneset/HALLMARK_INFLAMMATORY_RESPONSE,MM,Mus musculus
HALLMARK_INFLAMMATORY_RESPONSE,Ccr7,https://www.gsea-msigdb.org/gsea/msigdb/mouse/geneset/HALLMARK_INFLAMMATORY_RESPONSE,MM,Mus musculus
HALLMARK_INFLAMMATORY_RESPONSE,Ccrl2,https://www.gsea-msigdb.org/gsea/msigdb/mouse/geneset/HALLMARK_INFLAMMATORY_RESPONSE,MM,Mus musculus
HALLMARK_INFLAMMATORY_RESPONSE,Cd14,https://www.gsea-msigdb.org/gsea/msigdb/mouse/geneset/HALLMARK_INFLAMMATORY_RESPONSE,MM,Mus musculus
HALLMARK_INFLAMMATORY_RESPONSE,Cd40,https://www.gsea-msigdb.org/gsea/msigdb/mouse/geneset/HALLMARK_INFLAMMATORY_RESPONSE,MM,Mus musculus
HALLMARK_INFLAMMATORY_RESPONSE,Cd48,https://www.gsea-msigdb.org/gsea/msigdb/mouse/geneset/HALLMARK_INFLAMMATORY_RESPONSE,MM,Mus musculus
HALLMARK_INFLAMMATORY_RESPONSE,Cd69,https://www.gsea-msigdb.org/gsea/msigdb/mouse/geneset/HALLMARK_INFLAMMATORY_RESPONSE,MM,Mus musculus
HALLMARK_INFLAMMATORY_RESPONSE,Cd70,https://www.gsea-msigdb.org/gsea/msigdb/mouse/geneset/HALLMARK_INFLAMMATORY_RESPONSE,MM,Mus musculus
HALLMARK_INFLAMMATORY_RESPONSE,Cd82,https://www.gsea-msigdb.org/gsea/msigdb/mouse/geneset/HALLMARK_INFLAMMATORY_RESPONSE,MM,Mus musculus
HALLMARK_INFLAMMATORY_RESPONSE,Cdkn1a,https://www.gsea-msigdb.org/gsea/msigdb/mouse/geneset/HALLMARK_INFLAMMATORY_RESPONSE,MM,Mus musculus
HALLMARK_INFLAMMATORY_RESPONSE,Chst2,https://www.gsea-msigdb.org/gsea/msigdb/mouse/geneset/HALLMARK_INFLAMMATORY_RESPONSE,MM,Mus musculus
HALLMARK_INFLAMMATORY_RESPONSE,Clec5a,https://www.gsea-msigdb.org/gsea/msigdb/mouse/geneset/HALLMARK_INFLAMMATORY_RESPONSE,MM,Mus musculus
HALLMARK_INFLAMMATORY_RESPONSE,Cmklr1,https://www.gsea-msigdb.org/gsea/msigdb/mouse/geneset/HALLMARK_INFLAMMATORY_RESPONSE,MM,Mus musculus
HALLMARK_INFLAMMATORY_RESPONSE,Csf1,https://www.gsea-msigdb.org/gsea/msigdb/mouse/geneset/HALLMARK_INFLAMMATORY_RESPONSE,MM,Mus musculus
HALLMARK_INFLAMMATORY_RESPONSE,Csf3,https://www.gsea-msigdb.org/gsea/msigdb/mouse/geneset/HALLMARK_INFLAMMATORY_RESPONSE,MM,Mus musculus
HALLMARK_INFLAMMATORY_RESPONSE,Csf3r,https://www.gsea-msigdb.org/gsea/msigdb/mouse/geneset/HALLMARK_INFLAMMATORY_RESPONSE,MM,Mus musculus
HALLMARK_INFLAMMATORY_RESPONSE,Cx3cl1,https://www.gsea-msigdb.org/gsea/msigdb/mouse/geneset/HALLMARK_INFLAMMATORY_RESPONSE,MM,Mus musculus
HALLMARK_INFLAMMATORY_RESPONSE,Cxcl10,https://www.gsea-msigdb.org/gsea/msigdb/mouse/geneset/HALLMARK_INFLAMMATORY_RESPONSE,MM,Mus musculus
HALLMARK_INFLAMMATORY_RESPONSE,Cxcl11,https://www.gsea-msigdb.org/gsea/msigdb/mouse/geneset/HALLMARK_INFLAMMATORY_RESPONSE,MM,Mus musculus
HALLMARK_INFLAMMATORY_RESPONSE,Cxcl15,https://www.gsea-msigdb.org/gsea/msigdb/mouse/geneset/HALLMARK_INFLAMMATORY_RESPONSE,MM,Mus musculus
HALLMARK_INFLAMMATORY_RESPONSE,Cxcl5,https://www.gsea-msigdb.org/gsea/msigdb/mouse/geneset/HALLMARK_INFLAMMATORY_RESPONSE,MM,Mus musculus
HALLMARK_INFLAMMATORY_RESPONSE,Cxcl9,https://www.gsea-msigdb.org/gsea/msigdb/mouse/geneset/HALLMARK_INFLAMMATORY_RESPONSE,MM,Mus musculus
HALLMARK_INFLAMMATORY_RESPONSE,Cxcr6,https://www.gsea-msigdb.org/gsea/msigdb/mouse/geneset/HALLMARK_INFLAMMATORY_RESPONSE,MM,Mus musculus
HALLMARK_INFLAMMATORY_RESPONSE,Cybb,https://www.gsea-msigdb.org/gsea/msigdb/mouse/geneset/HALLMARK_INFLAMMATORY_RESPONSE,MM,Mus musculus
HALLMARK_INFLAMMATORY_RESPONSE,Dcbld2,https://www.gsea-msigdb.org/gsea/msigdb/mouse/geneset/HALLMARK_INFLAMMATORY_RESPONSE,MM,Mus musculus
HALLMARK_INFLAMMATORY_RESPONSE,Ebi3,https://www.gsea-msigdb.org/gsea/msigdb/mouse/geneset/HALLMARK_INFLAMMATORY_RESPONSE,MM,Mus musculus
HALLMARK_INFLAMMATORY_RESPONSE,Edn1,https://www.gsea-msigdb.org/gsea/msigdb/mouse/geneset/HALLMARK_INFLAMMATORY_RESPONSE,MM,Mus musculus
HALLMARK_INFLAMMATORY_RESPONSE,Eif2ak2,https://www.gsea-msigdb.org/gsea/msigdb/mouse/geneset/HALLMARK_INFLAMMATORY_RESPONSE,MM,Mus musculus
HALLMARK_INFLAMMATORY_RESPONSE,Emp3,https://www.gsea-msigdb.org/gsea/msigdb/mouse/geneset/HALLMARK_INFLAMMATORY_RESPONSE,MM,Mus musculus
HALLMARK_INFLAMMATORY_RESPONSE,Ereg,https://www.gsea-msigdb.org/gsea/msigdb/mouse/geneset/HALLMARK_INFLAMMATORY_RESPONSE,MM,Mus musculus
HALLMARK_INFLAMMATORY_RESPONSE,F3,https://www.gsea-msigdb.org/gsea/msigdb/mouse/geneset/HALLMARK_INFLAMMATORY_RESPONSE,MM,Mus musculus
HALLMARK_INFLAMMATORY_RESPONSE,Ffar2,https://www.gsea-msigdb.org/gsea/msigdb/mouse/geneset/HALLMARK_INFLAMMATORY_RESPONSE,MM,Mus musculus
HALLMARK_INFLAMMATORY_RESPONSE,Fpr1,https://www.gsea-msigdb.org/gsea/msigdb/mouse/geneset/HALLMARK_INFLAMMATORY_RESPONSE,MM,Mus musculus
HALLMARK_INFLAMMATORY_RESPONSE,Fzd5,https://www.gsea-msigdb.org/gsea/msigdb/mouse/geneset/HALLMARK_INFLAMMATORY_RESPONSE,MM,Mus musculus
HALLMARK_INFLAMMATORY_RESPONSE,Gabbr1,https://www.gsea-msigdb.org/gsea/msigdb/mouse/geneset/HALLMARK_INFLAMMATORY_RESPONSE,MM,Mus musculus
HALLMARK_INFLAMMATORY_RESPONSE,Gch1,https://www.gsea-msigdb.org/gsea/msigdb/mouse/geneset/HALLMARK_INFLAMMATORY_RESPONSE,MM,Mus musculus
HALLMARK_INFLAMMATORY_RESPONSE,Gna15,https://www.gsea-msigdb.org/gsea/msigdb/mouse/geneset/HALLMARK_INFLAMMATORY_RESPONSE,MM,Mus musculus
HALLMARK_INFLAMMATORY_RESPONSE,Gnai3,https://www.gsea-msigdb.org/gsea/msigdb/mouse/geneset/HALLMARK_INFLAMMATORY_RESPONSE,MM,Mus musculus
HALLMARK_INFLAMMATORY_RESPONSE,Gp1ba,https://www.gsea-msigdb.org/gsea/msigdb/mouse/geneset/HALLMARK_INFLAMMATORY_RESPONSE,MM,Mus musculus
HALLMARK_INFLAMMATORY_RESPONSE,Gpc3,https://www.gsea-msigdb.org/gsea/msigdb/mouse/geneset/HALLMARK_INFLAMMATORY_RESPONSE,MM,Mus musculus
HALLMARK_INFLAMMATORY_RESPONSE,Gpr132,https://www.gsea-msigdb.org/gsea/msigdb/mouse/geneset/HALLMARK_INFLAMMATORY_RESPONSE,MM,Mus musculus
HALLMARK_INFLAMMATORY_RESPONSE,Gpr183,https://www.gsea-msigdb.org/gsea/msigdb/mouse/geneset/HALLMARK_INFLAMMATORY_RESPONSE,MM,Mus musculus
HALLMARK_INFLAMMATORY_RESPONSE,Has2,https://www.gsea-msigdb.org/gsea/msigdb/mouse/geneset/HALLMARK_INFLAMMATORY_RESPONSE,MM,Mus musculus
HALLMARK_INFLAMMATORY_RESPONSE,Hbegf,https://www.gsea-msigdb.org/gsea/msigdb/mouse/geneset/HALLMARK_INFLAMMATORY_RESPONSE,MM,Mus musculus
HALLMARK_INFLAMMATORY_RESPONSE,Hif1a,https://www.gsea-msigdb.org/gsea/msigdb/mouse/geneset/HALLMARK_INFLAMMATORY_RESPONSE,MM,Mus musculus
HALLMARK_INFLAMMATORY_RESPONSE,Hpn,https://www.gsea-msigdb.org/gsea/msigdb/mouse/geneset/HALLMARK_INFLAMMATORY_RESPONSE,MM,Mus musculus
HALLMARK_INFLAMMATORY_RESPONSE,Hrh1,https://www.gsea-msigdb.org/gsea/msigdb/mouse/geneset/HALLMARK_INFLAMMATORY_RESPONSE,MM,Mus musculus
HALLMARK_INFLAMMATORY_RESPONSE,Icam1,https://www.gsea-msigdb.org/gsea/msigdb/mouse/geneset/HALLMARK_INFLAMMATORY_RESPONSE,MM,Mus musculus
HALLMARK_INFLAMMATORY_RESPONSE,Icam4,https://www.gsea-msigdb.org/gsea/msigdb/mouse/geneset/HALLMARK_INFLAMMATORY_RESPONSE,MM,Mus musculus
HALLMARK_INFLAMMATORY_RESPONSE,Icosl,https://www.gsea-msigdb.org/gsea/msigdb/mouse/geneset/HALLMARK_INFLAMMATORY_RESPONSE,MM,Mus musculus
HALLMARK_INFLAMMATORY_RESPONSE,Ifitm1,https://www.gsea-msigdb.org/gsea/msigdb/mouse/geneset/HALLMARK_INFLAMMATORY_RESPONSE,MM,Mus musculus
HALLMARK_INFLAMMATORY_RESPONSE,Ifnar1,https://www.gsea-msigdb.org/gsea/msigdb/mouse/geneset/HALLMARK_INFLAMMATORY_RESPONSE,MM,Mus musculus
HALLMARK_INFLAMMATORY_RESPONSE,Ifngr2,https://www.gsea-msigdb.org/gsea/msigdb/mouse/geneset/HALLMARK_INFLAMMATORY_RESPONSE,MM,Mus musculus
HALLMARK_INFLAMMATORY_RESPONSE,Il10,https://www.gsea-msigdb.org/gsea/msigdb/mouse/geneset/HALLMARK_INFLAMMATORY_RESPONSE,MM,Mus musculus
HALLMARK_INFLAMMATORY_RESPONSE,Il10ra,https://www.gsea-msigdb.org/gsea/msigdb/mouse/geneset/HALLMARK_INFLAMMATORY_RESPONSE,MM,Mus musculus
HALLMARK_INFLAMMATORY_RESPONSE,Il12b,https://www.gsea-msigdb.org/gsea/msigdb/mouse/geneset/HALLMARK_INFLAMMATORY_RESPONSE,MM,Mus musculus
HALLMARK_INFLAMMATORY_RESPONSE,Il15,https://www.gsea-msigdb.org/gsea/msigdb/mouse/geneset/HALLMARK_INFLAMMATORY_RESPONSE,MM,Mus musculus
HALLMARK_INFLAMMATORY_RESPONSE,Il15ra,https://www.gsea-msigdb.org/gsea/msigdb/mouse/geneset/HALLMARK_INFLAMMATORY_RESPONSE,MM,Mus musculus
HALLMARK_INFLAMMATORY_RESPONSE,Il18,https://www.gsea-msigdb.org/gsea/msigdb/mouse/geneset/HALLMARK_INFLAMMATORY_RESPONSE,MM,Mus musculus
HALLMARK_INFLAMMATORY_RESPONSE,Il18r1,https://www.gsea-msigdb.org/gsea/msigdb/mouse/geneset/HALLMARK_INFLAMMATORY_RESPONSE,MM,Mus musculus
HALLMARK_INFLAMMATORY_RESPONSE,Il18rap,https://www.gsea-msigdb.org/gsea/msigdb/mouse/geneset/HALLMARK_INFLAMMATORY_RESPONSE,MM,Mus musculus
HALLMARK_INFLAMMATORY_RESPONSE,Il1a,https://www.gsea-msigdb.org/gsea/msigdb/mouse/geneset/HALLMARK_INFLAMMATORY_RESPONSE,MM,Mus musculus
HALLMARK_INFLAMMATORY_RESPONSE,Il1b,https://www.gsea-msigdb.org/gsea/msigdb/mouse/geneset/HALLMARK_INFLAMMATORY_RESPONSE,MM,Mus musculus
HALLMARK_INFLAMMATORY_RESPONSE,Il1r1,https://www.gsea-msigdb.org/gsea/msigdb/mouse/geneset/HALLMARK_INFLAMMATORY_RESPONSE,MM,Mus musculus
HALLMARK_INFLAMMATORY_RESPONSE,Il2rb,https://www.gsea-msigdb.org/gsea/msigdb/mouse/geneset/HALLMARK_INFLAMMATORY_RESPONSE,MM,Mus musculus
HALLMARK_INFLAMMATORY_RESPONSE,Il4ra,https://www.gsea-msigdb.org/gsea/msigdb/mouse/geneset/HALLMARK_INFLAMMATORY_RESPONSE,MM,Mus musculus
HALLMARK_INFLAMMATORY_RESPONSE,Il6,https://www.gsea-msigdb.org/gsea/msigdb/mouse/geneset/HALLMARK_INFLAMMATORY_RESPONSE,MM,Mus musculus
HALLMARK_INFLAMMATORY_RESPONSE,Il7r,https://www.gsea-msigdb.org/gsea/msigdb/mouse/geneset/HALLMARK_INFLAMMATORY_RESPONSE,MM,Mus musculus
HALLMARK_INFLAMMATORY_RESPONSE,Inhba,https://www.gsea-msigdb.org/gsea/msigdb/mouse/geneset/HALLMARK_INFLAMMATORY_RESPONSE,MM,Mus musculus
HALLMARK_INFLAMMATORY_RESPONSE,Irak2,https://www.gsea-msigdb.org/gsea/msigdb/mouse/geneset/HALLMARK_INFLAMMATORY_RESPONSE,MM,Mus musculus
HALLMARK_INFLAMMATORY_RESPONSE,Irf1,https://www.gsea-msigdb.org/gsea/msigdb/mouse/geneset/HALLMARK_INFLAMMATORY_RESPONSE,MM,Mus musculus
HALLMARK_INFLAMMATORY_RESPONSE,Irf7,https://www.gsea-msigdb.org/gsea/msigdb/mouse/geneset/HALLMARK_INFLAMMATORY_RESPONSE,MM,Mus musculus
HALLMARK_INFLAMMATORY_RESPONSE,Itga5,https://www.gsea-msigdb.org/gsea/msigdb/mouse/geneset/HALLMARK_INFLAMMATORY_RESPONSE,MM,Mus musculus
HALLMARK_INFLAMMATORY_RESPONSE,Itgb3,https://www.gsea-msigdb.org/gsea/msigdb/mouse/geneset/HALLMARK_INFLAMMATORY_RESPONSE,MM,Mus musculus
HALLMARK_INFLAMMATORY_RESPONSE,Itgb8,https://www.gsea-msigdb.org/gsea/msigdb/mouse/geneset/HALLMARK_INFLAMMATORY_RESPONSE,MM,Mus musculus
HALLMARK_INFLAMMATORY_RESPONSE,Kcna3,https://www.gsea-msigdb.org/gsea/msigdb/mouse/geneset/HALLMARK_INFLAMMATORY_RESPONSE,MM,Mus musculus
HALLMARK_INFLAMMATORY_RESPONSE,Kcnj2,https://www.gsea-msigdb.org/gsea/msigdb/mouse/geneset/HALLMARK_INFLAMMATORY_RESPONSE,MM,Mus musculus
HALLMARK_INFLAMMATORY_RESPONSE,Kcnmb2,https://www.gsea-msigdb.org/gsea/msigdb/mouse/geneset/HALLMARK_INFLAMMATORY_RESPONSE,MM,Mus musculus
HALLMARK_INFLAMMATORY_RESPONSE,Kif1b,https://www.gsea-msigdb.org/gsea/msigdb/mouse/geneset/HALLMARK_INFLAMMATORY_RESPONSE,MM,Mus musculus
HALLMARK_INFLAMMATORY_RESPONSE,Klf6,https://www.gsea-msigdb.org/gsea/msigdb/mouse/geneset/HALLMARK_INFLAMMATORY_RESPONSE,MM,Mus musculus
HALLMARK_INFLAMMATORY_RESPONSE,Lamp3,https://www.gsea-msigdb.org/gsea/msigdb/mouse/geneset/HALLMARK_INFLAMMATORY_RESPONSE,MM,Mus musculus
HALLMARK_INFLAMMATORY_RESPONSE,Lck,https://www.gsea-msigdb.org/gsea/msigdb/mouse/geneset/HALLMARK_INFLAMMATORY_RESPONSE,MM,Mus musculus
HALLMARK_INFLAMMATORY_RESPONSE,Lcp2,https://www.gsea-msigdb.org/gsea/msigdb/mouse/geneset/HALLMARK_INFLAMMATORY_RESPONSE,MM,Mus musculus
HALLMARK_INFLAMMATORY_RESPONSE,Ldlr,https://www.gsea-msigdb.org/gsea/msigdb/mouse/geneset/HALLMARK_INFLAMMATORY_RESPONSE,MM,Mus musculus
HALLMARK_INFLAMMATORY_RESPONSE,Lif,https://www.gsea-msigdb.org/gsea/msigdb/mouse/geneset/HALLMARK_INFLAMMATORY_RESPONSE,MM,Mus musculus
HALLMARK_INFLAMMATORY_RESPONSE,Lpar1,https://www.gsea-msigdb.org/gsea/msigdb/mouse/geneset/HALLMARK_INFLAMMATORY_RESPONSE,MM,Mus musculus
HALLMARK_INFLAMMATORY_RESPONSE,Lta,https://www.gsea-msigdb.org/gsea/msigdb/mouse/geneset/HALLMARK_INFLAMMATORY_RESPONSE,MM,Mus musculus
HALLMARK_INFLAMMATORY_RESPONSE,Ly6e,https://www.gsea-msigdb.org/gsea/msigdb/mouse/geneset/HALLMARK_INFLAMMATORY_RESPONSE,MM,Mus musculus
HALLMARK_INFLAMMATORY_RESPONSE,Lyn,https://www.gsea-msigdb.org/gsea/msigdb/mouse/geneset/HALLMARK_INFLAMMATORY_RESPONSE,MM,Mus musculus
HALLMARK_INFLAMMATORY_RESPONSE,Marco,https://www.gsea-msigdb.org/gsea/msigdb/mouse/geneset/HALLMARK_INFLAMMATORY_RESPONSE,MM,Mus musculus
HALLMARK_INFLAMMATORY_RESPONSE,Mefv,https://www.gsea-msigdb.org/gsea/msigdb/mouse/geneset/HALLMARK_INFLAMMATORY_RESPONSE,MM,Mus musculus
HALLMARK_INFLAMMATORY_RESPONSE,Mep1a,https://www.gsea-msigdb.org/gsea/msigdb/mouse/geneset/HALLMARK_INFLAMMATORY_RESPONSE,MM,Mus musculus
HALLMARK_INFLAMMATORY_RESPONSE,Met,https://www.gsea-msigdb.org/gsea/msigdb/mouse/geneset/HALLMARK_INFLAMMATORY_RESPONSE,MM,Mus musculus
HALLMARK_INFLAMMATORY_RESPONSE,Mmp14,https://www.gsea-msigdb.org/gsea/msigdb/mouse/geneset/HALLMARK_INFLAMMATORY_RESPONSE,MM,Mus musculus
HALLMARK_INFLAMMATORY_RESPONSE,Msr1,https://www.gsea-msigdb.org/gsea/msigdb/mouse/geneset/HALLMARK_INFLAMMATORY_RESPONSE,MM,Mus musculus
HALLMARK_INFLAMMATORY_RESPONSE,Mxd1,https://www.gsea-msigdb.org/gsea/msigdb/mouse/geneset/HALLMARK_INFLAMMATORY_RESPONSE,MM,Mus musculus
HALLMARK_INFLAMMATORY_RESPONSE,Myc,https://www.gsea-msigdb.org/gsea/msigdb/mouse/geneset/HALLMARK_INFLAMMATORY_RESPONSE,MM,Mus musculus
HALLMARK_INFLAMMATORY_RESPONSE,Nampt,https://www.gsea-msigdb.org/gsea/msigdb/mouse/geneset/HALLMARK_INFLAMMATORY_RESPONSE,MM,Mus musculus
HALLMARK_INFLAMMATORY_RESPONSE,Ndp,https://www.gsea-msigdb.org/gsea/msigdb/mouse/geneset/HALLMARK_INFLAMMATORY_RESPONSE,MM,Mus musculus
HALLMARK_INFLAMMATORY_RESPONSE,Nfkb1,https://www.gsea-msigdb.org/gsea/msigdb/mouse/geneset/HALLMARK_INFLAMMATORY_RESPONSE,MM,Mus musculus
HALLMARK_INFLAMMATORY_RESPONSE,Nfkbia,https://www.gsea-msigdb.org/gsea/msigdb/mouse/geneset/HALLMARK_INFLAMMATORY_RESPONSE,MM,Mus musculus
HALLMARK_INFLAMMATORY_RESPONSE,Nlrp3,https://www.gsea-msigdb.org/gsea/msigdb/mouse/geneset/HALLMARK_INFLAMMATORY_RESPONSE,MM,Mus musculus
HALLMARK_INFLAMMATORY_RESPONSE,Nmi,https://www.gsea-msigdb.org/gsea/msigdb/mouse/geneset/HALLMARK_INFLAMMATORY_RESPONSE,MM,Mus musculus
HALLMARK_INFLAMMATORY_RESPONSE,Nmur1,https://www.gsea-msigdb.org/gsea/msigdb/mouse/geneset/HALLMARK_INFLAMMATORY_RESPONSE,MM,Mus musculus
HALLMARK_INFLAMMATORY_RESPONSE,Nod2,https://www.gsea-msigdb.org/gsea/msigdb/mouse/geneset/HALLMARK_INFLAMMATORY_RESPONSE,MM,Mus musculus
HALLMARK_INFLAMMATORY_RESPONSE,Npffr2,https://www.gsea-msigdb.org/gsea/msigdb/mouse/geneset/HALLMARK_INFLAMMATORY_RESPONSE,MM,Mus musculus
HALLMARK_INFLAMMATORY_RESPONSE,Olr1,https://www.gsea-msigdb.org/gsea/msigdb/mouse/geneset/HALLMARK_INFLAMMATORY_RESPONSE,MM,Mus musculus
HALLMARK_INFLAMMATORY_RESPONSE,Oprk1,https://www.gsea-msigdb.org/gsea/msigdb/mouse/geneset/HALLMARK_INFLAMMATORY_RESPONSE,MM,Mus musculus
HALLMARK_INFLAMMATORY_RESPONSE,Osm,https://www.gsea-msigdb.org/gsea/msigdb/mouse/geneset/HALLMARK_INFLAMMATORY_RESPONSE,MM,Mus musculus
HALLMARK_INFLAMMATORY_RESPONSE,Osmr,https://www.gsea-msigdb.org/gsea/msigdb/mouse/geneset/HALLMARK_INFLAMMATORY_RESPONSE,MM,Mus musculus
HALLMARK_INFLAMMATORY_RESPONSE,P2rx4,https://www.gsea-msigdb.org/gsea/msigdb/mouse/geneset/HALLMARK_INFLAMMATORY_RESPONSE,MM,Mus musculus
HALLMARK_INFLAMMATORY_RESPONSE,P2rx7,https://www.gsea-msigdb.org/gsea/msigdb/mouse/geneset/HALLMARK_INFLAMMATORY_RESPONSE,MM,Mus musculus
HALLMARK_INFLAMMATORY_RESPONSE,P2ry2,https://www.gsea-msigdb.org/gsea/msigdb/mouse/geneset/HALLMARK_INFLAMMATORY_RESPONSE,MM,Mus musculus
HALLMARK_INFLAMMATORY_RESPONSE,Pcdh7,https://www.gsea-msigdb.org/gsea/msigdb/mouse/geneset/HALLMARK_INFLAMMATORY_RESPONSE,MM,Mus musculus
HALLMARK_INFLAMMATORY_RESPONSE,Pde4b,https://www.gsea-msigdb.org/gsea/msigdb/mouse/geneset/HALLMARK_INFLAMMATORY_RESPONSE,MM,Mus musculus
HALLMARK_INFLAMMATORY_RESPONSE,Pdpn,https://www.gsea-msigdb.org/gsea/msigdb/mouse/geneset/HALLMARK_INFLAMMATORY_RESPONSE,MM,Mus musculus
HALLMARK_INFLAMMATORY_RESPONSE,Pik3r5,https://www.gsea-msigdb.org/gsea/msigdb/mouse/geneset/HALLMARK_INFLAMMATORY_RESPONSE,MM,Mus musculus
HALLMARK_INFLAMMATORY_RESPONSE,Plaur,https://www.gsea-msigdb.org/gsea/msigdb/mouse/geneset/HALLMARK_INFLAMMATORY_RESPONSE,MM,Mus musculus
HALLMARK_INFLAMMATORY_RESPONSE,Prok2,https://www.gsea-msigdb.org/gsea/msigdb/mouse/geneset/HALLMARK_INFLAMMATORY_RESPONSE,MM,Mus musculus
HALLMARK_INFLAMMATORY_RESPONSE,Psen1,https://www.gsea-msigdb.org/gsea/msigdb/mouse/geneset/HALLMARK_INFLAMMATORY_RESPONSE,MM,Mus musculus
HALLMARK_INFLAMMATORY_RESPONSE,Ptafr,https://www.gsea-msigdb.org/gsea/msigdb/mouse/geneset/HALLMARK_INFLAMMATORY_RESPONSE,MM,Mus musculus
HALLMARK_INFLAMMATORY_RESPONSE,Ptger2,https://www.gsea-msigdb.org/gsea/msigdb/mouse/geneset/HALLMARK_INFLAMMATORY_RESPONSE,MM,Mus musculus
HALLMARK_INFLAMMATORY_RESPONSE,Ptger4,https://www.gsea-msigdb.org/gsea/msigdb/mouse/geneset/HALLMARK_INFLAMMATORY_RESPONSE,MM,Mus musculus
HALLMARK_INFLAMMATORY_RESPONSE,Ptgir,https://www.gsea-msigdb.org/gsea/msigdb/mouse/geneset/HALLMARK_INFLAMMATORY_RESPONSE,MM,Mus musculus
HALLMARK_INFLAMMATORY_RESPONSE,Ptpre,https://www.gsea-msigdb.org/gsea/msigdb/mouse/geneset/HALLMARK_INFLAMMATORY_RESPONSE,MM,Mus musculus
HALLMARK_INFLAMMATORY_RESPONSE,Pvr,https://www.gsea-msigdb.org/gsea/msigdb/mouse/geneset/HALLMARK_INFLAMMATORY_RESPONSE,MM,Mus musculus
HALLMARK_INFLAMMATORY_RESPONSE,Raf1,https://www.gsea-msigdb.org/gsea/msigdb/mouse/geneset/HALLMARK_INFLAMMATORY_RESPONSE,MM,Mus musculus
HALLMARK_INFLAMMATORY_RESPONSE,Rasgrp1,https://www.gsea-msigdb.org/gsea/msigdb/mouse/geneset/HALLMARK_INFLAMMATORY_RESPONSE,MM,Mus musculus
HALLMARK_INFLAMMATORY_RESPONSE,Rela,https://www.gsea-msigdb.org/gsea/msigdb/mouse/geneset/HALLMARK_INFLAMMATORY_RESPONSE,MM,Mus musculus
HALLMARK_INFLAMMATORY_RESPONSE,Rgs1,https://www.gsea-msigdb.org/gsea/msigdb/mouse/geneset/HALLMARK_INFLAMMATORY_RESPONSE,MM,Mus musculus
HALLMARK_INFLAMMATORY_RESPONSE,Rgs16,https://www.gsea-msigdb.org/gsea/msigdb/mouse/geneset/HALLMARK_INFLAMMATORY_RESPONSE,MM,Mus musculus
HALLMARK_INFLAMMATORY_RESPONSE,Rhog,https://www.gsea-msigdb.org/gsea/msigdb/mouse/geneset/HALLMARK_INFLAMMATORY_RESPONSE,MM,Mus musculus
HALLMARK_INFLAMMATORY_RESPONSE,Ripk2,https://www.gsea-msigdb.org/gsea/msigdb/mouse/geneset/HALLMARK_INFLAMMATORY_RESPONSE,MM,Mus musculus
HALLMARK_INFLAMMATORY_RESPONSE,Rnf144b,https://www.gsea-msigdb.org/gsea/msigdb/mouse/geneset/HALLMARK_INFLAMMATORY_RESPONSE,MM,Mus musculus
HALLMARK_INFLAMMATORY_RESPONSE,Ros1,https://www.gsea-msigdb.org/gsea/msigdb/mouse/geneset/HALLMARK_INFLAMMATORY_RESPONSE,MM,Mus musculus
HALLMARK_INFLAMMATORY_RESPONSE,Rtp4,https://www.gsea-msigdb.org/gsea/msigdb/mouse/geneset/HALLMARK_INFLAMMATORY_RESPONSE,MM,Mus musculus
HALLMARK_INFLAMMATORY_RESPONSE,Scarf1,https://www.gsea-msigdb.org/gsea/msigdb/mouse/geneset/HALLMARK_INFLAMMATORY_RESPONSE,MM,Mus musculus
HALLMARK_INFLAMMATORY_RESPONSE,Scn1b,https://www.gsea-msigdb.org/gsea/msigdb/mouse/geneset/HALLMARK_INFLAMMATORY_RESPONSE,MM,Mus musculus
HALLMARK_INFLAMMATORY_RESPONSE,Sele,https://www.gsea-msigdb.org/gsea/msigdb/mouse/geneset/HALLMARK_INFLAMMATORY_RESPONSE,MM,Mus musculus
HALLMARK_INFLAMMATORY_RESPONSE,Selenos,https://www.gsea-msigdb.org/gsea/msigdb/mouse/geneset/HALLMARK_INFLAMMATORY_RESPONSE,MM,Mus musculus
HALLMARK_INFLAMMATORY_RESPONSE,Sell,https://www.gsea-msigdb.org/gsea/msigdb/mouse/geneset/HALLMARK_INFLAMMATORY_RESPONSE,MM,Mus musculus
HALLMARK_INFLAMMATORY_RESPONSE,Sema4d,https://www.gsea-msigdb.org/gsea/msigdb/mouse/geneset/HALLMARK_INFLAMMATORY_RESPONSE,MM,Mus musculus
HALLMARK_INFLAMMATORY_RESPONSE,Serpine1,https://www.gsea-msigdb.org/gsea/msigdb/mouse/geneset/HALLMARK_INFLAMMATORY_RESPONSE,MM,Mus musculus
HALLMARK_INFLAMMATORY_RESPONSE,Sgms2,https://www.gsea-msigdb.org/gsea/msigdb/mouse/geneset/HALLMARK_INFLAMMATORY_RESPONSE,MM,Mus musculus
HALLMARK_INFLAMMATORY_RESPONSE,Slamf1,https://www.gsea-msigdb.org/gsea/msigdb/mouse/geneset/HALLMARK_INFLAMMATORY_RESPONSE,MM,Mus musculus
HALLMARK_INFLAMMATORY_RESPONSE,Slc11a2,https://www.gsea-msigdb.org/gsea/msigdb/mouse/geneset/HALLMARK_INFLAMMATORY_RESPONSE,MM,Mus musculus
HALLMARK_INFLAMMATORY_RESPONSE,Slc1a2,https://www.gsea-msigdb.org/gsea/msigdb/mouse/geneset/HALLMARK_INFLAMMATORY_RESPONSE,MM,Mus musculus
HALLMARK_INFLAMMATORY_RESPONSE,Slc28a2,https://www.gsea-msigdb.org/gsea/msigdb/mouse/geneset/HALLMARK_INFLAMMATORY_RESPONSE,MM,Mus musculus
HALLMARK_INFLAMMATORY_RESPONSE,Slc31a1,https://www.gsea-msigdb.org/gsea/msigdb/mouse/geneset/HALLMARK_INFLAMMATORY_RESPONSE,MM,Mus musculus
HALLMARK_INFLAMMATORY_RESPONSE,Slc31a2,https://www.gsea-msigdb.org/gsea/msigdb/mouse/geneset/HALLMARK_INFLAMMATORY_RESPONSE,MM,Mus musculus
HALLMARK_INFLAMMATORY_RESPONSE,Slc4a4,https://www.gsea-msigdb.org/gsea/msigdb/mouse/geneset/HALLMARK_INFLAMMATORY_RESPONSE,MM,Mus musculus
HALLMARK_INFLAMMATORY_RESPONSE,Slc7a1,https://www.gsea-msigdb.org/gsea/msigdb/mouse/geneset/HALLMARK_INFLAMMATORY_RESPONSE,MM,Mus musculus
HALLMARK_INFLAMMATORY_RESPONSE,Slc7a2,https://www.gsea-msigdb.org/gsea/msigdb/mouse/geneset/HALLMARK_INFLAMMATORY_RESPONSE,MM,Mus musculus
HALLMARK_INFLAMMATORY_RESPONSE,Sphk1,https://www.gsea-msigdb.org/gsea/msigdb/mouse/geneset/HALLMARK_INFLAMMATORY_RESPONSE,MM,Mus musculus
HALLMARK_INFLAMMATORY_RESPONSE,Sri,https://www.gsea-msigdb.org/gsea/msigdb/mouse/geneset/HALLMARK_INFLAMMATORY_RESPONSE,MM,Mus musculus
HALLMARK_INFLAMMATORY_RESPONSE,Stab1,https://www.gsea-msigdb.org/gsea/msigdb/mouse/geneset/HALLMARK_INFLAMMATORY_RESPONSE,MM,Mus musculus
HALLMARK_INFLAMMATORY_RESPONSE,Tacr1,https://www.gsea-msigdb.org/gsea/msigdb/mouse/geneset/HALLMARK_INFLAMMATORY_RESPONSE,MM,Mus musculus
HALLMARK_INFLAMMATORY_RESPONSE,Tacr3,https://www.gsea-msigdb.org/gsea/msigdb/mouse/geneset/HALLMARK_INFLAMMATORY_RESPONSE,MM,Mus musculus
HALLMARK_INFLAMMATORY_RESPONSE,Tapbp,https://www.gsea-msigdb.org/gsea/msigdb/mouse/geneset/HALLMARK_INFLAMMATORY_RESPONSE,MM,Mus musculus
HALLMARK_INFLAMMATORY_RESPONSE,Timp1,https://www.gsea-msigdb.org/gsea/msigdb/mouse/geneset/HALLMARK_INFLAMMATORY_RESPONSE,MM,Mus musculus
HALLMARK_INFLAMMATORY_RESPONSE,Tlr1,https://www.gsea-msigdb.org/gsea/msigdb/mouse/geneset/HALLMARK_INFLAMMATORY_RESPONSE,MM,Mus musculus
HALLMARK_INFLAMMATORY_RESPONSE,Tlr2,https://www.gsea-msigdb.org/gsea/msigdb/mouse/geneset/HALLMARK_INFLAMMATORY_RESPONSE,MM,Mus musculus
HALLMARK_INFLAMMATORY_RESPONSE,Tlr3,https://www.gsea-msigdb.org/gsea/msigdb/mouse/geneset/HALLMARK_INFLAMMATORY_RESPONSE,MM,Mus musculus
HALLMARK_INFLAMMATORY_RESPONSE,Tnfaip6,https://www.gsea-msigdb.org/gsea/msigdb/mouse/geneset/HALLMARK_INFLAMMATORY_RESPONSE,MM,Mus musculus
HALLMARK_INFLAMMATORY_RESPONSE,Tnfrsf1b,https://www.gsea-msigdb.org/gsea/msigdb/mouse/geneset/HALLMARK_INFLAMMATORY_RESPONSE,MM,Mus musculus
HALLMARK_INFLAMMATORY_RESPONSE,Tnfrsf9,https://www.gsea-msigdb.org/gsea/msigdb/mouse/geneset/HALLMARK_INFLAMMATORY_RESPONSE,MM,Mus musculus
HALLMARK_INFLAMMATORY_RESPONSE,Tnfsf10,https://www.gsea-msigdb.org/gsea/msigdb/mouse/geneset/HALLMARK_INFLAMMATORY_RESPONSE,MM,Mus musculus
HALLMARK_INFLAMMATORY_RESPONSE,Tnfsf15,https://www.gsea-msigdb.org/gsea/msigdb/mouse/geneset/HALLMARK_INFLAMMATORY_RESPONSE,MM,Mus musculus
HALLMARK_INFLAMMATORY_RESPONSE,Tnfsf9,https://www.gsea-msigdb.org/gsea/msigdb/mouse/geneset/HALLMARK_INFLAMMATORY_RESPONSE,MM,Mus musculus
HALLMARK_INFLAMMATORY_RESPONSE,Tpbg,https://www.gsea-msigdb.org/gsea/msigdb/mouse/geneset/HALLMARK_INFLAMMATORY_RESPONSE,MM,Mus musculus
HALLMARK_INFLAMMATORY_RESPONSE,Vip,https://www.gsea-msigdb.org/gsea/msigdb/mouse/geneset/HALLMARK_INFLAMMATORY_RESPONSE,MM,Mus musculus
HALLMARK_INTERFERON_ALPHA_RESPONSE,Adar,https://www.gsea-msigdb.org/gsea/msigdb/mouse/geneset/HALLMARK_INTERFERON_ALPHA_RESPONSE,MM,Mus musculus
HALLMARK_INTERFERON_ALPHA_RESPONSE,B2m,https://www.gsea-msigdb.org/gsea/msigdb/mouse/geneset/HALLMARK_INTERFERON_ALPHA_RESPONSE,MM,Mus musculus
HALLMARK_INTERFERON_ALPHA_RESPONSE,Batf2,https://www.gsea-msigdb.org/gsea/msigdb/mouse/geneset/HALLMARK_INTERFERON_ALPHA_RESPONSE,MM,Mus musculus
HALLMARK_INTERFERON_ALPHA_RESPONSE,Bst2,https://www.gsea-msigdb.org/gsea/msigdb/mouse/geneset/HALLMARK_INTERFERON_ALPHA_RESPONSE,MM,Mus musculus
HALLMARK_INTERFERON_ALPHA_RESPONSE,C1s1,https://www.gsea-msigdb.org/gsea/msigdb/mouse/geneset/HALLMARK_INTERFERON_ALPHA_RESPONSE,MM,Mus musculus
HALLMARK_INTERFERON_ALPHA_RESPONSE,Casp1,https://www.gsea-msigdb.org/gsea/msigdb/mouse/geneset/HALLMARK_INTERFERON_ALPHA_RESPONSE,MM,Mus musculus
HALLMARK_INTERFERON_ALPHA_RESPONSE,Casp8,https://www.gsea-msigdb.org/gsea/msigdb/mouse/geneset/HALLMARK_INTERFERON_ALPHA_RESPONSE,MM,Mus musculus
HALLMARK_INTERFERON_ALPHA_RESPONSE,Ccrl2,https://www.gsea-msigdb.org/gsea/msigdb/mouse/geneset/HALLMARK_INTERFERON_ALPHA_RESPONSE,MM,Mus musculus
HALLMARK_INTERFERON_ALPHA_RESPONSE,Cd47,https://www.gsea-msigdb.org/gsea/msigdb/mouse/geneset/HALLMARK_INTERFERON_ALPHA_RESPONSE,MM,Mus musculus
HALLMARK_INTERFERON_ALPHA_RESPONSE,Cd74,https://www.gsea-msigdb.org/gsea/msigdb/mouse/geneset/HALLMARK_INTERFERON_ALPHA_RESPONSE,MM,Mus musculus
HALLMARK_INTERFERON_ALPHA_RESPONSE,Cmpk2,https://www.gsea-msigdb.org/gsea/msigdb/mouse/geneset/HALLMARK_INTERFERON_ALPHA_RESPONSE,MM,Mus musculus
HALLMARK_INTERFERON_ALPHA_RESPONSE,Cmtr1,https://www.gsea-msigdb.org/gsea/msigdb/mouse/geneset/HALLMARK_INTERFERON_ALPHA_RESPONSE,MM,Mus musculus
HALLMARK_INTERFERON_ALPHA_RESPONSE,Cnp,https://www.gsea-msigdb.org/gsea/msigdb/mouse/geneset/HALLMARK_INTERFERON_ALPHA_RESPONSE,MM,Mus musculus
HALLMARK_INTERFERON_ALPHA_RESPONSE,Csf1,https://www.gsea-msigdb.org/gsea/msigdb/mouse/geneset/HALLMARK_INTERFERON_ALPHA_RESPONSE,MM,Mus musculus
HALLMARK_INTERFERON_ALPHA_RESPONSE,Cxcl10,https://www.gsea-msigdb.org/gsea/msigdb/mouse/geneset/HALLMARK_INTERFERON_ALPHA_RESPONSE,MM,Mus musculus
HALLMARK_INTERFERON_ALPHA_RESPONSE,Cxcl11,https://www.gsea-msigdb.org/gsea/msigdb/mouse/geneset/HALLMARK_INTERFERON_ALPHA_RESPONSE,MM,Mus musculus
HALLMARK_INTERFERON_ALPHA_RESPONSE,Ddx60,https://www.gsea-msigdb.org/gsea/msigdb/mouse/geneset/HALLMARK_INTERFERON_ALPHA_RESPONSE,MM,Mus musculus
HALLMARK_INTERFERON_ALPHA_RESPONSE,Dhx58,https://www.gsea-msigdb.org/gsea/msigdb/mouse/geneset/HALLMARK_INTERFERON_ALPHA_RESPONSE,MM,Mus musculus
HALLMARK_INTERFERON_ALPHA_RESPONSE,Eif2ak2,https://www.gsea-msigdb.org/gsea/msigdb/mouse/geneset/HALLMARK_INTERFERON_ALPHA_RESPONSE,MM,Mus musculus
HALLMARK_INTERFERON_ALPHA_RESPONSE,Elf1,https://www.gsea-msigdb.org/gsea/msigdb/mouse/geneset/HALLMARK_INTERFERON_ALPHA_RESPONSE,MM,Mus musculus
HALLMARK_INTERFERON_ALPHA_RESPONSE,Epsti1,https://www.gsea-msigdb.org/gsea/msigdb/mouse/geneset/HALLMARK_INTERFERON_ALPHA_RESPONSE,MM,Mus musculus
HALLMARK_INTERFERON_ALPHA_RESPONSE,Gbp3,https://www.gsea-msigdb.org/gsea/msigdb/mouse/geneset/HALLMARK_INTERFERON_ALPHA_RESPONSE,MM,Mus musculus
HALLMARK_INTERFERON_ALPHA_RESPONSE,Gmpr,https://www.gsea-msigdb.org/gsea/msigdb/mouse/geneset/HALLMARK_INTERFERON_ALPHA_RESPONSE,MM,Mus musculus
HALLMARK_INTERFERON_ALPHA_RESPONSE,Helz2,https://www.gsea-msigdb.org/gsea/msigdb/mouse/geneset/HALLMARK_INTERFERON_ALPHA_RESPONSE,MM,Mus musculus
HALLMARK_INTERFERON_ALPHA_RESPONSE,Herc6,https://www.gsea-msigdb.org/gsea/msigdb/mouse/geneset/HALLMARK_INTERFERON_ALPHA_RESPONSE,MM,Mus musculus
HALLMARK_INTERFERON_ALPHA_RESPONSE,Ifi27,https://www.gsea-msigdb.org/gsea/msigdb/mouse/geneset/HALLMARK_INTERFERON_ALPHA_RESPONSE,MM,Mus musculus
HALLMARK_INTERFERON_ALPHA_RESPONSE,Ifi30,https://www.gsea-msigdb.org/gsea/msigdb/mouse/geneset/HALLMARK_INTERFERON_ALPHA_RESPONSE,MM,Mus musculus
HALLMARK_INTERFERON_ALPHA_RESPONSE,Ifi35,https://www.gsea-msigdb.org/gsea/msigdb/mouse/geneset/HALLMARK_INTERFERON_ALPHA_RESPONSE,MM,Mus musculus
HALLMARK_INTERFERON_ALPHA_RESPONSE,Ifi44,https://www.gsea-msigdb.org/gsea/msigdb/mouse/geneset/HALLMARK_INTERFERON_ALPHA_RESPONSE,MM,Mus musculus
HALLMARK_INTERFERON_ALPHA_RESPONSE,Ifi44l,https://www.gsea-msigdb.org/gsea/msigdb/mouse/geneset/HALLMARK_INTERFERON_ALPHA_RESPONSE,MM,Mus musculus
HALLMARK_INTERFERON_ALPHA_RESPONSE,Ifih1,https://www.gsea-msigdb.org/gsea/msigdb/mouse/geneset/HALLMARK_INTERFERON_ALPHA_RESPONSE,MM,Mus musculus
HALLMARK_INTERFERON_ALPHA_RESPONSE,Ifit2,https://www.gsea-msigdb.org/gsea/msigdb/mouse/geneset/HALLMARK_INTERFERON_ALPHA_RESPONSE,MM,Mus musculus
HALLMARK_INTERFERON_ALPHA_RESPONSE,Ifit3,https://www.gsea-msigdb.org/gsea/msigdb/mouse/geneset/HALLMARK_INTERFERON_ALPHA_RESPONSE,MM,Mus musculus
HALLMARK_INTERFERON_ALPHA_RESPONSE,Ifitm1,https://www.gsea-msigdb.org/gsea/msigdb/mouse/geneset/HALLMARK_INTERFERON_ALPHA_RESPONSE,MM,Mus musculus
HALLMARK_INTERFERON_ALPHA_RESPONSE,Ifitm2,https://www.gsea-msigdb.org/gsea/msigdb/mouse/geneset/HALLMARK_INTERFERON_ALPHA_RESPONSE,MM,Mus musculus
HALLMARK_INTERFERON_ALPHA_RESPONSE,Ifitm3,https://www.gsea-msigdb.org/gsea/msigdb/mouse/geneset/HALLMARK_INTERFERON_ALPHA_RESPONSE,MM,Mus musculus
HALLMARK_INTERFERON_ALPHA_RESPONSE,Il15,https://www.gsea-msigdb.org/gsea/msigdb/mouse/geneset/HALLMARK_INTERFERON_ALPHA_RESPONSE,MM,Mus musculus
HALLMARK_INTERFERON_ALPHA_RESPONSE,Il4ra,https://www.gsea-msigdb.org/gsea/msigdb/mouse/geneset/HALLMARK_INTERFERON_ALPHA_RESPONSE,MM,Mus musculus
HALLMARK_INTERFERON_ALPHA_RESPONSE,Il7,https://www.gsea-msigdb.org/gsea/msigdb/mouse/geneset/HALLMARK_INTERFERON_ALPHA_RESPONSE,MM,Mus musculus
HALLMARK_INTERFERON_ALPHA_RESPONSE,Irf1,https://www.gsea-msigdb.org/gsea/msigdb/mouse/geneset/HALLMARK_INTERFERON_ALPHA_RESPONSE,MM,Mus musculus
HALLMARK_INTERFERON_ALPHA_RESPONSE,Irf2,https://www.gsea-msigdb.org/gsea/msigdb/mouse/geneset/HALLMARK_INTERFERON_ALPHA_RESPONSE,MM,Mus musculus
HALLMARK_INTERFERON_ALPHA_RESPONSE,Irf7,https://www.gsea-msigdb.org/gsea/msigdb/mouse/geneset/HALLMARK_INTERFERON_ALPHA_RESPONSE,MM,Mus musculus
HALLMARK_INTERFERON_ALPHA_RESPONSE,Irf9,https://www.gsea-msigdb.org/gsea/msigdb/mouse/geneset/HALLMARK_INTERFERON_ALPHA_RESPONSE,MM,Mus musculus
HALLMARK_INTERFERON_ALPHA_RESPONSE,Isg15,https://www.gsea-msigdb.org/gsea/msigdb/mouse/geneset/HALLMARK_INTERFERON_ALPHA_RESPONSE,MM,Mus musculus
HALLMARK_INTERFERON_ALPHA_RESPONSE,Isg20,https://www.gsea-msigdb.org/gsea/msigdb/mouse/geneset/HALLMARK_INTERFERON_ALPHA_RESPONSE,MM,Mus musculus
HALLMARK_INTERFERON_ALPHA_RESPONSE,Lamp3,https://www.gsea-msigdb.org/gsea/msigdb/mouse/geneset/HALLMARK_INTERFERON_ALPHA_RESPONSE,MM,Mus musculus
HALLMARK_INTERFERON_ALPHA_RESPONSE,Lap3,https://www.gsea-msigdb.org/gsea/msigdb/mouse/geneset/HALLMARK_INTERFERON_ALPHA_RESPONSE,MM,Mus musculus
HALLMARK_INTERFERON_ALPHA_RESPONSE,Lgals3bp,https://www.gsea-msigdb.org/gsea/msigdb/mouse/geneset/HALLMARK_INTERFERON_ALPHA_RESPONSE,MM,Mus musculus
HALLMARK_INTERFERON_ALPHA_RESPONSE,Lpar6,https://www.gsea-msigdb.org/gsea/msigdb/mouse/geneset/HALLMARK_INTERFERON_ALPHA_RESPONSE,MM,Mus musculus
HALLMARK_INTERFERON_ALPHA_RESPONSE,Ly6e,https://www.gsea-msigdb.org/gsea/msigdb/mouse/geneset/HALLMARK_INTERFERON_ALPHA_RESPONSE,MM,Mus musculus
HALLMARK_INTERFERON_ALPHA_RESPONSE,Mov10,https://www.gsea-msigdb.org/gsea/msigdb/mouse/geneset/HALLMARK_INTERFERON_ALPHA_RESPONSE,MM,Mus musculus
HALLMARK_INTERFERON_ALPHA_RESPONSE,Mvb12a,https://www.gsea-msigdb.org/gsea/msigdb/mouse/geneset/HALLMARK_INTERFERON_ALPHA_RESPONSE,MM,Mus musculus
HALLMARK_INTERFERON_ALPHA_RESPONSE,Mx2,https://www.gsea-msigdb.org/gsea/msigdb/mouse/geneset/HALLMARK_INTERFERON_ALPHA_RESPONSE,MM,Mus musculus
HALLMARK_INTERFERON_ALPHA_RESPONSE,Ncoa7,https://www.gsea-msigdb.org/gsea/msigdb/mouse/geneset/HALLMARK_INTERFERON_ALPHA_RESPONSE,MM,Mus musculus
HALLMARK_INTERFERON_ALPHA_RESPONSE,Nmi,https://www.gsea-msigdb.org/gsea/msigdb/mouse/geneset/HALLMARK_INTERFERON_ALPHA_RESPONSE,MM,Mus musculus
HALLMARK_INTERFERON_ALPHA_RESPONSE,Nub1,https://www.gsea-msigdb.org/gsea/msigdb/mouse/geneset/HALLMARK_INTERFERON_ALPHA_RESPONSE,MM,Mus musculus
HALLMARK_INTERFERON_ALPHA_RESPONSE,Oas1a,https://www.gsea-msigdb.org/gsea/msigdb/mouse/geneset/HALLMARK_INTERFERON_ALPHA_RESPONSE,MM,Mus musculus
HALLMARK_INTERFERON_ALPHA_RESPONSE,Oasl1,https://www.gsea-msigdb.org/gsea/msigdb/mouse/geneset/HALLMARK_INTERFERON_ALPHA_RESPONSE,MM,Mus musculus
HALLMARK_INTERFERON_ALPHA_RESPONSE,Ogfr,https://www.gsea-msigdb.org/gsea/msigdb/mouse/geneset/HALLMARK_INTERFERON_ALPHA_RESPONSE,MM,Mus musculus
HALLMARK_INTERFERON_ALPHA_RESPONSE,Parp12,https://www.gsea-msigdb.org/gsea/msigdb/mouse/geneset/HALLMARK_INTERFERON_ALPHA_RESPONSE,MM,Mus musculus
HALLMARK_INTERFERON_ALPHA_RESPONSE,Parp14,https://www.gsea-msigdb.org/gsea/msigdb/mouse/geneset/HALLMARK_INTERFERON_ALPHA_RESPONSE,MM,Mus musculus
HALLMARK_INTERFERON_ALPHA_RESPONSE,Parp9,https://www.gsea-msigdb.org/gsea/msigdb/mouse/geneset/HALLMARK_INTERFERON_ALPHA_RESPONSE,MM,Mus musculus
HALLMARK_INTERFERON_ALPHA_RESPONSE,Plscr1,https://www.gsea-msigdb.org/gsea/msigdb/mouse/geneset/HALLMARK_INTERFERON_ALPHA_RESPONSE,MM,Mus musculus
HALLMARK_INTERFERON_ALPHA_RESPONSE,Pnpt1,https://www.gsea-msigdb.org/gsea/msigdb/mouse/geneset/HALLMARK_INTERFERON_ALPHA_RESPONSE,MM,Mus musculus
HALLMARK_INTERFERON_ALPHA_RESPONSE,Procr,https://www.gsea-msigdb.org/gsea/msigdb/mouse/geneset/HALLMARK_INTERFERON_ALPHA_RESPONSE,MM,Mus musculus
HALLMARK_INTERFERON_ALPHA_RESPONSE,Psma3,https://www.gsea-msigdb.org/gsea/msigdb/mouse/geneset/HALLMARK_INTERFERON_ALPHA_RESPONSE,MM,Mus musculus
HALLMARK_INTERFERON_ALPHA_RESPONSE,Psmb8,https://www.gsea-msigdb.org/gsea/msigdb/mouse/geneset/HALLMARK_INTERFERON_ALPHA_RESPONSE,MM,Mus musculus
HALLMARK_INTERFERON_ALPHA_RESPONSE,Psmb9,https://www.gsea-msigdb.org/gsea/msigdb/mouse/geneset/HALLMARK_INTERFERON_ALPHA_RESPONSE,MM,Mus musculus
HALLMARK_INTERFERON_ALPHA_RESPONSE,Psme1,https://www.gsea-msigdb.org/gsea/msigdb/mouse/geneset/HALLMARK_INTERFERON_ALPHA_RESPONSE,MM,Mus musculus
HALLMARK_INTERFERON_ALPHA_RESPONSE,Psme2,https://www.gsea-msigdb.org/gsea/msigdb/mouse/geneset/HALLMARK_INTERFERON_ALPHA_RESPONSE,MM,Mus musculus
HALLMARK_INTERFERON_ALPHA_RESPONSE,Ripk2,https://www.gsea-msigdb.org/gsea/msigdb/mouse/geneset/HALLMARK_INTERFERON_ALPHA_RESPONSE,MM,Mus musculus
HALLMARK_INTERFERON_ALPHA_RESPONSE,Rnf31,https://www.gsea-msigdb.org/gsea/msigdb/mouse/geneset/HALLMARK_INTERFERON_ALPHA_RESPONSE,MM,Mus musculus
HALLMARK_INTERFERON_ALPHA_RESPONSE,Rsad2,https://www.gsea-msigdb.org/gsea/msigdb/mouse/geneset/HALLMARK_INTERFERON_ALPHA_RESPONSE,MM,Mus musculus
HALLMARK_INTERFERON_ALPHA_RESPONSE,Rtp4,https://www.gsea-msigdb.org/gsea/msigdb/mouse/geneset/HALLMARK_INTERFERON_ALPHA_RESPONSE,MM,Mus musculus
HALLMARK_INTERFERON_ALPHA_RESPONSE,Samd9l,https://www.gsea-msigdb.org/gsea/msigdb/mouse/geneset/HALLMARK_INTERFERON_ALPHA_RESPONSE,MM,Mus musculus
HALLMARK_INTERFERON_ALPHA_RESPONSE,Sell,https://www.gsea-msigdb.org/gsea/msigdb/mouse/geneset/HALLMARK_INTERFERON_ALPHA_RESPONSE,MM,Mus musculus
HALLMARK_INTERFERON_ALPHA_RESPONSE,Slc25a28,https://www.gsea-msigdb.org/gsea/msigdb/mouse/geneset/HALLMARK_INTERFERON_ALPHA_RESPONSE,MM,Mus musculus
HALLMARK_INTERFERON_ALPHA_RESPONSE,Sp110,https://www.gsea-msigdb.org/gsea/msigdb/mouse/geneset/HALLMARK_INTERFERON_ALPHA_RESPONSE,MM,Mus musculus
HALLMARK_INTERFERON_ALPHA_RESPONSE,Stat2,https://www.gsea-msigdb.org/gsea/msigdb/mouse/geneset/HALLMARK_INTERFERON_ALPHA_RESPONSE,MM,Mus musculus
HALLMARK_INTERFERON_ALPHA_RESPONSE,Tap1,https://www.gsea-msigdb.org/gsea/msigdb/mouse/geneset/HALLMARK_INTERFERON_ALPHA_RESPONSE,MM,Mus musculus
HALLMARK_INTERFERON_ALPHA_RESPONSE,Tdrd7,https://www.gsea-msigdb.org/gsea/msigdb/mouse/geneset/HALLMARK_INTERFERON_ALPHA_RESPONSE,MM,Mus musculus
HALLMARK_INTERFERON_ALPHA_RESPONSE,Tent5a,https://www.gsea-msigdb.org/gsea/msigdb/mouse/geneset/HALLMARK_INTERFERON_ALPHA_RESPONSE,MM,Mus musculus
HALLMARK_INTERFERON_ALPHA_RESPONSE,Tmem140,https://www.gsea-msigdb.org/gsea/msigdb/mouse/geneset/HALLMARK_INTERFERON_ALPHA_RESPONSE,MM,Mus musculus
HALLMARK_INTERFERON_ALPHA_RESPONSE,Trafd1,https://www.gsea-msigdb.org/gsea/msigdb/mouse/geneset/HALLMARK_INTERFERON_ALPHA_RESPONSE,MM,Mus musculus
HALLMARK_INTERFERON_ALPHA_RESPONSE,Trim12c,https://www.gsea-msigdb.org/gsea/msigdb/mouse/geneset/HALLMARK_INTERFERON_ALPHA_RESPONSE,MM,Mus musculus
HALLMARK_INTERFERON_ALPHA_RESPONSE,Trim14,https://www.gsea-msigdb.org/gsea/msigdb/mouse/geneset/HALLMARK_INTERFERON_ALPHA_RESPONSE,MM,Mus musculus
HALLMARK_INTERFERON_ALPHA_RESPONSE,Trim21,https://www.gsea-msigdb.org/gsea/msigdb/mouse/geneset/HALLMARK_INTERFERON_ALPHA_RESPONSE,MM,Mus musculus
HALLMARK_INTERFERON_ALPHA_RESPONSE,Trim25,https://www.gsea-msigdb.org/gsea/msigdb/mouse/geneset/HALLMARK_INTERFERON_ALPHA_RESPONSE,MM,Mus musculus
HALLMARK_INTERFERON_ALPHA_RESPONSE,Trim26,https://www.gsea-msigdb.org/gsea/msigdb/mouse/geneset/HALLMARK_INTERFERON_ALPHA_RESPONSE,MM,Mus musculus
HALLMARK_INTERFERON_ALPHA_RESPONSE,Txnip,https://www.gsea-msigdb.org/gsea/msigdb/mouse/geneset/HALLMARK_INTERFERON_ALPHA_RESPONSE,MM,Mus musculus
HALLMARK_INTERFERON_ALPHA_RESPONSE,Uba7,https://www.gsea-msigdb.org/gsea/msigdb/mouse/geneset/HALLMARK_INTERFERON_ALPHA_RESPONSE,MM,Mus musculus
HALLMARK_INTERFERON_ALPHA_RESPONSE,Ube2l6,https://www.gsea-msigdb.org/gsea/msigdb/mouse/geneset/HALLMARK_INTERFERON_ALPHA_RESPONSE,MM,Mus musculus
HALLMARK_INTERFERON_ALPHA_RESPONSE,Usp18,https://www.gsea-msigdb.org/gsea/msigdb/mouse/geneset/HALLMARK_INTERFERON_ALPHA_RESPONSE,MM,Mus musculus
HALLMARK_INTERFERON_ALPHA_RESPONSE,Wars1,https://www.gsea-msigdb.org/gsea/msigdb/mouse/geneset/HALLMARK_INTERFERON_ALPHA_RESPONSE,MM,Mus musculus
HALLMARK_INTERFERON_GAMMA_RESPONSE,Adar,https://www.gsea-msigdb.org/gsea/msigdb/mouse/geneset/HALLMARK_INTERFERON_GAMMA_RESPONSE,MM,Mus musculus
HALLMARK_INTERFERON_GAMMA_RESPONSE,Apol6,https://www.gsea-msigdb.org/gsea/msigdb/mouse/geneset/HALLMARK_INTERFERON_GAMMA_RESPONSE,MM,Mus musculus
HALLMARK_INTERFERON_GAMMA_RESPONSE,Arid5b,https://www.gsea-msigdb.org/gsea/msigdb/mouse/geneset/HALLMARK_INTERFERON_GAMMA_RESPONSE,MM,Mus musculus
HALLMARK_INTERFERON_GAMMA_RESPONSE,Arl4a,https://www.gsea-msigdb.org/gsea/msigdb/mouse/geneset/HALLMARK_INTERFERON_GAMMA_RESPONSE,MM,Mus musculus
HALLMARK_INTERFERON_GAMMA_RESPONSE,Auts2,https://www.gsea-msigdb.org/gsea/msigdb/mouse/geneset/HALLMARK_INTERFERON_GAMMA_RESPONSE,MM,Mus musculus
HALLMARK_INTERFERON_GAMMA_RESPONSE,B2m,https://www.gsea-msigdb.org/gsea/msigdb/mouse/geneset/HALLMARK_INTERFERON_GAMMA_RESPONSE,MM,Mus musculus
HALLMARK_INTERFERON_GAMMA_RESPONSE,Bank1,https://www.gsea-msigdb.org/gsea/msigdb/mouse/geneset/HALLMARK_INTERFERON_GAMMA_RESPONSE,MM,Mus musculus
HALLMARK_INTERFERON_GAMMA_RESPONSE,Batf2,https://www.gsea-msigdb.org/gsea/msigdb/mouse/geneset/HALLMARK_INTERFERON_GAMMA_RESPONSE,MM,Mus musculus
HALLMARK_INTERFERON_GAMMA_RESPONSE,Bpgm,https://www.gsea-msigdb.org/gsea/msigdb/mouse/geneset/HALLMARK_INTERFERON_GAMMA_RESPONSE,MM,Mus musculus
HALLMARK_INTERFERON_GAMMA_RESPONSE,Bst2,https://www.gsea-msigdb.org/gsea/msigdb/mouse/geneset/HALLMARK_INTERFERON_GAMMA_RESPONSE,MM,Mus musculus
HALLMARK_INTERFERON_GAMMA_RESPONSE,Btg1,https://www.gsea-msigdb.org/gsea/msigdb/mouse/geneset/HALLMARK_INTERFERON_GAMMA_RESPONSE,MM,Mus musculus
HALLMARK_INTERFERON_GAMMA_RESPONSE,C1s1,https://www.gsea-msigdb.org/gsea/msigdb/mouse/geneset/HALLMARK_INTERFERON_GAMMA_RESPONSE,MM,Mus musculus
HALLMARK_INTERFERON_GAMMA_RESPONSE,Casp1,https://www.gsea-msigdb.org/gsea/msigdb/mouse/geneset/HALLMARK_INTERFERON_GAMMA_RESPONSE,MM,Mus musculus
HALLMARK_INTERFERON_GAMMA_RESPONSE,Casp3,https://www.gsea-msigdb.org/gsea/msigdb/mouse/geneset/HALLMARK_INTERFERON_GAMMA_RESPONSE,MM,Mus musculus
HALLMARK_INTERFERON_GAMMA_RESPONSE,Casp4,https://www.gsea-msigdb.org/gsea/msigdb/mouse/geneset/HALLMARK_INTERFERON_GAMMA_RESPONSE,MM,Mus musculus
HALLMARK_INTERFERON_GAMMA_RESPONSE,Casp7,https://www.gsea-msigdb.org/gsea/msigdb/mouse/geneset/HALLMARK_INTERFERON_GAMMA_RESPONSE,MM,Mus musculus
HALLMARK_INTERFERON_GAMMA_RESPONSE,Casp8,https://www.gsea-msigdb.org/gsea/msigdb/mouse/geneset/HALLMARK_INTERFERON_GAMMA_RESPONSE,MM,Mus musculus
HALLMARK_INTERFERON_GAMMA_RESPONSE,Ccl5,https://www.gsea-msigdb.org/gsea/msigdb/mouse/geneset/HALLMARK_INTERFERON_GAMMA_RESPONSE,MM,Mus musculus
HALLMARK_INTERFERON_GAMMA_RESPONSE,Ccl7,https://www.gsea-msigdb.org/gsea/msigdb/mouse/geneset/HALLMARK_INTERFERON_GAMMA_RESPONSE,MM,Mus musculus
HALLMARK_INTERFERON_GAMMA_RESPONSE,Cd274,https://www.gsea-msigdb.org/gsea/msigdb/mouse/geneset/HALLMARK_INTERFERON_GAMMA_RESPONSE,MM,Mus musculus
HALLMARK_INTERFERON_GAMMA_RESPONSE,Cd38,https://www.gsea-msigdb.org/gsea/msigdb/mouse/geneset/HALLMARK_INTERFERON_GAMMA_RESPONSE,MM,Mus musculus
HALLMARK_INTERFERON_GAMMA_RESPONSE,Cd40,https://www.gsea-msigdb.org/gsea/msigdb/mouse/geneset/HALLMARK_INTERFERON_GAMMA_RESPONSE,MM,Mus musculus
HALLMARK_INTERFERON_GAMMA_RESPONSE,Cd69,https://www.gsea-msigdb.org/gsea/msigdb/mouse/geneset/HALLMARK_INTERFERON_GAMMA_RESPONSE,MM,Mus musculus
HALLMARK_INTERFERON_GAMMA_RESPONSE,Cd74,https://www.gsea-msigdb.org/gsea/msigdb/mouse/geneset/HALLMARK_INTERFERON_GAMMA_RESPONSE,MM,Mus musculus
HALLMARK_INTERFERON_GAMMA_RESPONSE,Cd86,https://www.gsea-msigdb.org/gsea/msigdb/mouse/geneset/HALLMARK_INTERFERON_GAMMA_RESPONSE,MM,Mus musculus
HALLMARK_INTERFERON_GAMMA_RESPONSE,Cdkn1a,https://www.gsea-msigdb.org/gsea/msigdb/mouse/geneset/HALLMARK_INTERFERON_GAMMA_RESPONSE,MM,Mus musculus
HALLMARK_INTERFERON_GAMMA_RESPONSE,Cfb,https://www.gsea-msigdb.org/gsea/msigdb/mouse/geneset/HALLMARK_INTERFERON_GAMMA_RESPONSE,MM,Mus musculus
HALLMARK_INTERFERON_GAMMA_RESPONSE,Cfh,https://www.gsea-msigdb.org/gsea/msigdb/mouse/geneset/HALLMARK_INTERFERON_GAMMA_RESPONSE,MM,Mus musculus
HALLMARK_INTERFERON_GAMMA_RESPONSE,Ciita,https://www.gsea-msigdb.org/gsea/msigdb/mouse/geneset/HALLMARK_INTERFERON_GAMMA_RESPONSE,MM,Mus musculus
HALLMARK_INTERFERON_GAMMA_RESPONSE,Cmklr1,https://www.gsea-msigdb.org/gsea/msigdb/mouse/geneset/HALLMARK_INTERFERON_GAMMA_RESPONSE,MM,Mus musculus
HALLMARK_INTERFERON_GAMMA_RESPONSE,Cmpk2,https://www.gsea-msigdb.org/gsea/msigdb/mouse/geneset/HALLMARK_INTERFERON_GAMMA_RESPONSE,MM,Mus musculus
HALLMARK_INTERFERON_GAMMA_RESPONSE,Cmtr1,https://www.gsea-msigdb.org/gsea/msigdb/mouse/geneset/HALLMARK_INTERFERON_GAMMA_RESPONSE,MM,Mus musculus
HALLMARK_INTERFERON_GAMMA_RESPONSE,Cxcl10,https://www.gsea-msigdb.org/gsea/msigdb/mouse/geneset/HALLMARK_INTERFERON_GAMMA_RESPONSE,MM,Mus musculus
HALLMARK_INTERFERON_GAMMA_RESPONSE,Cxcl11,https://www.gsea-msigdb.org/gsea/msigdb/mouse/geneset/HALLMARK_INTERFERON_GAMMA_RESPONSE,MM,Mus musculus
HALLMARK_INTERFERON_GAMMA_RESPONSE,Cxcl9,https://www.gsea-msigdb.org/gsea/msigdb/mouse/geneset/HALLMARK_INTERFERON_GAMMA_RESPONSE,MM,Mus musculus
HALLMARK_INTERFERON_GAMMA_RESPONSE,Ddx60,https://www.gsea-msigdb.org/gsea/msigdb/mouse/geneset/HALLMARK_INTERFERON_GAMMA_RESPONSE,MM,Mus musculus
HALLMARK_INTERFERON_GAMMA_RESPONSE,Dhx58,https://www.gsea-msigdb.org/gsea/msigdb/mouse/geneset/HALLMARK_INTERFERON_GAMMA_RESPONSE,MM,Mus musculus
HALLMARK_INTERFERON_GAMMA_RESPONSE,Eif2ak2,https://www.gsea-msigdb.org/gsea/msigdb/mouse/geneset/HALLMARK_INTERFERON_GAMMA_RESPONSE,MM,Mus musculus
HALLMARK_INTERFERON_GAMMA_RESPONSE,Eif4e3,https://www.gsea-msigdb.org/gsea/msigdb/mouse/geneset/HALLMARK_INTERFERON_GAMMA_RESPONSE,MM,Mus musculus
HALLMARK_INTERFERON_GAMMA_RESPONSE,Epsti1,https://www.gsea-msigdb.org/gsea/msigdb/mouse/geneset/HALLMARK_INTERFERON_GAMMA_RESPONSE,MM,Mus musculus
HALLMARK_INTERFERON_GAMMA_RESPONSE,Fas,https://www.gsea-msigdb.org/gsea/msigdb/mouse/geneset/HALLMARK_INTERFERON_GAMMA_RESPONSE,MM,Mus musculus
HALLMARK_INTERFERON_GAMMA_RESPONSE,Fcgr1,https://www.gsea-msigdb.org/gsea/msigdb/mouse/geneset/HALLMARK_INTERFERON_GAMMA_RESPONSE,MM,Mus musculus
HALLMARK_INTERFERON_GAMMA_RESPONSE,Fgl2,https://www.gsea-msigdb.org/gsea/msigdb/mouse/geneset/HALLMARK_INTERFERON_GAMMA_RESPONSE,MM,Mus musculus
HALLMARK_INTERFERON_GAMMA_RESPONSE,Fpr1,https://www.gsea-msigdb.org/gsea/msigdb/mouse/geneset/HALLMARK_INTERFERON_GAMMA_RESPONSE,MM,Mus musculus
HALLMARK_INTERFERON_GAMMA_RESPONSE,Gbp3,https://www.gsea-msigdb.org/gsea/msigdb/mouse/geneset/HALLMARK_INTERFERON_GAMMA_RESPONSE,MM,Mus musculus
HALLMARK_INTERFERON_GAMMA_RESPONSE,Gch1,https://www.gsea-msigdb.org/gsea/msigdb/mouse/geneset/HALLMARK_INTERFERON_GAMMA_RESPONSE,MM,Mus musculus
HALLMARK_INTERFERON_GAMMA_RESPONSE,Gpr18,https://www.gsea-msigdb.org/gsea/msigdb/mouse/geneset/HALLMARK_INTERFERON_GAMMA_RESPONSE,MM,Mus musculus
HALLMARK_INTERFERON_GAMMA_RESPONSE,Gzma,https://www.gsea-msigdb.org/gsea/msigdb/mouse/geneset/HALLMARK_INTERFERON_GAMMA_RESPONSE,MM,Mus musculus
HALLMARK_INTERFERON_GAMMA_RESPONSE,H2-Aa,https://www.gsea-msigdb.org/gsea/msigdb/mouse/geneset/HALLMARK_INTERFERON_GAMMA_RESPONSE,MM,Mus musculus
HALLMARK_INTERFERON_GAMMA_RESPONSE,H2-DMa,https://www.gsea-msigdb.org/gsea/msigdb/mouse/geneset/HALLMARK_INTERFERON_GAMMA_RESPONSE,MM,Mus musculus
HALLMARK_INTERFERON_GAMMA_RESPONSE,Helz2,https://www.gsea-msigdb.org/gsea/msigdb/mouse/geneset/HALLMARK_INTERFERON_GAMMA_RESPONSE,MM,Mus musculus
HALLMARK_INTERFERON_GAMMA_RESPONSE,Herc6,https://www.gsea-msigdb.org/gsea/msigdb/mouse/geneset/HALLMARK_INTERFERON_GAMMA_RESPONSE,MM,Mus musculus
HALLMARK_INTERFERON_GAMMA_RESPONSE,Hif1a,https://www.gsea-msigdb.org/gsea/msigdb/mouse/geneset/HALLMARK_INTERFERON_GAMMA_RESPONSE,MM,Mus musculus
HALLMARK_INTERFERON_GAMMA_RESPONSE,Icam1,https://www.gsea-msigdb.org/gsea/msigdb/mouse/geneset/HALLMARK_INTERFERON_GAMMA_RESPONSE,MM,Mus musculus
HALLMARK_INTERFERON_GAMMA_RESPONSE,Ido1,https://www.gsea-msigdb.org/gsea/msigdb/mouse/geneset/HALLMARK_INTERFERON_GAMMA_RESPONSE,MM,Mus musculus
HALLMARK_INTERFERON_GAMMA_RESPONSE,Ifi27,https://www.gsea-msigdb.org/gsea/msigdb/mouse/geneset/HALLMARK_INTERFERON_GAMMA_RESPONSE,MM,Mus musculus
HALLMARK_INTERFERON_GAMMA_RESPONSE,Ifi30,https://www.gsea-msigdb.org/gsea/msigdb/mouse/geneset/HALLMARK_INTERFERON_GAMMA_RESPONSE,MM,Mus musculus
HALLMARK_INTERFERON_GAMMA_RESPONSE,Ifi35,https://www.gsea-msigdb.org/gsea/msigdb/mouse/geneset/HALLMARK_INTERFERON_GAMMA_RESPONSE,MM,Mus musculus
HALLMARK_INTERFERON_GAMMA_RESPONSE,Ifi44,https://www.gsea-msigdb.org/gsea/msigdb/mouse/geneset/HALLMARK_INTERFERON_GAMMA_RESPONSE,MM,Mus musculus
HALLMARK_INTERFERON_GAMMA_RESPONSE,Ifi44l,https://www.gsea-msigdb.org/gsea/msigdb/mouse/geneset/HALLMARK_INTERFERON_GAMMA_RESPONSE,MM,Mus musculus
HALLMARK_INTERFERON_GAMMA_RESPONSE,Ifih1,https://www.gsea-msigdb.org/gsea/msigdb/mouse/geneset/HALLMARK_INTERFERON_GAMMA_RESPONSE,MM,Mus musculus
HALLMARK_INTERFERON_GAMMA_RESPONSE,Ifit2,https://www.gsea-msigdb.org/gsea/msigdb/mouse/geneset/HALLMARK_INTERFERON_GAMMA_RESPONSE,MM,Mus musculus
HALLMARK_INTERFERON_GAMMA_RESPONSE,Ifit3,https://www.gsea-msigdb.org/gsea/msigdb/mouse/geneset/HALLMARK_INTERFERON_GAMMA_RESPONSE,MM,Mus musculus
HALLMARK_INTERFERON_GAMMA_RESPONSE,Ifitm2,https://www.gsea-msigdb.org/gsea/msigdb/mouse/geneset/HALLMARK_INTERFERON_GAMMA_RESPONSE,MM,Mus musculus
HALLMARK_INTERFERON_GAMMA_RESPONSE,Ifitm3,https://www.gsea-msigdb.org/gsea/msigdb/mouse/geneset/HALLMARK_INTERFERON_GAMMA_RESPONSE,MM,Mus musculus
HALLMARK_INTERFERON_GAMMA_RESPONSE,Ifnar2,https://www.gsea-msigdb.org/gsea/msigdb/mouse/geneset/HALLMARK_INTERFERON_GAMMA_RESPONSE,MM,Mus musculus
HALLMARK_INTERFERON_GAMMA_RESPONSE,Il10ra,https://www.gsea-msigdb.org/gsea/msigdb/mouse/geneset/HALLMARK_INTERFERON_GAMMA_RESPONSE,MM,Mus musculus
HALLMARK_INTERFERON_GAMMA_RESPONSE,Il15,https://www.gsea-msigdb.org/gsea/msigdb/mouse/geneset/HALLMARK_INTERFERON_GAMMA_RESPONSE,MM,Mus musculus
HALLMARK_INTERFERON_GAMMA_RESPONSE,Il15ra,https://www.gsea-msigdb.org/gsea/msigdb/mouse/geneset/HALLMARK_INTERFERON_GAMMA_RESPONSE,MM,Mus musculus
HALLMARK_INTERFERON_GAMMA_RESPONSE,Il18bp,https://www.gsea-msigdb.org/gsea/msigdb/mouse/geneset/HALLMARK_INTERFERON_GAMMA_RESPONSE,MM,Mus musculus
HALLMARK_INTERFERON_GAMMA_RESPONSE,Il2rb,https://www.gsea-msigdb.org/gsea/msigdb/mouse/geneset/HALLMARK_INTERFERON_GAMMA_RESPONSE,MM,Mus musculus
HALLMARK_INTERFERON_GAMMA_RESPONSE,Il4ra,https://www.gsea-msigdb.org/gsea/msigdb/mouse/geneset/HALLMARK_INTERFERON_GAMMA_RESPONSE,MM,Mus musculus
HALLMARK_INTERFERON_GAMMA_RESPONSE,Il6,https://www.gsea-msigdb.org/gsea/msigdb/mouse/geneset/HALLMARK_INTERFERON_GAMMA_RESPONSE,MM,Mus musculus
HALLMARK_INTERFERON_GAMMA_RESPONSE,Il7,https://www.gsea-msigdb.org/gsea/msigdb/mouse/geneset/HALLMARK_INTERFERON_GAMMA_RESPONSE,MM,Mus musculus
HALLMARK_INTERFERON_GAMMA_RESPONSE,Irf1,https://www.gsea-msigdb.org/gsea/msigdb/mouse/geneset/HALLMARK_INTERFERON_GAMMA_RESPONSE,MM,Mus musculus
HALLMARK_INTERFERON_GAMMA_RESPONSE,Irf2,https://www.gsea-msigdb.org/gsea/msigdb/mouse/geneset/HALLMARK_INTERFERON_GAMMA_RESPONSE,MM,Mus musculus
HALLMARK_INTERFERON_GAMMA_RESPONSE,Irf4,https://www.gsea-msigdb.org/gsea/msigdb/mouse/geneset/HALLMARK_INTERFERON_GAMMA_RESPONSE,MM,Mus musculus
HALLMARK_INTERFERON_GAMMA_RESPONSE,Irf5,https://www.gsea-msigdb.org/gsea/msigdb/mouse/geneset/HALLMARK_INTERFERON_GAMMA_RESPONSE,MM,Mus musculus
HALLMARK_INTERFERON_GAMMA_RESPONSE,Irf7,https://www.gsea-msigdb.org/gsea/msigdb/mouse/geneset/HALLMARK_INTERFERON_GAMMA_RESPONSE,MM,Mus musculus
HALLMARK_INTERFERON_GAMMA_RESPONSE,Irf8,https://www.gsea-msigdb.org/gsea/msigdb/mouse/geneset/HALLMARK_INTERFERON_GAMMA_RESPONSE,MM,Mus musculus
HALLMARK_INTERFERON_GAMMA_RESPONSE,Irf9,https://www.gsea-msigdb.org/gsea/msigdb/mouse/geneset/HALLMARK_INTERFERON_GAMMA_RESPONSE,MM,Mus musculus
HALLMARK_INTERFERON_GAMMA_RESPONSE,Isg15,https://www.gsea-msigdb.org/gsea/msigdb/mouse/geneset/HALLMARK_INTERFERON_GAMMA_RESPONSE,MM,Mus musculus
HALLMARK_INTERFERON_GAMMA_RESPONSE,Isg20,https://www.gsea-msigdb.org/gsea/msigdb/mouse/geneset/HALLMARK_INTERFERON_GAMMA_RESPONSE,MM,Mus musculus
HALLMARK_INTERFERON_GAMMA_RESPONSE,Isoc1,https://www.gsea-msigdb.org/gsea/msigdb/mouse/geneset/HALLMARK_INTERFERON_GAMMA_RESPONSE,MM,Mus musculus
HALLMARK_INTERFERON_GAMMA_RESPONSE,Itgb7,https://www.gsea-msigdb.org/gsea/msigdb/mouse/geneset/HALLMARK_INTERFERON_GAMMA_RESPONSE,MM,Mus musculus
HALLMARK_INTERFERON_GAMMA_RESPONSE,Jak2,https://www.gsea-msigdb.org/gsea/msigdb/mouse/geneset/HALLMARK_INTERFERON_GAMMA_RESPONSE,MM,Mus musculus
HALLMARK_INTERFERON_GAMMA_RESPONSE,Lap3,https://www.gsea-msigdb.org/gsea/msigdb/mouse/geneset/HALLMARK_INTERFERON_GAMMA_RESPONSE,MM,Mus musculus
HALLMARK_INTERFERON_GAMMA_RESPONSE,Lats2,https://www.gsea-msigdb.org/gsea/msigdb/mouse/geneset/HALLMARK_INTERFERON_GAMMA_RESPONSE,MM,Mus musculus
HALLMARK_INTERFERON_GAMMA_RESPONSE,Lcp2,https://www.gsea-msigdb.org/gsea/msigdb/mouse/geneset/HALLMARK_INTERFERON_GAMMA_RESPONSE,MM,Mus musculus
HALLMARK_INTERFERON_GAMMA_RESPONSE,Lgals3bp,https://www.gsea-msigdb.org/gsea/msigdb/mouse/geneset/HALLMARK_INTERFERON_GAMMA_RESPONSE,MM,Mus musculus
HALLMARK_INTERFERON_GAMMA_RESPONSE,Ly6e,https://www.gsea-msigdb.org/gsea/msigdb/mouse/geneset/HALLMARK_INTERFERON_GAMMA_RESPONSE,MM,Mus musculus
HALLMARK_INTERFERON_GAMMA_RESPONSE,Lysmd2,https://www.gsea-msigdb.org/gsea/msigdb/mouse/geneset/HALLMARK_INTERFERON_GAMMA_RESPONSE,MM,Mus musculus
HALLMARK_INTERFERON_GAMMA_RESPONSE,Marchf1,https://www.gsea-msigdb.org/gsea/msigdb/mouse/geneset/HALLMARK_INTERFERON_GAMMA_RESPONSE,MM,Mus musculus
HALLMARK_INTERFERON_GAMMA_RESPONSE,Mthfd2,https://www.gsea-msigdb.org/gsea/msigdb/mouse/geneset/HALLMARK_INTERFERON_GAMMA_RESPONSE,MM,Mus musculus
HALLMARK_INTERFERON_GAMMA_RESPONSE,Mvp,https://www.gsea-msigdb.org/gsea/msigdb/mouse/geneset/HALLMARK_INTERFERON_GAMMA_RESPONSE,MM,Mus musculus
HALLMARK_INTERFERON_GAMMA_RESPONSE,Mx2,https://www.gsea-msigdb.org/gsea/msigdb/mouse/geneset/HALLMARK_INTERFERON_GAMMA_RESPONSE,MM,Mus musculus
HALLMARK_INTERFERON_GAMMA_RESPONSE,Myd88,https://www.gsea-msigdb.org/gsea/msigdb/mouse/geneset/HALLMARK_INTERFERON_GAMMA_RESPONSE,MM,Mus musculus
HALLMARK_INTERFERON_GAMMA_RESPONSE,Nampt,https://www.gsea-msigdb.org/gsea/msigdb/mouse/geneset/HALLMARK_INTERFERON_GAMMA_RESPONSE,MM,Mus musculus
HALLMARK_INTERFERON_GAMMA_RESPONSE,Ncoa3,https://www.gsea-msigdb.org/gsea/msigdb/mouse/geneset/HALLMARK_INTERFERON_GAMMA_RESPONSE,MM,Mus musculus
HALLMARK_INTERFERON_GAMMA_RESPONSE,Nfkb1,https://www.gsea-msigdb.org/gsea/msigdb/mouse/geneset/HALLMARK_INTERFERON_GAMMA_RESPONSE,MM,Mus musculus
HALLMARK_INTERFERON_GAMMA_RESPONSE,Nfkbia,https://www.gsea-msigdb.org/gsea/msigdb/mouse/geneset/HALLMARK_INTERFERON_GAMMA_RESPONSE,MM,Mus musculus
HALLMARK_INTERFERON_GAMMA_RESPONSE,Nlrc5,https://www.gsea-msigdb.org/gsea/msigdb/mouse/geneset/HALLMARK_INTERFERON_GAMMA_RESPONSE,MM,Mus musculus
HALLMARK_INTERFERON_GAMMA_RESPONSE,Nmi,https://www.gsea-msigdb.org/gsea/msigdb/mouse/geneset/HALLMARK_INTERFERON_GAMMA_RESPONSE,MM,Mus musculus
HALLMARK_INTERFERON_GAMMA_RESPONSE,Nod1,https://www.gsea-msigdb.org/gsea/msigdb/mouse/geneset/HALLMARK_INTERFERON_GAMMA_RESPONSE,MM,Mus musculus
HALLMARK_INTERFERON_GAMMA_RESPONSE,Nup93,https://www.gsea-msigdb.org/gsea/msigdb/mouse/geneset/HALLMARK_INTERFERON_GAMMA_RESPONSE,MM,Mus musculus
HALLMARK_INTERFERON_GAMMA_RESPONSE,Oas2,https://www.gsea-msigdb.org/gsea/msigdb/mouse/geneset/HALLMARK_INTERFERON_GAMMA_RESPONSE,MM,Mus musculus
HALLMARK_INTERFERON_GAMMA_RESPONSE,Oas3,https://www.gsea-msigdb.org/gsea/msigdb/mouse/geneset/HALLMARK_INTERFERON_GAMMA_RESPONSE,MM,Mus musculus
HALLMARK_INTERFERON_GAMMA_RESPONSE,Oasl1,https://www.gsea-msigdb.org/gsea/msigdb/mouse/geneset/HALLMARK_INTERFERON_GAMMA_RESPONSE,MM,Mus musculus
HALLMARK_INTERFERON_GAMMA_RESPONSE,Ogfr,https://www.gsea-msigdb.org/gsea/msigdb/mouse/geneset/HALLMARK_INTERFERON_GAMMA_RESPONSE,MM,Mus musculus
HALLMARK_INTERFERON_GAMMA_RESPONSE,P2ry14,https://www.gsea-msigdb.org/gsea/msigdb/mouse/geneset/HALLMARK_INTERFERON_GAMMA_RESPONSE,MM,Mus musculus
HALLMARK_INTERFERON_GAMMA_RESPONSE,Parp12,https://www.gsea-msigdb.org/gsea/msigdb/mouse/geneset/HALLMARK_INTERFERON_GAMMA_RESPONSE,MM,Mus musculus
HALLMARK_INTERFERON_GAMMA_RESPONSE,Parp14,https://www.gsea-msigdb.org/gsea/msigdb/mouse/geneset/HALLMARK_INTERFERON_GAMMA_RESPONSE,MM,Mus musculus
HALLMARK_INTERFERON_GAMMA_RESPONSE,Pde4b,https://www.gsea-msigdb.org/gsea/msigdb/mouse/geneset/HALLMARK_INTERFERON_GAMMA_RESPONSE,MM,Mus musculus
HALLMARK_INTERFERON_GAMMA_RESPONSE,Peli1,https://www.gsea-msigdb.org/gsea/msigdb/mouse/geneset/HALLMARK_INTERFERON_GAMMA_RESPONSE,MM,Mus musculus
HALLMARK_INTERFERON_GAMMA_RESPONSE,Pfkp,https://www.gsea-msigdb.org/gsea/msigdb/mouse/geneset/HALLMARK_INTERFERON_GAMMA_RESPONSE,MM,Mus musculus
HALLMARK_INTERFERON_GAMMA_RESPONSE,Pim1,https://www.gsea-msigdb.org/gsea/msigdb/mouse/geneset/HALLMARK_INTERFERON_GAMMA_RESPONSE,MM,Mus musculus
HALLMARK_INTERFERON_GAMMA_RESPONSE,Pla2g4a,https://www.gsea-msigdb.org/gsea/msigdb/mouse/geneset/HALLMARK_INTERFERON_GAMMA_RESPONSE,MM,Mus musculus
HALLMARK_INTERFERON_GAMMA_RESPONSE,Plscr1,https://www.gsea-msigdb.org/gsea/msigdb/mouse/geneset/HALLMARK_INTERFERON_GAMMA_RESPONSE,MM,Mus musculus
HALLMARK_INTERFERON_GAMMA_RESPONSE,Pml,https://www.gsea-msigdb.org/gsea/msigdb/mouse/geneset/HALLMARK_INTERFERON_GAMMA_RESPONSE,MM,Mus musculus
HALLMARK_INTERFERON_GAMMA_RESPONSE,Pnp,https://www.gsea-msigdb.org/gsea/msigdb/mouse/geneset/HALLMARK_INTERFERON_GAMMA_RESPONSE,MM,Mus musculus
HALLMARK_INTERFERON_GAMMA_RESPONSE,Pnpt1,https://www.gsea-msigdb.org/gsea/msigdb/mouse/geneset/HALLMARK_INTERFERON_GAMMA_RESPONSE,MM,Mus musculus
HALLMARK_INTERFERON_GAMMA_RESPONSE,Psma2,https://www.gsea-msigdb.org/gsea/msigdb/mouse/geneset/HALLMARK_INTERFERON_GAMMA_RESPONSE,MM,Mus musculus
HALLMARK_INTERFERON_GAMMA_RESPONSE,Psma3,https://www.gsea-msigdb.org/gsea/msigdb/mouse/geneset/HALLMARK_INTERFERON_GAMMA_RESPONSE,MM,Mus musculus
HALLMARK_INTERFERON_GAMMA_RESPONSE,Psmb10,https://www.gsea-msigdb.org/gsea/msigdb/mouse/geneset/HALLMARK_INTERFERON_GAMMA_RESPONSE,MM,Mus musculus
HALLMARK_INTERFERON_GAMMA_RESPONSE,Psmb2,https://www.gsea-msigdb.org/gsea/msigdb/mouse/geneset/HALLMARK_INTERFERON_GAMMA_RESPONSE,MM,Mus musculus
HALLMARK_INTERFERON_GAMMA_RESPONSE,Psmb8,https://www.gsea-msigdb.org/gsea/msigdb/mouse/geneset/HALLMARK_INTERFERON_GAMMA_RESPONSE,MM,Mus musculus
HALLMARK_INTERFERON_GAMMA_RESPONSE,Psmb9,https://www.gsea-msigdb.org/gsea/msigdb/mouse/geneset/HALLMARK_INTERFERON_GAMMA_RESPONSE,MM,Mus musculus
HALLMARK_INTERFERON_GAMMA_RESPONSE,Psme1,https://www.gsea-msigdb.org/gsea/msigdb/mouse/geneset/HALLMARK_INTERFERON_GAMMA_RESPONSE,MM,Mus musculus
HALLMARK_INTERFERON_GAMMA_RESPONSE,Psme2,https://www.gsea-msigdb.org/gsea/msigdb/mouse/geneset/HALLMARK_INTERFERON_GAMMA_RESPONSE,MM,Mus musculus
HALLMARK_INTERFERON_GAMMA_RESPONSE,Ptgs2,https://www.gsea-msigdb.org/gsea/msigdb/mouse/geneset/HALLMARK_INTERFERON_GAMMA_RESPONSE,MM,Mus musculus
HALLMARK_INTERFERON_GAMMA_RESPONSE,Ptpn1,https://www.gsea-msigdb.org/gsea/msigdb/mouse/geneset/HALLMARK_INTERFERON_GAMMA_RESPONSE,MM,Mus musculus
HALLMARK_INTERFERON_GAMMA_RESPONSE,Ptpn2,https://www.gsea-msigdb.org/gsea/msigdb/mouse/geneset/HALLMARK_INTERFERON_GAMMA_RESPONSE,MM,Mus musculus
HALLMARK_INTERFERON_GAMMA_RESPONSE,Ptpn6,https://www.gsea-msigdb.org/gsea/msigdb/mouse/geneset/HALLMARK_INTERFERON_GAMMA_RESPONSE,MM,Mus musculus
HALLMARK_INTERFERON_GAMMA_RESPONSE,Rapgef6,https://www.gsea-msigdb.org/gsea/msigdb/mouse/geneset/HALLMARK_INTERFERON_GAMMA_RESPONSE,MM,Mus musculus
HALLMARK_INTERFERON_GAMMA_RESPONSE,Rbck1,https://www.gsea-msigdb.org/gsea/msigdb/mouse/geneset/HALLMARK_INTERFERON_GAMMA_RESPONSE,MM,Mus musculus
HALLMARK_INTERFERON_GAMMA_RESPONSE,Rigi,https://www.gsea-msigdb.org/gsea/msigdb/mouse/geneset/HALLMARK_INTERFERON_GAMMA_RESPONSE,MM,Mus musculus
HALLMARK_INTERFERON_GAMMA_RESPONSE,Ripk1,https://www.gsea-msigdb.org/gsea/msigdb/mouse/geneset/HALLMARK_INTERFERON_GAMMA_RESPONSE,MM,Mus musculus
HALLMARK_INTERFERON_GAMMA_RESPONSE,Ripk2,https://www.gsea-msigdb.org/gsea/msigdb/mouse/geneset/HALLMARK_INTERFERON_GAMMA_RESPONSE,MM,Mus musculus
HALLMARK_INTERFERON_GAMMA_RESPONSE,Rnf213,https://www.gsea-msigdb.org/gsea/msigdb/mouse/geneset/HALLMARK_INTERFERON_GAMMA_RESPONSE,MM,Mus musculus
HALLMARK_INTERFERON_GAMMA_RESPONSE,Rnf31,https://www.gsea-msigdb.org/gsea/msigdb/mouse/geneset/HALLMARK_INTERFERON_GAMMA_RESPONSE,MM,Mus musculus
HALLMARK_INTERFERON_GAMMA_RESPONSE,Rsad2,https://www.gsea-msigdb.org/gsea/msigdb/mouse/geneset/HALLMARK_INTERFERON_GAMMA_RESPONSE,MM,Mus musculus
HALLMARK_INTERFERON_GAMMA_RESPONSE,Rtp4,https://www.gsea-msigdb.org/gsea/msigdb/mouse/geneset/HALLMARK_INTERFERON_GAMMA_RESPONSE,MM,Mus musculus
HALLMARK_INTERFERON_GAMMA_RESPONSE,Samd9l,https://www.gsea-msigdb.org/gsea/msigdb/mouse/geneset/HALLMARK_INTERFERON_GAMMA_RESPONSE,MM,Mus musculus
HALLMARK_INTERFERON_GAMMA_RESPONSE,Samhd1,https://www.gsea-msigdb.org/gsea/msigdb/mouse/geneset/HALLMARK_INTERFERON_GAMMA_RESPONSE,MM,Mus musculus
HALLMARK_INTERFERON_GAMMA_RESPONSE,Sectm1a,https://www.gsea-msigdb.org/gsea/msigdb/mouse/geneset/HALLMARK_INTERFERON_GAMMA_RESPONSE,MM,Mus musculus
HALLMARK_INTERFERON_GAMMA_RESPONSE,Selp,https://www.gsea-msigdb.org/gsea/msigdb/mouse/geneset/HALLMARK_INTERFERON_GAMMA_RESPONSE,MM,Mus musculus
HALLMARK_INTERFERON_GAMMA_RESPONSE,Serping1,https://www.gsea-msigdb.org/gsea/msigdb/mouse/geneset/HALLMARK_INTERFERON_GAMMA_RESPONSE,MM,Mus musculus
HALLMARK_INTERFERON_GAMMA_RESPONSE,Slamf7,https://www.gsea-msigdb.org/gsea/msigdb/mouse/geneset/HALLMARK_INTERFERON_GAMMA_RESPONSE,MM,Mus musculus
HALLMARK_INTERFERON_GAMMA_RESPONSE,Slc25a28,https://www.gsea-msigdb.org/gsea/msigdb/mouse/geneset/HALLMARK_INTERFERON_GAMMA_RESPONSE,MM,Mus musculus
HALLMARK_INTERFERON_GAMMA_RESPONSE,Socs1,https://www.gsea-msigdb.org/gsea/msigdb/mouse/geneset/HALLMARK_INTERFERON_GAMMA_RESPONSE,MM,Mus musculus
HALLMARK_INTERFERON_GAMMA_RESPONSE,Socs3,https://www.gsea-msigdb.org/gsea/msigdb/mouse/geneset/HALLMARK_INTERFERON_GAMMA_RESPONSE,MM,Mus musculus
HALLMARK_INTERFERON_GAMMA_RESPONSE,Sod2,https://www.gsea-msigdb.org/gsea/msigdb/mouse/geneset/HALLMARK_INTERFERON_GAMMA_RESPONSE,MM,Mus musculus
HALLMARK_INTERFERON_GAMMA_RESPONSE,Sp110,https://www.gsea-msigdb.org/gsea/msigdb/mouse/geneset/HALLMARK_INTERFERON_GAMMA_RESPONSE,MM,Mus musculus
HALLMARK_INTERFERON_GAMMA_RESPONSE,Sppl2a,https://www.gsea-msigdb.org/gsea/msigdb/mouse/geneset/HALLMARK_INTERFERON_GAMMA_RESPONSE,MM,Mus musculus
HALLMARK_INTERFERON_GAMMA_RESPONSE,Sri,https://www.gsea-msigdb.org/gsea/msigdb/mouse/geneset/HALLMARK_INTERFERON_GAMMA_RESPONSE,MM,Mus musculus
HALLMARK_INTERFERON_GAMMA_RESPONSE,Sspn,https://www.gsea-msigdb.org/gsea/msigdb/mouse/geneset/HALLMARK_INTERFERON_GAMMA_RESPONSE,MM,Mus musculus
HALLMARK_INTERFERON_GAMMA_RESPONSE,St3gal5,https://www.gsea-msigdb.org/gsea/msigdb/mouse/geneset/HALLMARK_INTERFERON_GAMMA_RESPONSE,MM,Mus musculus
HALLMARK_INTERFERON_GAMMA_RESPONSE,St8sia4,https://www.gsea-msigdb.org/gsea/msigdb/mouse/geneset/HALLMARK_INTERFERON_GAMMA_RESPONSE,MM,Mus musculus
HALLMARK_INTERFERON_GAMMA_RESPONSE,Stat1,https://www.gsea-msigdb.org/gsea/msigdb/mouse/geneset/HALLMARK_INTERFERON_GAMMA_RESPONSE,MM,Mus musculus
HALLMARK_INTERFERON_GAMMA_RESPONSE,Stat2,https://www.gsea-msigdb.org/gsea/msigdb/mouse/geneset/HALLMARK_INTERFERON_GAMMA_RESPONSE,MM,Mus musculus
HALLMARK_INTERFERON_GAMMA_RESPONSE,Stat3,https://www.gsea-msigdb.org/gsea/msigdb/mouse/geneset/HALLMARK_INTERFERON_GAMMA_RESPONSE,MM,Mus musculus
HALLMARK_INTERFERON_GAMMA_RESPONSE,Stat4,https://www.gsea-msigdb.org/gsea/msigdb/mouse/geneset/HALLMARK_INTERFERON_GAMMA_RESPONSE,MM,Mus musculus
HALLMARK_INTERFERON_GAMMA_RESPONSE,Tap1,https://www.gsea-msigdb.org/gsea/msigdb/mouse/geneset/HALLMARK_INTERFERON_GAMMA_RESPONSE,MM,Mus musculus
HALLMARK_INTERFERON_GAMMA_RESPONSE,Tapbp,https://www.gsea-msigdb.org/gsea/msigdb/mouse/geneset/HALLMARK_INTERFERON_GAMMA_RESPONSE,MM,Mus musculus
HALLMARK_INTERFERON_GAMMA_RESPONSE,Tdrd7,https://www.gsea-msigdb.org/gsea/msigdb/mouse/geneset/HALLMARK_INTERFERON_GAMMA_RESPONSE,MM,Mus musculus
HALLMARK_INTERFERON_GAMMA_RESPONSE,Tmt1b,https://www.gsea-msigdb.org/gsea/msigdb/mouse/geneset/HALLMARK_INTERFERON_GAMMA_RESPONSE,MM,Mus musculus
HALLMARK_INTERFERON_GAMMA_RESPONSE,Tnfaip2,https://www.gsea-msigdb.org/gsea/msigdb/mouse/geneset/HALLMARK_INTERFERON_GAMMA_RESPONSE,MM,Mus musculus
HALLMARK_INTERFERON_GAMMA_RESPONSE,Tnfaip3,https://www.gsea-msigdb.org/gsea/msigdb/mouse/geneset/HALLMARK_INTERFERON_GAMMA_RESPONSE,MM,Mus musculus
HALLMARK_INTERFERON_GAMMA_RESPONSE,Tnfaip6,https://www.gsea-msigdb.org/gsea/msigdb/mouse/geneset/HALLMARK_INTERFERON_GAMMA_RESPONSE,MM,Mus musculus
HALLMARK_INTERFERON_GAMMA_RESPONSE,Tnfsf10,https://www.gsea-msigdb.org/gsea/msigdb/mouse/geneset/HALLMARK_INTERFERON_GAMMA_RESPONSE,MM,Mus musculus
HALLMARK_INTERFERON_GAMMA_RESPONSE,Tor1b,https://www.gsea-msigdb.org/gsea/msigdb/mouse/geneset/HALLMARK_INTERFERON_GAMMA_RESPONSE,MM,Mus musculus
HALLMARK_INTERFERON_GAMMA_RESPONSE,Trafd1,https://www.gsea-msigdb.org/gsea/msigdb/mouse/geneset/HALLMARK_INTERFERON_GAMMA_RESPONSE,MM,Mus musculus
HALLMARK_INTERFERON_GAMMA_RESPONSE,Trim14,https://www.gsea-msigdb.org/gsea/msigdb/mouse/geneset/HALLMARK_INTERFERON_GAMMA_RESPONSE,MM,Mus musculus
HALLMARK_INTERFERON_GAMMA_RESPONSE,Trim21,https://www.gsea-msigdb.org/gsea/msigdb/mouse/geneset/HALLMARK_INTERFERON_GAMMA_RESPONSE,MM,Mus musculus
HALLMARK_INTERFERON_GAMMA_RESPONSE,Trim25,https://www.gsea-msigdb.org/gsea/msigdb/mouse/geneset/HALLMARK_INTERFERON_GAMMA_RESPONSE,MM,Mus musculus
HALLMARK_INTERFERON_GAMMA_RESPONSE,Trim26,https://www.gsea-msigdb.org/gsea/msigdb/mouse/geneset/HALLMARK_INTERFERON_GAMMA_RESPONSE,MM,Mus musculus
HALLMARK_INTERFERON_GAMMA_RESPONSE,Txnip,https://www.gsea-msigdb.org/gsea/msigdb/mouse/geneset/HALLMARK_INTERFERON_GAMMA_RESPONSE,MM,Mus musculus
HALLMARK_INTERFERON_GAMMA_RESPONSE,Ube2l6,https://www.gsea-msigdb.org/gsea/msigdb/mouse/geneset/HALLMARK_INTERFERON_GAMMA_RESPONSE,MM,Mus musculus
HALLMARK_INTERFERON_GAMMA_RESPONSE,Upp1,https://www.gsea-msigdb.org/gsea/msigdb/mouse/geneset/HALLMARK_INTERFERON_GAMMA_RESPONSE,MM,Mus musculus
HALLMARK_INTERFERON_GAMMA_RESPONSE,Usp18,https://www.gsea-msigdb.org/gsea/msigdb/mouse/geneset/HALLMARK_INTERFERON_GAMMA_RESPONSE,MM,Mus musculus
HALLMARK_INTERFERON_GAMMA_RESPONSE,Vamp5,https://www.gsea-msigdb.org/gsea/msigdb/mouse/geneset/HALLMARK_INTERFERON_GAMMA_RESPONSE,MM,Mus musculus
HALLMARK_INTERFERON_GAMMA_RESPONSE,Vamp8,https://www.gsea-msigdb.org/gsea/msigdb/mouse/geneset/HALLMARK_INTERFERON_GAMMA_RESPONSE,MM,Mus musculus
HALLMARK_INTERFERON_GAMMA_RESPONSE,Vcam1,https://www.gsea-msigdb.org/gsea/msigdb/mouse/geneset/HALLMARK_INTERFERON_GAMMA_RESPONSE,MM,Mus musculus
HALLMARK_INTERFERON_GAMMA_RESPONSE,Wars1,https://www.gsea-msigdb.org/gsea/msigdb/mouse/geneset/HALLMARK_INTERFERON_GAMMA_RESPONSE,MM,Mus musculus
HALLMARK_INTERFERON_GAMMA_RESPONSE,Xaf1,https://www.gsea-msigdb.org/gsea/msigdb/mouse/geneset/HALLMARK_INTERFERON_GAMMA_RESPONSE,MM,Mus musculus
HALLMARK_INTERFERON_GAMMA_RESPONSE,Xcl1,https://www.gsea-msigdb.org/gsea/msigdb/mouse/geneset/HALLMARK_INTERFERON_GAMMA_RESPONSE,MM,Mus musculus
HALLMARK_INTERFERON_GAMMA_RESPONSE,Zbp1,https://www.gsea-msigdb.org/gsea/msigdb/mouse/geneset/HALLMARK_INTERFERON_GAMMA_RESPONSE,MM,Mus musculus
HALLMARK_INTERFERON_GAMMA_RESPONSE,Znfx1,https://www.gsea-msigdb.org/gsea/msigdb/mouse/geneset/HALLMARK_INTERFERON_GAMMA_RESPONSE,MM,Mus musculus
HALLMARK_KRAS_SIGNALING_DN,Abcb11,https://www.gsea-msigdb.org/gsea/msigdb/mouse/geneset/HALLMARK_KRAS_SIGNALING_DN,MM,Mus musculus
HALLMARK_KRAS_SIGNALING_DN,Abcg4,https://www.gsea-msigdb.org/gsea/msigdb/mouse/geneset/HALLMARK_KRAS_SIGNALING_DN,MM,Mus musculus
HALLMARK_KRAS_SIGNALING_DN,Actc1,https://www.gsea-msigdb.org/gsea/msigdb/mouse/geneset/HALLMARK_KRAS_SIGNALING_DN,MM,Mus musculus
HALLMARK_KRAS_SIGNALING_DN,Adra2c,https://www.gsea-msigdb.org/gsea/msigdb/mouse/geneset/HALLMARK_KRAS_SIGNALING_DN,MM,Mus musculus
HALLMARK_KRAS_SIGNALING_DN,Alox12b,https://www.gsea-msigdb.org/gsea/msigdb/mouse/geneset/HALLMARK_KRAS_SIGNALING_DN,MM,Mus musculus
HALLMARK_KRAS_SIGNALING_DN,Ambn,https://www.gsea-msigdb.org/gsea/msigdb/mouse/geneset/HALLMARK_KRAS_SIGNALING_DN,MM,Mus musculus
HALLMARK_KRAS_SIGNALING_DN,Arhgdig,https://www.gsea-msigdb.org/gsea/msigdb/mouse/geneset/HALLMARK_KRAS_SIGNALING_DN,MM,Mus musculus
HALLMARK_KRAS_SIGNALING_DN,Arpp21,https://www.gsea-msigdb.org/gsea/msigdb/mouse/geneset/HALLMARK_KRAS_SIGNALING_DN,MM,Mus musculus
HALLMARK_KRAS_SIGNALING_DN,Asb7,https://www.gsea-msigdb.org/gsea/msigdb/mouse/geneset/HALLMARK_KRAS_SIGNALING_DN,MM,Mus musculus
HALLMARK_KRAS_SIGNALING_DN,Atp4a,https://www.gsea-msigdb.org/gsea/msigdb/mouse/geneset/HALLMARK_KRAS_SIGNALING_DN,MM,Mus musculus
HALLMARK_KRAS_SIGNALING_DN,Atp6v1b1,https://www.gsea-msigdb.org/gsea/msigdb/mouse/geneset/HALLMARK_KRAS_SIGNALING_DN,MM,Mus musculus
HALLMARK_KRAS_SIGNALING_DN,Bard1,https://www.gsea-msigdb.org/gsea/msigdb/mouse/geneset/HALLMARK_KRAS_SIGNALING_DN,MM,Mus musculus
HALLMARK_KRAS_SIGNALING_DN,Bmpr1b,https://www.gsea-msigdb.org/gsea/msigdb/mouse/geneset/HALLMARK_KRAS_SIGNALING_DN,MM,Mus musculus
HALLMARK_KRAS_SIGNALING_DN,Brdt,https://www.gsea-msigdb.org/gsea/msigdb/mouse/geneset/HALLMARK_KRAS_SIGNALING_DN,MM,Mus musculus
HALLMARK_KRAS_SIGNALING_DN,Btg2,https://www.gsea-msigdb.org/gsea/msigdb/mouse/geneset/HALLMARK_KRAS_SIGNALING_DN,MM,Mus musculus
HALLMARK_KRAS_SIGNALING_DN,Cacna1f,https://www.gsea-msigdb.org/gsea/msigdb/mouse/geneset/HALLMARK_KRAS_SIGNALING_DN,MM,Mus musculus
HALLMARK_KRAS_SIGNALING_DN,Cacng1,https://www.gsea-msigdb.org/gsea/msigdb/mouse/geneset/HALLMARK_KRAS_SIGNALING_DN,MM,Mus musculus
HALLMARK_KRAS_SIGNALING_DN,Calcb,https://www.gsea-msigdb.org/gsea/msigdb/mouse/geneset/HALLMARK_KRAS_SIGNALING_DN,MM,Mus musculus
HALLMARK_KRAS_SIGNALING_DN,Calm4,https://www.gsea-msigdb.org/gsea/msigdb/mouse/geneset/HALLMARK_KRAS_SIGNALING_DN,MM,Mus musculus
HALLMARK_KRAS_SIGNALING_DN,Camk1d,https://www.gsea-msigdb.org/gsea/msigdb/mouse/geneset/HALLMARK_KRAS_SIGNALING_DN,MM,Mus musculus
HALLMARK_KRAS_SIGNALING_DN,Capn9,https://www.gsea-msigdb.org/gsea/msigdb/mouse/geneset/HALLMARK_KRAS_SIGNALING_DN,MM,Mus musculus
HALLMARK_KRAS_SIGNALING_DN,Ccdc106,https://www.gsea-msigdb.org/gsea/msigdb/mouse/geneset/HALLMARK_KRAS_SIGNALING_DN,MM,Mus musculus
HALLMARK_KRAS_SIGNALING_DN,Ccna1,https://www.gsea-msigdb.org/gsea/msigdb/mouse/geneset/HALLMARK_KRAS_SIGNALING_DN,MM,Mus musculus
HALLMARK_KRAS_SIGNALING_DN,Ccr8,https://www.gsea-msigdb.org/gsea/msigdb/mouse/geneset/HALLMARK_KRAS_SIGNALING_DN,MM,Mus musculus
HALLMARK_KRAS_SIGNALING_DN,Cd207,https://www.gsea-msigdb.org/gsea/msigdb/mouse/geneset/HALLMARK_KRAS_SIGNALING_DN,MM,Mus musculus
HALLMARK_KRAS_SIGNALING_DN,Cd40lg,https://www.gsea-msigdb.org/gsea/msigdb/mouse/geneset/HALLMARK_KRAS_SIGNALING_DN,MM,Mus musculus
HALLMARK_KRAS_SIGNALING_DN,Cd80,https://www.gsea-msigdb.org/gsea/msigdb/mouse/geneset/HALLMARK_KRAS_SIGNALING_DN,MM,Mus musculus
HALLMARK_KRAS_SIGNALING_DN,Cdh16,https://www.gsea-msigdb.org/gsea/msigdb/mouse/geneset/HALLMARK_KRAS_SIGNALING_DN,MM,Mus musculus
HALLMARK_KRAS_SIGNALING_DN,Cdkal1,https://www.gsea-msigdb.org/gsea/msigdb/mouse/geneset/HALLMARK_KRAS_SIGNALING_DN,MM,Mus musculus
HALLMARK_KRAS_SIGNALING_DN,Celsr2,https://www.gsea-msigdb.org/gsea/msigdb/mouse/geneset/HALLMARK_KRAS_SIGNALING_DN,MM,Mus musculus
HALLMARK_KRAS_SIGNALING_DN,Chrng,https://www.gsea-msigdb.org/gsea/msigdb/mouse/geneset/HALLMARK_KRAS_SIGNALING_DN,MM,Mus musculus
HALLMARK_KRAS_SIGNALING_DN,Chst2,https://www.gsea-msigdb.org/gsea/msigdb/mouse/geneset/HALLMARK_KRAS_SIGNALING_DN,MM,Mus musculus
HALLMARK_KRAS_SIGNALING_DN,Ckm,https://www.gsea-msigdb.org/gsea/msigdb/mouse/geneset/HALLMARK_KRAS_SIGNALING_DN,MM,Mus musculus
HALLMARK_KRAS_SIGNALING_DN,Cldn16,https://www.gsea-msigdb.org/gsea/msigdb/mouse/geneset/HALLMARK_KRAS_SIGNALING_DN,MM,Mus musculus
HALLMARK_KRAS_SIGNALING_DN,Cldn8,https://www.gsea-msigdb.org/gsea/msigdb/mouse/geneset/HALLMARK_KRAS_SIGNALING_DN,MM,Mus musculus
HALLMARK_KRAS_SIGNALING_DN,Clps,https://www.gsea-msigdb.org/gsea/msigdb/mouse/geneset/HALLMARK_KRAS_SIGNALING_DN,MM,Mus musculus
HALLMARK_KRAS_SIGNALING_DN,Clstn3,https://www.gsea-msigdb.org/gsea/msigdb/mouse/geneset/HALLMARK_KRAS_SIGNALING_DN,MM,Mus musculus
HALLMARK_KRAS_SIGNALING_DN,Cntfr,https://www.gsea-msigdb.org/gsea/msigdb/mouse/geneset/HALLMARK_KRAS_SIGNALING_DN,MM,Mus musculus
HALLMARK_KRAS_SIGNALING_DN,Col2a1,https://www.gsea-msigdb.org/gsea/msigdb/mouse/geneset/HALLMARK_KRAS_SIGNALING_DN,MM,Mus musculus
HALLMARK_KRAS_SIGNALING_DN,Copz2,https://www.gsea-msigdb.org/gsea/msigdb/mouse/geneset/HALLMARK_KRAS_SIGNALING_DN,MM,Mus musculus
HALLMARK_KRAS_SIGNALING_DN,Coq8a,https://www.gsea-msigdb.org/gsea/msigdb/mouse/geneset/HALLMARK_KRAS_SIGNALING_DN,MM,Mus musculus
HALLMARK_KRAS_SIGNALING_DN,Cpa2,https://www.gsea-msigdb.org/gsea/msigdb/mouse/geneset/HALLMARK_KRAS_SIGNALING_DN,MM,Mus musculus
HALLMARK_KRAS_SIGNALING_DN,Cpb1,https://www.gsea-msigdb.org/gsea/msigdb/mouse/geneset/HALLMARK_KRAS_SIGNALING_DN,MM,Mus musculus
HALLMARK_KRAS_SIGNALING_DN,Cpeb3,https://www.gsea-msigdb.org/gsea/msigdb/mouse/geneset/HALLMARK_KRAS_SIGNALING_DN,MM,Mus musculus
HALLMARK_KRAS_SIGNALING_DN,Cyp11b2,https://www.gsea-msigdb.org/gsea/msigdb/mouse/geneset/HALLMARK_KRAS_SIGNALING_DN,MM,Mus musculus
HALLMARK_KRAS_SIGNALING_DN,Cyp39a1,https://www.gsea-msigdb.org/gsea/msigdb/mouse/geneset/HALLMARK_KRAS_SIGNALING_DN,MM,Mus musculus
HALLMARK_KRAS_SIGNALING_DN,Dcc,https://www.gsea-msigdb.org/gsea/msigdb/mouse/geneset/HALLMARK_KRAS_SIGNALING_DN,MM,Mus musculus
HALLMARK_KRAS_SIGNALING_DN,Dlk2,https://www.gsea-msigdb.org/gsea/msigdb/mouse/geneset/HALLMARK_KRAS_SIGNALING_DN,MM,Mus musculus
HALLMARK_KRAS_SIGNALING_DN,Dtnb,https://www.gsea-msigdb.org/gsea/msigdb/mouse/geneset/HALLMARK_KRAS_SIGNALING_DN,MM,Mus musculus
HALLMARK_KRAS_SIGNALING_DN,Edar,https://www.gsea-msigdb.org/gsea/msigdb/mouse/geneset/HALLMARK_KRAS_SIGNALING_DN,MM,Mus musculus
HALLMARK_KRAS_SIGNALING_DN,Edn1,https://www.gsea-msigdb.org/gsea/msigdb/mouse/geneset/HALLMARK_KRAS_SIGNALING_DN,MM,Mus musculus
HALLMARK_KRAS_SIGNALING_DN,Edn2,https://www.gsea-msigdb.org/gsea/msigdb/mouse/geneset/HALLMARK_KRAS_SIGNALING_DN,MM,Mus musculus
HALLMARK_KRAS_SIGNALING_DN,Efhd1,https://www.gsea-msigdb.org/gsea/msigdb/mouse/geneset/HALLMARK_KRAS_SIGNALING_DN,MM,Mus musculus
HALLMARK_KRAS_SIGNALING_DN,Egf,https://www.gsea-msigdb.org/gsea/msigdb/mouse/geneset/HALLMARK_KRAS_SIGNALING_DN,MM,Mus musculus
HALLMARK_KRAS_SIGNALING_DN,Entpd7,https://www.gsea-msigdb.org/gsea/msigdb/mouse/geneset/HALLMARK_KRAS_SIGNALING_DN,MM,Mus musculus
HALLMARK_KRAS_SIGNALING_DN,Epha5,https://www.gsea-msigdb.org/gsea/msigdb/mouse/geneset/HALLMARK_KRAS_SIGNALING_DN,MM,Mus musculus
HALLMARK_KRAS_SIGNALING_DN,Fgf16,https://www.gsea-msigdb.org/gsea/msigdb/mouse/geneset/HALLMARK_KRAS_SIGNALING_DN,MM,Mus musculus
HALLMARK_KRAS_SIGNALING_DN,Fgf22,https://www.gsea-msigdb.org/gsea/msigdb/mouse/geneset/HALLMARK_KRAS_SIGNALING_DN,MM,Mus musculus
HALLMARK_KRAS_SIGNALING_DN,Fgfr3,https://www.gsea-msigdb.org/gsea/msigdb/mouse/geneset/HALLMARK_KRAS_SIGNALING_DN,MM,Mus musculus
HALLMARK_KRAS_SIGNALING_DN,Fggy,https://www.gsea-msigdb.org/gsea/msigdb/mouse/geneset/HALLMARK_KRAS_SIGNALING_DN,MM,Mus musculus
HALLMARK_KRAS_SIGNALING_DN,Fshb,https://www.gsea-msigdb.org/gsea/msigdb/mouse/geneset/HALLMARK_KRAS_SIGNALING_DN,MM,Mus musculus
HALLMARK_KRAS_SIGNALING_DN,Gamt,https://www.gsea-msigdb.org/gsea/msigdb/mouse/geneset/HALLMARK_KRAS_SIGNALING_DN,MM,Mus musculus
HALLMARK_KRAS_SIGNALING_DN,Gdnf,https://www.gsea-msigdb.org/gsea/msigdb/mouse/geneset/HALLMARK_KRAS_SIGNALING_DN,MM,Mus musculus
HALLMARK_KRAS_SIGNALING_DN,Gp1ba,https://www.gsea-msigdb.org/gsea/msigdb/mouse/geneset/HALLMARK_KRAS_SIGNALING_DN,MM,Mus musculus
HALLMARK_KRAS_SIGNALING_DN,Gp2,https://www.gsea-msigdb.org/gsea/msigdb/mouse/geneset/HALLMARK_KRAS_SIGNALING_DN,MM,Mus musculus
HALLMARK_KRAS_SIGNALING_DN,Gpr19,https://www.gsea-msigdb.org/gsea/msigdb/mouse/geneset/HALLMARK_KRAS_SIGNALING_DN,MM,Mus musculus
HALLMARK_KRAS_SIGNALING_DN,Gpr3,https://www.gsea-msigdb.org/gsea/msigdb/mouse/geneset/HALLMARK_KRAS_SIGNALING_DN,MM,Mus musculus
HALLMARK_KRAS_SIGNALING_DN,Gprc5c,https://www.gsea-msigdb.org/gsea/msigdb/mouse/geneset/HALLMARK_KRAS_SIGNALING_DN,MM,Mus musculus
HALLMARK_KRAS_SIGNALING_DN,Grid2,https://www.gsea-msigdb.org/gsea/msigdb/mouse/geneset/HALLMARK_KRAS_SIGNALING_DN,MM,Mus musculus
HALLMARK_KRAS_SIGNALING_DN,Gtf3c5,https://www.gsea-msigdb.org/gsea/msigdb/mouse/geneset/HALLMARK_KRAS_SIGNALING_DN,MM,Mus musculus
HALLMARK_KRAS_SIGNALING_DN,Hc,https://www.gsea-msigdb.org/gsea/msigdb/mouse/geneset/HALLMARK_KRAS_SIGNALING_DN,MM,Mus musculus
HALLMARK_KRAS_SIGNALING_DN,Hnf1a,https://www.gsea-msigdb.org/gsea/msigdb/mouse/geneset/HALLMARK_KRAS_SIGNALING_DN,MM,Mus musculus
HALLMARK_KRAS_SIGNALING_DN,Hsd11b2,https://www.gsea-msigdb.org/gsea/msigdb/mouse/geneset/HALLMARK_KRAS_SIGNALING_DN,MM,Mus musculus
HALLMARK_KRAS_SIGNALING_DN,Htr1b,https://www.gsea-msigdb.org/gsea/msigdb/mouse/geneset/HALLMARK_KRAS_SIGNALING_DN,MM,Mus musculus
HALLMARK_KRAS_SIGNALING_DN,Htr1d,https://www.gsea-msigdb.org/gsea/msigdb/mouse/geneset/HALLMARK_KRAS_SIGNALING_DN,MM,Mus musculus
HALLMARK_KRAS_SIGNALING_DN,Idua,https://www.gsea-msigdb.org/gsea/msigdb/mouse/geneset/HALLMARK_KRAS_SIGNALING_DN,MM,Mus musculus
HALLMARK_KRAS_SIGNALING_DN,Ifi44l,https://www.gsea-msigdb.org/gsea/msigdb/mouse/geneset/HALLMARK_KRAS_SIGNALING_DN,MM,Mus musculus
HALLMARK_KRAS_SIGNALING_DN,Ifng,https://www.gsea-msigdb.org/gsea/msigdb/mouse/geneset/HALLMARK_KRAS_SIGNALING_DN,MM,Mus musculus
HALLMARK_KRAS_SIGNALING_DN,Igfbp2,https://www.gsea-msigdb.org/gsea/msigdb/mouse/geneset/HALLMARK_KRAS_SIGNALING_DN,MM,Mus musculus
HALLMARK_KRAS_SIGNALING_DN,Il12b,https://www.gsea-msigdb.org/gsea/msigdb/mouse/geneset/HALLMARK_KRAS_SIGNALING_DN,MM,Mus musculus
HALLMARK_KRAS_SIGNALING_DN,Il5,https://www.gsea-msigdb.org/gsea/msigdb/mouse/geneset/HALLMARK_KRAS_SIGNALING_DN,MM,Mus musculus
HALLMARK_KRAS_SIGNALING_DN,Insl5,https://www.gsea-msigdb.org/gsea/msigdb/mouse/geneset/HALLMARK_KRAS_SIGNALING_DN,MM,Mus musculus
HALLMARK_KRAS_SIGNALING_DN,Irs4,https://www.gsea-msigdb.org/gsea/msigdb/mouse/geneset/HALLMARK_KRAS_SIGNALING_DN,MM,Mus musculus
HALLMARK_KRAS_SIGNALING_DN,Itgb1bp2,https://www.gsea-msigdb.org/gsea/msigdb/mouse/geneset/HALLMARK_KRAS_SIGNALING_DN,MM,Mus musculus
HALLMARK_KRAS_SIGNALING_DN,Itih3,https://www.gsea-msigdb.org/gsea/msigdb/mouse/geneset/HALLMARK_KRAS_SIGNALING_DN,MM,Mus musculus
HALLMARK_KRAS_SIGNALING_DN,Kcnd1,https://www.gsea-msigdb.org/gsea/msigdb/mouse/geneset/HALLMARK_KRAS_SIGNALING_DN,MM,Mus musculus
HALLMARK_KRAS_SIGNALING_DN,Kcne2,https://www.gsea-msigdb.org/gsea/msigdb/mouse/geneset/HALLMARK_KRAS_SIGNALING_DN,MM,Mus musculus
HALLMARK_KRAS_SIGNALING_DN,Kcnmb1,https://www.gsea-msigdb.org/gsea/msigdb/mouse/geneset/HALLMARK_KRAS_SIGNALING_DN,MM,Mus musculus
HALLMARK_KRAS_SIGNALING_DN,Kcnn1,https://www.gsea-msigdb.org/gsea/msigdb/mouse/geneset/HALLMARK_KRAS_SIGNALING_DN,MM,Mus musculus
HALLMARK_KRAS_SIGNALING_DN,Kcnq2,https://www.gsea-msigdb.org/gsea/msigdb/mouse/geneset/HALLMARK_KRAS_SIGNALING_DN,MM,Mus musculus
HALLMARK_KRAS_SIGNALING_DN,Klhdc8a,https://www.gsea-msigdb.org/gsea/msigdb/mouse/geneset/HALLMARK_KRAS_SIGNALING_DN,MM,Mus musculus
HALLMARK_KRAS_SIGNALING_DN,Klk7,https://www.gsea-msigdb.org/gsea/msigdb/mouse/geneset/HALLMARK_KRAS_SIGNALING_DN,MM,Mus musculus
HALLMARK_KRAS_SIGNALING_DN,Klk8,https://www.gsea-msigdb.org/gsea/msigdb/mouse/geneset/HALLMARK_KRAS_SIGNALING_DN,MM,Mus musculus
HALLMARK_KRAS_SIGNALING_DN,Kmt2d,https://www.gsea-msigdb.org/gsea/msigdb/mouse/geneset/HALLMARK_KRAS_SIGNALING_DN,MM,Mus musculus
HALLMARK_KRAS_SIGNALING_DN,Krt1,https://www.gsea-msigdb.org/gsea/msigdb/mouse/geneset/HALLMARK_KRAS_SIGNALING_DN,MM,Mus musculus
HALLMARK_KRAS_SIGNALING_DN,Krt13,https://www.gsea-msigdb.org/gsea/msigdb/mouse/geneset/HALLMARK_KRAS_SIGNALING_DN,MM,Mus musculus
HALLMARK_KRAS_SIGNALING_DN,Krt15,https://www.gsea-msigdb.org/gsea/msigdb/mouse/geneset/HALLMARK_KRAS_SIGNALING_DN,MM,Mus musculus
HALLMARK_KRAS_SIGNALING_DN,Krt4,https://www.gsea-msigdb.org/gsea/msigdb/mouse/geneset/HALLMARK_KRAS_SIGNALING_DN,MM,Mus musculus
HALLMARK_KRAS_SIGNALING_DN,Krt5,https://www.gsea-msigdb.org/gsea/msigdb/mouse/geneset/HALLMARK_KRAS_SIGNALING_DN,MM,Mus musculus
HALLMARK_KRAS_SIGNALING_DN,Lfng,https://www.gsea-msigdb.org/gsea/msigdb/mouse/geneset/HALLMARK_KRAS_SIGNALING_DN,MM,Mus musculus
HALLMARK_KRAS_SIGNALING_DN,Lgals7,https://www.gsea-msigdb.org/gsea/msigdb/mouse/geneset/HALLMARK_KRAS_SIGNALING_DN,MM,Mus musculus
HALLMARK_KRAS_SIGNALING_DN,Lypd3,https://www.gsea-msigdb.org/gsea/msigdb/mouse/geneset/HALLMARK_KRAS_SIGNALING_DN,MM,Mus musculus
HALLMARK_KRAS_SIGNALING_DN,Macroh2a2,https://www.gsea-msigdb.org/gsea/msigdb/mouse/geneset/HALLMARK_KRAS_SIGNALING_DN,MM,Mus musculus
HALLMARK_KRAS_SIGNALING_DN,Magix,https://www.gsea-msigdb.org/gsea/msigdb/mouse/geneset/HALLMARK_KRAS_SIGNALING_DN,MM,Mus musculus
HALLMARK_KRAS_SIGNALING_DN,Mast3,https://www.gsea-msigdb.org/gsea/msigdb/mouse/geneset/HALLMARK_KRAS_SIGNALING_DN,MM,Mus musculus
HALLMARK_KRAS_SIGNALING_DN,Mefv,https://www.gsea-msigdb.org/gsea/msigdb/mouse/geneset/HALLMARK_KRAS_SIGNALING_DN,MM,Mus musculus
HALLMARK_KRAS_SIGNALING_DN,Mfsd6,https://www.gsea-msigdb.org/gsea/msigdb/mouse/geneset/HALLMARK_KRAS_SIGNALING_DN,MM,Mus musculus
HALLMARK_KRAS_SIGNALING_DN,Msh5,https://www.gsea-msigdb.org/gsea/msigdb/mouse/geneset/HALLMARK_KRAS_SIGNALING_DN,MM,Mus musculus
HALLMARK_KRAS_SIGNALING_DN,Mthfr,https://www.gsea-msigdb.org/gsea/msigdb/mouse/geneset/HALLMARK_KRAS_SIGNALING_DN,MM,Mus musculus
HALLMARK_KRAS_SIGNALING_DN,Mx2,https://www.gsea-msigdb.org/gsea/msigdb/mouse/geneset/HALLMARK_KRAS_SIGNALING_DN,MM,Mus musculus
HALLMARK_KRAS_SIGNALING_DN,Myh7,https://www.gsea-msigdb.org/gsea/msigdb/mouse/geneset/HALLMARK_KRAS_SIGNALING_DN,MM,Mus musculus
HALLMARK_KRAS_SIGNALING_DN,Myo15a,https://www.gsea-msigdb.org/gsea/msigdb/mouse/geneset/HALLMARK_KRAS_SIGNALING_DN,MM,Mus musculus
HALLMARK_KRAS_SIGNALING_DN,Myot,https://www.gsea-msigdb.org/gsea/msigdb/mouse/geneset/HALLMARK_KRAS_SIGNALING_DN,MM,Mus musculus
HALLMARK_KRAS_SIGNALING_DN,Ngb,https://www.gsea-msigdb.org/gsea/msigdb/mouse/geneset/HALLMARK_KRAS_SIGNALING_DN,MM,Mus musculus
HALLMARK_KRAS_SIGNALING_DN,Nos1,https://www.gsea-msigdb.org/gsea/msigdb/mouse/geneset/HALLMARK_KRAS_SIGNALING_DN,MM,Mus musculus
HALLMARK_KRAS_SIGNALING_DN,Nphs1,https://www.gsea-msigdb.org/gsea/msigdb/mouse/geneset/HALLMARK_KRAS_SIGNALING_DN,MM,Mus musculus
HALLMARK_KRAS_SIGNALING_DN,Nr4a2,https://www.gsea-msigdb.org/gsea/msigdb/mouse/geneset/HALLMARK_KRAS_SIGNALING_DN,MM,Mus musculus
HALLMARK_KRAS_SIGNALING_DN,Nr6a1,https://www.gsea-msigdb.org/gsea/msigdb/mouse/geneset/HALLMARK_KRAS_SIGNALING_DN,MM,Mus musculus
HALLMARK_KRAS_SIGNALING_DN,Nrip2,https://www.gsea-msigdb.org/gsea/msigdb/mouse/geneset/HALLMARK_KRAS_SIGNALING_DN,MM,Mus musculus
HALLMARK_KRAS_SIGNALING_DN,Ntf3,https://www.gsea-msigdb.org/gsea/msigdb/mouse/geneset/HALLMARK_KRAS_SIGNALING_DN,MM,Mus musculus
HALLMARK_KRAS_SIGNALING_DN,Oxt,https://www.gsea-msigdb.org/gsea/msigdb/mouse/geneset/HALLMARK_KRAS_SIGNALING_DN,MM,Mus musculus
HALLMARK_KRAS_SIGNALING_DN,P2rx6,https://www.gsea-msigdb.org/gsea/msigdb/mouse/geneset/HALLMARK_KRAS_SIGNALING_DN,MM,Mus musculus
HALLMARK_KRAS_SIGNALING_DN,P2ry4,https://www.gsea-msigdb.org/gsea/msigdb/mouse/geneset/HALLMARK_KRAS_SIGNALING_DN,MM,Mus musculus
HALLMARK_KRAS_SIGNALING_DN,Pax3,https://www.gsea-msigdb.org/gsea/msigdb/mouse/geneset/HALLMARK_KRAS_SIGNALING_DN,MM,Mus musculus
HALLMARK_KRAS_SIGNALING_DN,Pax4,https://www.gsea-msigdb.org/gsea/msigdb/mouse/geneset/HALLMARK_KRAS_SIGNALING_DN,MM,Mus musculus
HALLMARK_KRAS_SIGNALING_DN,Pcdhb1,https://www.gsea-msigdb.org/gsea/msigdb/mouse/geneset/HALLMARK_KRAS_SIGNALING_DN,MM,Mus musculus
HALLMARK_KRAS_SIGNALING_DN,Pdcd1,https://www.gsea-msigdb.org/gsea/msigdb/mouse/geneset/HALLMARK_KRAS_SIGNALING_DN,MM,Mus musculus
HALLMARK_KRAS_SIGNALING_DN,Pde6b,https://www.gsea-msigdb.org/gsea/msigdb/mouse/geneset/HALLMARK_KRAS_SIGNALING_DN,MM,Mus musculus
HALLMARK_KRAS_SIGNALING_DN,Pdk2,https://www.gsea-msigdb.org/gsea/msigdb/mouse/geneset/HALLMARK_KRAS_SIGNALING_DN,MM,Mus musculus
HALLMARK_KRAS_SIGNALING_DN,Pkp1,https://www.gsea-msigdb.org/gsea/msigdb/mouse/geneset/HALLMARK_KRAS_SIGNALING_DN,MM,Mus musculus
HALLMARK_KRAS_SIGNALING_DN,Plag1,https://www.gsea-msigdb.org/gsea/msigdb/mouse/geneset/HALLMARK_KRAS_SIGNALING_DN,MM,Mus musculus
HALLMARK_KRAS_SIGNALING_DN,Pnmt,https://www.gsea-msigdb.org/gsea/msigdb/mouse/geneset/HALLMARK_KRAS_SIGNALING_DN,MM,Mus musculus
HALLMARK_KRAS_SIGNALING_DN,Prkn,https://www.gsea-msigdb.org/gsea/msigdb/mouse/geneset/HALLMARK_KRAS_SIGNALING_DN,MM,Mus musculus
HALLMARK_KRAS_SIGNALING_DN,Prodh,https://www.gsea-msigdb.org/gsea/msigdb/mouse/geneset/HALLMARK_KRAS_SIGNALING_DN,MM,Mus musculus
HALLMARK_KRAS_SIGNALING_DN,Prop1,https://www.gsea-msigdb.org/gsea/msigdb/mouse/geneset/HALLMARK_KRAS_SIGNALING_DN,MM,Mus musculus
HALLMARK_KRAS_SIGNALING_DN,Ptgfr,https://www.gsea-msigdb.org/gsea/msigdb/mouse/geneset/HALLMARK_KRAS_SIGNALING_DN,MM,Mus musculus
HALLMARK_KRAS_SIGNALING_DN,Ptprj,https://www.gsea-msigdb.org/gsea/msigdb/mouse/geneset/HALLMARK_KRAS_SIGNALING_DN,MM,Mus musculus
HALLMARK_KRAS_SIGNALING_DN,Rgs11,https://www.gsea-msigdb.org/gsea/msigdb/mouse/geneset/HALLMARK_KRAS_SIGNALING_DN,MM,Mus musculus
HALLMARK_KRAS_SIGNALING_DN,Ribc2,https://www.gsea-msigdb.org/gsea/msigdb/mouse/geneset/HALLMARK_KRAS_SIGNALING_DN,MM,Mus musculus
HALLMARK_KRAS_SIGNALING_DN,Rsad2,https://www.gsea-msigdb.org/gsea/msigdb/mouse/geneset/HALLMARK_KRAS_SIGNALING_DN,MM,Mus musculus
HALLMARK_KRAS_SIGNALING_DN,Ryr1,https://www.gsea-msigdb.org/gsea/msigdb/mouse/geneset/HALLMARK_KRAS_SIGNALING_DN,MM,Mus musculus
HALLMARK_KRAS_SIGNALING_DN,Ryr2,https://www.gsea-msigdb.org/gsea/msigdb/mouse/geneset/HALLMARK_KRAS_SIGNALING_DN,MM,Mus musculus
HALLMARK_KRAS_SIGNALING_DN,Scgb1a1,https://www.gsea-msigdb.org/gsea/msigdb/mouse/geneset/HALLMARK_KRAS_SIGNALING_DN,MM,Mus musculus
HALLMARK_KRAS_SIGNALING_DN,Scn10a,https://www.gsea-msigdb.org/gsea/msigdb/mouse/geneset/HALLMARK_KRAS_SIGNALING_DN,MM,Mus musculus
HALLMARK_KRAS_SIGNALING_DN,Selenop,https://www.gsea-msigdb.org/gsea/msigdb/mouse/geneset/HALLMARK_KRAS_SIGNALING_DN,MM,Mus musculus
HALLMARK_KRAS_SIGNALING_DN,Serpina10,https://www.gsea-msigdb.org/gsea/msigdb/mouse/geneset/HALLMARK_KRAS_SIGNALING_DN,MM,Mus musculus
HALLMARK_KRAS_SIGNALING_DN,Serpinb2,https://www.gsea-msigdb.org/gsea/msigdb/mouse/geneset/HALLMARK_KRAS_SIGNALING_DN,MM,Mus musculus
HALLMARK_KRAS_SIGNALING_DN,Sgk1,https://www.gsea-msigdb.org/gsea/msigdb/mouse/geneset/HALLMARK_KRAS_SIGNALING_DN,MM,Mus musculus
HALLMARK_KRAS_SIGNALING_DN,Shox2,https://www.gsea-msigdb.org/gsea/msigdb/mouse/geneset/HALLMARK_KRAS_SIGNALING_DN,MM,Mus musculus
HALLMARK_KRAS_SIGNALING_DN,Sidt1,https://www.gsea-msigdb.org/gsea/msigdb/mouse/geneset/HALLMARK_KRAS_SIGNALING_DN,MM,Mus musculus
HALLMARK_KRAS_SIGNALING_DN,Skil,https://www.gsea-msigdb.org/gsea/msigdb/mouse/geneset/HALLMARK_KRAS_SIGNALING_DN,MM,Mus musculus
HALLMARK_KRAS_SIGNALING_DN,Slc12a3,https://www.gsea-msigdb.org/gsea/msigdb/mouse/geneset/HALLMARK_KRAS_SIGNALING_DN,MM,Mus musculus
HALLMARK_KRAS_SIGNALING_DN,Slc16a7,https://www.gsea-msigdb.org/gsea/msigdb/mouse/geneset/HALLMARK_KRAS_SIGNALING_DN,MM,Mus musculus
HALLMARK_KRAS_SIGNALING_DN,Slc25a23,https://www.gsea-msigdb.org/gsea/msigdb/mouse/geneset/HALLMARK_KRAS_SIGNALING_DN,MM,Mus musculus
HALLMARK_KRAS_SIGNALING_DN,Slc29a3,https://www.gsea-msigdb.org/gsea/msigdb/mouse/geneset/HALLMARK_KRAS_SIGNALING_DN,MM,Mus musculus
HALLMARK_KRAS_SIGNALING_DN,Slc30a3,https://www.gsea-msigdb.org/gsea/msigdb/mouse/geneset/HALLMARK_KRAS_SIGNALING_DN,MM,Mus musculus
HALLMARK_KRAS_SIGNALING_DN,Slc38a3,https://www.gsea-msigdb.org/gsea/msigdb/mouse/geneset/HALLMARK_KRAS_SIGNALING_DN,MM,Mus musculus
HALLMARK_KRAS_SIGNALING_DN,Slc5a5,https://www.gsea-msigdb.org/gsea/msigdb/mouse/geneset/HALLMARK_KRAS_SIGNALING_DN,MM,Mus musculus
HALLMARK_KRAS_SIGNALING_DN,Slc6a14,https://www.gsea-msigdb.org/gsea/msigdb/mouse/geneset/HALLMARK_KRAS_SIGNALING_DN,MM,Mus musculus
HALLMARK_KRAS_SIGNALING_DN,Slc6a3,https://www.gsea-msigdb.org/gsea/msigdb/mouse/geneset/HALLMARK_KRAS_SIGNALING_DN,MM,Mus musculus
HALLMARK_KRAS_SIGNALING_DN,Smpx,https://www.gsea-msigdb.org/gsea/msigdb/mouse/geneset/HALLMARK_KRAS_SIGNALING_DN,MM,Mus musculus
HALLMARK_KRAS_SIGNALING_DN,Sncb,https://www.gsea-msigdb.org/gsea/msigdb/mouse/geneset/HALLMARK_KRAS_SIGNALING_DN,MM,Mus musculus
HALLMARK_KRAS_SIGNALING_DN,Snn,https://www.gsea-msigdb.org/gsea/msigdb/mouse/geneset/HALLMARK_KRAS_SIGNALING_DN,MM,Mus musculus
HALLMARK_KRAS_SIGNALING_DN,Sox10,https://www.gsea-msigdb.org/gsea/msigdb/mouse/geneset/HALLMARK_KRAS_SIGNALING_DN,MM,Mus musculus
HALLMARK_KRAS_SIGNALING_DN,Sphk2,https://www.gsea-msigdb.org/gsea/msigdb/mouse/geneset/HALLMARK_KRAS_SIGNALING_DN,MM,Mus musculus
HALLMARK_KRAS_SIGNALING_DN,Sprr3,https://www.gsea-msigdb.org/gsea/msigdb/mouse/geneset/HALLMARK_KRAS_SIGNALING_DN,MM,Mus musculus
HALLMARK_KRAS_SIGNALING_DN,Sptbn2,https://www.gsea-msigdb.org/gsea/msigdb/mouse/geneset/HALLMARK_KRAS_SIGNALING_DN,MM,Mus musculus
HALLMARK_KRAS_SIGNALING_DN,Sstr4,https://www.gsea-msigdb.org/gsea/msigdb/mouse/geneset/HALLMARK_KRAS_SIGNALING_DN,MM,Mus musculus
HALLMARK_KRAS_SIGNALING_DN,Stag3,https://www.gsea-msigdb.org/gsea/msigdb/mouse/geneset/HALLMARK_KRAS_SIGNALING_DN,MM,Mus musculus
HALLMARK_KRAS_SIGNALING_DN,Synpo,https://www.gsea-msigdb.org/gsea/msigdb/mouse/geneset/HALLMARK_KRAS_SIGNALING_DN,MM,Mus musculus
HALLMARK_KRAS_SIGNALING_DN,Tas2r108,https://www.gsea-msigdb.org/gsea/msigdb/mouse/geneset/HALLMARK_KRAS_SIGNALING_DN,MM,Mus musculus
HALLMARK_KRAS_SIGNALING_DN,Tcf7l1,https://www.gsea-msigdb.org/gsea/msigdb/mouse/geneset/HALLMARK_KRAS_SIGNALING_DN,MM,Mus musculus
HALLMARK_KRAS_SIGNALING_DN,Tcl1,https://www.gsea-msigdb.org/gsea/msigdb/mouse/geneset/HALLMARK_KRAS_SIGNALING_DN,MM,Mus musculus
HALLMARK_KRAS_SIGNALING_DN,Tenm2,https://www.gsea-msigdb.org/gsea/msigdb/mouse/geneset/HALLMARK_KRAS_SIGNALING_DN,MM,Mus musculus
HALLMARK_KRAS_SIGNALING_DN,Tent5c,https://www.gsea-msigdb.org/gsea/msigdb/mouse/geneset/HALLMARK_KRAS_SIGNALING_DN,MM,Mus musculus
HALLMARK_KRAS_SIGNALING_DN,Tex15,https://www.gsea-msigdb.org/gsea/msigdb/mouse/geneset/HALLMARK_KRAS_SIGNALING_DN,MM,Mus musculus
HALLMARK_KRAS_SIGNALING_DN,Tfap2b,https://www.gsea-msigdb.org/gsea/msigdb/mouse/geneset/HALLMARK_KRAS_SIGNALING_DN,MM,Mus musculus
HALLMARK_KRAS_SIGNALING_DN,Tfcp2l1,https://www.gsea-msigdb.org/gsea/msigdb/mouse/geneset/HALLMARK_KRAS_SIGNALING_DN,MM,Mus musculus
HALLMARK_KRAS_SIGNALING_DN,Tff2,https://www.gsea-msigdb.org/gsea/msigdb/mouse/geneset/HALLMARK_KRAS_SIGNALING_DN,MM,Mus musculus
HALLMARK_KRAS_SIGNALING_DN,Tg,https://www.gsea-msigdb.org/gsea/msigdb/mouse/geneset/HALLMARK_KRAS_SIGNALING_DN,MM,Mus musculus
HALLMARK_KRAS_SIGNALING_DN,Tgfb2,https://www.gsea-msigdb.org/gsea/msigdb/mouse/geneset/HALLMARK_KRAS_SIGNALING_DN,MM,Mus musculus
HALLMARK_KRAS_SIGNALING_DN,Tgm1,https://www.gsea-msigdb.org/gsea/msigdb/mouse/geneset/HALLMARK_KRAS_SIGNALING_DN,MM,Mus musculus
HALLMARK_KRAS_SIGNALING_DN,Thnsl2,https://www.gsea-msigdb.org/gsea/msigdb/mouse/geneset/HALLMARK_KRAS_SIGNALING_DN,MM,Mus musculus
HALLMARK_KRAS_SIGNALING_DN,Thrb,https://www.gsea-msigdb.org/gsea/msigdb/mouse/geneset/HALLMARK_KRAS_SIGNALING_DN,MM,Mus musculus
HALLMARK_KRAS_SIGNALING_DN,Tlx1,https://www.gsea-msigdb.org/gsea/msigdb/mouse/geneset/HALLMARK_KRAS_SIGNALING_DN,MM,Mus musculus
HALLMARK_KRAS_SIGNALING_DN,Tnni3,https://www.gsea-msigdb.org/gsea/msigdb/mouse/geneset/HALLMARK_KRAS_SIGNALING_DN,MM,Mus musculus
HALLMARK_KRAS_SIGNALING_DN,Tshb,https://www.gsea-msigdb.org/gsea/msigdb/mouse/geneset/HALLMARK_KRAS_SIGNALING_DN,MM,Mus musculus
HALLMARK_KRAS_SIGNALING_DN,Vps50,https://www.gsea-msigdb.org/gsea/msigdb/mouse/geneset/HALLMARK_KRAS_SIGNALING_DN,MM,Mus musculus
HALLMARK_KRAS_SIGNALING_DN,Wnt16,https://www.gsea-msigdb.org/gsea/msigdb/mouse/geneset/HALLMARK_KRAS_SIGNALING_DN,MM,Mus musculus
HALLMARK_KRAS_SIGNALING_DN,Ybx2,https://www.gsea-msigdb.org/gsea/msigdb/mouse/geneset/HALLMARK_KRAS_SIGNALING_DN,MM,Mus musculus
HALLMARK_KRAS_SIGNALING_DN,Ypel1,https://www.gsea-msigdb.org/gsea/msigdb/mouse/geneset/HALLMARK_KRAS_SIGNALING_DN,MM,Mus musculus
HALLMARK_KRAS_SIGNALING_DN,Zbtb16,https://www.gsea-msigdb.org/gsea/msigdb/mouse/geneset/HALLMARK_KRAS_SIGNALING_DN,MM,Mus musculus
HALLMARK_KRAS_SIGNALING_DN,Zc2hc1c,https://www.gsea-msigdb.org/gsea/msigdb/mouse/geneset/HALLMARK_KRAS_SIGNALING_DN,MM,Mus musculus
HALLMARK_KRAS_SIGNALING_DN,Zfp112,https://www.gsea-msigdb.org/gsea/msigdb/mouse/geneset/HALLMARK_KRAS_SIGNALING_DN,MM,Mus musculus
HALLMARK_KRAS_SIGNALING_UP,Abcb1a,https://www.gsea-msigdb.org/gsea/msigdb/mouse/geneset/HALLMARK_KRAS_SIGNALING_UP,MM,Mus musculus
HALLMARK_KRAS_SIGNALING_UP,Ace,https://www.gsea-msigdb.org/gsea/msigdb/mouse/geneset/HALLMARK_KRAS_SIGNALING_UP,MM,Mus musculus
HALLMARK_KRAS_SIGNALING_UP,Adam17,https://www.gsea-msigdb.org/gsea/msigdb/mouse/geneset/HALLMARK_KRAS_SIGNALING_UP,MM,Mus musculus
HALLMARK_KRAS_SIGNALING_UP,Adam8,https://www.gsea-msigdb.org/gsea/msigdb/mouse/geneset/HALLMARK_KRAS_SIGNALING_UP,MM,Mus musculus
HALLMARK_KRAS_SIGNALING_UP,Adamdec1,https://www.gsea-msigdb.org/gsea/msigdb/mouse/geneset/HALLMARK_KRAS_SIGNALING_UP,MM,Mus musculus
HALLMARK_KRAS_SIGNALING_UP,Adgra2,https://www.gsea-msigdb.org/gsea/msigdb/mouse/geneset/HALLMARK_KRAS_SIGNALING_UP,MM,Mus musculus
HALLMARK_KRAS_SIGNALING_UP,Adgrl4,https://www.gsea-msigdb.org/gsea/msigdb/mouse/geneset/HALLMARK_KRAS_SIGNALING_UP,MM,Mus musculus
HALLMARK_KRAS_SIGNALING_UP,Akap12,https://www.gsea-msigdb.org/gsea/msigdb/mouse/geneset/HALLMARK_KRAS_SIGNALING_UP,MM,Mus musculus
HALLMARK_KRAS_SIGNALING_UP,Akt2,https://www.gsea-msigdb.org/gsea/msigdb/mouse/geneset/HALLMARK_KRAS_SIGNALING_UP,MM,Mus musculus
HALLMARK_KRAS_SIGNALING_UP,Aldh1a2,https://www.gsea-msigdb.org/gsea/msigdb/mouse/geneset/HALLMARK_KRAS_SIGNALING_UP,MM,Mus musculus
HALLMARK_KRAS_SIGNALING_UP,Aldh1a3,https://www.gsea-msigdb.org/gsea/msigdb/mouse/geneset/HALLMARK_KRAS_SIGNALING_UP,MM,Mus musculus
HALLMARK_KRAS_SIGNALING_UP,Ammecr1,https://www.gsea-msigdb.org/gsea/msigdb/mouse/geneset/HALLMARK_KRAS_SIGNALING_UP,MM,Mus musculus
HALLMARK_KRAS_SIGNALING_UP,Angptl4,https://www.gsea-msigdb.org/gsea/msigdb/mouse/geneset/HALLMARK_KRAS_SIGNALING_UP,MM,Mus musculus
HALLMARK_KRAS_SIGNALING_UP,Ank,https://www.gsea-msigdb.org/gsea/msigdb/mouse/geneset/HALLMARK_KRAS_SIGNALING_UP,MM,Mus musculus
HALLMARK_KRAS_SIGNALING_UP,Ano1,https://www.gsea-msigdb.org/gsea/msigdb/mouse/geneset/HALLMARK_KRAS_SIGNALING_UP,MM,Mus musculus
HALLMARK_KRAS_SIGNALING_UP,Anxa10,https://www.gsea-msigdb.org/gsea/msigdb/mouse/geneset/HALLMARK_KRAS_SIGNALING_UP,MM,Mus musculus
HALLMARK_KRAS_SIGNALING_UP,Apod,https://www.gsea-msigdb.org/gsea/msigdb/mouse/geneset/HALLMARK_KRAS_SIGNALING_UP,MM,Mus musculus
HALLMARK_KRAS_SIGNALING_UP,Arg1,https://www.gsea-msigdb.org/gsea/msigdb/mouse/geneset/HALLMARK_KRAS_SIGNALING_UP,MM,Mus musculus
HALLMARK_KRAS_SIGNALING_UP,Atg10,https://www.gsea-msigdb.org/gsea/msigdb/mouse/geneset/HALLMARK_KRAS_SIGNALING_UP,MM,Mus musculus
HALLMARK_KRAS_SIGNALING_UP,Avl9,https://www.gsea-msigdb.org/gsea/msigdb/mouse/geneset/HALLMARK_KRAS_SIGNALING_UP,MM,Mus musculus
HALLMARK_KRAS_SIGNALING_UP,Birc3,https://www.gsea-msigdb.org/gsea/msigdb/mouse/geneset/HALLMARK_KRAS_SIGNALING_UP,MM,Mus musculus
HALLMARK_KRAS_SIGNALING_UP,Bmp2,https://www.gsea-msigdb.org/gsea/msigdb/mouse/geneset/HALLMARK_KRAS_SIGNALING_UP,MM,Mus musculus
HALLMARK_KRAS_SIGNALING_UP,Bpgm,https://www.gsea-msigdb.org/gsea/msigdb/mouse/geneset/HALLMARK_KRAS_SIGNALING_UP,MM,Mus musculus
HALLMARK_KRAS_SIGNALING_UP,Btbd3,https://www.gsea-msigdb.org/gsea/msigdb/mouse/geneset/HALLMARK_KRAS_SIGNALING_UP,MM,Mus musculus
HALLMARK_KRAS_SIGNALING_UP,Btc,https://www.gsea-msigdb.org/gsea/msigdb/mouse/geneset/HALLMARK_KRAS_SIGNALING_UP,MM,Mus musculus
HALLMARK_KRAS_SIGNALING_UP,C3ar1,https://www.gsea-msigdb.org/gsea/msigdb/mouse/geneset/HALLMARK_KRAS_SIGNALING_UP,MM,Mus musculus
HALLMARK_KRAS_SIGNALING_UP,Cab39l,https://www.gsea-msigdb.org/gsea/msigdb/mouse/geneset/HALLMARK_KRAS_SIGNALING_UP,MM,Mus musculus
HALLMARK_KRAS_SIGNALING_UP,Car2,https://www.gsea-msigdb.org/gsea/msigdb/mouse/geneset/HALLMARK_KRAS_SIGNALING_UP,MM,Mus musculus
HALLMARK_KRAS_SIGNALING_UP,Cbl,https://www.gsea-msigdb.org/gsea/msigdb/mouse/geneset/HALLMARK_KRAS_SIGNALING_UP,MM,Mus musculus
HALLMARK_KRAS_SIGNALING_UP,Cbr4,https://www.gsea-msigdb.org/gsea/msigdb/mouse/geneset/HALLMARK_KRAS_SIGNALING_UP,MM,Mus musculus
HALLMARK_KRAS_SIGNALING_UP,Cbx8,https://www.gsea-msigdb.org/gsea/msigdb/mouse/geneset/HALLMARK_KRAS_SIGNALING_UP,MM,Mus musculus
HALLMARK_KRAS_SIGNALING_UP,Ccl20,https://www.gsea-msigdb.org/gsea/msigdb/mouse/geneset/HALLMARK_KRAS_SIGNALING_UP,MM,Mus musculus
HALLMARK_KRAS_SIGNALING_UP,Ccnd2,https://www.gsea-msigdb.org/gsea/msigdb/mouse/geneset/HALLMARK_KRAS_SIGNALING_UP,MM,Mus musculus
HALLMARK_KRAS_SIGNALING_UP,Ccser2,https://www.gsea-msigdb.org/gsea/msigdb/mouse/geneset/HALLMARK_KRAS_SIGNALING_UP,MM,Mus musculus
HALLMARK_KRAS_SIGNALING_UP,Cd37,https://www.gsea-msigdb.org/gsea/msigdb/mouse/geneset/HALLMARK_KRAS_SIGNALING_UP,MM,Mus musculus
HALLMARK_KRAS_SIGNALING_UP,Cdadc1,https://www.gsea-msigdb.org/gsea/msigdb/mouse/geneset/HALLMARK_KRAS_SIGNALING_UP,MM,Mus musculus
HALLMARK_KRAS_SIGNALING_UP,Cfb,https://www.gsea-msigdb.org/gsea/msigdb/mouse/geneset/HALLMARK_KRAS_SIGNALING_UP,MM,Mus musculus
HALLMARK_KRAS_SIGNALING_UP,Cfh,https://www.gsea-msigdb.org/gsea/msigdb/mouse/geneset/HALLMARK_KRAS_SIGNALING_UP,MM,Mus musculus
HALLMARK_KRAS_SIGNALING_UP,Cidea,https://www.gsea-msigdb.org/gsea/msigdb/mouse/geneset/HALLMARK_KRAS_SIGNALING_UP,MM,Mus musculus
HALLMARK_KRAS_SIGNALING_UP,Clec4a3,https://www.gsea-msigdb.org/gsea/msigdb/mouse/geneset/HALLMARK_KRAS_SIGNALING_UP,MM,Mus musculus
HALLMARK_KRAS_SIGNALING_UP,Cmklr1,https://www.gsea-msigdb.org/gsea/msigdb/mouse/geneset/HALLMARK_KRAS_SIGNALING_UP,MM,Mus musculus
HALLMARK_KRAS_SIGNALING_UP,Cpe,https://www.gsea-msigdb.org/gsea/msigdb/mouse/geneset/HALLMARK_KRAS_SIGNALING_UP,MM,Mus musculus
HALLMARK_KRAS_SIGNALING_UP,Crot,https://www.gsea-msigdb.org/gsea/msigdb/mouse/geneset/HALLMARK_KRAS_SIGNALING_UP,MM,Mus musculus
HALLMARK_KRAS_SIGNALING_UP,Csf2,https://www.gsea-msigdb.org/gsea/msigdb/mouse/geneset/HALLMARK_KRAS_SIGNALING_UP,MM,Mus musculus
HALLMARK_KRAS_SIGNALING_UP,Csf2ra,https://www.gsea-msigdb.org/gsea/msigdb/mouse/geneset/HALLMARK_KRAS_SIGNALING_UP,MM,Mus musculus
HALLMARK_KRAS_SIGNALING_UP,Ctss,https://www.gsea-msigdb.org/gsea/msigdb/mouse/geneset/HALLMARK_KRAS_SIGNALING_UP,MM,Mus musculus
HALLMARK_KRAS_SIGNALING_UP,Cxcl10,https://www.gsea-msigdb.org/gsea/msigdb/mouse/geneset/HALLMARK_KRAS_SIGNALING_UP,MM,Mus musculus
HALLMARK_KRAS_SIGNALING_UP,Cxcr4,https://www.gsea-msigdb.org/gsea/msigdb/mouse/geneset/HALLMARK_KRAS_SIGNALING_UP,MM,Mus musculus
HALLMARK_KRAS_SIGNALING_UP,Dcbld2,https://www.gsea-msigdb.org/gsea/msigdb/mouse/geneset/HALLMARK_KRAS_SIGNALING_UP,MM,Mus musculus
HALLMARK_KRAS_SIGNALING_UP,Dnmbp,https://www.gsea-msigdb.org/gsea/msigdb/mouse/geneset/HALLMARK_KRAS_SIGNALING_UP,MM,Mus musculus
HALLMARK_KRAS_SIGNALING_UP,Dock2,https://www.gsea-msigdb.org/gsea/msigdb/mouse/geneset/HALLMARK_KRAS_SIGNALING_UP,MM,Mus musculus
HALLMARK_KRAS_SIGNALING_UP,Dusp6,https://www.gsea-msigdb.org/gsea/msigdb/mouse/geneset/HALLMARK_KRAS_SIGNALING_UP,MM,Mus musculus
HALLMARK_KRAS_SIGNALING_UP,Emp1,https://www.gsea-msigdb.org/gsea/msigdb/mouse/geneset/HALLMARK_KRAS_SIGNALING_UP,MM,Mus musculus
HALLMARK_KRAS_SIGNALING_UP,Eng,https://www.gsea-msigdb.org/gsea/msigdb/mouse/geneset/HALLMARK_KRAS_SIGNALING_UP,MM,Mus musculus
HALLMARK_KRAS_SIGNALING_UP,Epb41l3,https://www.gsea-msigdb.org/gsea/msigdb/mouse/geneset/HALLMARK_KRAS_SIGNALING_UP,MM,Mus musculus
HALLMARK_KRAS_SIGNALING_UP,Ephb2,https://www.gsea-msigdb.org/gsea/msigdb/mouse/geneset/HALLMARK_KRAS_SIGNALING_UP,MM,Mus musculus
HALLMARK_KRAS_SIGNALING_UP,Ereg,https://www.gsea-msigdb.org/gsea/msigdb/mouse/geneset/HALLMARK_KRAS_SIGNALING_UP,MM,Mus musculus
HALLMARK_KRAS_SIGNALING_UP,Ero1a,https://www.gsea-msigdb.org/gsea/msigdb/mouse/geneset/HALLMARK_KRAS_SIGNALING_UP,MM,Mus musculus
HALLMARK_KRAS_SIGNALING_UP,Ets1,https://www.gsea-msigdb.org/gsea/msigdb/mouse/geneset/HALLMARK_KRAS_SIGNALING_UP,MM,Mus musculus
HALLMARK_KRAS_SIGNALING_UP,Etv1,https://www.gsea-msigdb.org/gsea/msigdb/mouse/geneset/HALLMARK_KRAS_SIGNALING_UP,MM,Mus musculus
HALLMARK_KRAS_SIGNALING_UP,Etv4,https://www.gsea-msigdb.org/gsea/msigdb/mouse/geneset/HALLMARK_KRAS_SIGNALING_UP,MM,Mus musculus
HALLMARK_KRAS_SIGNALING_UP,Etv5,https://www.gsea-msigdb.org/gsea/msigdb/mouse/geneset/HALLMARK_KRAS_SIGNALING_UP,MM,Mus musculus
HALLMARK_KRAS_SIGNALING_UP,Evi5,https://www.gsea-msigdb.org/gsea/msigdb/mouse/geneset/HALLMARK_KRAS_SIGNALING_UP,MM,Mus musculus
HALLMARK_KRAS_SIGNALING_UP,F13a1,https://www.gsea-msigdb.org/gsea/msigdb/mouse/geneset/HALLMARK_KRAS_SIGNALING_UP,MM,Mus musculus
HALLMARK_KRAS_SIGNALING_UP,F2rl1,https://www.gsea-msigdb.org/gsea/msigdb/mouse/geneset/HALLMARK_KRAS_SIGNALING_UP,MM,Mus musculus
HALLMARK_KRAS_SIGNALING_UP,Fbxo4,https://www.gsea-msigdb.org/gsea/msigdb/mouse/geneset/HALLMARK_KRAS_SIGNALING_UP,MM,Mus musculus
HALLMARK_KRAS_SIGNALING_UP,Fcer1g,https://www.gsea-msigdb.org/gsea/msigdb/mouse/geneset/HALLMARK_KRAS_SIGNALING_UP,MM,Mus musculus
HALLMARK_KRAS_SIGNALING_UP,Fgf9,https://www.gsea-msigdb.org/gsea/msigdb/mouse/geneset/HALLMARK_KRAS_SIGNALING_UP,MM,Mus musculus
HALLMARK_KRAS_SIGNALING_UP,Flt4,https://www.gsea-msigdb.org/gsea/msigdb/mouse/geneset/HALLMARK_KRAS_SIGNALING_UP,MM,Mus musculus
HALLMARK_KRAS_SIGNALING_UP,Fuca1,https://www.gsea-msigdb.org/gsea/msigdb/mouse/geneset/HALLMARK_KRAS_SIGNALING_UP,MM,Mus musculus
HALLMARK_KRAS_SIGNALING_UP,G0s2,https://www.gsea-msigdb.org/gsea/msigdb/mouse/geneset/HALLMARK_KRAS_SIGNALING_UP,MM,Mus musculus
HALLMARK_KRAS_SIGNALING_UP,Gabra3,https://www.gsea-msigdb.org/gsea/msigdb/mouse/geneset/HALLMARK_KRAS_SIGNALING_UP,MM,Mus musculus
HALLMARK_KRAS_SIGNALING_UP,Gadd45g,https://www.gsea-msigdb.org/gsea/msigdb/mouse/geneset/HALLMARK_KRAS_SIGNALING_UP,MM,Mus musculus
HALLMARK_KRAS_SIGNALING_UP,Galnt3,https://www.gsea-msigdb.org/gsea/msigdb/mouse/geneset/HALLMARK_KRAS_SIGNALING_UP,MM,Mus musculus
HALLMARK_KRAS_SIGNALING_UP,Gfpt2,https://www.gsea-msigdb.org/gsea/msigdb/mouse/geneset/HALLMARK_KRAS_SIGNALING_UP,MM,Mus musculus
HALLMARK_KRAS_SIGNALING_UP,Glrx,https://www.gsea-msigdb.org/gsea/msigdb/mouse/geneset/HALLMARK_KRAS_SIGNALING_UP,MM,Mus musculus
HALLMARK_KRAS_SIGNALING_UP,Gng11,https://www.gsea-msigdb.org/gsea/msigdb/mouse/geneset/HALLMARK_KRAS_SIGNALING_UP,MM,Mus musculus
HALLMARK_KRAS_SIGNALING_UP,Gpnmb,https://www.gsea-msigdb.org/gsea/msigdb/mouse/geneset/HALLMARK_KRAS_SIGNALING_UP,MM,Mus musculus
HALLMARK_KRAS_SIGNALING_UP,Gprc5b,https://www.gsea-msigdb.org/gsea/msigdb/mouse/geneset/HALLMARK_KRAS_SIGNALING_UP,MM,Mus musculus
HALLMARK_KRAS_SIGNALING_UP,Gucy1a1,https://www.gsea-msigdb.org/gsea/msigdb/mouse/geneset/HALLMARK_KRAS_SIGNALING_UP,MM,Mus musculus
HALLMARK_KRAS_SIGNALING_UP,Gypc,https://www.gsea-msigdb.org/gsea/msigdb/mouse/geneset/HALLMARK_KRAS_SIGNALING_UP,MM,Mus musculus
HALLMARK_KRAS_SIGNALING_UP,H2bc3,https://www.gsea-msigdb.org/gsea/msigdb/mouse/geneset/HALLMARK_KRAS_SIGNALING_UP,MM,Mus musculus
HALLMARK_KRAS_SIGNALING_UP,Hbegf,https://www.gsea-msigdb.org/gsea/msigdb/mouse/geneset/HALLMARK_KRAS_SIGNALING_UP,MM,Mus musculus
HALLMARK_KRAS_SIGNALING_UP,Hdac9,https://www.gsea-msigdb.org/gsea/msigdb/mouse/geneset/HALLMARK_KRAS_SIGNALING_UP,MM,Mus musculus
HALLMARK_KRAS_SIGNALING_UP,Hkdc1,https://www.gsea-msigdb.org/gsea/msigdb/mouse/geneset/HALLMARK_KRAS_SIGNALING_UP,MM,Mus musculus
HALLMARK_KRAS_SIGNALING_UP,Hoxd11,https://www.gsea-msigdb.org/gsea/msigdb/mouse/geneset/HALLMARK_KRAS_SIGNALING_UP,MM,Mus musculus
HALLMARK_KRAS_SIGNALING_UP,Hsd11b1,https://www.gsea-msigdb.org/gsea/msigdb/mouse/geneset/HALLMARK_KRAS_SIGNALING_UP,MM,Mus musculus
HALLMARK_KRAS_SIGNALING_UP,Id2,https://www.gsea-msigdb.org/gsea/msigdb/mouse/geneset/HALLMARK_KRAS_SIGNALING_UP,MM,Mus musculus
HALLMARK_KRAS_SIGNALING_UP,Igf2,https://www.gsea-msigdb.org/gsea/msigdb/mouse/geneset/HALLMARK_KRAS_SIGNALING_UP,MM,Mus musculus
HALLMARK_KRAS_SIGNALING_UP,Igfbp3,https://www.gsea-msigdb.org/gsea/msigdb/mouse/geneset/HALLMARK_KRAS_SIGNALING_UP,MM,Mus musculus
HALLMARK_KRAS_SIGNALING_UP,Ikzf1,https://www.gsea-msigdb.org/gsea/msigdb/mouse/geneset/HALLMARK_KRAS_SIGNALING_UP,MM,Mus musculus
HALLMARK_KRAS_SIGNALING_UP,Il10ra,https://www.gsea-msigdb.org/gsea/msigdb/mouse/geneset/HALLMARK_KRAS_SIGNALING_UP,MM,Mus musculus
HALLMARK_KRAS_SIGNALING_UP,Il1b,https://www.gsea-msigdb.org/gsea/msigdb/mouse/geneset/HALLMARK_KRAS_SIGNALING_UP,MM,Mus musculus
HALLMARK_KRAS_SIGNALING_UP,Il1rl2,https://www.gsea-msigdb.org/gsea/msigdb/mouse/geneset/HALLMARK_KRAS_SIGNALING_UP,MM,Mus musculus
HALLMARK_KRAS_SIGNALING_UP,Il2rg,https://www.gsea-msigdb.org/gsea/msigdb/mouse/geneset/HALLMARK_KRAS_SIGNALING_UP,MM,Mus musculus
HALLMARK_KRAS_SIGNALING_UP,Il33,https://www.gsea-msigdb.org/gsea/msigdb/mouse/geneset/HALLMARK_KRAS_SIGNALING_UP,MM,Mus musculus
HALLMARK_KRAS_SIGNALING_UP,Il7r,https://www.gsea-msigdb.org/gsea/msigdb/mouse/geneset/HALLMARK_KRAS_SIGNALING_UP,MM,Mus musculus
HALLMARK_KRAS_SIGNALING_UP,Inhba,https://www.gsea-msigdb.org/gsea/msigdb/mouse/geneset/HALLMARK_KRAS_SIGNALING_UP,MM,Mus musculus
HALLMARK_KRAS_SIGNALING_UP,Irf8,https://www.gsea-msigdb.org/gsea/msigdb/mouse/geneset/HALLMARK_KRAS_SIGNALING_UP,MM,Mus musculus
HALLMARK_KRAS_SIGNALING_UP,Itga2,https://www.gsea-msigdb.org/gsea/msigdb/mouse/geneset/HALLMARK_KRAS_SIGNALING_UP,MM,Mus musculus
HALLMARK_KRAS_SIGNALING_UP,Itgb2,https://www.gsea-msigdb.org/gsea/msigdb/mouse/geneset/HALLMARK_KRAS_SIGNALING_UP,MM,Mus musculus
HALLMARK_KRAS_SIGNALING_UP,Itgbl1,https://www.gsea-msigdb.org/gsea/msigdb/mouse/geneset/HALLMARK_KRAS_SIGNALING_UP,MM,Mus musculus
HALLMARK_KRAS_SIGNALING_UP,Jup,https://www.gsea-msigdb.org/gsea/msigdb/mouse/geneset/HALLMARK_KRAS_SIGNALING_UP,MM,Mus musculus
HALLMARK_KRAS_SIGNALING_UP,Kcnn4,https://www.gsea-msigdb.org/gsea/msigdb/mouse/geneset/HALLMARK_KRAS_SIGNALING_UP,MM,Mus musculus
HALLMARK_KRAS_SIGNALING_UP,Kif5c,https://www.gsea-msigdb.org/gsea/msigdb/mouse/geneset/HALLMARK_KRAS_SIGNALING_UP,MM,Mus musculus
HALLMARK_KRAS_SIGNALING_UP,Klf4,https://www.gsea-msigdb.org/gsea/msigdb/mouse/geneset/HALLMARK_KRAS_SIGNALING_UP,MM,Mus musculus
HALLMARK_KRAS_SIGNALING_UP,Laptm5,https://www.gsea-msigdb.org/gsea/msigdb/mouse/geneset/HALLMARK_KRAS_SIGNALING_UP,MM,Mus musculus
HALLMARK_KRAS_SIGNALING_UP,Lat2,https://www.gsea-msigdb.org/gsea/msigdb/mouse/geneset/HALLMARK_KRAS_SIGNALING_UP,MM,Mus musculus
HALLMARK_KRAS_SIGNALING_UP,Lcp1,https://www.gsea-msigdb.org/gsea/msigdb/mouse/geneset/HALLMARK_KRAS_SIGNALING_UP,MM,Mus musculus
HALLMARK_KRAS_SIGNALING_UP,Lif,https://www.gsea-msigdb.org/gsea/msigdb/mouse/geneset/HALLMARK_KRAS_SIGNALING_UP,MM,Mus musculus
HALLMARK_KRAS_SIGNALING_UP,Ly96,https://www.gsea-msigdb.org/gsea/msigdb/mouse/geneset/HALLMARK_KRAS_SIGNALING_UP,MM,Mus musculus
HALLMARK_KRAS_SIGNALING_UP,Mafb,https://www.gsea-msigdb.org/gsea/msigdb/mouse/geneset/HALLMARK_KRAS_SIGNALING_UP,MM,Mus musculus
HALLMARK_KRAS_SIGNALING_UP,Mall,https://www.gsea-msigdb.org/gsea/msigdb/mouse/geneset/HALLMARK_KRAS_SIGNALING_UP,MM,Mus musculus
HALLMARK_KRAS_SIGNALING_UP,Map3k1,https://www.gsea-msigdb.org/gsea/msigdb/mouse/geneset/HALLMARK_KRAS_SIGNALING_UP,MM,Mus musculus
HALLMARK_KRAS_SIGNALING_UP,Map4k1,https://www.gsea-msigdb.org/gsea/msigdb/mouse/geneset/HALLMARK_KRAS_SIGNALING_UP,MM,Mus musculus
HALLMARK_KRAS_SIGNALING_UP,Map7,https://www.gsea-msigdb.org/gsea/msigdb/mouse/geneset/HALLMARK_KRAS_SIGNALING_UP,MM,Mus musculus
HALLMARK_KRAS_SIGNALING_UP,Mmd,https://www.gsea-msigdb.org/gsea/msigdb/mouse/geneset/HALLMARK_KRAS_SIGNALING_UP,MM,Mus musculus
HALLMARK_KRAS_SIGNALING_UP,Mmp10,https://www.gsea-msigdb.org/gsea/msigdb/mouse/geneset/HALLMARK_KRAS_SIGNALING_UP,MM,Mus musculus
HALLMARK_KRAS_SIGNALING_UP,Mmp11,https://www.gsea-msigdb.org/gsea/msigdb/mouse/geneset/HALLMARK_KRAS_SIGNALING_UP,MM,Mus musculus
HALLMARK_KRAS_SIGNALING_UP,Mmp9,https://www.gsea-msigdb.org/gsea/msigdb/mouse/geneset/HALLMARK_KRAS_SIGNALING_UP,MM,Mus musculus
HALLMARK_KRAS_SIGNALING_UP,Mpzl2,https://www.gsea-msigdb.org/gsea/msigdb/mouse/geneset/HALLMARK_KRAS_SIGNALING_UP,MM,Mus musculus
HALLMARK_KRAS_SIGNALING_UP,Mtmr10,https://www.gsea-msigdb.org/gsea/msigdb/mouse/geneset/HALLMARK_KRAS_SIGNALING_UP,MM,Mus musculus
HALLMARK_KRAS_SIGNALING_UP,Mycn,https://www.gsea-msigdb.org/gsea/msigdb/mouse/geneset/HALLMARK_KRAS_SIGNALING_UP,MM,Mus musculus
HALLMARK_KRAS_SIGNALING_UP,Nap1l2,https://www.gsea-msigdb.org/gsea/msigdb/mouse/geneset/HALLMARK_KRAS_SIGNALING_UP,MM,Mus musculus
HALLMARK_KRAS_SIGNALING_UP,Ngf,https://www.gsea-msigdb.org/gsea/msigdb/mouse/geneset/HALLMARK_KRAS_SIGNALING_UP,MM,Mus musculus
HALLMARK_KRAS_SIGNALING_UP,Nin,https://www.gsea-msigdb.org/gsea/msigdb/mouse/geneset/HALLMARK_KRAS_SIGNALING_UP,MM,Mus musculus
HALLMARK_KRAS_SIGNALING_UP,Nr0b2,https://www.gsea-msigdb.org/gsea/msigdb/mouse/geneset/HALLMARK_KRAS_SIGNALING_UP,MM,Mus musculus
HALLMARK_KRAS_SIGNALING_UP,Nr1h4,https://www.gsea-msigdb.org/gsea/msigdb/mouse/geneset/HALLMARK_KRAS_SIGNALING_UP,MM,Mus musculus
HALLMARK_KRAS_SIGNALING_UP,Nrp1,https://www.gsea-msigdb.org/gsea/msigdb/mouse/geneset/HALLMARK_KRAS_SIGNALING_UP,MM,Mus musculus
HALLMARK_KRAS_SIGNALING_UP,Pcp4,https://www.gsea-msigdb.org/gsea/msigdb/mouse/geneset/HALLMARK_KRAS_SIGNALING_UP,MM,Mus musculus
HALLMARK_KRAS_SIGNALING_UP,Pcsk1n,https://www.gsea-msigdb.org/gsea/msigdb/mouse/geneset/HALLMARK_KRAS_SIGNALING_UP,MM,Mus musculus
HALLMARK_KRAS_SIGNALING_UP,Pdcd1lg2,https://www.gsea-msigdb.org/gsea/msigdb/mouse/geneset/HALLMARK_KRAS_SIGNALING_UP,MM,Mus musculus
HALLMARK_KRAS_SIGNALING_UP,Pecam1,https://www.gsea-msigdb.org/gsea/msigdb/mouse/geneset/HALLMARK_KRAS_SIGNALING_UP,MM,Mus musculus
HALLMARK_KRAS_SIGNALING_UP,Peg3,https://www.gsea-msigdb.org/gsea/msigdb/mouse/geneset/HALLMARK_KRAS_SIGNALING_UP,MM,Mus musculus
HALLMARK_KRAS_SIGNALING_UP,Pigr,https://www.gsea-msigdb.org/gsea/msigdb/mouse/geneset/HALLMARK_KRAS_SIGNALING_UP,MM,Mus musculus
HALLMARK_KRAS_SIGNALING_UP,Plat,https://www.gsea-msigdb.org/gsea/msigdb/mouse/geneset/HALLMARK_KRAS_SIGNALING_UP,MM,Mus musculus
HALLMARK_KRAS_SIGNALING_UP,Plau,https://www.gsea-msigdb.org/gsea/msigdb/mouse/geneset/HALLMARK_KRAS_SIGNALING_UP,MM,Mus musculus
HALLMARK_KRAS_SIGNALING_UP,Plaur,https://www.gsea-msigdb.org/gsea/msigdb/mouse/geneset/HALLMARK_KRAS_SIGNALING_UP,MM,Mus musculus
HALLMARK_KRAS_SIGNALING_UP,Plek2,https://www.gsea-msigdb.org/gsea/msigdb/mouse/geneset/HALLMARK_KRAS_SIGNALING_UP,MM,Mus musculus
HALLMARK_KRAS_SIGNALING_UP,Plvap,https://www.gsea-msigdb.org/gsea/msigdb/mouse/geneset/HALLMARK_KRAS_SIGNALING_UP,MM,Mus musculus
HALLMARK_KRAS_SIGNALING_UP,Ppbp,https://www.gsea-msigdb.org/gsea/msigdb/mouse/geneset/HALLMARK_KRAS_SIGNALING_UP,MM,Mus musculus
HALLMARK_KRAS_SIGNALING_UP,Ppp1r15a,https://www.gsea-msigdb.org/gsea/msigdb/mouse/geneset/HALLMARK_KRAS_SIGNALING_UP,MM,Mus musculus
HALLMARK_KRAS_SIGNALING_UP,Prdm1,https://www.gsea-msigdb.org/gsea/msigdb/mouse/geneset/HALLMARK_KRAS_SIGNALING_UP,MM,Mus musculus
HALLMARK_KRAS_SIGNALING_UP,Prelid3b,https://www.gsea-msigdb.org/gsea/msigdb/mouse/geneset/HALLMARK_KRAS_SIGNALING_UP,MM,Mus musculus
HALLMARK_KRAS_SIGNALING_UP,Prkg2,https://www.gsea-msigdb.org/gsea/msigdb/mouse/geneset/HALLMARK_KRAS_SIGNALING_UP,MM,Mus musculus
HALLMARK_KRAS_SIGNALING_UP,Prrx1,https://www.gsea-msigdb.org/gsea/msigdb/mouse/geneset/HALLMARK_KRAS_SIGNALING_UP,MM,Mus musculus
HALLMARK_KRAS_SIGNALING_UP,Psmb8,https://www.gsea-msigdb.org/gsea/msigdb/mouse/geneset/HALLMARK_KRAS_SIGNALING_UP,MM,Mus musculus
HALLMARK_KRAS_SIGNALING_UP,Ptbp2,https://www.gsea-msigdb.org/gsea/msigdb/mouse/geneset/HALLMARK_KRAS_SIGNALING_UP,MM,Mus musculus
HALLMARK_KRAS_SIGNALING_UP,Ptcd2,https://www.gsea-msigdb.org/gsea/msigdb/mouse/geneset/HALLMARK_KRAS_SIGNALING_UP,MM,Mus musculus
HALLMARK_KRAS_SIGNALING_UP,Ptgs2,https://www.gsea-msigdb.org/gsea/msigdb/mouse/geneset/HALLMARK_KRAS_SIGNALING_UP,MM,Mus musculus
HALLMARK_KRAS_SIGNALING_UP,Ptprr,https://www.gsea-msigdb.org/gsea/msigdb/mouse/geneset/HALLMARK_KRAS_SIGNALING_UP,MM,Mus musculus
HALLMARK_KRAS_SIGNALING_UP,Rabgap1l,https://www.gsea-msigdb.org/gsea/msigdb/mouse/geneset/HALLMARK_KRAS_SIGNALING_UP,MM,Mus musculus
HALLMARK_KRAS_SIGNALING_UP,Rbm4,https://www.gsea-msigdb.org/gsea/msigdb/mouse/geneset/HALLMARK_KRAS_SIGNALING_UP,MM,Mus musculus
HALLMARK_KRAS_SIGNALING_UP,Rbp4,https://www.gsea-msigdb.org/gsea/msigdb/mouse/geneset/HALLMARK_KRAS_SIGNALING_UP,MM,Mus musculus
HALLMARK_KRAS_SIGNALING_UP,Reln,https://www.gsea-msigdb.org/gsea/msigdb/mouse/geneset/HALLMARK_KRAS_SIGNALING_UP,MM,Mus musculus
HALLMARK_KRAS_SIGNALING_UP,Retn,https://www.gsea-msigdb.org/gsea/msigdb/mouse/geneset/HALLMARK_KRAS_SIGNALING_UP,MM,Mus musculus
HALLMARK_KRAS_SIGNALING_UP,Rgs16,https://www.gsea-msigdb.org/gsea/msigdb/mouse/geneset/HALLMARK_KRAS_SIGNALING_UP,MM,Mus musculus
HALLMARK_KRAS_SIGNALING_UP,Satb1,https://www.gsea-msigdb.org/gsea/msigdb/mouse/geneset/HALLMARK_KRAS_SIGNALING_UP,MM,Mus musculus
HALLMARK_KRAS_SIGNALING_UP,Scg3,https://www.gsea-msigdb.org/gsea/msigdb/mouse/geneset/HALLMARK_KRAS_SIGNALING_UP,MM,Mus musculus
HALLMARK_KRAS_SIGNALING_UP,Scg5,https://www.gsea-msigdb.org/gsea/msigdb/mouse/geneset/HALLMARK_KRAS_SIGNALING_UP,MM,Mus musculus
HALLMARK_KRAS_SIGNALING_UP,Scn1b,https://www.gsea-msigdb.org/gsea/msigdb/mouse/geneset/HALLMARK_KRAS_SIGNALING_UP,MM,Mus musculus
HALLMARK_KRAS_SIGNALING_UP,Sdccag8,https://www.gsea-msigdb.org/gsea/msigdb/mouse/geneset/HALLMARK_KRAS_SIGNALING_UP,MM,Mus musculus
HALLMARK_KRAS_SIGNALING_UP,Sema3b,https://www.gsea-msigdb.org/gsea/msigdb/mouse/geneset/HALLMARK_KRAS_SIGNALING_UP,MM,Mus musculus
HALLMARK_KRAS_SIGNALING_UP,Slpi,https://www.gsea-msigdb.org/gsea/msigdb/mouse/geneset/HALLMARK_KRAS_SIGNALING_UP,MM,Mus musculus
HALLMARK_KRAS_SIGNALING_UP,Snap25,https://www.gsea-msigdb.org/gsea/msigdb/mouse/geneset/HALLMARK_KRAS_SIGNALING_UP,MM,Mus musculus
HALLMARK_KRAS_SIGNALING_UP,Snap91,https://www.gsea-msigdb.org/gsea/msigdb/mouse/geneset/HALLMARK_KRAS_SIGNALING_UP,MM,Mus musculus
HALLMARK_KRAS_SIGNALING_UP,Sox9,https://www.gsea-msigdb.org/gsea/msigdb/mouse/geneset/HALLMARK_KRAS_SIGNALING_UP,MM,Mus musculus
HALLMARK_KRAS_SIGNALING_UP,Sparcl1,https://www.gsea-msigdb.org/gsea/msigdb/mouse/geneset/HALLMARK_KRAS_SIGNALING_UP,MM,Mus musculus
HALLMARK_KRAS_SIGNALING_UP,Spon1,https://www.gsea-msigdb.org/gsea/msigdb/mouse/geneset/HALLMARK_KRAS_SIGNALING_UP,MM,Mus musculus
HALLMARK_KRAS_SIGNALING_UP,Spp1,https://www.gsea-msigdb.org/gsea/msigdb/mouse/geneset/HALLMARK_KRAS_SIGNALING_UP,MM,Mus musculus
HALLMARK_KRAS_SIGNALING_UP,Spry2,https://www.gsea-msigdb.org/gsea/msigdb/mouse/geneset/HALLMARK_KRAS_SIGNALING_UP,MM,Mus musculus
HALLMARK_KRAS_SIGNALING_UP,St6gal1,https://www.gsea-msigdb.org/gsea/msigdb/mouse/geneset/HALLMARK_KRAS_SIGNALING_UP,MM,Mus musculus
HALLMARK_KRAS_SIGNALING_UP,Strn,https://www.gsea-msigdb.org/gsea/msigdb/mouse/geneset/HALLMARK_KRAS_SIGNALING_UP,MM,Mus musculus
HALLMARK_KRAS_SIGNALING_UP,Tfpi,https://www.gsea-msigdb.org/gsea/msigdb/mouse/geneset/HALLMARK_KRAS_SIGNALING_UP,MM,Mus musculus
HALLMARK_KRAS_SIGNALING_UP,Tlr8,https://www.gsea-msigdb.org/gsea/msigdb/mouse/geneset/HALLMARK_KRAS_SIGNALING_UP,MM,Mus musculus
HALLMARK_KRAS_SIGNALING_UP,Tmem100,https://www.gsea-msigdb.org/gsea/msigdb/mouse/geneset/HALLMARK_KRAS_SIGNALING_UP,MM,Mus musculus
HALLMARK_KRAS_SIGNALING_UP,Tmem158,https://www.gsea-msigdb.org/gsea/msigdb/mouse/geneset/HALLMARK_KRAS_SIGNALING_UP,MM,Mus musculus
HALLMARK_KRAS_SIGNALING_UP,Tmem176a,https://www.gsea-msigdb.org/gsea/msigdb/mouse/geneset/HALLMARK_KRAS_SIGNALING_UP,MM,Mus musculus
HALLMARK_KRAS_SIGNALING_UP,Tmem176b,https://www.gsea-msigdb.org/gsea/msigdb/mouse/geneset/HALLMARK_KRAS_SIGNALING_UP,MM,Mus musculus
HALLMARK_KRAS_SIGNALING_UP,Tnfaip3,https://www.gsea-msigdb.org/gsea/msigdb/mouse/geneset/HALLMARK_KRAS_SIGNALING_UP,MM,Mus musculus
HALLMARK_KRAS_SIGNALING_UP,Tnfrsf1b,https://www.gsea-msigdb.org/gsea/msigdb/mouse/geneset/HALLMARK_KRAS_SIGNALING_UP,MM,Mus musculus
HALLMARK_KRAS_SIGNALING_UP,Tnnt2,https://www.gsea-msigdb.org/gsea/msigdb/mouse/geneset/HALLMARK_KRAS_SIGNALING_UP,MM,Mus musculus
HALLMARK_KRAS_SIGNALING_UP,Tor1aip2,https://www.gsea-msigdb.org/gsea/msigdb/mouse/geneset/HALLMARK_KRAS_SIGNALING_UP,MM,Mus musculus
HALLMARK_KRAS_SIGNALING_UP,Tph1,https://www.gsea-msigdb.org/gsea/msigdb/mouse/geneset/HALLMARK_KRAS_SIGNALING_UP,MM,Mus musculus
HALLMARK_KRAS_SIGNALING_UP,Traf1,https://www.gsea-msigdb.org/gsea/msigdb/mouse/geneset/HALLMARK_KRAS_SIGNALING_UP,MM,Mus musculus
HALLMARK_KRAS_SIGNALING_UP,Trib1,https://www.gsea-msigdb.org/gsea/msigdb/mouse/geneset/HALLMARK_KRAS_SIGNALING_UP,MM,Mus musculus
HALLMARK_KRAS_SIGNALING_UP,Trib2,https://www.gsea-msigdb.org/gsea/msigdb/mouse/geneset/HALLMARK_KRAS_SIGNALING_UP,MM,Mus musculus
HALLMARK_KRAS_SIGNALING_UP,Tspan1,https://www.gsea-msigdb.org/gsea/msigdb/mouse/geneset/HALLMARK_KRAS_SIGNALING_UP,MM,Mus musculus
HALLMARK_KRAS_SIGNALING_UP,Tspan13,https://www.gsea-msigdb.org/gsea/msigdb/mouse/geneset/HALLMARK_KRAS_SIGNALING_UP,MM,Mus musculus
HALLMARK_KRAS_SIGNALING_UP,Tspan7,https://www.gsea-msigdb.org/gsea/msigdb/mouse/geneset/HALLMARK_KRAS_SIGNALING_UP,MM,Mus musculus
HALLMARK_KRAS_SIGNALING_UP,Ush1c,https://www.gsea-msigdb.org/gsea/msigdb/mouse/geneset/HALLMARK_KRAS_SIGNALING_UP,MM,Mus musculus
HALLMARK_KRAS_SIGNALING_UP,Usp12,https://www.gsea-msigdb.org/gsea/msigdb/mouse/geneset/HALLMARK_KRAS_SIGNALING_UP,MM,Mus musculus
HALLMARK_KRAS_SIGNALING_UP,Vwa5a,https://www.gsea-msigdb.org/gsea/msigdb/mouse/geneset/HALLMARK_KRAS_SIGNALING_UP,MM,Mus musculus
HALLMARK_KRAS_SIGNALING_UP,Wdr33,https://www.gsea-msigdb.org/gsea/msigdb/mouse/geneset/HALLMARK_KRAS_SIGNALING_UP,MM,Mus musculus
HALLMARK_KRAS_SIGNALING_UP,Wnt7a,https://www.gsea-msigdb.org/gsea/msigdb/mouse/geneset/HALLMARK_KRAS_SIGNALING_UP,MM,Mus musculus
HALLMARK_KRAS_SIGNALING_UP,Yrdc,https://www.gsea-msigdb.org/gsea/msigdb/mouse/geneset/HALLMARK_KRAS_SIGNALING_UP,MM,Mus musculus
HALLMARK_KRAS_SIGNALING_UP,Zfp277,https://www.gsea-msigdb.org/gsea/msigdb/mouse/geneset/HALLMARK_KRAS_SIGNALING_UP,MM,Mus musculus
HALLMARK_KRAS_SIGNALING_UP,Zfp639,https://www.gsea-msigdb.org/gsea/msigdb/mouse/geneset/HALLMARK_KRAS_SIGNALING_UP,MM,Mus musculus
HALLMARK_MITOTIC_SPINDLE,Abi1,https://www.gsea-msigdb.org/gsea/msigdb/mouse/geneset/HALLMARK_MITOTIC_SPINDLE,MM,Mus musculus
HALLMARK_MITOTIC_SPINDLE,Abl1,https://www.gsea-msigdb.org/gsea/msigdb/mouse/geneset/HALLMARK_MITOTIC_SPINDLE,MM,Mus musculus
HALLMARK_MITOTIC_SPINDLE,Abr,https://www.gsea-msigdb.org/gsea/msigdb/mouse/geneset/HALLMARK_MITOTIC_SPINDLE,MM,Mus musculus
HALLMARK_MITOTIC_SPINDLE,Actn4,https://www.gsea-msigdb.org/gsea/msigdb/mouse/geneset/HALLMARK_MITOTIC_SPINDLE,MM,Mus musculus
HALLMARK_MITOTIC_SPINDLE,Akap13,https://www.gsea-msigdb.org/gsea/msigdb/mouse/geneset/HALLMARK_MITOTIC_SPINDLE,MM,Mus musculus
HALLMARK_MITOTIC_SPINDLE,Alms1,https://www.gsea-msigdb.org/gsea/msigdb/mouse/geneset/HALLMARK_MITOTIC_SPINDLE,MM,Mus musculus
HALLMARK_MITOTIC_SPINDLE,Als2,https://www.gsea-msigdb.org/gsea/msigdb/mouse/geneset/HALLMARK_MITOTIC_SPINDLE,MM,Mus musculus
HALLMARK_MITOTIC_SPINDLE,Anln,https://www.gsea-msigdb.org/gsea/msigdb/mouse/geneset/HALLMARK_MITOTIC_SPINDLE,MM,Mus musculus
HALLMARK_MITOTIC_SPINDLE,Apc,https://www.gsea-msigdb.org/gsea/msigdb/mouse/geneset/HALLMARK_MITOTIC_SPINDLE,MM,Mus musculus
HALLMARK_MITOTIC_SPINDLE,Arap3,https://www.gsea-msigdb.org/gsea/msigdb/mouse/geneset/HALLMARK_MITOTIC_SPINDLE,MM,Mus musculus
HALLMARK_MITOTIC_SPINDLE,Arf6,https://www.gsea-msigdb.org/gsea/msigdb/mouse/geneset/HALLMARK_MITOTIC_SPINDLE,MM,Mus musculus
HALLMARK_MITOTIC_SPINDLE,Arfgef1,https://www.gsea-msigdb.org/gsea/msigdb/mouse/geneset/HALLMARK_MITOTIC_SPINDLE,MM,Mus musculus
HALLMARK_MITOTIC_SPINDLE,Arfip2,https://www.gsea-msigdb.org/gsea/msigdb/mouse/geneset/HALLMARK_MITOTIC_SPINDLE,MM,Mus musculus
HALLMARK_MITOTIC_SPINDLE,Arhgap10,https://www.gsea-msigdb.org/gsea/msigdb/mouse/geneset/HALLMARK_MITOTIC_SPINDLE,MM,Mus musculus
HALLMARK_MITOTIC_SPINDLE,Arhgap27,https://www.gsea-msigdb.org/gsea/msigdb/mouse/geneset/HALLMARK_MITOTIC_SPINDLE,MM,Mus musculus
HALLMARK_MITOTIC_SPINDLE,Arhgap29,https://www.gsea-msigdb.org/gsea/msigdb/mouse/geneset/HALLMARK_MITOTIC_SPINDLE,MM,Mus musculus
HALLMARK_MITOTIC_SPINDLE,Arhgap4,https://www.gsea-msigdb.org/gsea/msigdb/mouse/geneset/HALLMARK_MITOTIC_SPINDLE,MM,Mus musculus
HALLMARK_MITOTIC_SPINDLE,Arhgap5,https://www.gsea-msigdb.org/gsea/msigdb/mouse/geneset/HALLMARK_MITOTIC_SPINDLE,MM,Mus musculus
HALLMARK_MITOTIC_SPINDLE,Arhgdia,https://www.gsea-msigdb.org/gsea/msigdb/mouse/geneset/HALLMARK_MITOTIC_SPINDLE,MM,Mus musculus
HALLMARK_MITOTIC_SPINDLE,Arhgef11,https://www.gsea-msigdb.org/gsea/msigdb/mouse/geneset/HALLMARK_MITOTIC_SPINDLE,MM,Mus musculus
HALLMARK_MITOTIC_SPINDLE,Arhgef12,https://www.gsea-msigdb.org/gsea/msigdb/mouse/geneset/HALLMARK_MITOTIC_SPINDLE,MM,Mus musculus
HALLMARK_MITOTIC_SPINDLE,Arhgef2,https://www.gsea-msigdb.org/gsea/msigdb/mouse/geneset/HALLMARK_MITOTIC_SPINDLE,MM,Mus musculus
HALLMARK_MITOTIC_SPINDLE,Arhgef3,https://www.gsea-msigdb.org/gsea/msigdb/mouse/geneset/HALLMARK_MITOTIC_SPINDLE,MM,Mus musculus
HALLMARK_MITOTIC_SPINDLE,Arhgef7,https://www.gsea-msigdb.org/gsea/msigdb/mouse/geneset/HALLMARK_MITOTIC_SPINDLE,MM,Mus musculus
HALLMARK_MITOTIC_SPINDLE,Arl8a,https://www.gsea-msigdb.org/gsea/msigdb/mouse/geneset/HALLMARK_MITOTIC_SPINDLE,MM,Mus musculus
HALLMARK_MITOTIC_SPINDLE,Atg4b,https://www.gsea-msigdb.org/gsea/msigdb/mouse/geneset/HALLMARK_MITOTIC_SPINDLE,MM,Mus musculus
HALLMARK_MITOTIC_SPINDLE,Aurka,https://www.gsea-msigdb.org/gsea/msigdb/mouse/geneset/HALLMARK_MITOTIC_SPINDLE,MM,Mus musculus
HALLMARK_MITOTIC_SPINDLE,Bcar1,https://www.gsea-msigdb.org/gsea/msigdb/mouse/geneset/HALLMARK_MITOTIC_SPINDLE,MM,Mus musculus
HALLMARK_MITOTIC_SPINDLE,Bcl2l11,https://www.gsea-msigdb.org/gsea/msigdb/mouse/geneset/HALLMARK_MITOTIC_SPINDLE,MM,Mus musculus
HALLMARK_MITOTIC_SPINDLE,Bcr,https://www.gsea-msigdb.org/gsea/msigdb/mouse/geneset/HALLMARK_MITOTIC_SPINDLE,MM,Mus musculus
HALLMARK_MITOTIC_SPINDLE,Bin1,https://www.gsea-msigdb.org/gsea/msigdb/mouse/geneset/HALLMARK_MITOTIC_SPINDLE,MM,Mus musculus
HALLMARK_MITOTIC_SPINDLE,Birc5,https://www.gsea-msigdb.org/gsea/msigdb/mouse/geneset/HALLMARK_MITOTIC_SPINDLE,MM,Mus musculus
HALLMARK_MITOTIC_SPINDLE,Brca2,https://www.gsea-msigdb.org/gsea/msigdb/mouse/geneset/HALLMARK_MITOTIC_SPINDLE,MM,Mus musculus
HALLMARK_MITOTIC_SPINDLE,Bub1,https://www.gsea-msigdb.org/gsea/msigdb/mouse/geneset/HALLMARK_MITOTIC_SPINDLE,MM,Mus musculus
HALLMARK_MITOTIC_SPINDLE,Capzb,https://www.gsea-msigdb.org/gsea/msigdb/mouse/geneset/HALLMARK_MITOTIC_SPINDLE,MM,Mus musculus
HALLMARK_MITOTIC_SPINDLE,Ccdc88a,https://www.gsea-msigdb.org/gsea/msigdb/mouse/geneset/HALLMARK_MITOTIC_SPINDLE,MM,Mus musculus
HALLMARK_MITOTIC_SPINDLE,Ccnb2,https://www.gsea-msigdb.org/gsea/msigdb/mouse/geneset/HALLMARK_MITOTIC_SPINDLE,MM,Mus musculus
HALLMARK_MITOTIC_SPINDLE,Cd2ap,https://www.gsea-msigdb.org/gsea/msigdb/mouse/geneset/HALLMARK_MITOTIC_SPINDLE,MM,Mus musculus
HALLMARK_MITOTIC_SPINDLE,Cdc27,https://www.gsea-msigdb.org/gsea/msigdb/mouse/geneset/HALLMARK_MITOTIC_SPINDLE,MM,Mus musculus
HALLMARK_MITOTIC_SPINDLE,Cdc42,https://www.gsea-msigdb.org/gsea/msigdb/mouse/geneset/HALLMARK_MITOTIC_SPINDLE,MM,Mus musculus
HALLMARK_MITOTIC_SPINDLE,Cdc42bpa,https://www.gsea-msigdb.org/gsea/msigdb/mouse/geneset/HALLMARK_MITOTIC_SPINDLE,MM,Mus musculus
HALLMARK_MITOTIC_SPINDLE,Cdc42ep1,https://www.gsea-msigdb.org/gsea/msigdb/mouse/geneset/HALLMARK_MITOTIC_SPINDLE,MM,Mus musculus
HALLMARK_MITOTIC_SPINDLE,Cdc42ep2,https://www.gsea-msigdb.org/gsea/msigdb/mouse/geneset/HALLMARK_MITOTIC_SPINDLE,MM,Mus musculus
HALLMARK_MITOTIC_SPINDLE,Cdc42ep4,https://www.gsea-msigdb.org/gsea/msigdb/mouse/geneset/HALLMARK_MITOTIC_SPINDLE,MM,Mus musculus
HALLMARK_MITOTIC_SPINDLE,Cdk1,https://www.gsea-msigdb.org/gsea/msigdb/mouse/geneset/HALLMARK_MITOTIC_SPINDLE,MM,Mus musculus
HALLMARK_MITOTIC_SPINDLE,Cdk5rap2,https://www.gsea-msigdb.org/gsea/msigdb/mouse/geneset/HALLMARK_MITOTIC_SPINDLE,MM,Mus musculus
HALLMARK_MITOTIC_SPINDLE,Cenpe,https://www.gsea-msigdb.org/gsea/msigdb/mouse/geneset/HALLMARK_MITOTIC_SPINDLE,MM,Mus musculus
HALLMARK_MITOTIC_SPINDLE,Cenpf,https://www.gsea-msigdb.org/gsea/msigdb/mouse/geneset/HALLMARK_MITOTIC_SPINDLE,MM,Mus musculus
HALLMARK_MITOTIC_SPINDLE,Cep131,https://www.gsea-msigdb.org/gsea/msigdb/mouse/geneset/HALLMARK_MITOTIC_SPINDLE,MM,Mus musculus
HALLMARK_MITOTIC_SPINDLE,Cep192,https://www.gsea-msigdb.org/gsea/msigdb/mouse/geneset/HALLMARK_MITOTIC_SPINDLE,MM,Mus musculus
HALLMARK_MITOTIC_SPINDLE,Cep250,https://www.gsea-msigdb.org/gsea/msigdb/mouse/geneset/HALLMARK_MITOTIC_SPINDLE,MM,Mus musculus
HALLMARK_MITOTIC_SPINDLE,Cep57,https://www.gsea-msigdb.org/gsea/msigdb/mouse/geneset/HALLMARK_MITOTIC_SPINDLE,MM,Mus musculus
HALLMARK_MITOTIC_SPINDLE,Cep72,https://www.gsea-msigdb.org/gsea/msigdb/mouse/geneset/HALLMARK_MITOTIC_SPINDLE,MM,Mus musculus
HALLMARK_MITOTIC_SPINDLE,Ckap5,https://www.gsea-msigdb.org/gsea/msigdb/mouse/geneset/HALLMARK_MITOTIC_SPINDLE,MM,Mus musculus
HALLMARK_MITOTIC_SPINDLE,Clasp1,https://www.gsea-msigdb.org/gsea/msigdb/mouse/geneset/HALLMARK_MITOTIC_SPINDLE,MM,Mus musculus
HALLMARK_MITOTIC_SPINDLE,Clip1,https://www.gsea-msigdb.org/gsea/msigdb/mouse/geneset/HALLMARK_MITOTIC_SPINDLE,MM,Mus musculus
HALLMARK_MITOTIC_SPINDLE,Clip2,https://www.gsea-msigdb.org/gsea/msigdb/mouse/geneset/HALLMARK_MITOTIC_SPINDLE,MM,Mus musculus
HALLMARK_MITOTIC_SPINDLE,Cntrl,https://www.gsea-msigdb.org/gsea/msigdb/mouse/geneset/HALLMARK_MITOTIC_SPINDLE,MM,Mus musculus
HALLMARK_MITOTIC_SPINDLE,Cntrob,https://www.gsea-msigdb.org/gsea/msigdb/mouse/geneset/HALLMARK_MITOTIC_SPINDLE,MM,Mus musculus
HALLMARK_MITOTIC_SPINDLE,Cpap,https://www.gsea-msigdb.org/gsea/msigdb/mouse/geneset/HALLMARK_MITOTIC_SPINDLE,MM,Mus musculus
HALLMARK_MITOTIC_SPINDLE,Csnk1d,https://www.gsea-msigdb.org/gsea/msigdb/mouse/geneset/HALLMARK_MITOTIC_SPINDLE,MM,Mus musculus
HALLMARK_MITOTIC_SPINDLE,Cttn,https://www.gsea-msigdb.org/gsea/msigdb/mouse/geneset/HALLMARK_MITOTIC_SPINDLE,MM,Mus musculus
HALLMARK_MITOTIC_SPINDLE,Cyth2,https://www.gsea-msigdb.org/gsea/msigdb/mouse/geneset/HALLMARK_MITOTIC_SPINDLE,MM,Mus musculus
HALLMARK_MITOTIC_SPINDLE,Dlg1,https://www.gsea-msigdb.org/gsea/msigdb/mouse/geneset/HALLMARK_MITOTIC_SPINDLE,MM,Mus musculus
HALLMARK_MITOTIC_SPINDLE,Dlgap5,https://www.gsea-msigdb.org/gsea/msigdb/mouse/geneset/HALLMARK_MITOTIC_SPINDLE,MM,Mus musculus
HALLMARK_MITOTIC_SPINDLE,Dock2,https://www.gsea-msigdb.org/gsea/msigdb/mouse/geneset/HALLMARK_MITOTIC_SPINDLE,MM,Mus musculus
HALLMARK_MITOTIC_SPINDLE,Dock4,https://www.gsea-msigdb.org/gsea/msigdb/mouse/geneset/HALLMARK_MITOTIC_SPINDLE,MM,Mus musculus
HALLMARK_MITOTIC_SPINDLE,Dst,https://www.gsea-msigdb.org/gsea/msigdb/mouse/geneset/HALLMARK_MITOTIC_SPINDLE,MM,Mus musculus
HALLMARK_MITOTIC_SPINDLE,Dync1h1,https://www.gsea-msigdb.org/gsea/msigdb/mouse/geneset/HALLMARK_MITOTIC_SPINDLE,MM,Mus musculus
HALLMARK_MITOTIC_SPINDLE,Dynll2,https://www.gsea-msigdb.org/gsea/msigdb/mouse/geneset/HALLMARK_MITOTIC_SPINDLE,MM,Mus musculus
HALLMARK_MITOTIC_SPINDLE,Ect2,https://www.gsea-msigdb.org/gsea/msigdb/mouse/geneset/HALLMARK_MITOTIC_SPINDLE,MM,Mus musculus
HALLMARK_MITOTIC_SPINDLE,Epb41,https://www.gsea-msigdb.org/gsea/msigdb/mouse/geneset/HALLMARK_MITOTIC_SPINDLE,MM,Mus musculus
HALLMARK_MITOTIC_SPINDLE,Epb41l2,https://www.gsea-msigdb.org/gsea/msigdb/mouse/geneset/HALLMARK_MITOTIC_SPINDLE,MM,Mus musculus
HALLMARK_MITOTIC_SPINDLE,Espl1,https://www.gsea-msigdb.org/gsea/msigdb/mouse/geneset/HALLMARK_MITOTIC_SPINDLE,MM,Mus musculus
HALLMARK_MITOTIC_SPINDLE,Ezr,https://www.gsea-msigdb.org/gsea/msigdb/mouse/geneset/HALLMARK_MITOTIC_SPINDLE,MM,Mus musculus
HALLMARK_MITOTIC_SPINDLE,Farp1,https://www.gsea-msigdb.org/gsea/msigdb/mouse/geneset/HALLMARK_MITOTIC_SPINDLE,MM,Mus musculus
HALLMARK_MITOTIC_SPINDLE,Fbxo5,https://www.gsea-msigdb.org/gsea/msigdb/mouse/geneset/HALLMARK_MITOTIC_SPINDLE,MM,Mus musculus
HALLMARK_MITOTIC_SPINDLE,Fgd4,https://www.gsea-msigdb.org/gsea/msigdb/mouse/geneset/HALLMARK_MITOTIC_SPINDLE,MM,Mus musculus
HALLMARK_MITOTIC_SPINDLE,Fgd6,https://www.gsea-msigdb.org/gsea/msigdb/mouse/geneset/HALLMARK_MITOTIC_SPINDLE,MM,Mus musculus
HALLMARK_MITOTIC_SPINDLE,Flna,https://www.gsea-msigdb.org/gsea/msigdb/mouse/geneset/HALLMARK_MITOTIC_SPINDLE,MM,Mus musculus
HALLMARK_MITOTIC_SPINDLE,Flnb,https://www.gsea-msigdb.org/gsea/msigdb/mouse/geneset/HALLMARK_MITOTIC_SPINDLE,MM,Mus musculus
HALLMARK_MITOTIC_SPINDLE,Fscn1,https://www.gsea-msigdb.org/gsea/msigdb/mouse/geneset/HALLMARK_MITOTIC_SPINDLE,MM,Mus musculus
HALLMARK_MITOTIC_SPINDLE,Gemin4,https://www.gsea-msigdb.org/gsea/msigdb/mouse/geneset/HALLMARK_MITOTIC_SPINDLE,MM,Mus musculus
HALLMARK_MITOTIC_SPINDLE,Gsn,https://www.gsea-msigdb.org/gsea/msigdb/mouse/geneset/HALLMARK_MITOTIC_SPINDLE,MM,Mus musculus
HALLMARK_MITOTIC_SPINDLE,Hdac6,https://www.gsea-msigdb.org/gsea/msigdb/mouse/geneset/HALLMARK_MITOTIC_SPINDLE,MM,Mus musculus
HALLMARK_MITOTIC_SPINDLE,Hook3,https://www.gsea-msigdb.org/gsea/msigdb/mouse/geneset/HALLMARK_MITOTIC_SPINDLE,MM,Mus musculus
HALLMARK_MITOTIC_SPINDLE,Incenp,https://www.gsea-msigdb.org/gsea/msigdb/mouse/geneset/HALLMARK_MITOTIC_SPINDLE,MM,Mus musculus
HALLMARK_MITOTIC_SPINDLE,Itsn1,https://www.gsea-msigdb.org/gsea/msigdb/mouse/geneset/HALLMARK_MITOTIC_SPINDLE,MM,Mus musculus
HALLMARK_MITOTIC_SPINDLE,Katna1,https://www.gsea-msigdb.org/gsea/msigdb/mouse/geneset/HALLMARK_MITOTIC_SPINDLE,MM,Mus musculus
HALLMARK_MITOTIC_SPINDLE,Katnb1,https://www.gsea-msigdb.org/gsea/msigdb/mouse/geneset/HALLMARK_MITOTIC_SPINDLE,MM,Mus musculus
HALLMARK_MITOTIC_SPINDLE,Kif11,https://www.gsea-msigdb.org/gsea/msigdb/mouse/geneset/HALLMARK_MITOTIC_SPINDLE,MM,Mus musculus
HALLMARK_MITOTIC_SPINDLE,Kif15,https://www.gsea-msigdb.org/gsea/msigdb/mouse/geneset/HALLMARK_MITOTIC_SPINDLE,MM,Mus musculus
HALLMARK_MITOTIC_SPINDLE,Kif1b,https://www.gsea-msigdb.org/gsea/msigdb/mouse/geneset/HALLMARK_MITOTIC_SPINDLE,MM,Mus musculus
HALLMARK_MITOTIC_SPINDLE,Kif20b,https://www.gsea-msigdb.org/gsea/msigdb/mouse/geneset/HALLMARK_MITOTIC_SPINDLE,MM,Mus musculus
HALLMARK_MITOTIC_SPINDLE,Kif22,https://www.gsea-msigdb.org/gsea/msigdb/mouse/geneset/HALLMARK_MITOTIC_SPINDLE,MM,Mus musculus
HALLMARK_MITOTIC_SPINDLE,Kif23,https://www.gsea-msigdb.org/gsea/msigdb/mouse/geneset/HALLMARK_MITOTIC_SPINDLE,MM,Mus musculus
HALLMARK_MITOTIC_SPINDLE,Kif2c,https://www.gsea-msigdb.org/gsea/msigdb/mouse/geneset/HALLMARK_MITOTIC_SPINDLE,MM,Mus musculus
HALLMARK_MITOTIC_SPINDLE,Kif3b,https://www.gsea-msigdb.org/gsea/msigdb/mouse/geneset/HALLMARK_MITOTIC_SPINDLE,MM,Mus musculus
HALLMARK_MITOTIC_SPINDLE,Kif3c,https://www.gsea-msigdb.org/gsea/msigdb/mouse/geneset/HALLMARK_MITOTIC_SPINDLE,MM,Mus musculus
HALLMARK_MITOTIC_SPINDLE,Kif4,https://www.gsea-msigdb.org/gsea/msigdb/mouse/geneset/HALLMARK_MITOTIC_SPINDLE,MM,Mus musculus
HALLMARK_MITOTIC_SPINDLE,Kif5b,https://www.gsea-msigdb.org/gsea/msigdb/mouse/geneset/HALLMARK_MITOTIC_SPINDLE,MM,Mus musculus
HALLMARK_MITOTIC_SPINDLE,Kifap3,https://www.gsea-msigdb.org/gsea/msigdb/mouse/geneset/HALLMARK_MITOTIC_SPINDLE,MM,Mus musculus
HALLMARK_MITOTIC_SPINDLE,Klc1,https://www.gsea-msigdb.org/gsea/msigdb/mouse/geneset/HALLMARK_MITOTIC_SPINDLE,MM,Mus musculus
HALLMARK_MITOTIC_SPINDLE,Kntc1,https://www.gsea-msigdb.org/gsea/msigdb/mouse/geneset/HALLMARK_MITOTIC_SPINDLE,MM,Mus musculus
HALLMARK_MITOTIC_SPINDLE,Kptn,https://www.gsea-msigdb.org/gsea/msigdb/mouse/geneset/HALLMARK_MITOTIC_SPINDLE,MM,Mus musculus
HALLMARK_MITOTIC_SPINDLE,Lats1,https://www.gsea-msigdb.org/gsea/msigdb/mouse/geneset/HALLMARK_MITOTIC_SPINDLE,MM,Mus musculus
HALLMARK_MITOTIC_SPINDLE,Llgl1,https://www.gsea-msigdb.org/gsea/msigdb/mouse/geneset/HALLMARK_MITOTIC_SPINDLE,MM,Mus musculus
HALLMARK_MITOTIC_SPINDLE,Lmnb1,https://www.gsea-msigdb.org/gsea/msigdb/mouse/geneset/HALLMARK_MITOTIC_SPINDLE,MM,Mus musculus
HALLMARK_MITOTIC_SPINDLE,Lrpprc,https://www.gsea-msigdb.org/gsea/msigdb/mouse/geneset/HALLMARK_MITOTIC_SPINDLE,MM,Mus musculus
HALLMARK_MITOTIC_SPINDLE,Map1s,https://www.gsea-msigdb.org/gsea/msigdb/mouse/geneset/HALLMARK_MITOTIC_SPINDLE,MM,Mus musculus
HALLMARK_MITOTIC_SPINDLE,Map3k11,https://www.gsea-msigdb.org/gsea/msigdb/mouse/geneset/HALLMARK_MITOTIC_SPINDLE,MM,Mus musculus
HALLMARK_MITOTIC_SPINDLE,Mapre1,https://www.gsea-msigdb.org/gsea/msigdb/mouse/geneset/HALLMARK_MITOTIC_SPINDLE,MM,Mus musculus
HALLMARK_MITOTIC_SPINDLE,Marcks,https://www.gsea-msigdb.org/gsea/msigdb/mouse/geneset/HALLMARK_MITOTIC_SPINDLE,MM,Mus musculus
HALLMARK_MITOTIC_SPINDLE,Mark4,https://www.gsea-msigdb.org/gsea/msigdb/mouse/geneset/HALLMARK_MITOTIC_SPINDLE,MM,Mus musculus
HALLMARK_MITOTIC_SPINDLE,Mid1,https://www.gsea-msigdb.org/gsea/msigdb/mouse/geneset/HALLMARK_MITOTIC_SPINDLE,MM,Mus musculus
HALLMARK_MITOTIC_SPINDLE,Mid1ip1,https://www.gsea-msigdb.org/gsea/msigdb/mouse/geneset/HALLMARK_MITOTIC_SPINDLE,MM,Mus musculus
HALLMARK_MITOTIC_SPINDLE,Myh10,https://www.gsea-msigdb.org/gsea/msigdb/mouse/geneset/HALLMARK_MITOTIC_SPINDLE,MM,Mus musculus
HALLMARK_MITOTIC_SPINDLE,Myh9,https://www.gsea-msigdb.org/gsea/msigdb/mouse/geneset/HALLMARK_MITOTIC_SPINDLE,MM,Mus musculus
HALLMARK_MITOTIC_SPINDLE,Myo1e,https://www.gsea-msigdb.org/gsea/msigdb/mouse/geneset/HALLMARK_MITOTIC_SPINDLE,MM,Mus musculus
HALLMARK_MITOTIC_SPINDLE,Myo9b,https://www.gsea-msigdb.org/gsea/msigdb/mouse/geneset/HALLMARK_MITOTIC_SPINDLE,MM,Mus musculus
HALLMARK_MITOTIC_SPINDLE,Nck1,https://www.gsea-msigdb.org/gsea/msigdb/mouse/geneset/HALLMARK_MITOTIC_SPINDLE,MM,Mus musculus
HALLMARK_MITOTIC_SPINDLE,Nck2,https://www.gsea-msigdb.org/gsea/msigdb/mouse/geneset/HALLMARK_MITOTIC_SPINDLE,MM,Mus musculus
HALLMARK_MITOTIC_SPINDLE,Ndc80,https://www.gsea-msigdb.org/gsea/msigdb/mouse/geneset/HALLMARK_MITOTIC_SPINDLE,MM,Mus musculus
HALLMARK_MITOTIC_SPINDLE,Nedd9,https://www.gsea-msigdb.org/gsea/msigdb/mouse/geneset/HALLMARK_MITOTIC_SPINDLE,MM,Mus musculus
HALLMARK_MITOTIC_SPINDLE,Nek2,https://www.gsea-msigdb.org/gsea/msigdb/mouse/geneset/HALLMARK_MITOTIC_SPINDLE,MM,Mus musculus
HALLMARK_MITOTIC_SPINDLE,Net1,https://www.gsea-msigdb.org/gsea/msigdb/mouse/geneset/HALLMARK_MITOTIC_SPINDLE,MM,Mus musculus
HALLMARK_MITOTIC_SPINDLE,Nf1,https://www.gsea-msigdb.org/gsea/msigdb/mouse/geneset/HALLMARK_MITOTIC_SPINDLE,MM,Mus musculus
HALLMARK_MITOTIC_SPINDLE,Nin,https://www.gsea-msigdb.org/gsea/msigdb/mouse/geneset/HALLMARK_MITOTIC_SPINDLE,MM,Mus musculus
HALLMARK_MITOTIC_SPINDLE,Notch2,https://www.gsea-msigdb.org/gsea/msigdb/mouse/geneset/HALLMARK_MITOTIC_SPINDLE,MM,Mus musculus
HALLMARK_MITOTIC_SPINDLE,Numa1,https://www.gsea-msigdb.org/gsea/msigdb/mouse/geneset/HALLMARK_MITOTIC_SPINDLE,MM,Mus musculus
HALLMARK_MITOTIC_SPINDLE,Nusap1,https://www.gsea-msigdb.org/gsea/msigdb/mouse/geneset/HALLMARK_MITOTIC_SPINDLE,MM,Mus musculus
HALLMARK_MITOTIC_SPINDLE,Ophn1,https://www.gsea-msigdb.org/gsea/msigdb/mouse/geneset/HALLMARK_MITOTIC_SPINDLE,MM,Mus musculus
HALLMARK_MITOTIC_SPINDLE,Pafah1b1,https://www.gsea-msigdb.org/gsea/msigdb/mouse/geneset/HALLMARK_MITOTIC_SPINDLE,MM,Mus musculus
HALLMARK_MITOTIC_SPINDLE,Palld,https://www.gsea-msigdb.org/gsea/msigdb/mouse/geneset/HALLMARK_MITOTIC_SPINDLE,MM,Mus musculus
HALLMARK_MITOTIC_SPINDLE,Pcgf5,https://www.gsea-msigdb.org/gsea/msigdb/mouse/geneset/HALLMARK_MITOTIC_SPINDLE,MM,Mus musculus
HALLMARK_MITOTIC_SPINDLE,Pcm1,https://www.gsea-msigdb.org/gsea/msigdb/mouse/geneset/HALLMARK_MITOTIC_SPINDLE,MM,Mus musculus
HALLMARK_MITOTIC_SPINDLE,Pcnt,https://www.gsea-msigdb.org/gsea/msigdb/mouse/geneset/HALLMARK_MITOTIC_SPINDLE,MM,Mus musculus
HALLMARK_MITOTIC_SPINDLE,Pdlim5,https://www.gsea-msigdb.org/gsea/msigdb/mouse/geneset/HALLMARK_MITOTIC_SPINDLE,MM,Mus musculus
HALLMARK_MITOTIC_SPINDLE,Pif1,https://www.gsea-msigdb.org/gsea/msigdb/mouse/geneset/HALLMARK_MITOTIC_SPINDLE,MM,Mus musculus
HALLMARK_MITOTIC_SPINDLE,Pkd2,https://www.gsea-msigdb.org/gsea/msigdb/mouse/geneset/HALLMARK_MITOTIC_SPINDLE,MM,Mus musculus
HALLMARK_MITOTIC_SPINDLE,Plekhg2,https://www.gsea-msigdb.org/gsea/msigdb/mouse/geneset/HALLMARK_MITOTIC_SPINDLE,MM,Mus musculus
HALLMARK_MITOTIC_SPINDLE,Plk1,https://www.gsea-msigdb.org/gsea/msigdb/mouse/geneset/HALLMARK_MITOTIC_SPINDLE,MM,Mus musculus
HALLMARK_MITOTIC_SPINDLE,Ppp4r2,https://www.gsea-msigdb.org/gsea/msigdb/mouse/geneset/HALLMARK_MITOTIC_SPINDLE,MM,Mus musculus
HALLMARK_MITOTIC_SPINDLE,Prc1,https://www.gsea-msigdb.org/gsea/msigdb/mouse/geneset/HALLMARK_MITOTIC_SPINDLE,MM,Mus musculus
HALLMARK_MITOTIC_SPINDLE,Prex1,https://www.gsea-msigdb.org/gsea/msigdb/mouse/geneset/HALLMARK_MITOTIC_SPINDLE,MM,Mus musculus
HALLMARK_MITOTIC_SPINDLE,Pxn,https://www.gsea-msigdb.org/gsea/msigdb/mouse/geneset/HALLMARK_MITOTIC_SPINDLE,MM,Mus musculus
HALLMARK_MITOTIC_SPINDLE,Rab3gap1,https://www.gsea-msigdb.org/gsea/msigdb/mouse/geneset/HALLMARK_MITOTIC_SPINDLE,MM,Mus musculus
HALLMARK_MITOTIC_SPINDLE,Rabgap1,https://www.gsea-msigdb.org/gsea/msigdb/mouse/geneset/HALLMARK_MITOTIC_SPINDLE,MM,Mus musculus
HALLMARK_MITOTIC_SPINDLE,Racgap1,https://www.gsea-msigdb.org/gsea/msigdb/mouse/geneset/HALLMARK_MITOTIC_SPINDLE,MM,Mus musculus
HALLMARK_MITOTIC_SPINDLE,Ralbp1,https://www.gsea-msigdb.org/gsea/msigdb/mouse/geneset/HALLMARK_MITOTIC_SPINDLE,MM,Mus musculus
HALLMARK_MITOTIC_SPINDLE,Ranbp9,https://www.gsea-msigdb.org/gsea/msigdb/mouse/geneset/HALLMARK_MITOTIC_SPINDLE,MM,Mus musculus
HALLMARK_MITOTIC_SPINDLE,Rapgef5,https://www.gsea-msigdb.org/gsea/msigdb/mouse/geneset/HALLMARK_MITOTIC_SPINDLE,MM,Mus musculus
HALLMARK_MITOTIC_SPINDLE,Rapgef6,https://www.gsea-msigdb.org/gsea/msigdb/mouse/geneset/HALLMARK_MITOTIC_SPINDLE,MM,Mus musculus
HALLMARK_MITOTIC_SPINDLE,Rasa1,https://www.gsea-msigdb.org/gsea/msigdb/mouse/geneset/HALLMARK_MITOTIC_SPINDLE,MM,Mus musculus
HALLMARK_MITOTIC_SPINDLE,Rasa2,https://www.gsea-msigdb.org/gsea/msigdb/mouse/geneset/HALLMARK_MITOTIC_SPINDLE,MM,Mus musculus
HALLMARK_MITOTIC_SPINDLE,Rasal2,https://www.gsea-msigdb.org/gsea/msigdb/mouse/geneset/HALLMARK_MITOTIC_SPINDLE,MM,Mus musculus
HALLMARK_MITOTIC_SPINDLE,Rfc1,https://www.gsea-msigdb.org/gsea/msigdb/mouse/geneset/HALLMARK_MITOTIC_SPINDLE,MM,Mus musculus
HALLMARK_MITOTIC_SPINDLE,Rhof,https://www.gsea-msigdb.org/gsea/msigdb/mouse/geneset/HALLMARK_MITOTIC_SPINDLE,MM,Mus musculus
HALLMARK_MITOTIC_SPINDLE,Rhot2,https://www.gsea-msigdb.org/gsea/msigdb/mouse/geneset/HALLMARK_MITOTIC_SPINDLE,MM,Mus musculus
HALLMARK_MITOTIC_SPINDLE,Rictor,https://www.gsea-msigdb.org/gsea/msigdb/mouse/geneset/HALLMARK_MITOTIC_SPINDLE,MM,Mus musculus
HALLMARK_MITOTIC_SPINDLE,Rock1,https://www.gsea-msigdb.org/gsea/msigdb/mouse/geneset/HALLMARK_MITOTIC_SPINDLE,MM,Mus musculus
HALLMARK_MITOTIC_SPINDLE,Sac3d1,https://www.gsea-msigdb.org/gsea/msigdb/mouse/geneset/HALLMARK_MITOTIC_SPINDLE,MM,Mus musculus
HALLMARK_MITOTIC_SPINDLE,Sass6,https://www.gsea-msigdb.org/gsea/msigdb/mouse/geneset/HALLMARK_MITOTIC_SPINDLE,MM,Mus musculus
HALLMARK_MITOTIC_SPINDLE,Septin9,https://www.gsea-msigdb.org/gsea/msigdb/mouse/geneset/HALLMARK_MITOTIC_SPINDLE,MM,Mus musculus
HALLMARK_MITOTIC_SPINDLE,Shroom1,https://www.gsea-msigdb.org/gsea/msigdb/mouse/geneset/HALLMARK_MITOTIC_SPINDLE,MM,Mus musculus
HALLMARK_MITOTIC_SPINDLE,Shroom2,https://www.gsea-msigdb.org/gsea/msigdb/mouse/geneset/HALLMARK_MITOTIC_SPINDLE,MM,Mus musculus
HALLMARK_MITOTIC_SPINDLE,Smc1a,https://www.gsea-msigdb.org/gsea/msigdb/mouse/geneset/HALLMARK_MITOTIC_SPINDLE,MM,Mus musculus
HALLMARK_MITOTIC_SPINDLE,Smc3,https://www.gsea-msigdb.org/gsea/msigdb/mouse/geneset/HALLMARK_MITOTIC_SPINDLE,MM,Mus musculus
HALLMARK_MITOTIC_SPINDLE,Smc4,https://www.gsea-msigdb.org/gsea/msigdb/mouse/geneset/HALLMARK_MITOTIC_SPINDLE,MM,Mus musculus
HALLMARK_MITOTIC_SPINDLE,Sorbs2,https://www.gsea-msigdb.org/gsea/msigdb/mouse/geneset/HALLMARK_MITOTIC_SPINDLE,MM,Mus musculus
HALLMARK_MITOTIC_SPINDLE,Sos1,https://www.gsea-msigdb.org/gsea/msigdb/mouse/geneset/HALLMARK_MITOTIC_SPINDLE,MM,Mus musculus
HALLMARK_MITOTIC_SPINDLE,Sptan1,https://www.gsea-msigdb.org/gsea/msigdb/mouse/geneset/HALLMARK_MITOTIC_SPINDLE,MM,Mus musculus
HALLMARK_MITOTIC_SPINDLE,Sptbn1,https://www.gsea-msigdb.org/gsea/msigdb/mouse/geneset/HALLMARK_MITOTIC_SPINDLE,MM,Mus musculus
HALLMARK_MITOTIC_SPINDLE,Ssh2,https://www.gsea-msigdb.org/gsea/msigdb/mouse/geneset/HALLMARK_MITOTIC_SPINDLE,MM,Mus musculus
HALLMARK_MITOTIC_SPINDLE,Stau1,https://www.gsea-msigdb.org/gsea/msigdb/mouse/geneset/HALLMARK_MITOTIC_SPINDLE,MM,Mus musculus
HALLMARK_MITOTIC_SPINDLE,Stk38l,https://www.gsea-msigdb.org/gsea/msigdb/mouse/geneset/HALLMARK_MITOTIC_SPINDLE,MM,Mus musculus
HALLMARK_MITOTIC_SPINDLE,Sun2,https://www.gsea-msigdb.org/gsea/msigdb/mouse/geneset/HALLMARK_MITOTIC_SPINDLE,MM,Mus musculus
HALLMARK_MITOTIC_SPINDLE,Synpo,https://www.gsea-msigdb.org/gsea/msigdb/mouse/geneset/HALLMARK_MITOTIC_SPINDLE,MM,Mus musculus
HALLMARK_MITOTIC_SPINDLE,Taok2,https://www.gsea-msigdb.org/gsea/msigdb/mouse/geneset/HALLMARK_MITOTIC_SPINDLE,MM,Mus musculus
HALLMARK_MITOTIC_SPINDLE,Tbcd,https://www.gsea-msigdb.org/gsea/msigdb/mouse/geneset/HALLMARK_MITOTIC_SPINDLE,MM,Mus musculus
HALLMARK_MITOTIC_SPINDLE,Tiam1,https://www.gsea-msigdb.org/gsea/msigdb/mouse/geneset/HALLMARK_MITOTIC_SPINDLE,MM,Mus musculus
HALLMARK_MITOTIC_SPINDLE,Tlk1,https://www.gsea-msigdb.org/gsea/msigdb/mouse/geneset/HALLMARK_MITOTIC_SPINDLE,MM,Mus musculus
HALLMARK_MITOTIC_SPINDLE,Top2a,https://www.gsea-msigdb.org/gsea/msigdb/mouse/geneset/HALLMARK_MITOTIC_SPINDLE,MM,Mus musculus
HALLMARK_MITOTIC_SPINDLE,Tpx2,https://www.gsea-msigdb.org/gsea/msigdb/mouse/geneset/HALLMARK_MITOTIC_SPINDLE,MM,Mus musculus
HALLMARK_MITOTIC_SPINDLE,Trio,https://www.gsea-msigdb.org/gsea/msigdb/mouse/geneset/HALLMARK_MITOTIC_SPINDLE,MM,Mus musculus
HALLMARK_MITOTIC_SPINDLE,Tsc1,https://www.gsea-msigdb.org/gsea/msigdb/mouse/geneset/HALLMARK_MITOTIC_SPINDLE,MM,Mus musculus
HALLMARK_MITOTIC_SPINDLE,Ttk,https://www.gsea-msigdb.org/gsea/msigdb/mouse/geneset/HALLMARK_MITOTIC_SPINDLE,MM,Mus musculus
HALLMARK_MITOTIC_SPINDLE,Tuba4a,https://www.gsea-msigdb.org/gsea/msigdb/mouse/geneset/HALLMARK_MITOTIC_SPINDLE,MM,Mus musculus
HALLMARK_MITOTIC_SPINDLE,Tubd1,https://www.gsea-msigdb.org/gsea/msigdb/mouse/geneset/HALLMARK_MITOTIC_SPINDLE,MM,Mus musculus
HALLMARK_MITOTIC_SPINDLE,Tubgcp2,https://www.gsea-msigdb.org/gsea/msigdb/mouse/geneset/HALLMARK_MITOTIC_SPINDLE,MM,Mus musculus
HALLMARK_MITOTIC_SPINDLE,Tubgcp3,https://www.gsea-msigdb.org/gsea/msigdb/mouse/geneset/HALLMARK_MITOTIC_SPINDLE,MM,Mus musculus
HALLMARK_MITOTIC_SPINDLE,Tubgcp5,https://www.gsea-msigdb.org/gsea/msigdb/mouse/geneset/HALLMARK_MITOTIC_SPINDLE,MM,Mus musculus
HALLMARK_MITOTIC_SPINDLE,Tubgcp6,https://www.gsea-msigdb.org/gsea/msigdb/mouse/geneset/HALLMARK_MITOTIC_SPINDLE,MM,Mus musculus
HALLMARK_MITOTIC_SPINDLE,Uxt,https://www.gsea-msigdb.org/gsea/msigdb/mouse/geneset/HALLMARK_MITOTIC_SPINDLE,MM,Mus musculus
HALLMARK_MITOTIC_SPINDLE,Vcl,https://www.gsea-msigdb.org/gsea/msigdb/mouse/geneset/HALLMARK_MITOTIC_SPINDLE,MM,Mus musculus
HALLMARK_MITOTIC_SPINDLE,Wasf1,https://www.gsea-msigdb.org/gsea/msigdb/mouse/geneset/HALLMARK_MITOTIC_SPINDLE,MM,Mus musculus
HALLMARK_MITOTIC_SPINDLE,Wasf2,https://www.gsea-msigdb.org/gsea/msigdb/mouse/geneset/HALLMARK_MITOTIC_SPINDLE,MM,Mus musculus
HALLMARK_MITOTIC_SPINDLE,Wasl,https://www.gsea-msigdb.org/gsea/msigdb/mouse/geneset/HALLMARK_MITOTIC_SPINDLE,MM,Mus musculus
HALLMARK_MITOTIC_SPINDLE,Ywhae,https://www.gsea-msigdb.org/gsea/msigdb/mouse/geneset/HALLMARK_MITOTIC_SPINDLE,MM,Mus musculus
HALLMARK_MTORC1_SIGNALING,Abcf2,https://www.gsea-msigdb.org/gsea/msigdb/mouse/geneset/HALLMARK_MTORC1_SIGNALING,MM,Mus musculus
HALLMARK_MTORC1_SIGNALING,Acaca,https://www.gsea-msigdb.org/gsea/msigdb/mouse/geneset/HALLMARK_MTORC1_SIGNALING,MM,Mus musculus
HALLMARK_MTORC1_SIGNALING,Acly,https://www.gsea-msigdb.org/gsea/msigdb/mouse/geneset/HALLMARK_MTORC1_SIGNALING,MM,Mus musculus
HALLMARK_MTORC1_SIGNALING,Acsl3,https://www.gsea-msigdb.org/gsea/msigdb/mouse/geneset/HALLMARK_MTORC1_SIGNALING,MM,Mus musculus
HALLMARK_MTORC1_SIGNALING,Actr2,https://www.gsea-msigdb.org/gsea/msigdb/mouse/geneset/HALLMARK_MTORC1_SIGNALING,MM,Mus musculus
HALLMARK_MTORC1_SIGNALING,Actr3,https://www.gsea-msigdb.org/gsea/msigdb/mouse/geneset/HALLMARK_MTORC1_SIGNALING,MM,Mus musculus
HALLMARK_MTORC1_SIGNALING,Add3,https://www.gsea-msigdb.org/gsea/msigdb/mouse/geneset/HALLMARK_MTORC1_SIGNALING,MM,Mus musculus
HALLMARK_MTORC1_SIGNALING,Adipor2,https://www.gsea-msigdb.org/gsea/msigdb/mouse/geneset/HALLMARK_MTORC1_SIGNALING,MM,Mus musculus
HALLMARK_MTORC1_SIGNALING,Ak4,https://www.gsea-msigdb.org/gsea/msigdb/mouse/geneset/HALLMARK_MTORC1_SIGNALING,MM,Mus musculus
HALLMARK_MTORC1_SIGNALING,Aldoa,https://www.gsea-msigdb.org/gsea/msigdb/mouse/geneset/HALLMARK_MTORC1_SIGNALING,MM,Mus musculus
HALLMARK_MTORC1_SIGNALING,Arpc5l,https://www.gsea-msigdb.org/gsea/msigdb/mouse/geneset/HALLMARK_MTORC1_SIGNALING,MM,Mus musculus
HALLMARK_MTORC1_SIGNALING,Asns,https://www.gsea-msigdb.org/gsea/msigdb/mouse/geneset/HALLMARK_MTORC1_SIGNALING,MM,Mus musculus
HALLMARK_MTORC1_SIGNALING,Atp2a2,https://www.gsea-msigdb.org/gsea/msigdb/mouse/geneset/HALLMARK_MTORC1_SIGNALING,MM,Mus musculus
HALLMARK_MTORC1_SIGNALING,Atp5mc1,https://www.gsea-msigdb.org/gsea/msigdb/mouse/geneset/HALLMARK_MTORC1_SIGNALING,MM,Mus musculus
HALLMARK_MTORC1_SIGNALING,Atp6v1d,https://www.gsea-msigdb.org/gsea/msigdb/mouse/geneset/HALLMARK_MTORC1_SIGNALING,MM,Mus musculus
HALLMARK_MTORC1_SIGNALING,Aurka,https://www.gsea-msigdb.org/gsea/msigdb/mouse/geneset/HALLMARK_MTORC1_SIGNALING,MM,Mus musculus
HALLMARK_MTORC1_SIGNALING,Bcat1,https://www.gsea-msigdb.org/gsea/msigdb/mouse/geneset/HALLMARK_MTORC1_SIGNALING,MM,Mus musculus
HALLMARK_MTORC1_SIGNALING,Bhlhe40,https://www.gsea-msigdb.org/gsea/msigdb/mouse/geneset/HALLMARK_MTORC1_SIGNALING,MM,Mus musculus
HALLMARK_MTORC1_SIGNALING,Btg2,https://www.gsea-msigdb.org/gsea/msigdb/mouse/geneset/HALLMARK_MTORC1_SIGNALING,MM,Mus musculus
HALLMARK_MTORC1_SIGNALING,Bub1,https://www.gsea-msigdb.org/gsea/msigdb/mouse/geneset/HALLMARK_MTORC1_SIGNALING,MM,Mus musculus
HALLMARK_MTORC1_SIGNALING,Cacybp,https://www.gsea-msigdb.org/gsea/msigdb/mouse/geneset/HALLMARK_MTORC1_SIGNALING,MM,Mus musculus
HALLMARK_MTORC1_SIGNALING,Calr,https://www.gsea-msigdb.org/gsea/msigdb/mouse/geneset/HALLMARK_MTORC1_SIGNALING,MM,Mus musculus
HALLMARK_MTORC1_SIGNALING,Canx,https://www.gsea-msigdb.org/gsea/msigdb/mouse/geneset/HALLMARK_MTORC1_SIGNALING,MM,Mus musculus
HALLMARK_MTORC1_SIGNALING,Ccnf,https://www.gsea-msigdb.org/gsea/msigdb/mouse/geneset/HALLMARK_MTORC1_SIGNALING,MM,Mus musculus
HALLMARK_MTORC1_SIGNALING,Ccng1,https://www.gsea-msigdb.org/gsea/msigdb/mouse/geneset/HALLMARK_MTORC1_SIGNALING,MM,Mus musculus
HALLMARK_MTORC1_SIGNALING,Cct6a,https://www.gsea-msigdb.org/gsea/msigdb/mouse/geneset/HALLMARK_MTORC1_SIGNALING,MM,Mus musculus
HALLMARK_MTORC1_SIGNALING,Cd9,https://www.gsea-msigdb.org/gsea/msigdb/mouse/geneset/HALLMARK_MTORC1_SIGNALING,MM,Mus musculus
HALLMARK_MTORC1_SIGNALING,Cdc25a,https://www.gsea-msigdb.org/gsea/msigdb/mouse/geneset/HALLMARK_MTORC1_SIGNALING,MM,Mus musculus
HALLMARK_MTORC1_SIGNALING,Cdkn1a,https://www.gsea-msigdb.org/gsea/msigdb/mouse/geneset/HALLMARK_MTORC1_SIGNALING,MM,Mus musculus
HALLMARK_MTORC1_SIGNALING,Cfp,https://www.gsea-msigdb.org/gsea/msigdb/mouse/geneset/HALLMARK_MTORC1_SIGNALING,MM,Mus musculus
HALLMARK_MTORC1_SIGNALING,Cops5,https://www.gsea-msigdb.org/gsea/msigdb/mouse/geneset/HALLMARK_MTORC1_SIGNALING,MM,Mus musculus
HALLMARK_MTORC1_SIGNALING,Coro1a,https://www.gsea-msigdb.org/gsea/msigdb/mouse/geneset/HALLMARK_MTORC1_SIGNALING,MM,Mus musculus
HALLMARK_MTORC1_SIGNALING,Cth,https://www.gsea-msigdb.org/gsea/msigdb/mouse/geneset/HALLMARK_MTORC1_SIGNALING,MM,Mus musculus
HALLMARK_MTORC1_SIGNALING,Ctsc,https://www.gsea-msigdb.org/gsea/msigdb/mouse/geneset/HALLMARK_MTORC1_SIGNALING,MM,Mus musculus
HALLMARK_MTORC1_SIGNALING,Cxcr4,https://www.gsea-msigdb.org/gsea/msigdb/mouse/geneset/HALLMARK_MTORC1_SIGNALING,MM,Mus musculus
HALLMARK_MTORC1_SIGNALING,Cyb5b,https://www.gsea-msigdb.org/gsea/msigdb/mouse/geneset/HALLMARK_MTORC1_SIGNALING,MM,Mus musculus
HALLMARK_MTORC1_SIGNALING,Cyp51,https://www.gsea-msigdb.org/gsea/msigdb/mouse/geneset/HALLMARK_MTORC1_SIGNALING,MM,Mus musculus
HALLMARK_MTORC1_SIGNALING,Dapp1,https://www.gsea-msigdb.org/gsea/msigdb/mouse/geneset/HALLMARK_MTORC1_SIGNALING,MM,Mus musculus
HALLMARK_MTORC1_SIGNALING,Ddit3,https://www.gsea-msigdb.org/gsea/msigdb/mouse/geneset/HALLMARK_MTORC1_SIGNALING,MM,Mus musculus
HALLMARK_MTORC1_SIGNALING,Ddit4,https://www.gsea-msigdb.org/gsea/msigdb/mouse/geneset/HALLMARK_MTORC1_SIGNALING,MM,Mus musculus
HALLMARK_MTORC1_SIGNALING,Ddx39a,https://www.gsea-msigdb.org/gsea/msigdb/mouse/geneset/HALLMARK_MTORC1_SIGNALING,MM,Mus musculus
HALLMARK_MTORC1_SIGNALING,Dhcr24,https://www.gsea-msigdb.org/gsea/msigdb/mouse/geneset/HALLMARK_MTORC1_SIGNALING,MM,Mus musculus
HALLMARK_MTORC1_SIGNALING,Dhcr7,https://www.gsea-msigdb.org/gsea/msigdb/mouse/geneset/HALLMARK_MTORC1_SIGNALING,MM,Mus musculus
HALLMARK_MTORC1_SIGNALING,Dhfr,https://www.gsea-msigdb.org/gsea/msigdb/mouse/geneset/HALLMARK_MTORC1_SIGNALING,MM,Mus musculus
HALLMARK_MTORC1_SIGNALING,Ebp,https://www.gsea-msigdb.org/gsea/msigdb/mouse/geneset/HALLMARK_MTORC1_SIGNALING,MM,Mus musculus
HALLMARK_MTORC1_SIGNALING,Edem1,https://www.gsea-msigdb.org/gsea/msigdb/mouse/geneset/HALLMARK_MTORC1_SIGNALING,MM,Mus musculus
HALLMARK_MTORC1_SIGNALING,Eef1e1,https://www.gsea-msigdb.org/gsea/msigdb/mouse/geneset/HALLMARK_MTORC1_SIGNALING,MM,Mus musculus
HALLMARK_MTORC1_SIGNALING,Egln3,https://www.gsea-msigdb.org/gsea/msigdb/mouse/geneset/HALLMARK_MTORC1_SIGNALING,MM,Mus musculus
HALLMARK_MTORC1_SIGNALING,Eif2s2,https://www.gsea-msigdb.org/gsea/msigdb/mouse/geneset/HALLMARK_MTORC1_SIGNALING,MM,Mus musculus
HALLMARK_MTORC1_SIGNALING,Elovl5,https://www.gsea-msigdb.org/gsea/msigdb/mouse/geneset/HALLMARK_MTORC1_SIGNALING,MM,Mus musculus
HALLMARK_MTORC1_SIGNALING,Elovl6,https://www.gsea-msigdb.org/gsea/msigdb/mouse/geneset/HALLMARK_MTORC1_SIGNALING,MM,Mus musculus
HALLMARK_MTORC1_SIGNALING,Eno1b,https://www.gsea-msigdb.org/gsea/msigdb/mouse/geneset/HALLMARK_MTORC1_SIGNALING,MM,Mus musculus
HALLMARK_MTORC1_SIGNALING,Eprs1,https://www.gsea-msigdb.org/gsea/msigdb/mouse/geneset/HALLMARK_MTORC1_SIGNALING,MM,Mus musculus
HALLMARK_MTORC1_SIGNALING,Ero1a,https://www.gsea-msigdb.org/gsea/msigdb/mouse/geneset/HALLMARK_MTORC1_SIGNALING,MM,Mus musculus
HALLMARK_MTORC1_SIGNALING,Etf1,https://www.gsea-msigdb.org/gsea/msigdb/mouse/geneset/HALLMARK_MTORC1_SIGNALING,MM,Mus musculus
HALLMARK_MTORC1_SIGNALING,Fads1,https://www.gsea-msigdb.org/gsea/msigdb/mouse/geneset/HALLMARK_MTORC1_SIGNALING,MM,Mus musculus
HALLMARK_MTORC1_SIGNALING,Fads2,https://www.gsea-msigdb.org/gsea/msigdb/mouse/geneset/HALLMARK_MTORC1_SIGNALING,MM,Mus musculus
HALLMARK_MTORC1_SIGNALING,Fdxr,https://www.gsea-msigdb.org/gsea/msigdb/mouse/geneset/HALLMARK_MTORC1_SIGNALING,MM,Mus musculus
HALLMARK_MTORC1_SIGNALING,Fgl2,https://www.gsea-msigdb.org/gsea/msigdb/mouse/geneset/HALLMARK_MTORC1_SIGNALING,MM,Mus musculus
HALLMARK_MTORC1_SIGNALING,Fkbp2,https://www.gsea-msigdb.org/gsea/msigdb/mouse/geneset/HALLMARK_MTORC1_SIGNALING,MM,Mus musculus
HALLMARK_MTORC1_SIGNALING,G6pdx,https://www.gsea-msigdb.org/gsea/msigdb/mouse/geneset/HALLMARK_MTORC1_SIGNALING,MM,Mus musculus
HALLMARK_MTORC1_SIGNALING,Gapdh-ps15,https://www.gsea-msigdb.org/gsea/msigdb/mouse/geneset/HALLMARK_MTORC1_SIGNALING,MM,Mus musculus
HALLMARK_MTORC1_SIGNALING,Gbe1,https://www.gsea-msigdb.org/gsea/msigdb/mouse/geneset/HALLMARK_MTORC1_SIGNALING,MM,Mus musculus
HALLMARK_MTORC1_SIGNALING,Gclc,https://www.gsea-msigdb.org/gsea/msigdb/mouse/geneset/HALLMARK_MTORC1_SIGNALING,MM,Mus musculus
HALLMARK_MTORC1_SIGNALING,Gga2,https://www.gsea-msigdb.org/gsea/msigdb/mouse/geneset/HALLMARK_MTORC1_SIGNALING,MM,Mus musculus
HALLMARK_MTORC1_SIGNALING,Gla,https://www.gsea-msigdb.org/gsea/msigdb/mouse/geneset/HALLMARK_MTORC1_SIGNALING,MM,Mus musculus
HALLMARK_MTORC1_SIGNALING,Glrx,https://www.gsea-msigdb.org/gsea/msigdb/mouse/geneset/HALLMARK_MTORC1_SIGNALING,MM,Mus musculus
HALLMARK_MTORC1_SIGNALING,Gmps,https://www.gsea-msigdb.org/gsea/msigdb/mouse/geneset/HALLMARK_MTORC1_SIGNALING,MM,Mus musculus
HALLMARK_MTORC1_SIGNALING,Got1,https://www.gsea-msigdb.org/gsea/msigdb/mouse/geneset/HALLMARK_MTORC1_SIGNALING,MM,Mus musculus
HALLMARK_MTORC1_SIGNALING,Gpi1,https://www.gsea-msigdb.org/gsea/msigdb/mouse/geneset/HALLMARK_MTORC1_SIGNALING,MM,Mus musculus
HALLMARK_MTORC1_SIGNALING,Gsk3b,https://www.gsea-msigdb.org/gsea/msigdb/mouse/geneset/HALLMARK_MTORC1_SIGNALING,MM,Mus musculus
HALLMARK_MTORC1_SIGNALING,Gsr,https://www.gsea-msigdb.org/gsea/msigdb/mouse/geneset/HALLMARK_MTORC1_SIGNALING,MM,Mus musculus
HALLMARK_MTORC1_SIGNALING,Gtf2h1,https://www.gsea-msigdb.org/gsea/msigdb/mouse/geneset/HALLMARK_MTORC1_SIGNALING,MM,Mus musculus
HALLMARK_MTORC1_SIGNALING,Hk2,https://www.gsea-msigdb.org/gsea/msigdb/mouse/geneset/HALLMARK_MTORC1_SIGNALING,MM,Mus musculus
HALLMARK_MTORC1_SIGNALING,Hmbs,https://www.gsea-msigdb.org/gsea/msigdb/mouse/geneset/HALLMARK_MTORC1_SIGNALING,MM,Mus musculus
HALLMARK_MTORC1_SIGNALING,Hmgcr,https://www.gsea-msigdb.org/gsea/msigdb/mouse/geneset/HALLMARK_MTORC1_SIGNALING,MM,Mus musculus
HALLMARK_MTORC1_SIGNALING,Hmgcs1,https://www.gsea-msigdb.org/gsea/msigdb/mouse/geneset/HALLMARK_MTORC1_SIGNALING,MM,Mus musculus
HALLMARK_MTORC1_SIGNALING,Hprt1,https://www.gsea-msigdb.org/gsea/msigdb/mouse/geneset/HALLMARK_MTORC1_SIGNALING,MM,Mus musculus
HALLMARK_MTORC1_SIGNALING,Hsp90b1,https://www.gsea-msigdb.org/gsea/msigdb/mouse/geneset/HALLMARK_MTORC1_SIGNALING,MM,Mus musculus
HALLMARK_MTORC1_SIGNALING,Hspa4,https://www.gsea-msigdb.org/gsea/msigdb/mouse/geneset/HALLMARK_MTORC1_SIGNALING,MM,Mus musculus
HALLMARK_MTORC1_SIGNALING,Hspa5,https://www.gsea-msigdb.org/gsea/msigdb/mouse/geneset/HALLMARK_MTORC1_SIGNALING,MM,Mus musculus
HALLMARK_MTORC1_SIGNALING,Hspa9,https://www.gsea-msigdb.org/gsea/msigdb/mouse/geneset/HALLMARK_MTORC1_SIGNALING,MM,Mus musculus
HALLMARK_MTORC1_SIGNALING,Hspd1,https://www.gsea-msigdb.org/gsea/msigdb/mouse/geneset/HALLMARK_MTORC1_SIGNALING,MM,Mus musculus
HALLMARK_MTORC1_SIGNALING,Hspe1,https://www.gsea-msigdb.org/gsea/msigdb/mouse/geneset/HALLMARK_MTORC1_SIGNALING,MM,Mus musculus
HALLMARK_MTORC1_SIGNALING,Idh1,https://www.gsea-msigdb.org/gsea/msigdb/mouse/geneset/HALLMARK_MTORC1_SIGNALING,MM,Mus musculus
HALLMARK_MTORC1_SIGNALING,Idi1,https://www.gsea-msigdb.org/gsea/msigdb/mouse/geneset/HALLMARK_MTORC1_SIGNALING,MM,Mus musculus
HALLMARK_MTORC1_SIGNALING,Ifi30,https://www.gsea-msigdb.org/gsea/msigdb/mouse/geneset/HALLMARK_MTORC1_SIGNALING,MM,Mus musculus
HALLMARK_MTORC1_SIGNALING,Ifrd1,https://www.gsea-msigdb.org/gsea/msigdb/mouse/geneset/HALLMARK_MTORC1_SIGNALING,MM,Mus musculus
HALLMARK_MTORC1_SIGNALING,Igfbp5,https://www.gsea-msigdb.org/gsea/msigdb/mouse/geneset/HALLMARK_MTORC1_SIGNALING,MM,Mus musculus
HALLMARK_MTORC1_SIGNALING,Immt,https://www.gsea-msigdb.org/gsea/msigdb/mouse/geneset/HALLMARK_MTORC1_SIGNALING,MM,Mus musculus
HALLMARK_MTORC1_SIGNALING,Insig1,https://www.gsea-msigdb.org/gsea/msigdb/mouse/geneset/HALLMARK_MTORC1_SIGNALING,MM,Mus musculus
HALLMARK_MTORC1_SIGNALING,Itgb2,https://www.gsea-msigdb.org/gsea/msigdb/mouse/geneset/HALLMARK_MTORC1_SIGNALING,MM,Mus musculus
HALLMARK_MTORC1_SIGNALING,Ldha,https://www.gsea-msigdb.org/gsea/msigdb/mouse/geneset/HALLMARK_MTORC1_SIGNALING,MM,Mus musculus
HALLMARK_MTORC1_SIGNALING,Ldlr,https://www.gsea-msigdb.org/gsea/msigdb/mouse/geneset/HALLMARK_MTORC1_SIGNALING,MM,Mus musculus
HALLMARK_MTORC1_SIGNALING,Lgmn,https://www.gsea-msigdb.org/gsea/msigdb/mouse/geneset/HALLMARK_MTORC1_SIGNALING,MM,Mus musculus
HALLMARK_MTORC1_SIGNALING,Lta4h,https://www.gsea-msigdb.org/gsea/msigdb/mouse/geneset/HALLMARK_MTORC1_SIGNALING,MM,Mus musculus
HALLMARK_MTORC1_SIGNALING,M6pr,https://www.gsea-msigdb.org/gsea/msigdb/mouse/geneset/HALLMARK_MTORC1_SIGNALING,MM,Mus musculus
HALLMARK_MTORC1_SIGNALING,Map2k3,https://www.gsea-msigdb.org/gsea/msigdb/mouse/geneset/HALLMARK_MTORC1_SIGNALING,MM,Mus musculus
HALLMARK_MTORC1_SIGNALING,Mcm2,https://www.gsea-msigdb.org/gsea/msigdb/mouse/geneset/HALLMARK_MTORC1_SIGNALING,MM,Mus musculus
HALLMARK_MTORC1_SIGNALING,Mcm4,https://www.gsea-msigdb.org/gsea/msigdb/mouse/geneset/HALLMARK_MTORC1_SIGNALING,MM,Mus musculus
HALLMARK_MTORC1_SIGNALING,Me1,https://www.gsea-msigdb.org/gsea/msigdb/mouse/geneset/HALLMARK_MTORC1_SIGNALING,MM,Mus musculus
HALLMARK_MTORC1_SIGNALING,Mllt11,https://www.gsea-msigdb.org/gsea/msigdb/mouse/geneset/HALLMARK_MTORC1_SIGNALING,MM,Mus musculus
HALLMARK_MTORC1_SIGNALING,Mthfd2,https://www.gsea-msigdb.org/gsea/msigdb/mouse/geneset/HALLMARK_MTORC1_SIGNALING,MM,Mus musculus
HALLMARK_MTORC1_SIGNALING,Mthfd2l,https://www.gsea-msigdb.org/gsea/msigdb/mouse/geneset/HALLMARK_MTORC1_SIGNALING,MM,Mus musculus
HALLMARK_MTORC1_SIGNALING,Nampt,https://www.gsea-msigdb.org/gsea/msigdb/mouse/geneset/HALLMARK_MTORC1_SIGNALING,MM,Mus musculus
HALLMARK_MTORC1_SIGNALING,Nfil3,https://www.gsea-msigdb.org/gsea/msigdb/mouse/geneset/HALLMARK_MTORC1_SIGNALING,MM,Mus musculus
HALLMARK_MTORC1_SIGNALING,Nfkbib,https://www.gsea-msigdb.org/gsea/msigdb/mouse/geneset/HALLMARK_MTORC1_SIGNALING,MM,Mus musculus
HALLMARK_MTORC1_SIGNALING,Nfyc,https://www.gsea-msigdb.org/gsea/msigdb/mouse/geneset/HALLMARK_MTORC1_SIGNALING,MM,Mus musculus
HALLMARK_MTORC1_SIGNALING,Nherf1,https://www.gsea-msigdb.org/gsea/msigdb/mouse/geneset/HALLMARK_MTORC1_SIGNALING,MM,Mus musculus
HALLMARK_MTORC1_SIGNALING,Niban1,https://www.gsea-msigdb.org/gsea/msigdb/mouse/geneset/HALLMARK_MTORC1_SIGNALING,MM,Mus musculus
HALLMARK_MTORC1_SIGNALING,Nmt1,https://www.gsea-msigdb.org/gsea/msigdb/mouse/geneset/HALLMARK_MTORC1_SIGNALING,MM,Mus musculus
HALLMARK_MTORC1_SIGNALING,Nufip1,https://www.gsea-msigdb.org/gsea/msigdb/mouse/geneset/HALLMARK_MTORC1_SIGNALING,MM,Mus musculus
HALLMARK_MTORC1_SIGNALING,Nup205,https://www.gsea-msigdb.org/gsea/msigdb/mouse/geneset/HALLMARK_MTORC1_SIGNALING,MM,Mus musculus
HALLMARK_MTORC1_SIGNALING,Nupr1,https://www.gsea-msigdb.org/gsea/msigdb/mouse/geneset/HALLMARK_MTORC1_SIGNALING,MM,Mus musculus
HALLMARK_MTORC1_SIGNALING,P4ha1,https://www.gsea-msigdb.org/gsea/msigdb/mouse/geneset/HALLMARK_MTORC1_SIGNALING,MM,Mus musculus
HALLMARK_MTORC1_SIGNALING,Pdap1,https://www.gsea-msigdb.org/gsea/msigdb/mouse/geneset/HALLMARK_MTORC1_SIGNALING,MM,Mus musculus
HALLMARK_MTORC1_SIGNALING,Pdk1,https://www.gsea-msigdb.org/gsea/msigdb/mouse/geneset/HALLMARK_MTORC1_SIGNALING,MM,Mus musculus
HALLMARK_MTORC1_SIGNALING,Pfkl,https://www.gsea-msigdb.org/gsea/msigdb/mouse/geneset/HALLMARK_MTORC1_SIGNALING,MM,Mus musculus
HALLMARK_MTORC1_SIGNALING,Pgk1,https://www.gsea-msigdb.org/gsea/msigdb/mouse/geneset/HALLMARK_MTORC1_SIGNALING,MM,Mus musculus
HALLMARK_MTORC1_SIGNALING,Pgm1,https://www.gsea-msigdb.org/gsea/msigdb/mouse/geneset/HALLMARK_MTORC1_SIGNALING,MM,Mus musculus
HALLMARK_MTORC1_SIGNALING,Phgdh,https://www.gsea-msigdb.org/gsea/msigdb/mouse/geneset/HALLMARK_MTORC1_SIGNALING,MM,Mus musculus
HALLMARK_MTORC1_SIGNALING,Pik3r3,https://www.gsea-msigdb.org/gsea/msigdb/mouse/geneset/HALLMARK_MTORC1_SIGNALING,MM,Mus musculus
HALLMARK_MTORC1_SIGNALING,Pitpnb,https://www.gsea-msigdb.org/gsea/msigdb/mouse/geneset/HALLMARK_MTORC1_SIGNALING,MM,Mus musculus
HALLMARK_MTORC1_SIGNALING,Plk1,https://www.gsea-msigdb.org/gsea/msigdb/mouse/geneset/HALLMARK_MTORC1_SIGNALING,MM,Mus musculus
HALLMARK_MTORC1_SIGNALING,Plod2,https://www.gsea-msigdb.org/gsea/msigdb/mouse/geneset/HALLMARK_MTORC1_SIGNALING,MM,Mus musculus
HALLMARK_MTORC1_SIGNALING,Pno1,https://www.gsea-msigdb.org/gsea/msigdb/mouse/geneset/HALLMARK_MTORC1_SIGNALING,MM,Mus musculus
HALLMARK_MTORC1_SIGNALING,Pnp,https://www.gsea-msigdb.org/gsea/msigdb/mouse/geneset/HALLMARK_MTORC1_SIGNALING,MM,Mus musculus
HALLMARK_MTORC1_SIGNALING,Polr3g,https://www.gsea-msigdb.org/gsea/msigdb/mouse/geneset/HALLMARK_MTORC1_SIGNALING,MM,Mus musculus
HALLMARK_MTORC1_SIGNALING,Ppa1,https://www.gsea-msigdb.org/gsea/msigdb/mouse/geneset/HALLMARK_MTORC1_SIGNALING,MM,Mus musculus
HALLMARK_MTORC1_SIGNALING,Ppia,https://www.gsea-msigdb.org/gsea/msigdb/mouse/geneset/HALLMARK_MTORC1_SIGNALING,MM,Mus musculus
HALLMARK_MTORC1_SIGNALING,Ppp1r15a,https://www.gsea-msigdb.org/gsea/msigdb/mouse/geneset/HALLMARK_MTORC1_SIGNALING,MM,Mus musculus
HALLMARK_MTORC1_SIGNALING,Prdx1,https://www.gsea-msigdb.org/gsea/msigdb/mouse/geneset/HALLMARK_MTORC1_SIGNALING,MM,Mus musculus
HALLMARK_MTORC1_SIGNALING,Psat1,https://www.gsea-msigdb.org/gsea/msigdb/mouse/geneset/HALLMARK_MTORC1_SIGNALING,MM,Mus musculus
HALLMARK_MTORC1_SIGNALING,Psma3,https://www.gsea-msigdb.org/gsea/msigdb/mouse/geneset/HALLMARK_MTORC1_SIGNALING,MM,Mus musculus
HALLMARK_MTORC1_SIGNALING,Psma4,https://www.gsea-msigdb.org/gsea/msigdb/mouse/geneset/HALLMARK_MTORC1_SIGNALING,MM,Mus musculus
HALLMARK_MTORC1_SIGNALING,Psmb5,https://www.gsea-msigdb.org/gsea/msigdb/mouse/geneset/HALLMARK_MTORC1_SIGNALING,MM,Mus musculus
HALLMARK_MTORC1_SIGNALING,Psmc2,https://www.gsea-msigdb.org/gsea/msigdb/mouse/geneset/HALLMARK_MTORC1_SIGNALING,MM,Mus musculus
HALLMARK_MTORC1_SIGNALING,Psmc4,https://www.gsea-msigdb.org/gsea/msigdb/mouse/geneset/HALLMARK_MTORC1_SIGNALING,MM,Mus musculus
HALLMARK_MTORC1_SIGNALING,Psmc6,https://www.gsea-msigdb.org/gsea/msigdb/mouse/geneset/HALLMARK_MTORC1_SIGNALING,MM,Mus musculus
HALLMARK_MTORC1_SIGNALING,Psmd12,https://www.gsea-msigdb.org/gsea/msigdb/mouse/geneset/HALLMARK_MTORC1_SIGNALING,MM,Mus musculus
HALLMARK_MTORC1_SIGNALING,Psmd13,https://www.gsea-msigdb.org/gsea/msigdb/mouse/geneset/HALLMARK_MTORC1_SIGNALING,MM,Mus musculus
HALLMARK_MTORC1_SIGNALING,Psmd14,https://www.gsea-msigdb.org/gsea/msigdb/mouse/geneset/HALLMARK_MTORC1_SIGNALING,MM,Mus musculus
HALLMARK_MTORC1_SIGNALING,Psme3,https://www.gsea-msigdb.org/gsea/msigdb/mouse/geneset/HALLMARK_MTORC1_SIGNALING,MM,Mus musculus
HALLMARK_MTORC1_SIGNALING,Psmg1,https://www.gsea-msigdb.org/gsea/msigdb/mouse/geneset/HALLMARK_MTORC1_SIGNALING,MM,Mus musculus
HALLMARK_MTORC1_SIGNALING,Psph,https://www.gsea-msigdb.org/gsea/msigdb/mouse/geneset/HALLMARK_MTORC1_SIGNALING,MM,Mus musculus
HALLMARK_MTORC1_SIGNALING,Qdpr,https://www.gsea-msigdb.org/gsea/msigdb/mouse/geneset/HALLMARK_MTORC1_SIGNALING,MM,Mus musculus
HALLMARK_MTORC1_SIGNALING,Rab1a,https://www.gsea-msigdb.org/gsea/msigdb/mouse/geneset/HALLMARK_MTORC1_SIGNALING,MM,Mus musculus
HALLMARK_MTORC1_SIGNALING,Rdh11,https://www.gsea-msigdb.org/gsea/msigdb/mouse/geneset/HALLMARK_MTORC1_SIGNALING,MM,Mus musculus
HALLMARK_MTORC1_SIGNALING,Rit1,https://www.gsea-msigdb.org/gsea/msigdb/mouse/geneset/HALLMARK_MTORC1_SIGNALING,MM,Mus musculus
HALLMARK_MTORC1_SIGNALING,Rpa1,https://www.gsea-msigdb.org/gsea/msigdb/mouse/geneset/HALLMARK_MTORC1_SIGNALING,MM,Mus musculus
HALLMARK_MTORC1_SIGNALING,Rpn1,https://www.gsea-msigdb.org/gsea/msigdb/mouse/geneset/HALLMARK_MTORC1_SIGNALING,MM,Mus musculus
HALLMARK_MTORC1_SIGNALING,Rrm2,https://www.gsea-msigdb.org/gsea/msigdb/mouse/geneset/HALLMARK_MTORC1_SIGNALING,MM,Mus musculus
HALLMARK_MTORC1_SIGNALING,Rrp9,https://www.gsea-msigdb.org/gsea/msigdb/mouse/geneset/HALLMARK_MTORC1_SIGNALING,MM,Mus musculus
HALLMARK_MTORC1_SIGNALING,Sc5d,https://www.gsea-msigdb.org/gsea/msigdb/mouse/geneset/HALLMARK_MTORC1_SIGNALING,MM,Mus musculus
HALLMARK_MTORC1_SIGNALING,Sdf2l1,https://www.gsea-msigdb.org/gsea/msigdb/mouse/geneset/HALLMARK_MTORC1_SIGNALING,MM,Mus musculus
HALLMARK_MTORC1_SIGNALING,Sec11a,https://www.gsea-msigdb.org/gsea/msigdb/mouse/geneset/HALLMARK_MTORC1_SIGNALING,MM,Mus musculus
HALLMARK_MTORC1_SIGNALING,Serp1,https://www.gsea-msigdb.org/gsea/msigdb/mouse/geneset/HALLMARK_MTORC1_SIGNALING,MM,Mus musculus
HALLMARK_MTORC1_SIGNALING,Serpinh1,https://www.gsea-msigdb.org/gsea/msigdb/mouse/geneset/HALLMARK_MTORC1_SIGNALING,MM,Mus musculus
HALLMARK_MTORC1_SIGNALING,Shmt2,https://www.gsea-msigdb.org/gsea/msigdb/mouse/geneset/HALLMARK_MTORC1_SIGNALING,MM,Mus musculus
HALLMARK_MTORC1_SIGNALING,Skap2,https://www.gsea-msigdb.org/gsea/msigdb/mouse/geneset/HALLMARK_MTORC1_SIGNALING,MM,Mus musculus
HALLMARK_MTORC1_SIGNALING,Sla,https://www.gsea-msigdb.org/gsea/msigdb/mouse/geneset/HALLMARK_MTORC1_SIGNALING,MM,Mus musculus
HALLMARK_MTORC1_SIGNALING,Slc1a4,https://www.gsea-msigdb.org/gsea/msigdb/mouse/geneset/HALLMARK_MTORC1_SIGNALING,MM,Mus musculus
HALLMARK_MTORC1_SIGNALING,Slc1a5,https://www.gsea-msigdb.org/gsea/msigdb/mouse/geneset/HALLMARK_MTORC1_SIGNALING,MM,Mus musculus
HALLMARK_MTORC1_SIGNALING,Slc2a1,https://www.gsea-msigdb.org/gsea/msigdb/mouse/geneset/HALLMARK_MTORC1_SIGNALING,MM,Mus musculus
HALLMARK_MTORC1_SIGNALING,Slc2a3,https://www.gsea-msigdb.org/gsea/msigdb/mouse/geneset/HALLMARK_MTORC1_SIGNALING,MM,Mus musculus
HALLMARK_MTORC1_SIGNALING,Slc37a4,https://www.gsea-msigdb.org/gsea/msigdb/mouse/geneset/HALLMARK_MTORC1_SIGNALING,MM,Mus musculus
HALLMARK_MTORC1_SIGNALING,Slc6a6,https://www.gsea-msigdb.org/gsea/msigdb/mouse/geneset/HALLMARK_MTORC1_SIGNALING,MM,Mus musculus
HALLMARK_MTORC1_SIGNALING,Slc7a11,https://www.gsea-msigdb.org/gsea/msigdb/mouse/geneset/HALLMARK_MTORC1_SIGNALING,MM,Mus musculus
HALLMARK_MTORC1_SIGNALING,Slc7a5,https://www.gsea-msigdb.org/gsea/msigdb/mouse/geneset/HALLMARK_MTORC1_SIGNALING,MM,Mus musculus
HALLMARK_MTORC1_SIGNALING,Sord,https://www.gsea-msigdb.org/gsea/msigdb/mouse/geneset/HALLMARK_MTORC1_SIGNALING,MM,Mus musculus
HALLMARK_MTORC1_SIGNALING,Sqle,https://www.gsea-msigdb.org/gsea/msigdb/mouse/geneset/HALLMARK_MTORC1_SIGNALING,MM,Mus musculus
HALLMARK_MTORC1_SIGNALING,Sqstm1,https://www.gsea-msigdb.org/gsea/msigdb/mouse/geneset/HALLMARK_MTORC1_SIGNALING,MM,Mus musculus
HALLMARK_MTORC1_SIGNALING,Srd5a1,https://www.gsea-msigdb.org/gsea/msigdb/mouse/geneset/HALLMARK_MTORC1_SIGNALING,MM,Mus musculus
HALLMARK_MTORC1_SIGNALING,Ssr1,https://www.gsea-msigdb.org/gsea/msigdb/mouse/geneset/HALLMARK_MTORC1_SIGNALING,MM,Mus musculus
HALLMARK_MTORC1_SIGNALING,Stard4,https://www.gsea-msigdb.org/gsea/msigdb/mouse/geneset/HALLMARK_MTORC1_SIGNALING,MM,Mus musculus
HALLMARK_MTORC1_SIGNALING,Stc1,https://www.gsea-msigdb.org/gsea/msigdb/mouse/geneset/HALLMARK_MTORC1_SIGNALING,MM,Mus musculus
HALLMARK_MTORC1_SIGNALING,Stip1,https://www.gsea-msigdb.org/gsea/msigdb/mouse/geneset/HALLMARK_MTORC1_SIGNALING,MM,Mus musculus
HALLMARK_MTORC1_SIGNALING,Sytl2,https://www.gsea-msigdb.org/gsea/msigdb/mouse/geneset/HALLMARK_MTORC1_SIGNALING,MM,Mus musculus
HALLMARK_MTORC1_SIGNALING,Tbk1,https://www.gsea-msigdb.org/gsea/msigdb/mouse/geneset/HALLMARK_MTORC1_SIGNALING,MM,Mus musculus
HALLMARK_MTORC1_SIGNALING,Tcea1,https://www.gsea-msigdb.org/gsea/msigdb/mouse/geneset/HALLMARK_MTORC1_SIGNALING,MM,Mus musculus
HALLMARK_MTORC1_SIGNALING,Tes,https://www.gsea-msigdb.org/gsea/msigdb/mouse/geneset/HALLMARK_MTORC1_SIGNALING,MM,Mus musculus
HALLMARK_MTORC1_SIGNALING,Tfrc,https://www.gsea-msigdb.org/gsea/msigdb/mouse/geneset/HALLMARK_MTORC1_SIGNALING,MM,Mus musculus
HALLMARK_MTORC1_SIGNALING,Tm7sf2,https://www.gsea-msigdb.org/gsea/msigdb/mouse/geneset/HALLMARK_MTORC1_SIGNALING,MM,Mus musculus
HALLMARK_MTORC1_SIGNALING,Tmem97,https://www.gsea-msigdb.org/gsea/msigdb/mouse/geneset/HALLMARK_MTORC1_SIGNALING,MM,Mus musculus
HALLMARK_MTORC1_SIGNALING,Tomm40,https://www.gsea-msigdb.org/gsea/msigdb/mouse/geneset/HALLMARK_MTORC1_SIGNALING,MM,Mus musculus
HALLMARK_MTORC1_SIGNALING,Tpi1,https://www.gsea-msigdb.org/gsea/msigdb/mouse/geneset/HALLMARK_MTORC1_SIGNALING,MM,Mus musculus
HALLMARK_MTORC1_SIGNALING,Trib3,https://www.gsea-msigdb.org/gsea/msigdb/mouse/geneset/HALLMARK_MTORC1_SIGNALING,MM,Mus musculus
HALLMARK_MTORC1_SIGNALING,Tuba4a,https://www.gsea-msigdb.org/gsea/msigdb/mouse/geneset/HALLMARK_MTORC1_SIGNALING,MM,Mus musculus
HALLMARK_MTORC1_SIGNALING,Tubg1,https://www.gsea-msigdb.org/gsea/msigdb/mouse/geneset/HALLMARK_MTORC1_SIGNALING,MM,Mus musculus
HALLMARK_MTORC1_SIGNALING,Txnrd1,https://www.gsea-msigdb.org/gsea/msigdb/mouse/geneset/HALLMARK_MTORC1_SIGNALING,MM,Mus musculus
HALLMARK_MTORC1_SIGNALING,Ube2d3,https://www.gsea-msigdb.org/gsea/msigdb/mouse/geneset/HALLMARK_MTORC1_SIGNALING,MM,Mus musculus
HALLMARK_MTORC1_SIGNALING,Uchl5,https://www.gsea-msigdb.org/gsea/msigdb/mouse/geneset/HALLMARK_MTORC1_SIGNALING,MM,Mus musculus
HALLMARK_MTORC1_SIGNALING,Ufm1,https://www.gsea-msigdb.org/gsea/msigdb/mouse/geneset/HALLMARK_MTORC1_SIGNALING,MM,Mus musculus
HALLMARK_MTORC1_SIGNALING,Ung,https://www.gsea-msigdb.org/gsea/msigdb/mouse/geneset/HALLMARK_MTORC1_SIGNALING,MM,Mus musculus
HALLMARK_MTORC1_SIGNALING,Uso1,https://www.gsea-msigdb.org/gsea/msigdb/mouse/geneset/HALLMARK_MTORC1_SIGNALING,MM,Mus musculus
HALLMARK_MTORC1_SIGNALING,Vldlr,https://www.gsea-msigdb.org/gsea/msigdb/mouse/geneset/HALLMARK_MTORC1_SIGNALING,MM,Mus musculus
HALLMARK_MTORC1_SIGNALING,Wars1,https://www.gsea-msigdb.org/gsea/msigdb/mouse/geneset/HALLMARK_MTORC1_SIGNALING,MM,Mus musculus
HALLMARK_MTORC1_SIGNALING,Xbp1,https://www.gsea-msigdb.org/gsea/msigdb/mouse/geneset/HALLMARK_MTORC1_SIGNALING,MM,Mus musculus
HALLMARK_MTORC1_SIGNALING,Ykt6,https://www.gsea-msigdb.org/gsea/msigdb/mouse/geneset/HALLMARK_MTORC1_SIGNALING,MM,Mus musculus
HALLMARK_MYC_TARGETS_V1,Abce1,https://www.gsea-msigdb.org/gsea/msigdb/mouse/geneset/HALLMARK_MYC_TARGETS_V1,MM,Mus musculus
HALLMARK_MYC_TARGETS_V1,Acp1,https://www.gsea-msigdb.org/gsea/msigdb/mouse/geneset/HALLMARK_MYC_TARGETS_V1,MM,Mus musculus
HALLMARK_MYC_TARGETS_V1,Aimp2,https://www.gsea-msigdb.org/gsea/msigdb/mouse/geneset/HALLMARK_MYC_TARGETS_V1,MM,Mus musculus
HALLMARK_MYC_TARGETS_V1,Ap3s1,https://www.gsea-msigdb.org/gsea/msigdb/mouse/geneset/HALLMARK_MYC_TARGETS_V1,MM,Mus musculus
HALLMARK_MYC_TARGETS_V1,Apex1,https://www.gsea-msigdb.org/gsea/msigdb/mouse/geneset/HALLMARK_MYC_TARGETS_V1,MM,Mus musculus
HALLMARK_MYC_TARGETS_V1,Bub3,https://www.gsea-msigdb.org/gsea/msigdb/mouse/geneset/HALLMARK_MYC_TARGETS_V1,MM,Mus musculus
HALLMARK_MYC_TARGETS_V1,C1qbp,https://www.gsea-msigdb.org/gsea/msigdb/mouse/geneset/HALLMARK_MYC_TARGETS_V1,MM,Mus musculus
HALLMARK_MYC_TARGETS_V1,Cad,https://www.gsea-msigdb.org/gsea/msigdb/mouse/geneset/HALLMARK_MYC_TARGETS_V1,MM,Mus musculus
HALLMARK_MYC_TARGETS_V1,Canx,https://www.gsea-msigdb.org/gsea/msigdb/mouse/geneset/HALLMARK_MYC_TARGETS_V1,MM,Mus musculus
HALLMARK_MYC_TARGETS_V1,Cbx3,https://www.gsea-msigdb.org/gsea/msigdb/mouse/geneset/HALLMARK_MYC_TARGETS_V1,MM,Mus musculus
HALLMARK_MYC_TARGETS_V1,Ccna2,https://www.gsea-msigdb.org/gsea/msigdb/mouse/geneset/HALLMARK_MYC_TARGETS_V1,MM,Mus musculus
HALLMARK_MYC_TARGETS_V1,Cct2,https://www.gsea-msigdb.org/gsea/msigdb/mouse/geneset/HALLMARK_MYC_TARGETS_V1,MM,Mus musculus
HALLMARK_MYC_TARGETS_V1,Cct3,https://www.gsea-msigdb.org/gsea/msigdb/mouse/geneset/HALLMARK_MYC_TARGETS_V1,MM,Mus musculus
HALLMARK_MYC_TARGETS_V1,Cct4,https://www.gsea-msigdb.org/gsea/msigdb/mouse/geneset/HALLMARK_MYC_TARGETS_V1,MM,Mus musculus
HALLMARK_MYC_TARGETS_V1,Cct5,https://www.gsea-msigdb.org/gsea/msigdb/mouse/geneset/HALLMARK_MYC_TARGETS_V1,MM,Mus musculus
HALLMARK_MYC_TARGETS_V1,Cct7,https://www.gsea-msigdb.org/gsea/msigdb/mouse/geneset/HALLMARK_MYC_TARGETS_V1,MM,Mus musculus
HALLMARK_MYC_TARGETS_V1,Cdc20,https://www.gsea-msigdb.org/gsea/msigdb/mouse/geneset/HALLMARK_MYC_TARGETS_V1,MM,Mus musculus
HALLMARK_MYC_TARGETS_V1,Cdc45,https://www.gsea-msigdb.org/gsea/msigdb/mouse/geneset/HALLMARK_MYC_TARGETS_V1,MM,Mus musculus
HALLMARK_MYC_TARGETS_V1,Cdk2,https://www.gsea-msigdb.org/gsea/msigdb/mouse/geneset/HALLMARK_MYC_TARGETS_V1,MM,Mus musculus
HALLMARK_MYC_TARGETS_V1,Cdk4,https://www.gsea-msigdb.org/gsea/msigdb/mouse/geneset/HALLMARK_MYC_TARGETS_V1,MM,Mus musculus
HALLMARK_MYC_TARGETS_V1,Clns1a,https://www.gsea-msigdb.org/gsea/msigdb/mouse/geneset/HALLMARK_MYC_TARGETS_V1,MM,Mus musculus
HALLMARK_MYC_TARGETS_V1,Cnbp,https://www.gsea-msigdb.org/gsea/msigdb/mouse/geneset/HALLMARK_MYC_TARGETS_V1,MM,Mus musculus
HALLMARK_MYC_TARGETS_V1,Cops5,https://www.gsea-msigdb.org/gsea/msigdb/mouse/geneset/HALLMARK_MYC_TARGETS_V1,MM,Mus musculus
HALLMARK_MYC_TARGETS_V1,Cox5a,https://www.gsea-msigdb.org/gsea/msigdb/mouse/geneset/HALLMARK_MYC_TARGETS_V1,MM,Mus musculus
HALLMARK_MYC_TARGETS_V1,Cstf2,https://www.gsea-msigdb.org/gsea/msigdb/mouse/geneset/HALLMARK_MYC_TARGETS_V1,MM,Mus musculus
HALLMARK_MYC_TARGETS_V1,Ctps1,https://www.gsea-msigdb.org/gsea/msigdb/mouse/geneset/HALLMARK_MYC_TARGETS_V1,MM,Mus musculus
HALLMARK_MYC_TARGETS_V1,Cul1,https://www.gsea-msigdb.org/gsea/msigdb/mouse/geneset/HALLMARK_MYC_TARGETS_V1,MM,Mus musculus
HALLMARK_MYC_TARGETS_V1,Cyc1,https://www.gsea-msigdb.org/gsea/msigdb/mouse/geneset/HALLMARK_MYC_TARGETS_V1,MM,Mus musculus
HALLMARK_MYC_TARGETS_V1,Ddx18,https://www.gsea-msigdb.org/gsea/msigdb/mouse/geneset/HALLMARK_MYC_TARGETS_V1,MM,Mus musculus
HALLMARK_MYC_TARGETS_V1,Ddx21,https://www.gsea-msigdb.org/gsea/msigdb/mouse/geneset/HALLMARK_MYC_TARGETS_V1,MM,Mus musculus
HALLMARK_MYC_TARGETS_V1,Dek,https://www.gsea-msigdb.org/gsea/msigdb/mouse/geneset/HALLMARK_MYC_TARGETS_V1,MM,Mus musculus
HALLMARK_MYC_TARGETS_V1,Dhx15,https://www.gsea-msigdb.org/gsea/msigdb/mouse/geneset/HALLMARK_MYC_TARGETS_V1,MM,Mus musculus
HALLMARK_MYC_TARGETS_V1,Dut,https://www.gsea-msigdb.org/gsea/msigdb/mouse/geneset/HALLMARK_MYC_TARGETS_V1,MM,Mus musculus
HALLMARK_MYC_TARGETS_V1,Eef1b2,https://www.gsea-msigdb.org/gsea/msigdb/mouse/geneset/HALLMARK_MYC_TARGETS_V1,MM,Mus musculus
HALLMARK_MYC_TARGETS_V1,Eif2s1,https://www.gsea-msigdb.org/gsea/msigdb/mouse/geneset/HALLMARK_MYC_TARGETS_V1,MM,Mus musculus
HALLMARK_MYC_TARGETS_V1,Eif2s2,https://www.gsea-msigdb.org/gsea/msigdb/mouse/geneset/HALLMARK_MYC_TARGETS_V1,MM,Mus musculus
HALLMARK_MYC_TARGETS_V1,Eif3b,https://www.gsea-msigdb.org/gsea/msigdb/mouse/geneset/HALLMARK_MYC_TARGETS_V1,MM,Mus musculus
HALLMARK_MYC_TARGETS_V1,Eif3d,https://www.gsea-msigdb.org/gsea/msigdb/mouse/geneset/HALLMARK_MYC_TARGETS_V1,MM,Mus musculus
HALLMARK_MYC_TARGETS_V1,Eif3j1,https://www.gsea-msigdb.org/gsea/msigdb/mouse/geneset/HALLMARK_MYC_TARGETS_V1,MM,Mus musculus
HALLMARK_MYC_TARGETS_V1,Eif4a1,https://www.gsea-msigdb.org/gsea/msigdb/mouse/geneset/HALLMARK_MYC_TARGETS_V1,MM,Mus musculus
HALLMARK_MYC_TARGETS_V1,Eif4e,https://www.gsea-msigdb.org/gsea/msigdb/mouse/geneset/HALLMARK_MYC_TARGETS_V1,MM,Mus musculus
HALLMARK_MYC_TARGETS_V1,Eif4g2,https://www.gsea-msigdb.org/gsea/msigdb/mouse/geneset/HALLMARK_MYC_TARGETS_V1,MM,Mus musculus
HALLMARK_MYC_TARGETS_V1,Eif4h,https://www.gsea-msigdb.org/gsea/msigdb/mouse/geneset/HALLMARK_MYC_TARGETS_V1,MM,Mus musculus
HALLMARK_MYC_TARGETS_V1,Eprs1,https://www.gsea-msigdb.org/gsea/msigdb/mouse/geneset/HALLMARK_MYC_TARGETS_V1,MM,Mus musculus
HALLMARK_MYC_TARGETS_V1,Erh,https://www.gsea-msigdb.org/gsea/msigdb/mouse/geneset/HALLMARK_MYC_TARGETS_V1,MM,Mus musculus
HALLMARK_MYC_TARGETS_V1,Etf1,https://www.gsea-msigdb.org/gsea/msigdb/mouse/geneset/HALLMARK_MYC_TARGETS_V1,MM,Mus musculus
HALLMARK_MYC_TARGETS_V1,Exosc7,https://www.gsea-msigdb.org/gsea/msigdb/mouse/geneset/HALLMARK_MYC_TARGETS_V1,MM,Mus musculus
HALLMARK_MYC_TARGETS_V1,Fam120a,https://www.gsea-msigdb.org/gsea/msigdb/mouse/geneset/HALLMARK_MYC_TARGETS_V1,MM,Mus musculus
HALLMARK_MYC_TARGETS_V1,Fbl,https://www.gsea-msigdb.org/gsea/msigdb/mouse/geneset/HALLMARK_MYC_TARGETS_V1,MM,Mus musculus
HALLMARK_MYC_TARGETS_V1,G3bp1,https://www.gsea-msigdb.org/gsea/msigdb/mouse/geneset/HALLMARK_MYC_TARGETS_V1,MM,Mus musculus
HALLMARK_MYC_TARGETS_V1,Glo1,https://www.gsea-msigdb.org/gsea/msigdb/mouse/geneset/HALLMARK_MYC_TARGETS_V1,MM,Mus musculus
HALLMARK_MYC_TARGETS_V1,Gm10146,https://www.gsea-msigdb.org/gsea/msigdb/mouse/geneset/HALLMARK_MYC_TARGETS_V1,MM,Mus musculus
HALLMARK_MYC_TARGETS_V1,Gm10705,https://www.gsea-msigdb.org/gsea/msigdb/mouse/geneset/HALLMARK_MYC_TARGETS_V1,MM,Mus musculus
HALLMARK_MYC_TARGETS_V1,Gm4705,https://www.gsea-msigdb.org/gsea/msigdb/mouse/geneset/HALLMARK_MYC_TARGETS_V1,MM,Mus musculus
HALLMARK_MYC_TARGETS_V1,Gm9531,https://www.gsea-msigdb.org/gsea/msigdb/mouse/geneset/HALLMARK_MYC_TARGETS_V1,MM,Mus musculus
HALLMARK_MYC_TARGETS_V1,Gnl3,https://www.gsea-msigdb.org/gsea/msigdb/mouse/geneset/HALLMARK_MYC_TARGETS_V1,MM,Mus musculus
HALLMARK_MYC_TARGETS_V1,Got2,https://www.gsea-msigdb.org/gsea/msigdb/mouse/geneset/HALLMARK_MYC_TARGETS_V1,MM,Mus musculus
HALLMARK_MYC_TARGETS_V1,Gspt1,https://www.gsea-msigdb.org/gsea/msigdb/mouse/geneset/HALLMARK_MYC_TARGETS_V1,MM,Mus musculus
HALLMARK_MYC_TARGETS_V1,H2az1,https://www.gsea-msigdb.org/gsea/msigdb/mouse/geneset/HALLMARK_MYC_TARGETS_V1,MM,Mus musculus
HALLMARK_MYC_TARGETS_V1,Hdac2,https://www.gsea-msigdb.org/gsea/msigdb/mouse/geneset/HALLMARK_MYC_TARGETS_V1,MM,Mus musculus
HALLMARK_MYC_TARGETS_V1,Hddc2,https://www.gsea-msigdb.org/gsea/msigdb/mouse/geneset/HALLMARK_MYC_TARGETS_V1,MM,Mus musculus
HALLMARK_MYC_TARGETS_V1,Hdgf,https://www.gsea-msigdb.org/gsea/msigdb/mouse/geneset/HALLMARK_MYC_TARGETS_V1,MM,Mus musculus
HALLMARK_MYC_TARGETS_V1,Hnrnpa1,https://www.gsea-msigdb.org/gsea/msigdb/mouse/geneset/HALLMARK_MYC_TARGETS_V1,MM,Mus musculus
HALLMARK_MYC_TARGETS_V1,Hnrnpa2b1,https://www.gsea-msigdb.org/gsea/msigdb/mouse/geneset/HALLMARK_MYC_TARGETS_V1,MM,Mus musculus
HALLMARK_MYC_TARGETS_V1,Hnrnpa3,https://www.gsea-msigdb.org/gsea/msigdb/mouse/geneset/HALLMARK_MYC_TARGETS_V1,MM,Mus musculus
HALLMARK_MYC_TARGETS_V1,Hnrnpc,https://www.gsea-msigdb.org/gsea/msigdb/mouse/geneset/HALLMARK_MYC_TARGETS_V1,MM,Mus musculus
HALLMARK_MYC_TARGETS_V1,Hnrnpd,https://www.gsea-msigdb.org/gsea/msigdb/mouse/geneset/HALLMARK_MYC_TARGETS_V1,MM,Mus musculus
HALLMARK_MYC_TARGETS_V1,Hnrnpr,https://www.gsea-msigdb.org/gsea/msigdb/mouse/geneset/HALLMARK_MYC_TARGETS_V1,MM,Mus musculus
HALLMARK_MYC_TARGETS_V1,Hnrnpu,https://www.gsea-msigdb.org/gsea/msigdb/mouse/geneset/HALLMARK_MYC_TARGETS_V1,MM,Mus musculus
HALLMARK_MYC_TARGETS_V1,Hprt1,https://www.gsea-msigdb.org/gsea/msigdb/mouse/geneset/HALLMARK_MYC_TARGETS_V1,MM,Mus musculus
HALLMARK_MYC_TARGETS_V1,Hsp90ab1,https://www.gsea-msigdb.org/gsea/msigdb/mouse/geneset/HALLMARK_MYC_TARGETS_V1,MM,Mus musculus
HALLMARK_MYC_TARGETS_V1,Hspd1,https://www.gsea-msigdb.org/gsea/msigdb/mouse/geneset/HALLMARK_MYC_TARGETS_V1,MM,Mus musculus
HALLMARK_MYC_TARGETS_V1,Hspe1,https://www.gsea-msigdb.org/gsea/msigdb/mouse/geneset/HALLMARK_MYC_TARGETS_V1,MM,Mus musculus
HALLMARK_MYC_TARGETS_V1,Iars1,https://www.gsea-msigdb.org/gsea/msigdb/mouse/geneset/HALLMARK_MYC_TARGETS_V1,MM,Mus musculus
HALLMARK_MYC_TARGETS_V1,Ifrd1,https://www.gsea-msigdb.org/gsea/msigdb/mouse/geneset/HALLMARK_MYC_TARGETS_V1,MM,Mus musculus
HALLMARK_MYC_TARGETS_V1,Ilf2,https://www.gsea-msigdb.org/gsea/msigdb/mouse/geneset/HALLMARK_MYC_TARGETS_V1,MM,Mus musculus
HALLMARK_MYC_TARGETS_V1,Impdh2,https://www.gsea-msigdb.org/gsea/msigdb/mouse/geneset/HALLMARK_MYC_TARGETS_V1,MM,Mus musculus
HALLMARK_MYC_TARGETS_V1,Kars1,https://www.gsea-msigdb.org/gsea/msigdb/mouse/geneset/HALLMARK_MYC_TARGETS_V1,MM,Mus musculus
HALLMARK_MYC_TARGETS_V1,Kpnb1,https://www.gsea-msigdb.org/gsea/msigdb/mouse/geneset/HALLMARK_MYC_TARGETS_V1,MM,Mus musculus
HALLMARK_MYC_TARGETS_V1,Ldha,https://www.gsea-msigdb.org/gsea/msigdb/mouse/geneset/HALLMARK_MYC_TARGETS_V1,MM,Mus musculus
HALLMARK_MYC_TARGETS_V1,Lsm2,https://www.gsea-msigdb.org/gsea/msigdb/mouse/geneset/HALLMARK_MYC_TARGETS_V1,MM,Mus musculus
HALLMARK_MYC_TARGETS_V1,Mad2l1,https://www.gsea-msigdb.org/gsea/msigdb/mouse/geneset/HALLMARK_MYC_TARGETS_V1,MM,Mus musculus
HALLMARK_MYC_TARGETS_V1,Mcm2,https://www.gsea-msigdb.org/gsea/msigdb/mouse/geneset/HALLMARK_MYC_TARGETS_V1,MM,Mus musculus
HALLMARK_MYC_TARGETS_V1,Mcm4,https://www.gsea-msigdb.org/gsea/msigdb/mouse/geneset/HALLMARK_MYC_TARGETS_V1,MM,Mus musculus
HALLMARK_MYC_TARGETS_V1,Mcm5,https://www.gsea-msigdb.org/gsea/msigdb/mouse/geneset/HALLMARK_MYC_TARGETS_V1,MM,Mus musculus
HALLMARK_MYC_TARGETS_V1,Mcm6,https://www.gsea-msigdb.org/gsea/msigdb/mouse/geneset/HALLMARK_MYC_TARGETS_V1,MM,Mus musculus
HALLMARK_MYC_TARGETS_V1,Mcm7,https://www.gsea-msigdb.org/gsea/msigdb/mouse/geneset/HALLMARK_MYC_TARGETS_V1,MM,Mus musculus
HALLMARK_MYC_TARGETS_V1,Mrpl23,https://www.gsea-msigdb.org/gsea/msigdb/mouse/geneset/HALLMARK_MYC_TARGETS_V1,MM,Mus musculus
HALLMARK_MYC_TARGETS_V1,Mrpl9,https://www.gsea-msigdb.org/gsea/msigdb/mouse/geneset/HALLMARK_MYC_TARGETS_V1,MM,Mus musculus
HALLMARK_MYC_TARGETS_V1,Mrps18b,https://www.gsea-msigdb.org/gsea/msigdb/mouse/geneset/HALLMARK_MYC_TARGETS_V1,MM,Mus musculus
HALLMARK_MYC_TARGETS_V1,Myc,https://www.gsea-msigdb.org/gsea/msigdb/mouse/geneset/HALLMARK_MYC_TARGETS_V1,MM,Mus musculus
HALLMARK_MYC_TARGETS_V1,Nap1l1,https://www.gsea-msigdb.org/gsea/msigdb/mouse/geneset/HALLMARK_MYC_TARGETS_V1,MM,Mus musculus
HALLMARK_MYC_TARGETS_V1,Ncbp1,https://www.gsea-msigdb.org/gsea/msigdb/mouse/geneset/HALLMARK_MYC_TARGETS_V1,MM,Mus musculus
HALLMARK_MYC_TARGETS_V1,Ncbp2,https://www.gsea-msigdb.org/gsea/msigdb/mouse/geneset/HALLMARK_MYC_TARGETS_V1,MM,Mus musculus
HALLMARK_MYC_TARGETS_V1,Ndufab1,https://www.gsea-msigdb.org/gsea/msigdb/mouse/geneset/HALLMARK_MYC_TARGETS_V1,MM,Mus musculus
HALLMARK_MYC_TARGETS_V1,Nhp2,https://www.gsea-msigdb.org/gsea/msigdb/mouse/geneset/HALLMARK_MYC_TARGETS_V1,MM,Mus musculus
HALLMARK_MYC_TARGETS_V1,Nme1,https://www.gsea-msigdb.org/gsea/msigdb/mouse/geneset/HALLMARK_MYC_TARGETS_V1,MM,Mus musculus
HALLMARK_MYC_TARGETS_V1,Nolc1,https://www.gsea-msigdb.org/gsea/msigdb/mouse/geneset/HALLMARK_MYC_TARGETS_V1,MM,Mus musculus
HALLMARK_MYC_TARGETS_V1,Nop16,https://www.gsea-msigdb.org/gsea/msigdb/mouse/geneset/HALLMARK_MYC_TARGETS_V1,MM,Mus musculus
HALLMARK_MYC_TARGETS_V1,Nop56,https://www.gsea-msigdb.org/gsea/msigdb/mouse/geneset/HALLMARK_MYC_TARGETS_V1,MM,Mus musculus
HALLMARK_MYC_TARGETS_V1,Npm1,https://www.gsea-msigdb.org/gsea/msigdb/mouse/geneset/HALLMARK_MYC_TARGETS_V1,MM,Mus musculus
HALLMARK_MYC_TARGETS_V1,Odc1,https://www.gsea-msigdb.org/gsea/msigdb/mouse/geneset/HALLMARK_MYC_TARGETS_V1,MM,Mus musculus
HALLMARK_MYC_TARGETS_V1,Orc2,https://www.gsea-msigdb.org/gsea/msigdb/mouse/geneset/HALLMARK_MYC_TARGETS_V1,MM,Mus musculus
HALLMARK_MYC_TARGETS_V1,Pa2g4,https://www.gsea-msigdb.org/gsea/msigdb/mouse/geneset/HALLMARK_MYC_TARGETS_V1,MM,Mus musculus
HALLMARK_MYC_TARGETS_V1,Pabpc1,https://www.gsea-msigdb.org/gsea/msigdb/mouse/geneset/HALLMARK_MYC_TARGETS_V1,MM,Mus musculus
HALLMARK_MYC_TARGETS_V1,Pabpc4,https://www.gsea-msigdb.org/gsea/msigdb/mouse/geneset/HALLMARK_MYC_TARGETS_V1,MM,Mus musculus
HALLMARK_MYC_TARGETS_V1,Pcbp1,https://www.gsea-msigdb.org/gsea/msigdb/mouse/geneset/HALLMARK_MYC_TARGETS_V1,MM,Mus musculus
HALLMARK_MYC_TARGETS_V1,Pcna,https://www.gsea-msigdb.org/gsea/msigdb/mouse/geneset/HALLMARK_MYC_TARGETS_V1,MM,Mus musculus
HALLMARK_MYC_TARGETS_V1,Pgk1,https://www.gsea-msigdb.org/gsea/msigdb/mouse/geneset/HALLMARK_MYC_TARGETS_V1,MM,Mus musculus
HALLMARK_MYC_TARGETS_V1,Phb1,https://www.gsea-msigdb.org/gsea/msigdb/mouse/geneset/HALLMARK_MYC_TARGETS_V1,MM,Mus musculus
HALLMARK_MYC_TARGETS_V1,Phb2,https://www.gsea-msigdb.org/gsea/msigdb/mouse/geneset/HALLMARK_MYC_TARGETS_V1,MM,Mus musculus
HALLMARK_MYC_TARGETS_V1,Pold2,https://www.gsea-msigdb.org/gsea/msigdb/mouse/geneset/HALLMARK_MYC_TARGETS_V1,MM,Mus musculus
HALLMARK_MYC_TARGETS_V1,Pole3,https://www.gsea-msigdb.org/gsea/msigdb/mouse/geneset/HALLMARK_MYC_TARGETS_V1,MM,Mus musculus
HALLMARK_MYC_TARGETS_V1,Ppia,https://www.gsea-msigdb.org/gsea/msigdb/mouse/geneset/HALLMARK_MYC_TARGETS_V1,MM,Mus musculus
HALLMARK_MYC_TARGETS_V1,Ppm1g,https://www.gsea-msigdb.org/gsea/msigdb/mouse/geneset/HALLMARK_MYC_TARGETS_V1,MM,Mus musculus
HALLMARK_MYC_TARGETS_V1,Prdx3,https://www.gsea-msigdb.org/gsea/msigdb/mouse/geneset/HALLMARK_MYC_TARGETS_V1,MM,Mus musculus
HALLMARK_MYC_TARGETS_V1,Prdx4,https://www.gsea-msigdb.org/gsea/msigdb/mouse/geneset/HALLMARK_MYC_TARGETS_V1,MM,Mus musculus
HALLMARK_MYC_TARGETS_V1,Prpf31,https://www.gsea-msigdb.org/gsea/msigdb/mouse/geneset/HALLMARK_MYC_TARGETS_V1,MM,Mus musculus
HALLMARK_MYC_TARGETS_V1,Prps2,https://www.gsea-msigdb.org/gsea/msigdb/mouse/geneset/HALLMARK_MYC_TARGETS_V1,MM,Mus musculus
HALLMARK_MYC_TARGETS_V1,Psma1,https://www.gsea-msigdb.org/gsea/msigdb/mouse/geneset/HALLMARK_MYC_TARGETS_V1,MM,Mus musculus
HALLMARK_MYC_TARGETS_V1,Psma2,https://www.gsea-msigdb.org/gsea/msigdb/mouse/geneset/HALLMARK_MYC_TARGETS_V1,MM,Mus musculus
HALLMARK_MYC_TARGETS_V1,Psma4,https://www.gsea-msigdb.org/gsea/msigdb/mouse/geneset/HALLMARK_MYC_TARGETS_V1,MM,Mus musculus
HALLMARK_MYC_TARGETS_V1,Psma6,https://www.gsea-msigdb.org/gsea/msigdb/mouse/geneset/HALLMARK_MYC_TARGETS_V1,MM,Mus musculus
HALLMARK_MYC_TARGETS_V1,Psma7,https://www.gsea-msigdb.org/gsea/msigdb/mouse/geneset/HALLMARK_MYC_TARGETS_V1,MM,Mus musculus
HALLMARK_MYC_TARGETS_V1,Psmb2,https://www.gsea-msigdb.org/gsea/msigdb/mouse/geneset/HALLMARK_MYC_TARGETS_V1,MM,Mus musculus
HALLMARK_MYC_TARGETS_V1,Psmb3,https://www.gsea-msigdb.org/gsea/msigdb/mouse/geneset/HALLMARK_MYC_TARGETS_V1,MM,Mus musculus
HALLMARK_MYC_TARGETS_V1,Psmc4,https://www.gsea-msigdb.org/gsea/msigdb/mouse/geneset/HALLMARK_MYC_TARGETS_V1,MM,Mus musculus
HALLMARK_MYC_TARGETS_V1,Psmc6,https://www.gsea-msigdb.org/gsea/msigdb/mouse/geneset/HALLMARK_MYC_TARGETS_V1,MM,Mus musculus
HALLMARK_MYC_TARGETS_V1,Psmd1,https://www.gsea-msigdb.org/gsea/msigdb/mouse/geneset/HALLMARK_MYC_TARGETS_V1,MM,Mus musculus
HALLMARK_MYC_TARGETS_V1,Psmd14,https://www.gsea-msigdb.org/gsea/msigdb/mouse/geneset/HALLMARK_MYC_TARGETS_V1,MM,Mus musculus
HALLMARK_MYC_TARGETS_V1,Psmd3,https://www.gsea-msigdb.org/gsea/msigdb/mouse/geneset/HALLMARK_MYC_TARGETS_V1,MM,Mus musculus
HALLMARK_MYC_TARGETS_V1,Psmd7,https://www.gsea-msigdb.org/gsea/msigdb/mouse/geneset/HALLMARK_MYC_TARGETS_V1,MM,Mus musculus
HALLMARK_MYC_TARGETS_V1,Psmd8,https://www.gsea-msigdb.org/gsea/msigdb/mouse/geneset/HALLMARK_MYC_TARGETS_V1,MM,Mus musculus
HALLMARK_MYC_TARGETS_V1,Ptges3-ps,https://www.gsea-msigdb.org/gsea/msigdb/mouse/geneset/HALLMARK_MYC_TARGETS_V1,MM,Mus musculus
HALLMARK_MYC_TARGETS_V1,Pwp1,https://www.gsea-msigdb.org/gsea/msigdb/mouse/geneset/HALLMARK_MYC_TARGETS_V1,MM,Mus musculus
HALLMARK_MYC_TARGETS_V1,Rack1,https://www.gsea-msigdb.org/gsea/msigdb/mouse/geneset/HALLMARK_MYC_TARGETS_V1,MM,Mus musculus
HALLMARK_MYC_TARGETS_V1,Rad23b,https://www.gsea-msigdb.org/gsea/msigdb/mouse/geneset/HALLMARK_MYC_TARGETS_V1,MM,Mus musculus
HALLMARK_MYC_TARGETS_V1,Ran,https://www.gsea-msigdb.org/gsea/msigdb/mouse/geneset/HALLMARK_MYC_TARGETS_V1,MM,Mus musculus
HALLMARK_MYC_TARGETS_V1,Ranbp1,https://www.gsea-msigdb.org/gsea/msigdb/mouse/geneset/HALLMARK_MYC_TARGETS_V1,MM,Mus musculus
HALLMARK_MYC_TARGETS_V1,Rfc4,https://www.gsea-msigdb.org/gsea/msigdb/mouse/geneset/HALLMARK_MYC_TARGETS_V1,MM,Mus musculus
HALLMARK_MYC_TARGETS_V1,Rnps1,https://www.gsea-msigdb.org/gsea/msigdb/mouse/geneset/HALLMARK_MYC_TARGETS_V1,MM,Mus musculus
HALLMARK_MYC_TARGETS_V1,Rpl14,https://www.gsea-msigdb.org/gsea/msigdb/mouse/geneset/HALLMARK_MYC_TARGETS_V1,MM,Mus musculus
HALLMARK_MYC_TARGETS_V1,Rpl18,https://www.gsea-msigdb.org/gsea/msigdb/mouse/geneset/HALLMARK_MYC_TARGETS_V1,MM,Mus musculus
HALLMARK_MYC_TARGETS_V1,Rpl22,https://www.gsea-msigdb.org/gsea/msigdb/mouse/geneset/HALLMARK_MYC_TARGETS_V1,MM,Mus musculus
HALLMARK_MYC_TARGETS_V1,Rpl6,https://www.gsea-msigdb.org/gsea/msigdb/mouse/geneset/HALLMARK_MYC_TARGETS_V1,MM,Mus musculus
HALLMARK_MYC_TARGETS_V1,Rplp0,https://www.gsea-msigdb.org/gsea/msigdb/mouse/geneset/HALLMARK_MYC_TARGETS_V1,MM,Mus musculus
HALLMARK_MYC_TARGETS_V1,Rps10,https://www.gsea-msigdb.org/gsea/msigdb/mouse/geneset/HALLMARK_MYC_TARGETS_V1,MM,Mus musculus
HALLMARK_MYC_TARGETS_V1,Rps2,https://www.gsea-msigdb.org/gsea/msigdb/mouse/geneset/HALLMARK_MYC_TARGETS_V1,MM,Mus musculus
HALLMARK_MYC_TARGETS_V1,Rps3,https://www.gsea-msigdb.org/gsea/msigdb/mouse/geneset/HALLMARK_MYC_TARGETS_V1,MM,Mus musculus
HALLMARK_MYC_TARGETS_V1,Rps5,https://www.gsea-msigdb.org/gsea/msigdb/mouse/geneset/HALLMARK_MYC_TARGETS_V1,MM,Mus musculus
HALLMARK_MYC_TARGETS_V1,Rps6,https://www.gsea-msigdb.org/gsea/msigdb/mouse/geneset/HALLMARK_MYC_TARGETS_V1,MM,Mus musculus
HALLMARK_MYC_TARGETS_V1,Rrm1,https://www.gsea-msigdb.org/gsea/msigdb/mouse/geneset/HALLMARK_MYC_TARGETS_V1,MM,Mus musculus
HALLMARK_MYC_TARGETS_V1,Rrp9,https://www.gsea-msigdb.org/gsea/msigdb/mouse/geneset/HALLMARK_MYC_TARGETS_V1,MM,Mus musculus
HALLMARK_MYC_TARGETS_V1,Rsl1d1,https://www.gsea-msigdb.org/gsea/msigdb/mouse/geneset/HALLMARK_MYC_TARGETS_V1,MM,Mus musculus
HALLMARK_MYC_TARGETS_V1,Ruvbl2,https://www.gsea-msigdb.org/gsea/msigdb/mouse/geneset/HALLMARK_MYC_TARGETS_V1,MM,Mus musculus
HALLMARK_MYC_TARGETS_V1,Serbp1,https://www.gsea-msigdb.org/gsea/msigdb/mouse/geneset/HALLMARK_MYC_TARGETS_V1,MM,Mus musculus
HALLMARK_MYC_TARGETS_V1,Sf3a1,https://www.gsea-msigdb.org/gsea/msigdb/mouse/geneset/HALLMARK_MYC_TARGETS_V1,MM,Mus musculus
HALLMARK_MYC_TARGETS_V1,Sf3b3,https://www.gsea-msigdb.org/gsea/msigdb/mouse/geneset/HALLMARK_MYC_TARGETS_V1,MM,Mus musculus
HALLMARK_MYC_TARGETS_V1,Slc25a3,https://www.gsea-msigdb.org/gsea/msigdb/mouse/geneset/HALLMARK_MYC_TARGETS_V1,MM,Mus musculus
HALLMARK_MYC_TARGETS_V1,Smarcc1,https://www.gsea-msigdb.org/gsea/msigdb/mouse/geneset/HALLMARK_MYC_TARGETS_V1,MM,Mus musculus
HALLMARK_MYC_TARGETS_V1,Snrpa,https://www.gsea-msigdb.org/gsea/msigdb/mouse/geneset/HALLMARK_MYC_TARGETS_V1,MM,Mus musculus
HALLMARK_MYC_TARGETS_V1,Snrpa1,https://www.gsea-msigdb.org/gsea/msigdb/mouse/geneset/HALLMARK_MYC_TARGETS_V1,MM,Mus musculus
HALLMARK_MYC_TARGETS_V1,Snrpb2,https://www.gsea-msigdb.org/gsea/msigdb/mouse/geneset/HALLMARK_MYC_TARGETS_V1,MM,Mus musculus
HALLMARK_MYC_TARGETS_V1,Snrpd1,https://www.gsea-msigdb.org/gsea/msigdb/mouse/geneset/HALLMARK_MYC_TARGETS_V1,MM,Mus musculus
HALLMARK_MYC_TARGETS_V1,Snrpd2,https://www.gsea-msigdb.org/gsea/msigdb/mouse/geneset/HALLMARK_MYC_TARGETS_V1,MM,Mus musculus
HALLMARK_MYC_TARGETS_V1,Snrpd3,https://www.gsea-msigdb.org/gsea/msigdb/mouse/geneset/HALLMARK_MYC_TARGETS_V1,MM,Mus musculus
HALLMARK_MYC_TARGETS_V1,Snrpg,https://www.gsea-msigdb.org/gsea/msigdb/mouse/geneset/HALLMARK_MYC_TARGETS_V1,MM,Mus musculus
HALLMARK_MYC_TARGETS_V1,Srm,https://www.gsea-msigdb.org/gsea/msigdb/mouse/geneset/HALLMARK_MYC_TARGETS_V1,MM,Mus musculus
HALLMARK_MYC_TARGETS_V1,Srpk1,https://www.gsea-msigdb.org/gsea/msigdb/mouse/geneset/HALLMARK_MYC_TARGETS_V1,MM,Mus musculus
HALLMARK_MYC_TARGETS_V1,Srsf1,https://www.gsea-msigdb.org/gsea/msigdb/mouse/geneset/HALLMARK_MYC_TARGETS_V1,MM,Mus musculus
HALLMARK_MYC_TARGETS_V1,Srsf2,https://www.gsea-msigdb.org/gsea/msigdb/mouse/geneset/HALLMARK_MYC_TARGETS_V1,MM,Mus musculus
HALLMARK_MYC_TARGETS_V1,Srsf3,https://www.gsea-msigdb.org/gsea/msigdb/mouse/geneset/HALLMARK_MYC_TARGETS_V1,MM,Mus musculus
HALLMARK_MYC_TARGETS_V1,Srsf7,https://www.gsea-msigdb.org/gsea/msigdb/mouse/geneset/HALLMARK_MYC_TARGETS_V1,MM,Mus musculus
HALLMARK_MYC_TARGETS_V1,Ssb,https://www.gsea-msigdb.org/gsea/msigdb/mouse/geneset/HALLMARK_MYC_TARGETS_V1,MM,Mus musculus
HALLMARK_MYC_TARGETS_V1,Ssbp1,https://www.gsea-msigdb.org/gsea/msigdb/mouse/geneset/HALLMARK_MYC_TARGETS_V1,MM,Mus musculus
HALLMARK_MYC_TARGETS_V1,Stard7,https://www.gsea-msigdb.org/gsea/msigdb/mouse/geneset/HALLMARK_MYC_TARGETS_V1,MM,Mus musculus
HALLMARK_MYC_TARGETS_V1,Syncrip,https://www.gsea-msigdb.org/gsea/msigdb/mouse/geneset/HALLMARK_MYC_TARGETS_V1,MM,Mus musculus
HALLMARK_MYC_TARGETS_V1,Tardbp,https://www.gsea-msigdb.org/gsea/msigdb/mouse/geneset/HALLMARK_MYC_TARGETS_V1,MM,Mus musculus
HALLMARK_MYC_TARGETS_V1,Tcp1,https://www.gsea-msigdb.org/gsea/msigdb/mouse/geneset/HALLMARK_MYC_TARGETS_V1,MM,Mus musculus
HALLMARK_MYC_TARGETS_V1,Tfdp1,https://www.gsea-msigdb.org/gsea/msigdb/mouse/geneset/HALLMARK_MYC_TARGETS_V1,MM,Mus musculus
HALLMARK_MYC_TARGETS_V1,Tomm70a,https://www.gsea-msigdb.org/gsea/msigdb/mouse/geneset/HALLMARK_MYC_TARGETS_V1,MM,Mus musculus
HALLMARK_MYC_TARGETS_V1,Tra2b,https://www.gsea-msigdb.org/gsea/msigdb/mouse/geneset/HALLMARK_MYC_TARGETS_V1,MM,Mus musculus
HALLMARK_MYC_TARGETS_V1,Trim28,https://www.gsea-msigdb.org/gsea/msigdb/mouse/geneset/HALLMARK_MYC_TARGETS_V1,MM,Mus musculus
HALLMARK_MYC_TARGETS_V1,Tufm,https://www.gsea-msigdb.org/gsea/msigdb/mouse/geneset/HALLMARK_MYC_TARGETS_V1,MM,Mus musculus
HALLMARK_MYC_TARGETS_V1,Txnl4a,https://www.gsea-msigdb.org/gsea/msigdb/mouse/geneset/HALLMARK_MYC_TARGETS_V1,MM,Mus musculus
HALLMARK_MYC_TARGETS_V1,Tyms,https://www.gsea-msigdb.org/gsea/msigdb/mouse/geneset/HALLMARK_MYC_TARGETS_V1,MM,Mus musculus
HALLMARK_MYC_TARGETS_V1,Uba2,https://www.gsea-msigdb.org/gsea/msigdb/mouse/geneset/HALLMARK_MYC_TARGETS_V1,MM,Mus musculus
HALLMARK_MYC_TARGETS_V1,Ube2e1,https://www.gsea-msigdb.org/gsea/msigdb/mouse/geneset/HALLMARK_MYC_TARGETS_V1,MM,Mus musculus
HALLMARK_MYC_TARGETS_V1,Usp1,https://www.gsea-msigdb.org/gsea/msigdb/mouse/geneset/HALLMARK_MYC_TARGETS_V1,MM,Mus musculus
HALLMARK_MYC_TARGETS_V1,Vbp1,https://www.gsea-msigdb.org/gsea/msigdb/mouse/geneset/HALLMARK_MYC_TARGETS_V1,MM,Mus musculus
HALLMARK_MYC_TARGETS_V1,Vdac1,https://www.gsea-msigdb.org/gsea/msigdb/mouse/geneset/HALLMARK_MYC_TARGETS_V1,MM,Mus musculus
HALLMARK_MYC_TARGETS_V1,Vdac3,https://www.gsea-msigdb.org/gsea/msigdb/mouse/geneset/HALLMARK_MYC_TARGETS_V1,MM,Mus musculus
HALLMARK_MYC_TARGETS_V1,Xpo1,https://www.gsea-msigdb.org/gsea/msigdb/mouse/geneset/HALLMARK_MYC_TARGETS_V1,MM,Mus musculus
HALLMARK_MYC_TARGETS_V1,Xpot,https://www.gsea-msigdb.org/gsea/msigdb/mouse/geneset/HALLMARK_MYC_TARGETS_V1,MM,Mus musculus
HALLMARK_MYC_TARGETS_V1,Xrcc6,https://www.gsea-msigdb.org/gsea/msigdb/mouse/geneset/HALLMARK_MYC_TARGETS_V1,MM,Mus musculus
HALLMARK_MYC_TARGETS_V1,Ywhae,https://www.gsea-msigdb.org/gsea/msigdb/mouse/geneset/HALLMARK_MYC_TARGETS_V1,MM,Mus musculus
HALLMARK_MYC_TARGETS_V1,Ywhaq,https://www.gsea-msigdb.org/gsea/msigdb/mouse/geneset/HALLMARK_MYC_TARGETS_V1,MM,Mus musculus
HALLMARK_MYC_TARGETS_V2,Aimp2,https://www.gsea-msigdb.org/gsea/msigdb/mouse/geneset/HALLMARK_MYC_TARGETS_V2,MM,Mus musculus
HALLMARK_MYC_TARGETS_V2,Bysl,https://www.gsea-msigdb.org/gsea/msigdb/mouse/geneset/HALLMARK_MYC_TARGETS_V2,MM,Mus musculus
HALLMARK_MYC_TARGETS_V2,Cbx3,https://www.gsea-msigdb.org/gsea/msigdb/mouse/geneset/HALLMARK_MYC_TARGETS_V2,MM,Mus musculus
HALLMARK_MYC_TARGETS_V2,Cdk4,https://www.gsea-msigdb.org/gsea/msigdb/mouse/geneset/HALLMARK_MYC_TARGETS_V2,MM,Mus musculus
HALLMARK_MYC_TARGETS_V2,Dctpp1,https://www.gsea-msigdb.org/gsea/msigdb/mouse/geneset/HALLMARK_MYC_TARGETS_V2,MM,Mus musculus
HALLMARK_MYC_TARGETS_V2,Ddx18,https://www.gsea-msigdb.org/gsea/msigdb/mouse/geneset/HALLMARK_MYC_TARGETS_V2,MM,Mus musculus
HALLMARK_MYC_TARGETS_V2,Dusp2,https://www.gsea-msigdb.org/gsea/msigdb/mouse/geneset/HALLMARK_MYC_TARGETS_V2,MM,Mus musculus
HALLMARK_MYC_TARGETS_V2,Exosc5,https://www.gsea-msigdb.org/gsea/msigdb/mouse/geneset/HALLMARK_MYC_TARGETS_V2,MM,Mus musculus
HALLMARK_MYC_TARGETS_V2,Farsa,https://www.gsea-msigdb.org/gsea/msigdb/mouse/geneset/HALLMARK_MYC_TARGETS_V2,MM,Mus musculus
HALLMARK_MYC_TARGETS_V2,Gnl3,https://www.gsea-msigdb.org/gsea/msigdb/mouse/geneset/HALLMARK_MYC_TARGETS_V2,MM,Mus musculus
HALLMARK_MYC_TARGETS_V2,Grwd1,https://www.gsea-msigdb.org/gsea/msigdb/mouse/geneset/HALLMARK_MYC_TARGETS_V2,MM,Mus musculus
HALLMARK_MYC_TARGETS_V2,Hk2,https://www.gsea-msigdb.org/gsea/msigdb/mouse/geneset/HALLMARK_MYC_TARGETS_V2,MM,Mus musculus
HALLMARK_MYC_TARGETS_V2,Hspd1,https://www.gsea-msigdb.org/gsea/msigdb/mouse/geneset/HALLMARK_MYC_TARGETS_V2,MM,Mus musculus
HALLMARK_MYC_TARGETS_V2,Hspe1,https://www.gsea-msigdb.org/gsea/msigdb/mouse/geneset/HALLMARK_MYC_TARGETS_V2,MM,Mus musculus
HALLMARK_MYC_TARGETS_V2,Imp4,https://www.gsea-msigdb.org/gsea/msigdb/mouse/geneset/HALLMARK_MYC_TARGETS_V2,MM,Mus musculus
HALLMARK_MYC_TARGETS_V2,Ipo4,https://www.gsea-msigdb.org/gsea/msigdb/mouse/geneset/HALLMARK_MYC_TARGETS_V2,MM,Mus musculus
HALLMARK_MYC_TARGETS_V2,Las1l,https://www.gsea-msigdb.org/gsea/msigdb/mouse/geneset/HALLMARK_MYC_TARGETS_V2,MM,Mus musculus
HALLMARK_MYC_TARGETS_V2,Map3k6,https://www.gsea-msigdb.org/gsea/msigdb/mouse/geneset/HALLMARK_MYC_TARGETS_V2,MM,Mus musculus
HALLMARK_MYC_TARGETS_V2,Mcm4,https://www.gsea-msigdb.org/gsea/msigdb/mouse/geneset/HALLMARK_MYC_TARGETS_V2,MM,Mus musculus
HALLMARK_MYC_TARGETS_V2,Mcm5,https://www.gsea-msigdb.org/gsea/msigdb/mouse/geneset/HALLMARK_MYC_TARGETS_V2,MM,Mus musculus
HALLMARK_MYC_TARGETS_V2,Mphosph10,https://www.gsea-msigdb.org/gsea/msigdb/mouse/geneset/HALLMARK_MYC_TARGETS_V2,MM,Mus musculus
HALLMARK_MYC_TARGETS_V2,Mrto4,https://www.gsea-msigdb.org/gsea/msigdb/mouse/geneset/HALLMARK_MYC_TARGETS_V2,MM,Mus musculus
HALLMARK_MYC_TARGETS_V2,Mybbp1a,https://www.gsea-msigdb.org/gsea/msigdb/mouse/geneset/HALLMARK_MYC_TARGETS_V2,MM,Mus musculus
HALLMARK_MYC_TARGETS_V2,Myc,https://www.gsea-msigdb.org/gsea/msigdb/mouse/geneset/HALLMARK_MYC_TARGETS_V2,MM,Mus musculus
HALLMARK_MYC_TARGETS_V2,Ndufaf4,https://www.gsea-msigdb.org/gsea/msigdb/mouse/geneset/HALLMARK_MYC_TARGETS_V2,MM,Mus musculus
HALLMARK_MYC_TARGETS_V2,Nip7,https://www.gsea-msigdb.org/gsea/msigdb/mouse/geneset/HALLMARK_MYC_TARGETS_V2,MM,Mus musculus
HALLMARK_MYC_TARGETS_V2,Noc4l,https://www.gsea-msigdb.org/gsea/msigdb/mouse/geneset/HALLMARK_MYC_TARGETS_V2,MM,Mus musculus
HALLMARK_MYC_TARGETS_V2,Nolc1,https://www.gsea-msigdb.org/gsea/msigdb/mouse/geneset/HALLMARK_MYC_TARGETS_V2,MM,Mus musculus
HALLMARK_MYC_TARGETS_V2,Nop16,https://www.gsea-msigdb.org/gsea/msigdb/mouse/geneset/HALLMARK_MYC_TARGETS_V2,MM,Mus musculus
HALLMARK_MYC_TARGETS_V2,Nop2,https://www.gsea-msigdb.org/gsea/msigdb/mouse/geneset/HALLMARK_MYC_TARGETS_V2,MM,Mus musculus
HALLMARK_MYC_TARGETS_V2,Nop56,https://www.gsea-msigdb.org/gsea/msigdb/mouse/geneset/HALLMARK_MYC_TARGETS_V2,MM,Mus musculus
HALLMARK_MYC_TARGETS_V2,Npm1,https://www.gsea-msigdb.org/gsea/msigdb/mouse/geneset/HALLMARK_MYC_TARGETS_V2,MM,Mus musculus
HALLMARK_MYC_TARGETS_V2,Pa2g4,https://www.gsea-msigdb.org/gsea/msigdb/mouse/geneset/HALLMARK_MYC_TARGETS_V2,MM,Mus musculus
HALLMARK_MYC_TARGETS_V2,Pes1,https://www.gsea-msigdb.org/gsea/msigdb/mouse/geneset/HALLMARK_MYC_TARGETS_V2,MM,Mus musculus
HALLMARK_MYC_TARGETS_V2,Phb1,https://www.gsea-msigdb.org/gsea/msigdb/mouse/geneset/HALLMARK_MYC_TARGETS_V2,MM,Mus musculus
HALLMARK_MYC_TARGETS_V2,Plk1,https://www.gsea-msigdb.org/gsea/msigdb/mouse/geneset/HALLMARK_MYC_TARGETS_V2,MM,Mus musculus
HALLMARK_MYC_TARGETS_V2,Plk4,https://www.gsea-msigdb.org/gsea/msigdb/mouse/geneset/HALLMARK_MYC_TARGETS_V2,MM,Mus musculus
HALLMARK_MYC_TARGETS_V2,Ppan,https://www.gsea-msigdb.org/gsea/msigdb/mouse/geneset/HALLMARK_MYC_TARGETS_V2,MM,Mus musculus
HALLMARK_MYC_TARGETS_V2,Pprc1,https://www.gsea-msigdb.org/gsea/msigdb/mouse/geneset/HALLMARK_MYC_TARGETS_V2,MM,Mus musculus
HALLMARK_MYC_TARGETS_V2,Prmt3,https://www.gsea-msigdb.org/gsea/msigdb/mouse/geneset/HALLMARK_MYC_TARGETS_V2,MM,Mus musculus
HALLMARK_MYC_TARGETS_V2,Pus1,https://www.gsea-msigdb.org/gsea/msigdb/mouse/geneset/HALLMARK_MYC_TARGETS_V2,MM,Mus musculus
HALLMARK_MYC_TARGETS_V2,Rabepk,https://www.gsea-msigdb.org/gsea/msigdb/mouse/geneset/HALLMARK_MYC_TARGETS_V2,MM,Mus musculus
HALLMARK_MYC_TARGETS_V2,Rcl1,https://www.gsea-msigdb.org/gsea/msigdb/mouse/geneset/HALLMARK_MYC_TARGETS_V2,MM,Mus musculus
HALLMARK_MYC_TARGETS_V2,Rrp12,https://www.gsea-msigdb.org/gsea/msigdb/mouse/geneset/HALLMARK_MYC_TARGETS_V2,MM,Mus musculus
HALLMARK_MYC_TARGETS_V2,Rrp9,https://www.gsea-msigdb.org/gsea/msigdb/mouse/geneset/HALLMARK_MYC_TARGETS_V2,MM,Mus musculus
HALLMARK_MYC_TARGETS_V2,Slc19a1,https://www.gsea-msigdb.org/gsea/msigdb/mouse/geneset/HALLMARK_MYC_TARGETS_V2,MM,Mus musculus
HALLMARK_MYC_TARGETS_V2,Slc29a2,https://www.gsea-msigdb.org/gsea/msigdb/mouse/geneset/HALLMARK_MYC_TARGETS_V2,MM,Mus musculus
HALLMARK_MYC_TARGETS_V2,Sord,https://www.gsea-msigdb.org/gsea/msigdb/mouse/geneset/HALLMARK_MYC_TARGETS_V2,MM,Mus musculus
HALLMARK_MYC_TARGETS_V2,Srm,https://www.gsea-msigdb.org/gsea/msigdb/mouse/geneset/HALLMARK_MYC_TARGETS_V2,MM,Mus musculus
HALLMARK_MYC_TARGETS_V2,Supv3l1,https://www.gsea-msigdb.org/gsea/msigdb/mouse/geneset/HALLMARK_MYC_TARGETS_V2,MM,Mus musculus
HALLMARK_MYC_TARGETS_V2,Tbrg4,https://www.gsea-msigdb.org/gsea/msigdb/mouse/geneset/HALLMARK_MYC_TARGETS_V2,MM,Mus musculus
HALLMARK_MYC_TARGETS_V2,Tcof1,https://www.gsea-msigdb.org/gsea/msigdb/mouse/geneset/HALLMARK_MYC_TARGETS_V2,MM,Mus musculus
HALLMARK_MYC_TARGETS_V2,Tfb2m,https://www.gsea-msigdb.org/gsea/msigdb/mouse/geneset/HALLMARK_MYC_TARGETS_V2,MM,Mus musculus
HALLMARK_MYC_TARGETS_V2,Tmem97,https://www.gsea-msigdb.org/gsea/msigdb/mouse/geneset/HALLMARK_MYC_TARGETS_V2,MM,Mus musculus
HALLMARK_MYC_TARGETS_V2,Ung,https://www.gsea-msigdb.org/gsea/msigdb/mouse/geneset/HALLMARK_MYC_TARGETS_V2,MM,Mus musculus
HALLMARK_MYC_TARGETS_V2,Utp20,https://www.gsea-msigdb.org/gsea/msigdb/mouse/geneset/HALLMARK_MYC_TARGETS_V2,MM,Mus musculus
HALLMARK_MYC_TARGETS_V2,Wdr43,https://www.gsea-msigdb.org/gsea/msigdb/mouse/geneset/HALLMARK_MYC_TARGETS_V2,MM,Mus musculus
HALLMARK_MYC_TARGETS_V2,Wdr74,https://www.gsea-msigdb.org/gsea/msigdb/mouse/geneset/HALLMARK_MYC_TARGETS_V2,MM,Mus musculus
HALLMARK_MYOGENESIS,Ablim1,https://www.gsea-msigdb.org/gsea/msigdb/mouse/geneset/HALLMARK_MYOGENESIS,MM,Mus musculus
HALLMARK_MYOGENESIS,Ache,https://www.gsea-msigdb.org/gsea/msigdb/mouse/geneset/HALLMARK_MYOGENESIS,MM,Mus musculus
HALLMARK_MYOGENESIS,Acsl1,https://www.gsea-msigdb.org/gsea/msigdb/mouse/geneset/HALLMARK_MYOGENESIS,MM,Mus musculus
HALLMARK_MYOGENESIS,Acta1,https://www.gsea-msigdb.org/gsea/msigdb/mouse/geneset/HALLMARK_MYOGENESIS,MM,Mus musculus
HALLMARK_MYOGENESIS,Actc1,https://www.gsea-msigdb.org/gsea/msigdb/mouse/geneset/HALLMARK_MYOGENESIS,MM,Mus musculus
HALLMARK_MYOGENESIS,Actn2,https://www.gsea-msigdb.org/gsea/msigdb/mouse/geneset/HALLMARK_MYOGENESIS,MM,Mus musculus
HALLMARK_MYOGENESIS,Actn3,https://www.gsea-msigdb.org/gsea/msigdb/mouse/geneset/HALLMARK_MYOGENESIS,MM,Mus musculus
HALLMARK_MYOGENESIS,Adam12,https://www.gsea-msigdb.org/gsea/msigdb/mouse/geneset/HALLMARK_MYOGENESIS,MM,Mus musculus
HALLMARK_MYOGENESIS,Adcy9,https://www.gsea-msigdb.org/gsea/msigdb/mouse/geneset/HALLMARK_MYOGENESIS,MM,Mus musculus
HALLMARK_MYOGENESIS,Aebp1,https://www.gsea-msigdb.org/gsea/msigdb/mouse/geneset/HALLMARK_MYOGENESIS,MM,Mus musculus
HALLMARK_MYOGENESIS,Agl,https://www.gsea-msigdb.org/gsea/msigdb/mouse/geneset/HALLMARK_MYOGENESIS,MM,Mus musculus
HALLMARK_MYOGENESIS,Agrn,https://www.gsea-msigdb.org/gsea/msigdb/mouse/geneset/HALLMARK_MYOGENESIS,MM,Mus musculus
HALLMARK_MYOGENESIS,Ak1,https://www.gsea-msigdb.org/gsea/msigdb/mouse/geneset/HALLMARK_MYOGENESIS,MM,Mus musculus
HALLMARK_MYOGENESIS,Akt2,https://www.gsea-msigdb.org/gsea/msigdb/mouse/geneset/HALLMARK_MYOGENESIS,MM,Mus musculus
HALLMARK_MYOGENESIS,Ankrd2,https://www.gsea-msigdb.org/gsea/msigdb/mouse/geneset/HALLMARK_MYOGENESIS,MM,Mus musculus
HALLMARK_MYOGENESIS,Aplnr,https://www.gsea-msigdb.org/gsea/msigdb/mouse/geneset/HALLMARK_MYOGENESIS,MM,Mus musculus
HALLMARK_MYOGENESIS,Apod,https://www.gsea-msigdb.org/gsea/msigdb/mouse/geneset/HALLMARK_MYOGENESIS,MM,Mus musculus
HALLMARK_MYOGENESIS,App,https://www.gsea-msigdb.org/gsea/msigdb/mouse/geneset/HALLMARK_MYOGENESIS,MM,Mus musculus
HALLMARK_MYOGENESIS,Atp2a1,https://www.gsea-msigdb.org/gsea/msigdb/mouse/geneset/HALLMARK_MYOGENESIS,MM,Mus musculus
HALLMARK_MYOGENESIS,Atp6ap1,https://www.gsea-msigdb.org/gsea/msigdb/mouse/geneset/HALLMARK_MYOGENESIS,MM,Mus musculus
HALLMARK_MYOGENESIS,Bag1,https://www.gsea-msigdb.org/gsea/msigdb/mouse/geneset/HALLMARK_MYOGENESIS,MM,Mus musculus
HALLMARK_MYOGENESIS,Bdkrb2,https://www.gsea-msigdb.org/gsea/msigdb/mouse/geneset/HALLMARK_MYOGENESIS,MM,Mus musculus
HALLMARK_MYOGENESIS,Bhlhe40,https://www.gsea-msigdb.org/gsea/msigdb/mouse/geneset/HALLMARK_MYOGENESIS,MM,Mus musculus
HALLMARK_MYOGENESIS,Bin1,https://www.gsea-msigdb.org/gsea/msigdb/mouse/geneset/HALLMARK_MYOGENESIS,MM,Mus musculus
HALLMARK_MYOGENESIS,Cacna1h,https://www.gsea-msigdb.org/gsea/msigdb/mouse/geneset/HALLMARK_MYOGENESIS,MM,Mus musculus
HALLMARK_MYOGENESIS,Cacng1,https://www.gsea-msigdb.org/gsea/msigdb/mouse/geneset/HALLMARK_MYOGENESIS,MM,Mus musculus
HALLMARK_MYOGENESIS,Camk2b,https://www.gsea-msigdb.org/gsea/msigdb/mouse/geneset/HALLMARK_MYOGENESIS,MM,Mus musculus
HALLMARK_MYOGENESIS,Casq1,https://www.gsea-msigdb.org/gsea/msigdb/mouse/geneset/HALLMARK_MYOGENESIS,MM,Mus musculus
HALLMARK_MYOGENESIS,Casq2,https://www.gsea-msigdb.org/gsea/msigdb/mouse/geneset/HALLMARK_MYOGENESIS,MM,Mus musculus
HALLMARK_MYOGENESIS,Cav3,https://www.gsea-msigdb.org/gsea/msigdb/mouse/geneset/HALLMARK_MYOGENESIS,MM,Mus musculus
HALLMARK_MYOGENESIS,Cd36,https://www.gsea-msigdb.org/gsea/msigdb/mouse/geneset/HALLMARK_MYOGENESIS,MM,Mus musculus
HALLMARK_MYOGENESIS,Cdh13,https://www.gsea-msigdb.org/gsea/msigdb/mouse/geneset/HALLMARK_MYOGENESIS,MM,Mus musculus
HALLMARK_MYOGENESIS,Cdkn1a,https://www.gsea-msigdb.org/gsea/msigdb/mouse/geneset/HALLMARK_MYOGENESIS,MM,Mus musculus
HALLMARK_MYOGENESIS,Cfd,https://www.gsea-msigdb.org/gsea/msigdb/mouse/geneset/HALLMARK_MYOGENESIS,MM,Mus musculus
HALLMARK_MYOGENESIS,Chrna1,https://www.gsea-msigdb.org/gsea/msigdb/mouse/geneset/HALLMARK_MYOGENESIS,MM,Mus musculus
HALLMARK_MYOGENESIS,Chrnb1,https://www.gsea-msigdb.org/gsea/msigdb/mouse/geneset/HALLMARK_MYOGENESIS,MM,Mus musculus
HALLMARK_MYOGENESIS,Chrng,https://www.gsea-msigdb.org/gsea/msigdb/mouse/geneset/HALLMARK_MYOGENESIS,MM,Mus musculus
HALLMARK_MYOGENESIS,Ckb,https://www.gsea-msigdb.org/gsea/msigdb/mouse/geneset/HALLMARK_MYOGENESIS,MM,Mus musculus
HALLMARK_MYOGENESIS,Ckm,https://www.gsea-msigdb.org/gsea/msigdb/mouse/geneset/HALLMARK_MYOGENESIS,MM,Mus musculus
HALLMARK_MYOGENESIS,Ckmt2,https://www.gsea-msigdb.org/gsea/msigdb/mouse/geneset/HALLMARK_MYOGENESIS,MM,Mus musculus
HALLMARK_MYOGENESIS,Clu,https://www.gsea-msigdb.org/gsea/msigdb/mouse/geneset/HALLMARK_MYOGENESIS,MM,Mus musculus
HALLMARK_MYOGENESIS,Cnn3,https://www.gsea-msigdb.org/gsea/msigdb/mouse/geneset/HALLMARK_MYOGENESIS,MM,Mus musculus
HALLMARK_MYOGENESIS,Col15a1,https://www.gsea-msigdb.org/gsea/msigdb/mouse/geneset/HALLMARK_MYOGENESIS,MM,Mus musculus
HALLMARK_MYOGENESIS,Col1a1,https://www.gsea-msigdb.org/gsea/msigdb/mouse/geneset/HALLMARK_MYOGENESIS,MM,Mus musculus
HALLMARK_MYOGENESIS,Col3a1,https://www.gsea-msigdb.org/gsea/msigdb/mouse/geneset/HALLMARK_MYOGENESIS,MM,Mus musculus
HALLMARK_MYOGENESIS,Col4a2,https://www.gsea-msigdb.org/gsea/msigdb/mouse/geneset/HALLMARK_MYOGENESIS,MM,Mus musculus
HALLMARK_MYOGENESIS,Col6a2,https://www.gsea-msigdb.org/gsea/msigdb/mouse/geneset/HALLMARK_MYOGENESIS,MM,Mus musculus
HALLMARK_MYOGENESIS,Col6a3,https://www.gsea-msigdb.org/gsea/msigdb/mouse/geneset/HALLMARK_MYOGENESIS,MM,Mus musculus
HALLMARK_MYOGENESIS,Cox6a2,https://www.gsea-msigdb.org/gsea/msigdb/mouse/geneset/HALLMARK_MYOGENESIS,MM,Mus musculus
HALLMARK_MYOGENESIS,Cox7a1,https://www.gsea-msigdb.org/gsea/msigdb/mouse/geneset/HALLMARK_MYOGENESIS,MM,Mus musculus
HALLMARK_MYOGENESIS,Crat,https://www.gsea-msigdb.org/gsea/msigdb/mouse/geneset/HALLMARK_MYOGENESIS,MM,Mus musculus
HALLMARK_MYOGENESIS,Cryab,https://www.gsea-msigdb.org/gsea/msigdb/mouse/geneset/HALLMARK_MYOGENESIS,MM,Mus musculus
HALLMARK_MYOGENESIS,Csrp3,https://www.gsea-msigdb.org/gsea/msigdb/mouse/geneset/HALLMARK_MYOGENESIS,MM,Mus musculus
HALLMARK_MYOGENESIS,Ctf1,https://www.gsea-msigdb.org/gsea/msigdb/mouse/geneset/HALLMARK_MYOGENESIS,MM,Mus musculus
HALLMARK_MYOGENESIS,Dapk2,https://www.gsea-msigdb.org/gsea/msigdb/mouse/geneset/HALLMARK_MYOGENESIS,MM,Mus musculus
HALLMARK_MYOGENESIS,Dennd2b,https://www.gsea-msigdb.org/gsea/msigdb/mouse/geneset/HALLMARK_MYOGENESIS,MM,Mus musculus
HALLMARK_MYOGENESIS,Des,https://www.gsea-msigdb.org/gsea/msigdb/mouse/geneset/HALLMARK_MYOGENESIS,MM,Mus musculus
HALLMARK_MYOGENESIS,Dmd,https://www.gsea-msigdb.org/gsea/msigdb/mouse/geneset/HALLMARK_MYOGENESIS,MM,Mus musculus
HALLMARK_MYOGENESIS,Dmpk,https://www.gsea-msigdb.org/gsea/msigdb/mouse/geneset/HALLMARK_MYOGENESIS,MM,Mus musculus
HALLMARK_MYOGENESIS,Dtna,https://www.gsea-msigdb.org/gsea/msigdb/mouse/geneset/HALLMARK_MYOGENESIS,MM,Mus musculus
HALLMARK_MYOGENESIS,Efs,https://www.gsea-msigdb.org/gsea/msigdb/mouse/geneset/HALLMARK_MYOGENESIS,MM,Mus musculus
HALLMARK_MYOGENESIS,Eif4a2,https://www.gsea-msigdb.org/gsea/msigdb/mouse/geneset/HALLMARK_MYOGENESIS,MM,Mus musculus
HALLMARK_MYOGENESIS,Eno3,https://www.gsea-msigdb.org/gsea/msigdb/mouse/geneset/HALLMARK_MYOGENESIS,MM,Mus musculus
HALLMARK_MYOGENESIS,Ephb3,https://www.gsea-msigdb.org/gsea/msigdb/mouse/geneset/HALLMARK_MYOGENESIS,MM,Mus musculus
HALLMARK_MYOGENESIS,Erbb3,https://www.gsea-msigdb.org/gsea/msigdb/mouse/geneset/HALLMARK_MYOGENESIS,MM,Mus musculus
HALLMARK_MYOGENESIS,Fabp3,https://www.gsea-msigdb.org/gsea/msigdb/mouse/geneset/HALLMARK_MYOGENESIS,MM,Mus musculus
HALLMARK_MYOGENESIS,Fdps,https://www.gsea-msigdb.org/gsea/msigdb/mouse/geneset/HALLMARK_MYOGENESIS,MM,Mus musculus
HALLMARK_MYOGENESIS,Fgf2,https://www.gsea-msigdb.org/gsea/msigdb/mouse/geneset/HALLMARK_MYOGENESIS,MM,Mus musculus
HALLMARK_MYOGENESIS,Fhl1,https://www.gsea-msigdb.org/gsea/msigdb/mouse/geneset/HALLMARK_MYOGENESIS,MM,Mus musculus
HALLMARK_MYOGENESIS,Fkbp1b,https://www.gsea-msigdb.org/gsea/msigdb/mouse/geneset/HALLMARK_MYOGENESIS,MM,Mus musculus
HALLMARK_MYOGENESIS,Flii,https://www.gsea-msigdb.org/gsea/msigdb/mouse/geneset/HALLMARK_MYOGENESIS,MM,Mus musculus
HALLMARK_MYOGENESIS,Foxo4,https://www.gsea-msigdb.org/gsea/msigdb/mouse/geneset/HALLMARK_MYOGENESIS,MM,Mus musculus
HALLMARK_MYOGENESIS,Fst,https://www.gsea-msigdb.org/gsea/msigdb/mouse/geneset/HALLMARK_MYOGENESIS,MM,Mus musculus
HALLMARK_MYOGENESIS,Fxyd1,https://www.gsea-msigdb.org/gsea/msigdb/mouse/geneset/HALLMARK_MYOGENESIS,MM,Mus musculus
HALLMARK_MYOGENESIS,Gaa,https://www.gsea-msigdb.org/gsea/msigdb/mouse/geneset/HALLMARK_MYOGENESIS,MM,Mus musculus
HALLMARK_MYOGENESIS,Gabarapl2,https://www.gsea-msigdb.org/gsea/msigdb/mouse/geneset/HALLMARK_MYOGENESIS,MM,Mus musculus
HALLMARK_MYOGENESIS,Gadd45b,https://www.gsea-msigdb.org/gsea/msigdb/mouse/geneset/HALLMARK_MYOGENESIS,MM,Mus musculus
HALLMARK_MYOGENESIS,Gja5,https://www.gsea-msigdb.org/gsea/msigdb/mouse/geneset/HALLMARK_MYOGENESIS,MM,Mus musculus
HALLMARK_MYOGENESIS,Gnao1,https://www.gsea-msigdb.org/gsea/msigdb/mouse/geneset/HALLMARK_MYOGENESIS,MM,Mus musculus
HALLMARK_MYOGENESIS,Gpx3,https://www.gsea-msigdb.org/gsea/msigdb/mouse/geneset/HALLMARK_MYOGENESIS,MM,Mus musculus
HALLMARK_MYOGENESIS,Gsn,https://www.gsea-msigdb.org/gsea/msigdb/mouse/geneset/HALLMARK_MYOGENESIS,MM,Mus musculus
HALLMARK_MYOGENESIS,Hbegf,https://www.gsea-msigdb.org/gsea/msigdb/mouse/geneset/HALLMARK_MYOGENESIS,MM,Mus musculus
HALLMARK_MYOGENESIS,Hdac5,https://www.gsea-msigdb.org/gsea/msigdb/mouse/geneset/HALLMARK_MYOGENESIS,MM,Mus musculus
HALLMARK_MYOGENESIS,Hrc,https://www.gsea-msigdb.org/gsea/msigdb/mouse/geneset/HALLMARK_MYOGENESIS,MM,Mus musculus
HALLMARK_MYOGENESIS,Hspb2,https://www.gsea-msigdb.org/gsea/msigdb/mouse/geneset/HALLMARK_MYOGENESIS,MM,Mus musculus
HALLMARK_MYOGENESIS,Hspb8,https://www.gsea-msigdb.org/gsea/msigdb/mouse/geneset/HALLMARK_MYOGENESIS,MM,Mus musculus
HALLMARK_MYOGENESIS,Ifrd1,https://www.gsea-msigdb.org/gsea/msigdb/mouse/geneset/HALLMARK_MYOGENESIS,MM,Mus musculus
HALLMARK_MYOGENESIS,Igf1,https://www.gsea-msigdb.org/gsea/msigdb/mouse/geneset/HALLMARK_MYOGENESIS,MM,Mus musculus
HALLMARK_MYOGENESIS,Igfbp3,https://www.gsea-msigdb.org/gsea/msigdb/mouse/geneset/HALLMARK_MYOGENESIS,MM,Mus musculus
HALLMARK_MYOGENESIS,Igfbp7,https://www.gsea-msigdb.org/gsea/msigdb/mouse/geneset/HALLMARK_MYOGENESIS,MM,Mus musculus
HALLMARK_MYOGENESIS,Itga7,https://www.gsea-msigdb.org/gsea/msigdb/mouse/geneset/HALLMARK_MYOGENESIS,MM,Mus musculus
HALLMARK_MYOGENESIS,Itgb1,https://www.gsea-msigdb.org/gsea/msigdb/mouse/geneset/HALLMARK_MYOGENESIS,MM,Mus musculus
HALLMARK_MYOGENESIS,Itgb4,https://www.gsea-msigdb.org/gsea/msigdb/mouse/geneset/HALLMARK_MYOGENESIS,MM,Mus musculus
HALLMARK_MYOGENESIS,Itgb5,https://www.gsea-msigdb.org/gsea/msigdb/mouse/geneset/HALLMARK_MYOGENESIS,MM,Mus musculus
HALLMARK_MYOGENESIS,Kcnh1,https://www.gsea-msigdb.org/gsea/msigdb/mouse/geneset/HALLMARK_MYOGENESIS,MM,Mus musculus
HALLMARK_MYOGENESIS,Kcnh2,https://www.gsea-msigdb.org/gsea/msigdb/mouse/geneset/HALLMARK_MYOGENESIS,MM,Mus musculus
HALLMARK_MYOGENESIS,Kifc3,https://www.gsea-msigdb.org/gsea/msigdb/mouse/geneset/HALLMARK_MYOGENESIS,MM,Mus musculus
HALLMARK_MYOGENESIS,Klf5,https://www.gsea-msigdb.org/gsea/msigdb/mouse/geneset/HALLMARK_MYOGENESIS,MM,Mus musculus
HALLMARK_MYOGENESIS,Lama2,https://www.gsea-msigdb.org/gsea/msigdb/mouse/geneset/HALLMARK_MYOGENESIS,MM,Mus musculus
HALLMARK_MYOGENESIS,Large1,https://www.gsea-msigdb.org/gsea/msigdb/mouse/geneset/HALLMARK_MYOGENESIS,MM,Mus musculus
HALLMARK_MYOGENESIS,Ldb3,https://www.gsea-msigdb.org/gsea/msigdb/mouse/geneset/HALLMARK_MYOGENESIS,MM,Mus musculus
HALLMARK_MYOGENESIS,Lpin1,https://www.gsea-msigdb.org/gsea/msigdb/mouse/geneset/HALLMARK_MYOGENESIS,MM,Mus musculus
HALLMARK_MYOGENESIS,Lsp1,https://www.gsea-msigdb.org/gsea/msigdb/mouse/geneset/HALLMARK_MYOGENESIS,MM,Mus musculus
HALLMARK_MYOGENESIS,Mapk12,https://www.gsea-msigdb.org/gsea/msigdb/mouse/geneset/HALLMARK_MYOGENESIS,MM,Mus musculus
HALLMARK_MYOGENESIS,Mapre3,https://www.gsea-msigdb.org/gsea/msigdb/mouse/geneset/HALLMARK_MYOGENESIS,MM,Mus musculus
HALLMARK_MYOGENESIS,Mb,https://www.gsea-msigdb.org/gsea/msigdb/mouse/geneset/HALLMARK_MYOGENESIS,MM,Mus musculus
HALLMARK_MYOGENESIS,Mef2a,https://www.gsea-msigdb.org/gsea/msigdb/mouse/geneset/HALLMARK_MYOGENESIS,MM,Mus musculus
HALLMARK_MYOGENESIS,Mef2c,https://www.gsea-msigdb.org/gsea/msigdb/mouse/geneset/HALLMARK_MYOGENESIS,MM,Mus musculus
HALLMARK_MYOGENESIS,Mef2d,https://www.gsea-msigdb.org/gsea/msigdb/mouse/geneset/HALLMARK_MYOGENESIS,MM,Mus musculus
HALLMARK_MYOGENESIS,Mras,https://www.gsea-msigdb.org/gsea/msigdb/mouse/geneset/HALLMARK_MYOGENESIS,MM,Mus musculus
HALLMARK_MYOGENESIS,Mybpc3,https://www.gsea-msigdb.org/gsea/msigdb/mouse/geneset/HALLMARK_MYOGENESIS,MM,Mus musculus
HALLMARK_MYOGENESIS,Mybph,https://www.gsea-msigdb.org/gsea/msigdb/mouse/geneset/HALLMARK_MYOGENESIS,MM,Mus musculus
HALLMARK_MYOGENESIS,Myf6,https://www.gsea-msigdb.org/gsea/msigdb/mouse/geneset/HALLMARK_MYOGENESIS,MM,Mus musculus
HALLMARK_MYOGENESIS,Myh1,https://www.gsea-msigdb.org/gsea/msigdb/mouse/geneset/HALLMARK_MYOGENESIS,MM,Mus musculus
HALLMARK_MYOGENESIS,Myh11,https://www.gsea-msigdb.org/gsea/msigdb/mouse/geneset/HALLMARK_MYOGENESIS,MM,Mus musculus
HALLMARK_MYOGENESIS,Myh2,https://www.gsea-msigdb.org/gsea/msigdb/mouse/geneset/HALLMARK_MYOGENESIS,MM,Mus musculus
HALLMARK_MYOGENESIS,Myh3,https://www.gsea-msigdb.org/gsea/msigdb/mouse/geneset/HALLMARK_MYOGENESIS,MM,Mus musculus
HALLMARK_MYOGENESIS,Myh4,https://www.gsea-msigdb.org/gsea/msigdb/mouse/geneset/HALLMARK_MYOGENESIS,MM,Mus musculus
HALLMARK_MYOGENESIS,Myh7,https://www.gsea-msigdb.org/gsea/msigdb/mouse/geneset/HALLMARK_MYOGENESIS,MM,Mus musculus
HALLMARK_MYOGENESIS,Myh8,https://www.gsea-msigdb.org/gsea/msigdb/mouse/geneset/HALLMARK_MYOGENESIS,MM,Mus musculus
HALLMARK_MYOGENESIS,Myh9,https://www.gsea-msigdb.org/gsea/msigdb/mouse/geneset/HALLMARK_MYOGENESIS,MM,Mus musculus
HALLMARK_MYOGENESIS,Myl1,https://www.gsea-msigdb.org/gsea/msigdb/mouse/geneset/HALLMARK_MYOGENESIS,MM,Mus musculus
HALLMARK_MYOGENESIS,Myl2,https://www.gsea-msigdb.org/gsea/msigdb/mouse/geneset/HALLMARK_MYOGENESIS,MM,Mus musculus
HALLMARK_MYOGENESIS,Myl3,https://www.gsea-msigdb.org/gsea/msigdb/mouse/geneset/HALLMARK_MYOGENESIS,MM,Mus musculus
HALLMARK_MYOGENESIS,Myl4,https://www.gsea-msigdb.org/gsea/msigdb/mouse/geneset/HALLMARK_MYOGENESIS,MM,Mus musculus
HALLMARK_MYOGENESIS,Myl6b,https://www.gsea-msigdb.org/gsea/msigdb/mouse/geneset/HALLMARK_MYOGENESIS,MM,Mus musculus
HALLMARK_MYOGENESIS,Myl7,https://www.gsea-msigdb.org/gsea/msigdb/mouse/geneset/HALLMARK_MYOGENESIS,MM,Mus musculus
HALLMARK_MYOGENESIS,Mylk,https://www.gsea-msigdb.org/gsea/msigdb/mouse/geneset/HALLMARK_MYOGENESIS,MM,Mus musculus
HALLMARK_MYOGENESIS,Mylpf,https://www.gsea-msigdb.org/gsea/msigdb/mouse/geneset/HALLMARK_MYOGENESIS,MM,Mus musculus
HALLMARK_MYOGENESIS,Myo1c,https://www.gsea-msigdb.org/gsea/msigdb/mouse/geneset/HALLMARK_MYOGENESIS,MM,Mus musculus
HALLMARK_MYOGENESIS,Myog,https://www.gsea-msigdb.org/gsea/msigdb/mouse/geneset/HALLMARK_MYOGENESIS,MM,Mus musculus
HALLMARK_MYOGENESIS,Myom1,https://www.gsea-msigdb.org/gsea/msigdb/mouse/geneset/HALLMARK_MYOGENESIS,MM,Mus musculus
HALLMARK_MYOGENESIS,Myom2,https://www.gsea-msigdb.org/gsea/msigdb/mouse/geneset/HALLMARK_MYOGENESIS,MM,Mus musculus
HALLMARK_MYOGENESIS,Myoz1,https://www.gsea-msigdb.org/gsea/msigdb/mouse/geneset/HALLMARK_MYOGENESIS,MM,Mus musculus
HALLMARK_MYOGENESIS,Nav2,https://www.gsea-msigdb.org/gsea/msigdb/mouse/geneset/HALLMARK_MYOGENESIS,MM,Mus musculus
HALLMARK_MYOGENESIS,Ncam1,https://www.gsea-msigdb.org/gsea/msigdb/mouse/geneset/HALLMARK_MYOGENESIS,MM,Mus musculus
HALLMARK_MYOGENESIS,Nos1,https://www.gsea-msigdb.org/gsea/msigdb/mouse/geneset/HALLMARK_MYOGENESIS,MM,Mus musculus
HALLMARK_MYOGENESIS,Notch1,https://www.gsea-msigdb.org/gsea/msigdb/mouse/geneset/HALLMARK_MYOGENESIS,MM,Mus musculus
HALLMARK_MYOGENESIS,Nqo1,https://www.gsea-msigdb.org/gsea/msigdb/mouse/geneset/HALLMARK_MYOGENESIS,MM,Mus musculus
HALLMARK_MYOGENESIS,Ocel1,https://www.gsea-msigdb.org/gsea/msigdb/mouse/geneset/HALLMARK_MYOGENESIS,MM,Mus musculus
HALLMARK_MYOGENESIS,Pcx,https://www.gsea-msigdb.org/gsea/msigdb/mouse/geneset/HALLMARK_MYOGENESIS,MM,Mus musculus
HALLMARK_MYOGENESIS,Pde4dip,https://www.gsea-msigdb.org/gsea/msigdb/mouse/geneset/HALLMARK_MYOGENESIS,MM,Mus musculus
HALLMARK_MYOGENESIS,Pdlim7,https://www.gsea-msigdb.org/gsea/msigdb/mouse/geneset/HALLMARK_MYOGENESIS,MM,Mus musculus
HALLMARK_MYOGENESIS,Pfkm,https://www.gsea-msigdb.org/gsea/msigdb/mouse/geneset/HALLMARK_MYOGENESIS,MM,Mus musculus
HALLMARK_MYOGENESIS,Pgam2,https://www.gsea-msigdb.org/gsea/msigdb/mouse/geneset/HALLMARK_MYOGENESIS,MM,Mus musculus
HALLMARK_MYOGENESIS,Pick1,https://www.gsea-msigdb.org/gsea/msigdb/mouse/geneset/HALLMARK_MYOGENESIS,MM,Mus musculus
HALLMARK_MYOGENESIS,Pkia,https://www.gsea-msigdb.org/gsea/msigdb/mouse/geneset/HALLMARK_MYOGENESIS,MM,Mus musculus
HALLMARK_MYOGENESIS,Plxnb2,https://www.gsea-msigdb.org/gsea/msigdb/mouse/geneset/HALLMARK_MYOGENESIS,MM,Mus musculus
HALLMARK_MYOGENESIS,Ppfia4,https://www.gsea-msigdb.org/gsea/msigdb/mouse/geneset/HALLMARK_MYOGENESIS,MM,Mus musculus
HALLMARK_MYOGENESIS,Ppp1r3c,https://www.gsea-msigdb.org/gsea/msigdb/mouse/geneset/HALLMARK_MYOGENESIS,MM,Mus musculus
HALLMARK_MYOGENESIS,Prnp,https://www.gsea-msigdb.org/gsea/msigdb/mouse/geneset/HALLMARK_MYOGENESIS,MM,Mus musculus
HALLMARK_MYOGENESIS,Psen2,https://www.gsea-msigdb.org/gsea/msigdb/mouse/geneset/HALLMARK_MYOGENESIS,MM,Mus musculus
HALLMARK_MYOGENESIS,Ptgis,https://www.gsea-msigdb.org/gsea/msigdb/mouse/geneset/HALLMARK_MYOGENESIS,MM,Mus musculus
HALLMARK_MYOGENESIS,Ptp4a3,https://www.gsea-msigdb.org/gsea/msigdb/mouse/geneset/HALLMARK_MYOGENESIS,MM,Mus musculus
HALLMARK_MYOGENESIS,Pvalb,https://www.gsea-msigdb.org/gsea/msigdb/mouse/geneset/HALLMARK_MYOGENESIS,MM,Mus musculus
HALLMARK_MYOGENESIS,Pygm,https://www.gsea-msigdb.org/gsea/msigdb/mouse/geneset/HALLMARK_MYOGENESIS,MM,Mus musculus
HALLMARK_MYOGENESIS,Rb1,https://www.gsea-msigdb.org/gsea/msigdb/mouse/geneset/HALLMARK_MYOGENESIS,MM,Mus musculus
HALLMARK_MYOGENESIS,Reep1,https://www.gsea-msigdb.org/gsea/msigdb/mouse/geneset/HALLMARK_MYOGENESIS,MM,Mus musculus
HALLMARK_MYOGENESIS,Rit1,https://www.gsea-msigdb.org/gsea/msigdb/mouse/geneset/HALLMARK_MYOGENESIS,MM,Mus musculus
HALLMARK_MYOGENESIS,Ryr1,https://www.gsea-msigdb.org/gsea/msigdb/mouse/geneset/HALLMARK_MYOGENESIS,MM,Mus musculus
HALLMARK_MYOGENESIS,Schip1,https://www.gsea-msigdb.org/gsea/msigdb/mouse/geneset/HALLMARK_MYOGENESIS,MM,Mus musculus
HALLMARK_MYOGENESIS,Sgca,https://www.gsea-msigdb.org/gsea/msigdb/mouse/geneset/HALLMARK_MYOGENESIS,MM,Mus musculus
HALLMARK_MYOGENESIS,Sgcd,https://www.gsea-msigdb.org/gsea/msigdb/mouse/geneset/HALLMARK_MYOGENESIS,MM,Mus musculus
HALLMARK_MYOGENESIS,Sgcg,https://www.gsea-msigdb.org/gsea/msigdb/mouse/geneset/HALLMARK_MYOGENESIS,MM,Mus musculus
HALLMARK_MYOGENESIS,Sh2b1,https://www.gsea-msigdb.org/gsea/msigdb/mouse/geneset/HALLMARK_MYOGENESIS,MM,Mus musculus
HALLMARK_MYOGENESIS,Sh3bgr,https://www.gsea-msigdb.org/gsea/msigdb/mouse/geneset/HALLMARK_MYOGENESIS,MM,Mus musculus
HALLMARK_MYOGENESIS,Sirt2,https://www.gsea-msigdb.org/gsea/msigdb/mouse/geneset/HALLMARK_MYOGENESIS,MM,Mus musculus
HALLMARK_MYOGENESIS,Slc6a8,https://www.gsea-msigdb.org/gsea/msigdb/mouse/geneset/HALLMARK_MYOGENESIS,MM,Mus musculus
HALLMARK_MYOGENESIS,Sln,https://www.gsea-msigdb.org/gsea/msigdb/mouse/geneset/HALLMARK_MYOGENESIS,MM,Mus musculus
HALLMARK_MYOGENESIS,Smtn,https://www.gsea-msigdb.org/gsea/msigdb/mouse/geneset/HALLMARK_MYOGENESIS,MM,Mus musculus
HALLMARK_MYOGENESIS,Sod3,https://www.gsea-msigdb.org/gsea/msigdb/mouse/geneset/HALLMARK_MYOGENESIS,MM,Mus musculus
HALLMARK_MYOGENESIS,Sorbs1,https://www.gsea-msigdb.org/gsea/msigdb/mouse/geneset/HALLMARK_MYOGENESIS,MM,Mus musculus
HALLMARK_MYOGENESIS,Sorbs3,https://www.gsea-msigdb.org/gsea/msigdb/mouse/geneset/HALLMARK_MYOGENESIS,MM,Mus musculus
HALLMARK_MYOGENESIS,Sparc,https://www.gsea-msigdb.org/gsea/msigdb/mouse/geneset/HALLMARK_MYOGENESIS,MM,Mus musculus
HALLMARK_MYOGENESIS,Spdef,https://www.gsea-msigdb.org/gsea/msigdb/mouse/geneset/HALLMARK_MYOGENESIS,MM,Mus musculus
HALLMARK_MYOGENESIS,Speg,https://www.gsea-msigdb.org/gsea/msigdb/mouse/geneset/HALLMARK_MYOGENESIS,MM,Mus musculus
HALLMARK_MYOGENESIS,Sphk1,https://www.gsea-msigdb.org/gsea/msigdb/mouse/geneset/HALLMARK_MYOGENESIS,MM,Mus musculus
HALLMARK_MYOGENESIS,Sptan1,https://www.gsea-msigdb.org/gsea/msigdb/mouse/geneset/HALLMARK_MYOGENESIS,MM,Mus musculus
HALLMARK_MYOGENESIS,Sspn,https://www.gsea-msigdb.org/gsea/msigdb/mouse/geneset/HALLMARK_MYOGENESIS,MM,Mus musculus
HALLMARK_MYOGENESIS,Stc2,https://www.gsea-msigdb.org/gsea/msigdb/mouse/geneset/HALLMARK_MYOGENESIS,MM,Mus musculus
HALLMARK_MYOGENESIS,Svil,https://www.gsea-msigdb.org/gsea/msigdb/mouse/geneset/HALLMARK_MYOGENESIS,MM,Mus musculus
HALLMARK_MYOGENESIS,Syngr2,https://www.gsea-msigdb.org/gsea/msigdb/mouse/geneset/HALLMARK_MYOGENESIS,MM,Mus musculus
HALLMARK_MYOGENESIS,Tagln,https://www.gsea-msigdb.org/gsea/msigdb/mouse/geneset/HALLMARK_MYOGENESIS,MM,Mus musculus
HALLMARK_MYOGENESIS,Tcap,https://www.gsea-msigdb.org/gsea/msigdb/mouse/geneset/HALLMARK_MYOGENESIS,MM,Mus musculus
HALLMARK_MYOGENESIS,Tead4,https://www.gsea-msigdb.org/gsea/msigdb/mouse/geneset/HALLMARK_MYOGENESIS,MM,Mus musculus
HALLMARK_MYOGENESIS,Tgfb1,https://www.gsea-msigdb.org/gsea/msigdb/mouse/geneset/HALLMARK_MYOGENESIS,MM,Mus musculus
HALLMARK_MYOGENESIS,Tnnc1,https://www.gsea-msigdb.org/gsea/msigdb/mouse/geneset/HALLMARK_MYOGENESIS,MM,Mus musculus
HALLMARK_MYOGENESIS,Tnnc2,https://www.gsea-msigdb.org/gsea/msigdb/mouse/geneset/HALLMARK_MYOGENESIS,MM,Mus musculus
HALLMARK_MYOGENESIS,Tnni1,https://www.gsea-msigdb.org/gsea/msigdb/mouse/geneset/HALLMARK_MYOGENESIS,MM,Mus musculus
HALLMARK_MYOGENESIS,Tnni2,https://www.gsea-msigdb.org/gsea/msigdb/mouse/geneset/HALLMARK_MYOGENESIS,MM,Mus musculus
HALLMARK_MYOGENESIS,Tnnt1,https://www.gsea-msigdb.org/gsea/msigdb/mouse/geneset/HALLMARK_MYOGENESIS,MM,Mus musculus
HALLMARK_MYOGENESIS,Tnnt2,https://www.gsea-msigdb.org/gsea/msigdb/mouse/geneset/HALLMARK_MYOGENESIS,MM,Mus musculus
HALLMARK_MYOGENESIS,Tnnt3,https://www.gsea-msigdb.org/gsea/msigdb/mouse/geneset/HALLMARK_MYOGENESIS,MM,Mus musculus
HALLMARK_MYOGENESIS,Tpd52l1,https://www.gsea-msigdb.org/gsea/msigdb/mouse/geneset/HALLMARK_MYOGENESIS,MM,Mus musculus
HALLMARK_MYOGENESIS,Tpm2,https://www.gsea-msigdb.org/gsea/msigdb/mouse/geneset/HALLMARK_MYOGENESIS,MM,Mus musculus
HALLMARK_MYOGENESIS,Tpm3,https://www.gsea-msigdb.org/gsea/msigdb/mouse/geneset/HALLMARK_MYOGENESIS,MM,Mus musculus
HALLMARK_MYOGENESIS,Tsc2,https://www.gsea-msigdb.org/gsea/msigdb/mouse/geneset/HALLMARK_MYOGENESIS,MM,Mus musculus
HALLMARK_MYOGENESIS,Vipr1,https://www.gsea-msigdb.org/gsea/msigdb/mouse/geneset/HALLMARK_MYOGENESIS,MM,Mus musculus
HALLMARK_MYOGENESIS,Wwtr1,https://www.gsea-msigdb.org/gsea/msigdb/mouse/geneset/HALLMARK_MYOGENESIS,MM,Mus musculus
HALLMARK_NOTCH_SIGNALING,Aph1a,https://www.gsea-msigdb.org/gsea/msigdb/mouse/geneset/HALLMARK_NOTCH_SIGNALING,MM,Mus musculus
HALLMARK_NOTCH_SIGNALING,Arrb1,https://www.gsea-msigdb.org/gsea/msigdb/mouse/geneset/HALLMARK_NOTCH_SIGNALING,MM,Mus musculus
HALLMARK_NOTCH_SIGNALING,Ccnd1,https://www.gsea-msigdb.org/gsea/msigdb/mouse/geneset/HALLMARK_NOTCH_SIGNALING,MM,Mus musculus
HALLMARK_NOTCH_SIGNALING,Cul1,https://www.gsea-msigdb.org/gsea/msigdb/mouse/geneset/HALLMARK_NOTCH_SIGNALING,MM,Mus musculus
HALLMARK_NOTCH_SIGNALING,Dll1,https://www.gsea-msigdb.org/gsea/msigdb/mouse/geneset/HALLMARK_NOTCH_SIGNALING,MM,Mus musculus
HALLMARK_NOTCH_SIGNALING,Dtx1,https://www.gsea-msigdb.org/gsea/msigdb/mouse/geneset/HALLMARK_NOTCH_SIGNALING,MM,Mus musculus
HALLMARK_NOTCH_SIGNALING,Dtx2,https://www.gsea-msigdb.org/gsea/msigdb/mouse/geneset/HALLMARK_NOTCH_SIGNALING,MM,Mus musculus
HALLMARK_NOTCH_SIGNALING,Dtx4,https://www.gsea-msigdb.org/gsea/msigdb/mouse/geneset/HALLMARK_NOTCH_SIGNALING,MM,Mus musculus
HALLMARK_NOTCH_SIGNALING,Fbxw11,https://www.gsea-msigdb.org/gsea/msigdb/mouse/geneset/HALLMARK_NOTCH_SIGNALING,MM,Mus musculus
HALLMARK_NOTCH_SIGNALING,Fzd1,https://www.gsea-msigdb.org/gsea/msigdb/mouse/geneset/HALLMARK_NOTCH_SIGNALING,MM,Mus musculus
HALLMARK_NOTCH_SIGNALING,Fzd5,https://www.gsea-msigdb.org/gsea/msigdb/mouse/geneset/HALLMARK_NOTCH_SIGNALING,MM,Mus musculus
HALLMARK_NOTCH_SIGNALING,Fzd7,https://www.gsea-msigdb.org/gsea/msigdb/mouse/geneset/HALLMARK_NOTCH_SIGNALING,MM,Mus musculus
HALLMARK_NOTCH_SIGNALING,Hes1,https://www.gsea-msigdb.org/gsea/msigdb/mouse/geneset/HALLMARK_NOTCH_SIGNALING,MM,Mus musculus
HALLMARK_NOTCH_SIGNALING,Heyl,https://www.gsea-msigdb.org/gsea/msigdb/mouse/geneset/HALLMARK_NOTCH_SIGNALING,MM,Mus musculus
HALLMARK_NOTCH_SIGNALING,Jag1,https://www.gsea-msigdb.org/gsea/msigdb/mouse/geneset/HALLMARK_NOTCH_SIGNALING,MM,Mus musculus
HALLMARK_NOTCH_SIGNALING,Kat2a,https://www.gsea-msigdb.org/gsea/msigdb/mouse/geneset/HALLMARK_NOTCH_SIGNALING,MM,Mus musculus
HALLMARK_NOTCH_SIGNALING,Lfng,https://www.gsea-msigdb.org/gsea/msigdb/mouse/geneset/HALLMARK_NOTCH_SIGNALING,MM,Mus musculus
HALLMARK_NOTCH_SIGNALING,Maml2,https://www.gsea-msigdb.org/gsea/msigdb/mouse/geneset/HALLMARK_NOTCH_SIGNALING,MM,Mus musculus
HALLMARK_NOTCH_SIGNALING,Notch1,https://www.gsea-msigdb.org/gsea/msigdb/mouse/geneset/HALLMARK_NOTCH_SIGNALING,MM,Mus musculus
HALLMARK_NOTCH_SIGNALING,Notch2,https://www.gsea-msigdb.org/gsea/msigdb/mouse/geneset/HALLMARK_NOTCH_SIGNALING,MM,Mus musculus
HALLMARK_NOTCH_SIGNALING,Notch3,https://www.gsea-msigdb.org/gsea/msigdb/mouse/geneset/HALLMARK_NOTCH_SIGNALING,MM,Mus musculus
HALLMARK_NOTCH_SIGNALING,Ppard,https://www.gsea-msigdb.org/gsea/msigdb/mouse/geneset/HALLMARK_NOTCH_SIGNALING,MM,Mus musculus
HALLMARK_NOTCH_SIGNALING,Prkca,https://www.gsea-msigdb.org/gsea/msigdb/mouse/geneset/HALLMARK_NOTCH_SIGNALING,MM,Mus musculus
HALLMARK_NOTCH_SIGNALING,Psen2,https://www.gsea-msigdb.org/gsea/msigdb/mouse/geneset/HALLMARK_NOTCH_SIGNALING,MM,Mus musculus
HALLMARK_NOTCH_SIGNALING,Psenen,https://www.gsea-msigdb.org/gsea/msigdb/mouse/geneset/HALLMARK_NOTCH_SIGNALING,MM,Mus musculus
HALLMARK_NOTCH_SIGNALING,Rbx1,https://www.gsea-msigdb.org/gsea/msigdb/mouse/geneset/HALLMARK_NOTCH_SIGNALING,MM,Mus musculus
HALLMARK_NOTCH_SIGNALING,Sap30,https://www.gsea-msigdb.org/gsea/msigdb/mouse/geneset/HALLMARK_NOTCH_SIGNALING,MM,Mus musculus
HALLMARK_NOTCH_SIGNALING,Skp1,https://www.gsea-msigdb.org/gsea/msigdb/mouse/geneset/HALLMARK_NOTCH_SIGNALING,MM,Mus musculus
HALLMARK_NOTCH_SIGNALING,St3gal6,https://www.gsea-msigdb.org/gsea/msigdb/mouse/geneset/HALLMARK_NOTCH_SIGNALING,MM,Mus musculus
HALLMARK_NOTCH_SIGNALING,Tcf7l2,https://www.gsea-msigdb.org/gsea/msigdb/mouse/geneset/HALLMARK_NOTCH_SIGNALING,MM,Mus musculus
HALLMARK_NOTCH_SIGNALING,Wnt2,https://www.gsea-msigdb.org/gsea/msigdb/mouse/geneset/HALLMARK_NOTCH_SIGNALING,MM,Mus musculus
HALLMARK_NOTCH_SIGNALING,Wnt5a,https://www.gsea-msigdb.org/gsea/msigdb/mouse/geneset/HALLMARK_NOTCH_SIGNALING,MM,Mus musculus
HALLMARK_OXIDATIVE_PHOSPHORYLATION,AK157302,https://www.gsea-msigdb.org/gsea/msigdb/mouse/geneset/HALLMARK_OXIDATIVE_PHOSPHORYLATION,MM,Mus musculus
HALLMARK_OXIDATIVE_PHOSPHORYLATION,Abcb7,https://www.gsea-msigdb.org/gsea/msigdb/mouse/geneset/HALLMARK_OXIDATIVE_PHOSPHORYLATION,MM,Mus musculus
HALLMARK_OXIDATIVE_PHOSPHORYLATION,Acaa1a,https://www.gsea-msigdb.org/gsea/msigdb/mouse/geneset/HALLMARK_OXIDATIVE_PHOSPHORYLATION,MM,Mus musculus
HALLMARK_OXIDATIVE_PHOSPHORYLATION,Acaa2,https://www.gsea-msigdb.org/gsea/msigdb/mouse/geneset/HALLMARK_OXIDATIVE_PHOSPHORYLATION,MM,Mus musculus
HALLMARK_OXIDATIVE_PHOSPHORYLATION,Acadm,https://www.gsea-msigdb.org/gsea/msigdb/mouse/geneset/HALLMARK_OXIDATIVE_PHOSPHORYLATION,MM,Mus musculus
HALLMARK_OXIDATIVE_PHOSPHORYLATION,Acadsb,https://www.gsea-msigdb.org/gsea/msigdb/mouse/geneset/HALLMARK_OXIDATIVE_PHOSPHORYLATION,MM,Mus musculus
HALLMARK_OXIDATIVE_PHOSPHORYLATION,Acadvl,https://www.gsea-msigdb.org/gsea/msigdb/mouse/geneset/HALLMARK_OXIDATIVE_PHOSPHORYLATION,MM,Mus musculus
HALLMARK_OXIDATIVE_PHOSPHORYLATION,Acat1,https://www.gsea-msigdb.org/gsea/msigdb/mouse/geneset/HALLMARK_OXIDATIVE_PHOSPHORYLATION,MM,Mus musculus
HALLMARK_OXIDATIVE_PHOSPHORYLATION,Aco2,https://www.gsea-msigdb.org/gsea/msigdb/mouse/geneset/HALLMARK_OXIDATIVE_PHOSPHORYLATION,MM,Mus musculus
HALLMARK_OXIDATIVE_PHOSPHORYLATION,Afg3l2,https://www.gsea-msigdb.org/gsea/msigdb/mouse/geneset/HALLMARK_OXIDATIVE_PHOSPHORYLATION,MM,Mus musculus
HALLMARK_OXIDATIVE_PHOSPHORYLATION,Aifm1,https://www.gsea-msigdb.org/gsea/msigdb/mouse/geneset/HALLMARK_OXIDATIVE_PHOSPHORYLATION,MM,Mus musculus
HALLMARK_OXIDATIVE_PHOSPHORYLATION,Alas1,https://www.gsea-msigdb.org/gsea/msigdb/mouse/geneset/HALLMARK_OXIDATIVE_PHOSPHORYLATION,MM,Mus musculus
HALLMARK_OXIDATIVE_PHOSPHORYLATION,Aldh6a1,https://www.gsea-msigdb.org/gsea/msigdb/mouse/geneset/HALLMARK_OXIDATIVE_PHOSPHORYLATION,MM,Mus musculus
HALLMARK_OXIDATIVE_PHOSPHORYLATION,Atp1b1,https://www.gsea-msigdb.org/gsea/msigdb/mouse/geneset/HALLMARK_OXIDATIVE_PHOSPHORYLATION,MM,Mus musculus
HALLMARK_OXIDATIVE_PHOSPHORYLATION,Atp5f1a,https://www.gsea-msigdb.org/gsea/msigdb/mouse/geneset/HALLMARK_OXIDATIVE_PHOSPHORYLATION,MM,Mus musculus
HALLMARK_OXIDATIVE_PHOSPHORYLATION,Atp5f1b,https://www.gsea-msigdb.org/gsea/msigdb/mouse/geneset/HALLMARK_OXIDATIVE_PHOSPHORYLATION,MM,Mus musculus
HALLMARK_OXIDATIVE_PHOSPHORYLATION,Atp5f1c,https://www.gsea-msigdb.org/gsea/msigdb/mouse/geneset/HALLMARK_OXIDATIVE_PHOSPHORYLATION,MM,Mus musculus
HALLMARK_OXIDATIVE_PHOSPHORYLATION,Atp5f1d,https://www.gsea-msigdb.org/gsea/msigdb/mouse/geneset/HALLMARK_OXIDATIVE_PHOSPHORYLATION,MM,Mus musculus
HALLMARK_OXIDATIVE_PHOSPHORYLATION,Atp5f1e,https://www.gsea-msigdb.org/gsea/msigdb/mouse/geneset/HALLMARK_OXIDATIVE_PHOSPHORYLATION,MM,Mus musculus
HALLMARK_OXIDATIVE_PHOSPHORYLATION,Atp5mc1,https://www.gsea-msigdb.org/gsea/msigdb/mouse/geneset/HALLMARK_OXIDATIVE_PHOSPHORYLATION,MM,Mus musculus
HALLMARK_OXIDATIVE_PHOSPHORYLATION,Atp5mc3,https://www.gsea-msigdb.org/gsea/msigdb/mouse/geneset/HALLMARK_OXIDATIVE_PHOSPHORYLATION,MM,Mus musculus
HALLMARK_OXIDATIVE_PHOSPHORYLATION,Atp5me,https://www.gsea-msigdb.org/gsea/msigdb/mouse/geneset/HALLMARK_OXIDATIVE_PHOSPHORYLATION,MM,Mus musculus
HALLMARK_OXIDATIVE_PHOSPHORYLATION,Atp5mf,https://www.gsea-msigdb.org/gsea/msigdb/mouse/geneset/HALLMARK_OXIDATIVE_PHOSPHORYLATION,MM,Mus musculus
HALLMARK_OXIDATIVE_PHOSPHORYLATION,Atp5pb,https://www.gsea-msigdb.org/gsea/msigdb/mouse/geneset/HALLMARK_OXIDATIVE_PHOSPHORYLATION,MM,Mus musculus
HALLMARK_OXIDATIVE_PHOSPHORYLATION,Atp5pd,https://www.gsea-msigdb.org/gsea/msigdb/mouse/geneset/HALLMARK_OXIDATIVE_PHOSPHORYLATION,MM,Mus musculus
HALLMARK_OXIDATIVE_PHOSPHORYLATION,Atp5pf,https://www.gsea-msigdb.org/gsea/msigdb/mouse/geneset/HALLMARK_OXIDATIVE_PHOSPHORYLATION,MM,Mus musculus
HALLMARK_OXIDATIVE_PHOSPHORYLATION,Atp5po,https://www.gsea-msigdb.org/gsea/msigdb/mouse/geneset/HALLMARK_OXIDATIVE_PHOSPHORYLATION,MM,Mus musculus
HALLMARK_OXIDATIVE_PHOSPHORYLATION,Atp6ap1,https://www.gsea-msigdb.org/gsea/msigdb/mouse/geneset/HALLMARK_OXIDATIVE_PHOSPHORYLATION,MM,Mus musculus
HALLMARK_OXIDATIVE_PHOSPHORYLATION,Atp6v0b,https://www.gsea-msigdb.org/gsea/msigdb/mouse/geneset/HALLMARK_OXIDATIVE_PHOSPHORYLATION,MM,Mus musculus
HALLMARK_OXIDATIVE_PHOSPHORYLATION,Atp6v0c,https://www.gsea-msigdb.org/gsea/msigdb/mouse/geneset/HALLMARK_OXIDATIVE_PHOSPHORYLATION,MM,Mus musculus
HALLMARK_OXIDATIVE_PHOSPHORYLATION,Atp6v0e,https://www.gsea-msigdb.org/gsea/msigdb/mouse/geneset/HALLMARK_OXIDATIVE_PHOSPHORYLATION,MM,Mus musculus
HALLMARK_OXIDATIVE_PHOSPHORYLATION,Atp6v1c1,https://www.gsea-msigdb.org/gsea/msigdb/mouse/geneset/HALLMARK_OXIDATIVE_PHOSPHORYLATION,MM,Mus musculus
HALLMARK_OXIDATIVE_PHOSPHORYLATION,Atp6v1d,https://www.gsea-msigdb.org/gsea/msigdb/mouse/geneset/HALLMARK_OXIDATIVE_PHOSPHORYLATION,MM,Mus musculus
HALLMARK_OXIDATIVE_PHOSPHORYLATION,Atp6v1e1,https://www.gsea-msigdb.org/gsea/msigdb/mouse/geneset/HALLMARK_OXIDATIVE_PHOSPHORYLATION,MM,Mus musculus
HALLMARK_OXIDATIVE_PHOSPHORYLATION,Atp6v1f,https://www.gsea-msigdb.org/gsea/msigdb/mouse/geneset/HALLMARK_OXIDATIVE_PHOSPHORYLATION,MM,Mus musculus
HALLMARK_OXIDATIVE_PHOSPHORYLATION,Atp6v1g1,https://www.gsea-msigdb.org/gsea/msigdb/mouse/geneset/HALLMARK_OXIDATIVE_PHOSPHORYLATION,MM,Mus musculus
HALLMARK_OXIDATIVE_PHOSPHORYLATION,Atp6v1h,https://www.gsea-msigdb.org/gsea/msigdb/mouse/geneset/HALLMARK_OXIDATIVE_PHOSPHORYLATION,MM,Mus musculus
HALLMARK_OXIDATIVE_PHOSPHORYLATION,Bax,https://www.gsea-msigdb.org/gsea/msigdb/mouse/geneset/HALLMARK_OXIDATIVE_PHOSPHORYLATION,MM,Mus musculus
HALLMARK_OXIDATIVE_PHOSPHORYLATION,Bckdha,https://www.gsea-msigdb.org/gsea/msigdb/mouse/geneset/HALLMARK_OXIDATIVE_PHOSPHORYLATION,MM,Mus musculus
HALLMARK_OXIDATIVE_PHOSPHORYLATION,Bdh2,https://www.gsea-msigdb.org/gsea/msigdb/mouse/geneset/HALLMARK_OXIDATIVE_PHOSPHORYLATION,MM,Mus musculus
HALLMARK_OXIDATIVE_PHOSPHORYLATION,Casp7,https://www.gsea-msigdb.org/gsea/msigdb/mouse/geneset/HALLMARK_OXIDATIVE_PHOSPHORYLATION,MM,Mus musculus
HALLMARK_OXIDATIVE_PHOSPHORYLATION,Cox10,https://www.gsea-msigdb.org/gsea/msigdb/mouse/geneset/HALLMARK_OXIDATIVE_PHOSPHORYLATION,MM,Mus musculus
HALLMARK_OXIDATIVE_PHOSPHORYLATION,Cox11,https://www.gsea-msigdb.org/gsea/msigdb/mouse/geneset/HALLMARK_OXIDATIVE_PHOSPHORYLATION,MM,Mus musculus
HALLMARK_OXIDATIVE_PHOSPHORYLATION,Cox15,https://www.gsea-msigdb.org/gsea/msigdb/mouse/geneset/HALLMARK_OXIDATIVE_PHOSPHORYLATION,MM,Mus musculus
HALLMARK_OXIDATIVE_PHOSPHORYLATION,Cox17,https://www.gsea-msigdb.org/gsea/msigdb/mouse/geneset/HALLMARK_OXIDATIVE_PHOSPHORYLATION,MM,Mus musculus
HALLMARK_OXIDATIVE_PHOSPHORYLATION,Cox4i1,https://www.gsea-msigdb.org/gsea/msigdb/mouse/geneset/HALLMARK_OXIDATIVE_PHOSPHORYLATION,MM,Mus musculus
HALLMARK_OXIDATIVE_PHOSPHORYLATION,Cox5a,https://www.gsea-msigdb.org/gsea/msigdb/mouse/geneset/HALLMARK_OXIDATIVE_PHOSPHORYLATION,MM,Mus musculus
HALLMARK_OXIDATIVE_PHOSPHORYLATION,Cox5b,https://www.gsea-msigdb.org/gsea/msigdb/mouse/geneset/HALLMARK_OXIDATIVE_PHOSPHORYLATION,MM,Mus musculus
HALLMARK_OXIDATIVE_PHOSPHORYLATION,Cox6a1,https://www.gsea-msigdb.org/gsea/msigdb/mouse/geneset/HALLMARK_OXIDATIVE_PHOSPHORYLATION,MM,Mus musculus
HALLMARK_OXIDATIVE_PHOSPHORYLATION,Cox6b1,https://www.gsea-msigdb.org/gsea/msigdb/mouse/geneset/HALLMARK_OXIDATIVE_PHOSPHORYLATION,MM,Mus musculus
HALLMARK_OXIDATIVE_PHOSPHORYLATION,Cox6c,https://www.gsea-msigdb.org/gsea/msigdb/mouse/geneset/HALLMARK_OXIDATIVE_PHOSPHORYLATION,MM,Mus musculus
HALLMARK_OXIDATIVE_PHOSPHORYLATION,Cox7a2,https://www.gsea-msigdb.org/gsea/msigdb/mouse/geneset/HALLMARK_OXIDATIVE_PHOSPHORYLATION,MM,Mus musculus
HALLMARK_OXIDATIVE_PHOSPHORYLATION,Cox7a2l,https://www.gsea-msigdb.org/gsea/msigdb/mouse/geneset/HALLMARK_OXIDATIVE_PHOSPHORYLATION,MM,Mus musculus
HALLMARK_OXIDATIVE_PHOSPHORYLATION,Cox7b,https://www.gsea-msigdb.org/gsea/msigdb/mouse/geneset/HALLMARK_OXIDATIVE_PHOSPHORYLATION,MM,Mus musculus
HALLMARK_OXIDATIVE_PHOSPHORYLATION,Cox7c,https://www.gsea-msigdb.org/gsea/msigdb/mouse/geneset/HALLMARK_OXIDATIVE_PHOSPHORYLATION,MM,Mus musculus
HALLMARK_OXIDATIVE_PHOSPHORYLATION,Cox8a,https://www.gsea-msigdb.org/gsea/msigdb/mouse/geneset/HALLMARK_OXIDATIVE_PHOSPHORYLATION,MM,Mus musculus
HALLMARK_OXIDATIVE_PHOSPHORYLATION,Cpt1a,https://www.gsea-msigdb.org/gsea/msigdb/mouse/geneset/HALLMARK_OXIDATIVE_PHOSPHORYLATION,MM,Mus musculus
HALLMARK_OXIDATIVE_PHOSPHORYLATION,Cs,https://www.gsea-msigdb.org/gsea/msigdb/mouse/geneset/HALLMARK_OXIDATIVE_PHOSPHORYLATION,MM,Mus musculus
HALLMARK_OXIDATIVE_PHOSPHORYLATION,Cyb5a,https://www.gsea-msigdb.org/gsea/msigdb/mouse/geneset/HALLMARK_OXIDATIVE_PHOSPHORYLATION,MM,Mus musculus
HALLMARK_OXIDATIVE_PHOSPHORYLATION,Cyb5r3,https://www.gsea-msigdb.org/gsea/msigdb/mouse/geneset/HALLMARK_OXIDATIVE_PHOSPHORYLATION,MM,Mus musculus
HALLMARK_OXIDATIVE_PHOSPHORYLATION,Cyc1,https://www.gsea-msigdb.org/gsea/msigdb/mouse/geneset/HALLMARK_OXIDATIVE_PHOSPHORYLATION,MM,Mus musculus
HALLMARK_OXIDATIVE_PHOSPHORYLATION,Decr1,https://www.gsea-msigdb.org/gsea/msigdb/mouse/geneset/HALLMARK_OXIDATIVE_PHOSPHORYLATION,MM,Mus musculus
HALLMARK_OXIDATIVE_PHOSPHORYLATION,Dlat,https://www.gsea-msigdb.org/gsea/msigdb/mouse/geneset/HALLMARK_OXIDATIVE_PHOSPHORYLATION,MM,Mus musculus
HALLMARK_OXIDATIVE_PHOSPHORYLATION,Dld,https://www.gsea-msigdb.org/gsea/msigdb/mouse/geneset/HALLMARK_OXIDATIVE_PHOSPHORYLATION,MM,Mus musculus
HALLMARK_OXIDATIVE_PHOSPHORYLATION,Dlst,https://www.gsea-msigdb.org/gsea/msigdb/mouse/geneset/HALLMARK_OXIDATIVE_PHOSPHORYLATION,MM,Mus musculus
HALLMARK_OXIDATIVE_PHOSPHORYLATION,Ech1,https://www.gsea-msigdb.org/gsea/msigdb/mouse/geneset/HALLMARK_OXIDATIVE_PHOSPHORYLATION,MM,Mus musculus
HALLMARK_OXIDATIVE_PHOSPHORYLATION,Echs1,https://www.gsea-msigdb.org/gsea/msigdb/mouse/geneset/HALLMARK_OXIDATIVE_PHOSPHORYLATION,MM,Mus musculus
HALLMARK_OXIDATIVE_PHOSPHORYLATION,Eci1,https://www.gsea-msigdb.org/gsea/msigdb/mouse/geneset/HALLMARK_OXIDATIVE_PHOSPHORYLATION,MM,Mus musculus
HALLMARK_OXIDATIVE_PHOSPHORYLATION,Etfa,https://www.gsea-msigdb.org/gsea/msigdb/mouse/geneset/HALLMARK_OXIDATIVE_PHOSPHORYLATION,MM,Mus musculus
HALLMARK_OXIDATIVE_PHOSPHORYLATION,Etfb,https://www.gsea-msigdb.org/gsea/msigdb/mouse/geneset/HALLMARK_OXIDATIVE_PHOSPHORYLATION,MM,Mus musculus
HALLMARK_OXIDATIVE_PHOSPHORYLATION,Etfdh,https://www.gsea-msigdb.org/gsea/msigdb/mouse/geneset/HALLMARK_OXIDATIVE_PHOSPHORYLATION,MM,Mus musculus
HALLMARK_OXIDATIVE_PHOSPHORYLATION,Fdx1,https://www.gsea-msigdb.org/gsea/msigdb/mouse/geneset/HALLMARK_OXIDATIVE_PHOSPHORYLATION,MM,Mus musculus
HALLMARK_OXIDATIVE_PHOSPHORYLATION,Fh1,https://www.gsea-msigdb.org/gsea/msigdb/mouse/geneset/HALLMARK_OXIDATIVE_PHOSPHORYLATION,MM,Mus musculus
HALLMARK_OXIDATIVE_PHOSPHORYLATION,Fxn,https://www.gsea-msigdb.org/gsea/msigdb/mouse/geneset/HALLMARK_OXIDATIVE_PHOSPHORYLATION,MM,Mus musculus
HALLMARK_OXIDATIVE_PHOSPHORYLATION,Glud1,https://www.gsea-msigdb.org/gsea/msigdb/mouse/geneset/HALLMARK_OXIDATIVE_PHOSPHORYLATION,MM,Mus musculus
HALLMARK_OXIDATIVE_PHOSPHORYLATION,Gm10053,https://www.gsea-msigdb.org/gsea/msigdb/mouse/geneset/HALLMARK_OXIDATIVE_PHOSPHORYLATION,MM,Mus musculus
HALLMARK_OXIDATIVE_PHOSPHORYLATION,Got2,https://www.gsea-msigdb.org/gsea/msigdb/mouse/geneset/HALLMARK_OXIDATIVE_PHOSPHORYLATION,MM,Mus musculus
HALLMARK_OXIDATIVE_PHOSPHORYLATION,Gpi1,https://www.gsea-msigdb.org/gsea/msigdb/mouse/geneset/HALLMARK_OXIDATIVE_PHOSPHORYLATION,MM,Mus musculus
HALLMARK_OXIDATIVE_PHOSPHORYLATION,Gpx4,https://www.gsea-msigdb.org/gsea/msigdb/mouse/geneset/HALLMARK_OXIDATIVE_PHOSPHORYLATION,MM,Mus musculus
HALLMARK_OXIDATIVE_PHOSPHORYLATION,Grpel1,https://www.gsea-msigdb.org/gsea/msigdb/mouse/geneset/HALLMARK_OXIDATIVE_PHOSPHORYLATION,MM,Mus musculus
HALLMARK_OXIDATIVE_PHOSPHORYLATION,Hadha,https://www.gsea-msigdb.org/gsea/msigdb/mouse/geneset/HALLMARK_OXIDATIVE_PHOSPHORYLATION,MM,Mus musculus
HALLMARK_OXIDATIVE_PHOSPHORYLATION,Hadhb,https://www.gsea-msigdb.org/gsea/msigdb/mouse/geneset/HALLMARK_OXIDATIVE_PHOSPHORYLATION,MM,Mus musculus
HALLMARK_OXIDATIVE_PHOSPHORYLATION,Hccs,https://www.gsea-msigdb.org/gsea/msigdb/mouse/geneset/HALLMARK_OXIDATIVE_PHOSPHORYLATION,MM,Mus musculus
HALLMARK_OXIDATIVE_PHOSPHORYLATION,Hsd17b10,https://www.gsea-msigdb.org/gsea/msigdb/mouse/geneset/HALLMARK_OXIDATIVE_PHOSPHORYLATION,MM,Mus musculus
HALLMARK_OXIDATIVE_PHOSPHORYLATION,Hspa9,https://www.gsea-msigdb.org/gsea/msigdb/mouse/geneset/HALLMARK_OXIDATIVE_PHOSPHORYLATION,MM,Mus musculus
HALLMARK_OXIDATIVE_PHOSPHORYLATION,Htra2,https://www.gsea-msigdb.org/gsea/msigdb/mouse/geneset/HALLMARK_OXIDATIVE_PHOSPHORYLATION,MM,Mus musculus
HALLMARK_OXIDATIVE_PHOSPHORYLATION,Idh1,https://www.gsea-msigdb.org/gsea/msigdb/mouse/geneset/HALLMARK_OXIDATIVE_PHOSPHORYLATION,MM,Mus musculus
HALLMARK_OXIDATIVE_PHOSPHORYLATION,Idh2,https://www.gsea-msigdb.org/gsea/msigdb/mouse/geneset/HALLMARK_OXIDATIVE_PHOSPHORYLATION,MM,Mus musculus
HALLMARK_OXIDATIVE_PHOSPHORYLATION,Idh3a,https://www.gsea-msigdb.org/gsea/msigdb/mouse/geneset/HALLMARK_OXIDATIVE_PHOSPHORYLATION,MM,Mus musculus
HALLMARK_OXIDATIVE_PHOSPHORYLATION,Idh3b,https://www.gsea-msigdb.org/gsea/msigdb/mouse/geneset/HALLMARK_OXIDATIVE_PHOSPHORYLATION,MM,Mus musculus
HALLMARK_OXIDATIVE_PHOSPHORYLATION,Idh3g,https://www.gsea-msigdb.org/gsea/msigdb/mouse/geneset/HALLMARK_OXIDATIVE_PHOSPHORYLATION,MM,Mus musculus
HALLMARK_OXIDATIVE_PHOSPHORYLATION,Immt,https://www.gsea-msigdb.org/gsea/msigdb/mouse/geneset/HALLMARK_OXIDATIVE_PHOSPHORYLATION,MM,Mus musculus
HALLMARK_OXIDATIVE_PHOSPHORYLATION,Iscu,https://www.gsea-msigdb.org/gsea/msigdb/mouse/geneset/HALLMARK_OXIDATIVE_PHOSPHORYLATION,MM,Mus musculus
HALLMARK_OXIDATIVE_PHOSPHORYLATION,Ldha,https://www.gsea-msigdb.org/gsea/msigdb/mouse/geneset/HALLMARK_OXIDATIVE_PHOSPHORYLATION,MM,Mus musculus
HALLMARK_OXIDATIVE_PHOSPHORYLATION,Ldhb,https://www.gsea-msigdb.org/gsea/msigdb/mouse/geneset/HALLMARK_OXIDATIVE_PHOSPHORYLATION,MM,Mus musculus
HALLMARK_OXIDATIVE_PHOSPHORYLATION,Lrpprc,https://www.gsea-msigdb.org/gsea/msigdb/mouse/geneset/HALLMARK_OXIDATIVE_PHOSPHORYLATION,MM,Mus musculus
HALLMARK_OXIDATIVE_PHOSPHORYLATION,Maob,https://www.gsea-msigdb.org/gsea/msigdb/mouse/geneset/HALLMARK_OXIDATIVE_PHOSPHORYLATION,MM,Mus musculus
HALLMARK_OXIDATIVE_PHOSPHORYLATION,Mdh1,https://www.gsea-msigdb.org/gsea/msigdb/mouse/geneset/HALLMARK_OXIDATIVE_PHOSPHORYLATION,MM,Mus musculus
HALLMARK_OXIDATIVE_PHOSPHORYLATION,Mdh2,https://www.gsea-msigdb.org/gsea/msigdb/mouse/geneset/HALLMARK_OXIDATIVE_PHOSPHORYLATION,MM,Mus musculus
HALLMARK_OXIDATIVE_PHOSPHORYLATION,Mfn2,https://www.gsea-msigdb.org/gsea/msigdb/mouse/geneset/HALLMARK_OXIDATIVE_PHOSPHORYLATION,MM,Mus musculus
HALLMARK_OXIDATIVE_PHOSPHORYLATION,Mgst3,https://www.gsea-msigdb.org/gsea/msigdb/mouse/geneset/HALLMARK_OXIDATIVE_PHOSPHORYLATION,MM,Mus musculus
HALLMARK_OXIDATIVE_PHOSPHORYLATION,Mpc1,https://www.gsea-msigdb.org/gsea/msigdb/mouse/geneset/HALLMARK_OXIDATIVE_PHOSPHORYLATION,MM,Mus musculus
HALLMARK_OXIDATIVE_PHOSPHORYLATION,Mrpl11,https://www.gsea-msigdb.org/gsea/msigdb/mouse/geneset/HALLMARK_OXIDATIVE_PHOSPHORYLATION,MM,Mus musculus
HALLMARK_OXIDATIVE_PHOSPHORYLATION,Mrpl15,https://www.gsea-msigdb.org/gsea/msigdb/mouse/geneset/HALLMARK_OXIDATIVE_PHOSPHORYLATION,MM,Mus musculus
HALLMARK_OXIDATIVE_PHOSPHORYLATION,Mrpl34,https://www.gsea-msigdb.org/gsea/msigdb/mouse/geneset/HALLMARK_OXIDATIVE_PHOSPHORYLATION,MM,Mus musculus
HALLMARK_OXIDATIVE_PHOSPHORYLATION,Mrpl35,https://www.gsea-msigdb.org/gsea/msigdb/mouse/geneset/HALLMARK_OXIDATIVE_PHOSPHORYLATION,MM,Mus musculus
HALLMARK_OXIDATIVE_PHOSPHORYLATION,Mrps11,https://www.gsea-msigdb.org/gsea/msigdb/mouse/geneset/HALLMARK_OXIDATIVE_PHOSPHORYLATION,MM,Mus musculus
HALLMARK_OXIDATIVE_PHOSPHORYLATION,Mrps12,https://www.gsea-msigdb.org/gsea/msigdb/mouse/geneset/HALLMARK_OXIDATIVE_PHOSPHORYLATION,MM,Mus musculus
HALLMARK_OXIDATIVE_PHOSPHORYLATION,Mrps15,https://www.gsea-msigdb.org/gsea/msigdb/mouse/geneset/HALLMARK_OXIDATIVE_PHOSPHORYLATION,MM,Mus musculus
HALLMARK_OXIDATIVE_PHOSPHORYLATION,Mrps22,https://www.gsea-msigdb.org/gsea/msigdb/mouse/geneset/HALLMARK_OXIDATIVE_PHOSPHORYLATION,MM,Mus musculus
HALLMARK_OXIDATIVE_PHOSPHORYLATION,Mrps30,https://www.gsea-msigdb.org/gsea/msigdb/mouse/geneset/HALLMARK_OXIDATIVE_PHOSPHORYLATION,MM,Mus musculus
HALLMARK_OXIDATIVE_PHOSPHORYLATION,Mtrf1,https://www.gsea-msigdb.org/gsea/msigdb/mouse/geneset/HALLMARK_OXIDATIVE_PHOSPHORYLATION,MM,Mus musculus
HALLMARK_OXIDATIVE_PHOSPHORYLATION,Mtrr,https://www.gsea-msigdb.org/gsea/msigdb/mouse/geneset/HALLMARK_OXIDATIVE_PHOSPHORYLATION,MM,Mus musculus
HALLMARK_OXIDATIVE_PHOSPHORYLATION,Mtx2,https://www.gsea-msigdb.org/gsea/msigdb/mouse/geneset/HALLMARK_OXIDATIVE_PHOSPHORYLATION,MM,Mus musculus
HALLMARK_OXIDATIVE_PHOSPHORYLATION,Ndufa1,https://www.gsea-msigdb.org/gsea/msigdb/mouse/geneset/HALLMARK_OXIDATIVE_PHOSPHORYLATION,MM,Mus musculus
HALLMARK_OXIDATIVE_PHOSPHORYLATION,Ndufa2,https://www.gsea-msigdb.org/gsea/msigdb/mouse/geneset/HALLMARK_OXIDATIVE_PHOSPHORYLATION,MM,Mus musculus
HALLMARK_OXIDATIVE_PHOSPHORYLATION,Ndufa3,https://www.gsea-msigdb.org/gsea/msigdb/mouse/geneset/HALLMARK_OXIDATIVE_PHOSPHORYLATION,MM,Mus musculus
HALLMARK_OXIDATIVE_PHOSPHORYLATION,Ndufa4,https://www.gsea-msigdb.org/gsea/msigdb/mouse/geneset/HALLMARK_OXIDATIVE_PHOSPHORYLATION,MM,Mus musculus
HALLMARK_OXIDATIVE_PHOSPHORYLATION,Ndufa5,https://www.gsea-msigdb.org/gsea/msigdb/mouse/geneset/HALLMARK_OXIDATIVE_PHOSPHORYLATION,MM,Mus musculus
HALLMARK_OXIDATIVE_PHOSPHORYLATION,Ndufa6,https://www.gsea-msigdb.org/gsea/msigdb/mouse/geneset/HALLMARK_OXIDATIVE_PHOSPHORYLATION,MM,Mus musculus
HALLMARK_OXIDATIVE_PHOSPHORYLATION,Ndufa7,https://www.gsea-msigdb.org/gsea/msigdb/mouse/geneset/HALLMARK_OXIDATIVE_PHOSPHORYLATION,MM,Mus musculus
HALLMARK_OXIDATIVE_PHOSPHORYLATION,Ndufa8,https://www.gsea-msigdb.org/gsea/msigdb/mouse/geneset/HALLMARK_OXIDATIVE_PHOSPHORYLATION,MM,Mus musculus
HALLMARK_OXIDATIVE_PHOSPHORYLATION,Ndufa9,https://www.gsea-msigdb.org/gsea/msigdb/mouse/geneset/HALLMARK_OXIDATIVE_PHOSPHORYLATION,MM,Mus musculus
HALLMARK_OXIDATIVE_PHOSPHORYLATION,Ndufab1,https://www.gsea-msigdb.org/gsea/msigdb/mouse/geneset/HALLMARK_OXIDATIVE_PHOSPHORYLATION,MM,Mus musculus
HALLMARK_OXIDATIVE_PHOSPHORYLATION,Ndufb2,https://www.gsea-msigdb.org/gsea/msigdb/mouse/geneset/HALLMARK_OXIDATIVE_PHOSPHORYLATION,MM,Mus musculus
HALLMARK_OXIDATIVE_PHOSPHORYLATION,Ndufb3,https://www.gsea-msigdb.org/gsea/msigdb/mouse/geneset/HALLMARK_OXIDATIVE_PHOSPHORYLATION,MM,Mus musculus
HALLMARK_OXIDATIVE_PHOSPHORYLATION,Ndufb5,https://www.gsea-msigdb.org/gsea/msigdb/mouse/geneset/HALLMARK_OXIDATIVE_PHOSPHORYLATION,MM,Mus musculus
HALLMARK_OXIDATIVE_PHOSPHORYLATION,Ndufb6,https://www.gsea-msigdb.org/gsea/msigdb/mouse/geneset/HALLMARK_OXIDATIVE_PHOSPHORYLATION,MM,Mus musculus
HALLMARK_OXIDATIVE_PHOSPHORYLATION,Ndufb7,https://www.gsea-msigdb.org/gsea/msigdb/mouse/geneset/HALLMARK_OXIDATIVE_PHOSPHORYLATION,MM,Mus musculus
HALLMARK_OXIDATIVE_PHOSPHORYLATION,Ndufb8,https://www.gsea-msigdb.org/gsea/msigdb/mouse/geneset/HALLMARK_OXIDATIVE_PHOSPHORYLATION,MM,Mus musculus
HALLMARK_OXIDATIVE_PHOSPHORYLATION,Ndufc1,https://www.gsea-msigdb.org/gsea/msigdb/mouse/geneset/HALLMARK_OXIDATIVE_PHOSPHORYLATION,MM,Mus musculus
HALLMARK_OXIDATIVE_PHOSPHORYLATION,Ndufc2,https://www.gsea-msigdb.org/gsea/msigdb/mouse/geneset/HALLMARK_OXIDATIVE_PHOSPHORYLATION,MM,Mus musculus
HALLMARK_OXIDATIVE_PHOSPHORYLATION,Ndufs1,https://www.gsea-msigdb.org/gsea/msigdb/mouse/geneset/HALLMARK_OXIDATIVE_PHOSPHORYLATION,MM,Mus musculus
HALLMARK_OXIDATIVE_PHOSPHORYLATION,Ndufs2,https://www.gsea-msigdb.org/gsea/msigdb/mouse/geneset/HALLMARK_OXIDATIVE_PHOSPHORYLATION,MM,Mus musculus
HALLMARK_OXIDATIVE_PHOSPHORYLATION,Ndufs3,https://www.gsea-msigdb.org/gsea/msigdb/mouse/geneset/HALLMARK_OXIDATIVE_PHOSPHORYLATION,MM,Mus musculus
HALLMARK_OXIDATIVE_PHOSPHORYLATION,Ndufs4,https://www.gsea-msigdb.org/gsea/msigdb/mouse/geneset/HALLMARK_OXIDATIVE_PHOSPHORYLATION,MM,Mus musculus
HALLMARK_OXIDATIVE_PHOSPHORYLATION,Ndufs6,https://www.gsea-msigdb.org/gsea/msigdb/mouse/geneset/HALLMARK_OXIDATIVE_PHOSPHORYLATION,MM,Mus musculus
HALLMARK_OXIDATIVE_PHOSPHORYLATION,Ndufs7,https://www.gsea-msigdb.org/gsea/msigdb/mouse/geneset/HALLMARK_OXIDATIVE_PHOSPHORYLATION,MM,Mus musculus
HALLMARK_OXIDATIVE_PHOSPHORYLATION,Ndufs8,https://www.gsea-msigdb.org/gsea/msigdb/mouse/geneset/HALLMARK_OXIDATIVE_PHOSPHORYLATION,MM,Mus musculus
HALLMARK_OXIDATIVE_PHOSPHORYLATION,Ndufv1,https://www.gsea-msigdb.org/gsea/msigdb/mouse/geneset/HALLMARK_OXIDATIVE_PHOSPHORYLATION,MM,Mus musculus
HALLMARK_OXIDATIVE_PHOSPHORYLATION,Ndufv2,https://www.gsea-msigdb.org/gsea/msigdb/mouse/geneset/HALLMARK_OXIDATIVE_PHOSPHORYLATION,MM,Mus musculus
HALLMARK_OXIDATIVE_PHOSPHORYLATION,Nnt,https://www.gsea-msigdb.org/gsea/msigdb/mouse/geneset/HALLMARK_OXIDATIVE_PHOSPHORYLATION,MM,Mus musculus
HALLMARK_OXIDATIVE_PHOSPHORYLATION,Nqo2,https://www.gsea-msigdb.org/gsea/msigdb/mouse/geneset/HALLMARK_OXIDATIVE_PHOSPHORYLATION,MM,Mus musculus
HALLMARK_OXIDATIVE_PHOSPHORYLATION,Oat,https://www.gsea-msigdb.org/gsea/msigdb/mouse/geneset/HALLMARK_OXIDATIVE_PHOSPHORYLATION,MM,Mus musculus
HALLMARK_OXIDATIVE_PHOSPHORYLATION,Ogdh,https://www.gsea-msigdb.org/gsea/msigdb/mouse/geneset/HALLMARK_OXIDATIVE_PHOSPHORYLATION,MM,Mus musculus
HALLMARK_OXIDATIVE_PHOSPHORYLATION,Opa1,https://www.gsea-msigdb.org/gsea/msigdb/mouse/geneset/HALLMARK_OXIDATIVE_PHOSPHORYLATION,MM,Mus musculus
HALLMARK_OXIDATIVE_PHOSPHORYLATION,Oxa1l,https://www.gsea-msigdb.org/gsea/msigdb/mouse/geneset/HALLMARK_OXIDATIVE_PHOSPHORYLATION,MM,Mus musculus
HALLMARK_OXIDATIVE_PHOSPHORYLATION,Pdha1,https://www.gsea-msigdb.org/gsea/msigdb/mouse/geneset/HALLMARK_OXIDATIVE_PHOSPHORYLATION,MM,Mus musculus
HALLMARK_OXIDATIVE_PHOSPHORYLATION,Pdhb,https://www.gsea-msigdb.org/gsea/msigdb/mouse/geneset/HALLMARK_OXIDATIVE_PHOSPHORYLATION,MM,Mus musculus
HALLMARK_OXIDATIVE_PHOSPHORYLATION,Pdhx,https://www.gsea-msigdb.org/gsea/msigdb/mouse/geneset/HALLMARK_OXIDATIVE_PHOSPHORYLATION,MM,Mus musculus
HALLMARK_OXIDATIVE_PHOSPHORYLATION,Pdk4,https://www.gsea-msigdb.org/gsea/msigdb/mouse/geneset/HALLMARK_OXIDATIVE_PHOSPHORYLATION,MM,Mus musculus
HALLMARK_OXIDATIVE_PHOSPHORYLATION,Pdp1,https://www.gsea-msigdb.org/gsea/msigdb/mouse/geneset/HALLMARK_OXIDATIVE_PHOSPHORYLATION,MM,Mus musculus
HALLMARK_OXIDATIVE_PHOSPHORYLATION,Phb2,https://www.gsea-msigdb.org/gsea/msigdb/mouse/geneset/HALLMARK_OXIDATIVE_PHOSPHORYLATION,MM,Mus musculus
HALLMARK_OXIDATIVE_PHOSPHORYLATION,Phyh,https://www.gsea-msigdb.org/gsea/msigdb/mouse/geneset/HALLMARK_OXIDATIVE_PHOSPHORYLATION,MM,Mus musculus
HALLMARK_OXIDATIVE_PHOSPHORYLATION,Pmpca,https://www.gsea-msigdb.org/gsea/msigdb/mouse/geneset/HALLMARK_OXIDATIVE_PHOSPHORYLATION,MM,Mus musculus
HALLMARK_OXIDATIVE_PHOSPHORYLATION,Polr2f,https://www.gsea-msigdb.org/gsea/msigdb/mouse/geneset/HALLMARK_OXIDATIVE_PHOSPHORYLATION,MM,Mus musculus
HALLMARK_OXIDATIVE_PHOSPHORYLATION,Por,https://www.gsea-msigdb.org/gsea/msigdb/mouse/geneset/HALLMARK_OXIDATIVE_PHOSPHORYLATION,MM,Mus musculus
HALLMARK_OXIDATIVE_PHOSPHORYLATION,Prdx3,https://www.gsea-msigdb.org/gsea/msigdb/mouse/geneset/HALLMARK_OXIDATIVE_PHOSPHORYLATION,MM,Mus musculus
HALLMARK_OXIDATIVE_PHOSPHORYLATION,Retsat,https://www.gsea-msigdb.org/gsea/msigdb/mouse/geneset/HALLMARK_OXIDATIVE_PHOSPHORYLATION,MM,Mus musculus
HALLMARK_OXIDATIVE_PHOSPHORYLATION,Rhot1,https://www.gsea-msigdb.org/gsea/msigdb/mouse/geneset/HALLMARK_OXIDATIVE_PHOSPHORYLATION,MM,Mus musculus
HALLMARK_OXIDATIVE_PHOSPHORYLATION,Rhot2,https://www.gsea-msigdb.org/gsea/msigdb/mouse/geneset/HALLMARK_OXIDATIVE_PHOSPHORYLATION,MM,Mus musculus
HALLMARK_OXIDATIVE_PHOSPHORYLATION,Sdha,https://www.gsea-msigdb.org/gsea/msigdb/mouse/geneset/HALLMARK_OXIDATIVE_PHOSPHORYLATION,MM,Mus musculus
HALLMARK_OXIDATIVE_PHOSPHORYLATION,Sdhb,https://www.gsea-msigdb.org/gsea/msigdb/mouse/geneset/HALLMARK_OXIDATIVE_PHOSPHORYLATION,MM,Mus musculus
HALLMARK_OXIDATIVE_PHOSPHORYLATION,Sdhc,https://www.gsea-msigdb.org/gsea/msigdb/mouse/geneset/HALLMARK_OXIDATIVE_PHOSPHORYLATION,MM,Mus musculus
HALLMARK_OXIDATIVE_PHOSPHORYLATION,Sdhd,https://www.gsea-msigdb.org/gsea/msigdb/mouse/geneset/HALLMARK_OXIDATIVE_PHOSPHORYLATION,MM,Mus musculus
HALLMARK_OXIDATIVE_PHOSPHORYLATION,Slc25a11,https://www.gsea-msigdb.org/gsea/msigdb/mouse/geneset/HALLMARK_OXIDATIVE_PHOSPHORYLATION,MM,Mus musculus
HALLMARK_OXIDATIVE_PHOSPHORYLATION,Slc25a12,https://www.gsea-msigdb.org/gsea/msigdb/mouse/geneset/HALLMARK_OXIDATIVE_PHOSPHORYLATION,MM,Mus musculus
HALLMARK_OXIDATIVE_PHOSPHORYLATION,Slc25a20,https://www.gsea-msigdb.org/gsea/msigdb/mouse/geneset/HALLMARK_OXIDATIVE_PHOSPHORYLATION,MM,Mus musculus
HALLMARK_OXIDATIVE_PHOSPHORYLATION,Slc25a3,https://www.gsea-msigdb.org/gsea/msigdb/mouse/geneset/HALLMARK_OXIDATIVE_PHOSPHORYLATION,MM,Mus musculus
HALLMARK_OXIDATIVE_PHOSPHORYLATION,Slc25a4,https://www.gsea-msigdb.org/gsea/msigdb/mouse/geneset/HALLMARK_OXIDATIVE_PHOSPHORYLATION,MM,Mus musculus
HALLMARK_OXIDATIVE_PHOSPHORYLATION,Slc25a5,https://www.gsea-msigdb.org/gsea/msigdb/mouse/geneset/HALLMARK_OXIDATIVE_PHOSPHORYLATION,MM,Mus musculus
HALLMARK_OXIDATIVE_PHOSPHORYLATION,Sucla2,https://www.gsea-msigdb.org/gsea/msigdb/mouse/geneset/HALLMARK_OXIDATIVE_PHOSPHORYLATION,MM,Mus musculus
HALLMARK_OXIDATIVE_PHOSPHORYLATION,Suclg1,https://www.gsea-msigdb.org/gsea/msigdb/mouse/geneset/HALLMARK_OXIDATIVE_PHOSPHORYLATION,MM,Mus musculus
HALLMARK_OXIDATIVE_PHOSPHORYLATION,Supv3l1,https://www.gsea-msigdb.org/gsea/msigdb/mouse/geneset/HALLMARK_OXIDATIVE_PHOSPHORYLATION,MM,Mus musculus
HALLMARK_OXIDATIVE_PHOSPHORYLATION,Surf1,https://www.gsea-msigdb.org/gsea/msigdb/mouse/geneset/HALLMARK_OXIDATIVE_PHOSPHORYLATION,MM,Mus musculus
HALLMARK_OXIDATIVE_PHOSPHORYLATION,Tcirg1,https://www.gsea-msigdb.org/gsea/msigdb/mouse/geneset/HALLMARK_OXIDATIVE_PHOSPHORYLATION,MM,Mus musculus
HALLMARK_OXIDATIVE_PHOSPHORYLATION,Timm10,https://www.gsea-msigdb.org/gsea/msigdb/mouse/geneset/HALLMARK_OXIDATIVE_PHOSPHORYLATION,MM,Mus musculus
HALLMARK_OXIDATIVE_PHOSPHORYLATION,Timm13,https://www.gsea-msigdb.org/gsea/msigdb/mouse/geneset/HALLMARK_OXIDATIVE_PHOSPHORYLATION,MM,Mus musculus
HALLMARK_OXIDATIVE_PHOSPHORYLATION,Timm17a,https://www.gsea-msigdb.org/gsea/msigdb/mouse/geneset/HALLMARK_OXIDATIVE_PHOSPHORYLATION,MM,Mus musculus
HALLMARK_OXIDATIVE_PHOSPHORYLATION,Timm50,https://www.gsea-msigdb.org/gsea/msigdb/mouse/geneset/HALLMARK_OXIDATIVE_PHOSPHORYLATION,MM,Mus musculus
HALLMARK_OXIDATIVE_PHOSPHORYLATION,Timm8b,https://www.gsea-msigdb.org/gsea/msigdb/mouse/geneset/HALLMARK_OXIDATIVE_PHOSPHORYLATION,MM,Mus musculus
HALLMARK_OXIDATIVE_PHOSPHORYLATION,Timm9,https://www.gsea-msigdb.org/gsea/msigdb/mouse/geneset/HALLMARK_OXIDATIVE_PHOSPHORYLATION,MM,Mus musculus
HALLMARK_OXIDATIVE_PHOSPHORYLATION,Tomm22,https://www.gsea-msigdb.org/gsea/msigdb/mouse/geneset/HALLMARK_OXIDATIVE_PHOSPHORYLATION,MM,Mus musculus
HALLMARK_OXIDATIVE_PHOSPHORYLATION,Tomm70a,https://www.gsea-msigdb.org/gsea/msigdb/mouse/geneset/HALLMARK_OXIDATIVE_PHOSPHORYLATION,MM,Mus musculus
HALLMARK_OXIDATIVE_PHOSPHORYLATION,Uqcr10,https://www.gsea-msigdb.org/gsea/msigdb/mouse/geneset/HALLMARK_OXIDATIVE_PHOSPHORYLATION,MM,Mus musculus
HALLMARK_OXIDATIVE_PHOSPHORYLATION,Uqcr11,https://www.gsea-msigdb.org/gsea/msigdb/mouse/geneset/HALLMARK_OXIDATIVE_PHOSPHORYLATION,MM,Mus musculus
HALLMARK_OXIDATIVE_PHOSPHORYLATION,Uqcrb,https://www.gsea-msigdb.org/gsea/msigdb/mouse/geneset/HALLMARK_OXIDATIVE_PHOSPHORYLATION,MM,Mus musculus
HALLMARK_OXIDATIVE_PHOSPHORYLATION,Uqcrc1,https://www.gsea-msigdb.org/gsea/msigdb/mouse/geneset/HALLMARK_OXIDATIVE_PHOSPHORYLATION,MM,Mus musculus
HALLMARK_OXIDATIVE_PHOSPHORYLATION,Uqcrc2,https://www.gsea-msigdb.org/gsea/msigdb/mouse/geneset/HALLMARK_OXIDATIVE_PHOSPHORYLATION,MM,Mus musculus
HALLMARK_OXIDATIVE_PHOSPHORYLATION,Uqcrfs1,https://www.gsea-msigdb.org/gsea/msigdb/mouse/geneset/HALLMARK_OXIDATIVE_PHOSPHORYLATION,MM,Mus musculus
HALLMARK_OXIDATIVE_PHOSPHORYLATION,Uqcrh,https://www.gsea-msigdb.org/gsea/msigdb/mouse/geneset/HALLMARK_OXIDATIVE_PHOSPHORYLATION,MM,Mus musculus
HALLMARK_OXIDATIVE_PHOSPHORYLATION,Uqcrq,https://www.gsea-msigdb.org/gsea/msigdb/mouse/geneset/HALLMARK_OXIDATIVE_PHOSPHORYLATION,MM,Mus musculus
HALLMARK_OXIDATIVE_PHOSPHORYLATION,Vdac1,https://www.gsea-msigdb.org/gsea/msigdb/mouse/geneset/HALLMARK_OXIDATIVE_PHOSPHORYLATION,MM,Mus musculus
HALLMARK_OXIDATIVE_PHOSPHORYLATION,Vdac2,https://www.gsea-msigdb.org/gsea/msigdb/mouse/geneset/HALLMARK_OXIDATIVE_PHOSPHORYLATION,MM,Mus musculus
HALLMARK_OXIDATIVE_PHOSPHORYLATION,Vdac3,https://www.gsea-msigdb.org/gsea/msigdb/mouse/geneset/HALLMARK_OXIDATIVE_PHOSPHORYLATION,MM,Mus musculus
HALLMARK_P53_PATHWAY,Abat,https://www.gsea-msigdb.org/gsea/msigdb/mouse/geneset/HALLMARK_P53_PATHWAY,MM,Mus musculus
HALLMARK_P53_PATHWAY,Abcc5,https://www.gsea-msigdb.org/gsea/msigdb/mouse/geneset/HALLMARK_P53_PATHWAY,MM,Mus musculus
HALLMARK_P53_PATHWAY,Abhd4,https://www.gsea-msigdb.org/gsea/msigdb/mouse/geneset/HALLMARK_P53_PATHWAY,MM,Mus musculus
HALLMARK_P53_PATHWAY,Acvr1b,https://www.gsea-msigdb.org/gsea/msigdb/mouse/geneset/HALLMARK_P53_PATHWAY,MM,Mus musculus
HALLMARK_P53_PATHWAY,Ada,https://www.gsea-msigdb.org/gsea/msigdb/mouse/geneset/HALLMARK_P53_PATHWAY,MM,Mus musculus
HALLMARK_P53_PATHWAY,Aen,https://www.gsea-msigdb.org/gsea/msigdb/mouse/geneset/HALLMARK_P53_PATHWAY,MM,Mus musculus
HALLMARK_P53_PATHWAY,Ak1,https://www.gsea-msigdb.org/gsea/msigdb/mouse/geneset/HALLMARK_P53_PATHWAY,MM,Mus musculus
HALLMARK_P53_PATHWAY,Alox8,https://www.gsea-msigdb.org/gsea/msigdb/mouse/geneset/HALLMARK_P53_PATHWAY,MM,Mus musculus
HALLMARK_P53_PATHWAY,Ankra2,https://www.gsea-msigdb.org/gsea/msigdb/mouse/geneset/HALLMARK_P53_PATHWAY,MM,Mus musculus
HALLMARK_P53_PATHWAY,Apaf1,https://www.gsea-msigdb.org/gsea/msigdb/mouse/geneset/HALLMARK_P53_PATHWAY,MM,Mus musculus
HALLMARK_P53_PATHWAY,App,https://www.gsea-msigdb.org/gsea/msigdb/mouse/geneset/HALLMARK_P53_PATHWAY,MM,Mus musculus
HALLMARK_P53_PATHWAY,Atf3,https://www.gsea-msigdb.org/gsea/msigdb/mouse/geneset/HALLMARK_P53_PATHWAY,MM,Mus musculus
HALLMARK_P53_PATHWAY,Baiap2,https://www.gsea-msigdb.org/gsea/msigdb/mouse/geneset/HALLMARK_P53_PATHWAY,MM,Mus musculus
HALLMARK_P53_PATHWAY,Bak1,https://www.gsea-msigdb.org/gsea/msigdb/mouse/geneset/HALLMARK_P53_PATHWAY,MM,Mus musculus
HALLMARK_P53_PATHWAY,Bax,https://www.gsea-msigdb.org/gsea/msigdb/mouse/geneset/HALLMARK_P53_PATHWAY,MM,Mus musculus
HALLMARK_P53_PATHWAY,Blcap,https://www.gsea-msigdb.org/gsea/msigdb/mouse/geneset/HALLMARK_P53_PATHWAY,MM,Mus musculus
HALLMARK_P53_PATHWAY,Bmp2,https://www.gsea-msigdb.org/gsea/msigdb/mouse/geneset/HALLMARK_P53_PATHWAY,MM,Mus musculus
HALLMARK_P53_PATHWAY,Btg1,https://www.gsea-msigdb.org/gsea/msigdb/mouse/geneset/HALLMARK_P53_PATHWAY,MM,Mus musculus
HALLMARK_P53_PATHWAY,Btg2,https://www.gsea-msigdb.org/gsea/msigdb/mouse/geneset/HALLMARK_P53_PATHWAY,MM,Mus musculus
HALLMARK_P53_PATHWAY,Casp1,https://www.gsea-msigdb.org/gsea/msigdb/mouse/geneset/HALLMARK_P53_PATHWAY,MM,Mus musculus
HALLMARK_P53_PATHWAY,Ccnd2,https://www.gsea-msigdb.org/gsea/msigdb/mouse/geneset/HALLMARK_P53_PATHWAY,MM,Mus musculus
HALLMARK_P53_PATHWAY,Ccnd3,https://www.gsea-msigdb.org/gsea/msigdb/mouse/geneset/HALLMARK_P53_PATHWAY,MM,Mus musculus
HALLMARK_P53_PATHWAY,Ccng1,https://www.gsea-msigdb.org/gsea/msigdb/mouse/geneset/HALLMARK_P53_PATHWAY,MM,Mus musculus
HALLMARK_P53_PATHWAY,Ccnk,https://www.gsea-msigdb.org/gsea/msigdb/mouse/geneset/HALLMARK_P53_PATHWAY,MM,Mus musculus
HALLMARK_P53_PATHWAY,Ccp110,https://www.gsea-msigdb.org/gsea/msigdb/mouse/geneset/HALLMARK_P53_PATHWAY,MM,Mus musculus
HALLMARK_P53_PATHWAY,Cd81,https://www.gsea-msigdb.org/gsea/msigdb/mouse/geneset/HALLMARK_P53_PATHWAY,MM,Mus musculus
HALLMARK_P53_PATHWAY,Cd82,https://www.gsea-msigdb.org/gsea/msigdb/mouse/geneset/HALLMARK_P53_PATHWAY,MM,Mus musculus
HALLMARK_P53_PATHWAY,Cdh13,https://www.gsea-msigdb.org/gsea/msigdb/mouse/geneset/HALLMARK_P53_PATHWAY,MM,Mus musculus
HALLMARK_P53_PATHWAY,Cdk5r1,https://www.gsea-msigdb.org/gsea/msigdb/mouse/geneset/HALLMARK_P53_PATHWAY,MM,Mus musculus
HALLMARK_P53_PATHWAY,Cdkn1a,https://www.gsea-msigdb.org/gsea/msigdb/mouse/geneset/HALLMARK_P53_PATHWAY,MM,Mus musculus
HALLMARK_P53_PATHWAY,Cdkn2a,https://www.gsea-msigdb.org/gsea/msigdb/mouse/geneset/HALLMARK_P53_PATHWAY,MM,Mus musculus
HALLMARK_P53_PATHWAY,Cdkn2aip,https://www.gsea-msigdb.org/gsea/msigdb/mouse/geneset/HALLMARK_P53_PATHWAY,MM,Mus musculus
HALLMARK_P53_PATHWAY,Cdkn2b,https://www.gsea-msigdb.org/gsea/msigdb/mouse/geneset/HALLMARK_P53_PATHWAY,MM,Mus musculus
HALLMARK_P53_PATHWAY,Cebpa,https://www.gsea-msigdb.org/gsea/msigdb/mouse/geneset/HALLMARK_P53_PATHWAY,MM,Mus musculus
HALLMARK_P53_PATHWAY,Cgrrf1,https://www.gsea-msigdb.org/gsea/msigdb/mouse/geneset/HALLMARK_P53_PATHWAY,MM,Mus musculus
HALLMARK_P53_PATHWAY,Clca2,https://www.gsea-msigdb.org/gsea/msigdb/mouse/geneset/HALLMARK_P53_PATHWAY,MM,Mus musculus
HALLMARK_P53_PATHWAY,Coq8a,https://www.gsea-msigdb.org/gsea/msigdb/mouse/geneset/HALLMARK_P53_PATHWAY,MM,Mus musculus
HALLMARK_P53_PATHWAY,Csrnp2,https://www.gsea-msigdb.org/gsea/msigdb/mouse/geneset/HALLMARK_P53_PATHWAY,MM,Mus musculus
HALLMARK_P53_PATHWAY,Ctsd,https://www.gsea-msigdb.org/gsea/msigdb/mouse/geneset/HALLMARK_P53_PATHWAY,MM,Mus musculus
HALLMARK_P53_PATHWAY,Ctsf,https://www.gsea-msigdb.org/gsea/msigdb/mouse/geneset/HALLMARK_P53_PATHWAY,MM,Mus musculus
HALLMARK_P53_PATHWAY,Cyfip2,https://www.gsea-msigdb.org/gsea/msigdb/mouse/geneset/HALLMARK_P53_PATHWAY,MM,Mus musculus
HALLMARK_P53_PATHWAY,Dcxr,https://www.gsea-msigdb.org/gsea/msigdb/mouse/geneset/HALLMARK_P53_PATHWAY,MM,Mus musculus
HALLMARK_P53_PATHWAY,Ddb2,https://www.gsea-msigdb.org/gsea/msigdb/mouse/geneset/HALLMARK_P53_PATHWAY,MM,Mus musculus
HALLMARK_P53_PATHWAY,Ddit3,https://www.gsea-msigdb.org/gsea/msigdb/mouse/geneset/HALLMARK_P53_PATHWAY,MM,Mus musculus
HALLMARK_P53_PATHWAY,Ddit4,https://www.gsea-msigdb.org/gsea/msigdb/mouse/geneset/HALLMARK_P53_PATHWAY,MM,Mus musculus
HALLMARK_P53_PATHWAY,Def6,https://www.gsea-msigdb.org/gsea/msigdb/mouse/geneset/HALLMARK_P53_PATHWAY,MM,Mus musculus
HALLMARK_P53_PATHWAY,Dgka,https://www.gsea-msigdb.org/gsea/msigdb/mouse/geneset/HALLMARK_P53_PATHWAY,MM,Mus musculus
HALLMARK_P53_PATHWAY,Dnttip2,https://www.gsea-msigdb.org/gsea/msigdb/mouse/geneset/HALLMARK_P53_PATHWAY,MM,Mus musculus
HALLMARK_P53_PATHWAY,Dram1,https://www.gsea-msigdb.org/gsea/msigdb/mouse/geneset/HALLMARK_P53_PATHWAY,MM,Mus musculus
HALLMARK_P53_PATHWAY,Ei24,https://www.gsea-msigdb.org/gsea/msigdb/mouse/geneset/HALLMARK_P53_PATHWAY,MM,Mus musculus
HALLMARK_P53_PATHWAY,Elp1,https://www.gsea-msigdb.org/gsea/msigdb/mouse/geneset/HALLMARK_P53_PATHWAY,MM,Mus musculus
HALLMARK_P53_PATHWAY,Epha2,https://www.gsea-msigdb.org/gsea/msigdb/mouse/geneset/HALLMARK_P53_PATHWAY,MM,Mus musculus
HALLMARK_P53_PATHWAY,Ephx1,https://www.gsea-msigdb.org/gsea/msigdb/mouse/geneset/HALLMARK_P53_PATHWAY,MM,Mus musculus
HALLMARK_P53_PATHWAY,Eps8l2,https://www.gsea-msigdb.org/gsea/msigdb/mouse/geneset/HALLMARK_P53_PATHWAY,MM,Mus musculus
HALLMARK_P53_PATHWAY,Ercc5,https://www.gsea-msigdb.org/gsea/msigdb/mouse/geneset/HALLMARK_P53_PATHWAY,MM,Mus musculus
HALLMARK_P53_PATHWAY,F2r,https://www.gsea-msigdb.org/gsea/msigdb/mouse/geneset/HALLMARK_P53_PATHWAY,MM,Mus musculus
HALLMARK_P53_PATHWAY,Fam162a,https://www.gsea-msigdb.org/gsea/msigdb/mouse/geneset/HALLMARK_P53_PATHWAY,MM,Mus musculus
HALLMARK_P53_PATHWAY,Fas,https://www.gsea-msigdb.org/gsea/msigdb/mouse/geneset/HALLMARK_P53_PATHWAY,MM,Mus musculus
HALLMARK_P53_PATHWAY,Fbxw7,https://www.gsea-msigdb.org/gsea/msigdb/mouse/geneset/HALLMARK_P53_PATHWAY,MM,Mus musculus
HALLMARK_P53_PATHWAY,Fdxr,https://www.gsea-msigdb.org/gsea/msigdb/mouse/geneset/HALLMARK_P53_PATHWAY,MM,Mus musculus
HALLMARK_P53_PATHWAY,Fgf13,https://www.gsea-msigdb.org/gsea/msigdb/mouse/geneset/HALLMARK_P53_PATHWAY,MM,Mus musculus
HALLMARK_P53_PATHWAY,Fos,https://www.gsea-msigdb.org/gsea/msigdb/mouse/geneset/HALLMARK_P53_PATHWAY,MM,Mus musculus
HALLMARK_P53_PATHWAY,Foxo3,https://www.gsea-msigdb.org/gsea/msigdb/mouse/geneset/HALLMARK_P53_PATHWAY,MM,Mus musculus
HALLMARK_P53_PATHWAY,Fuca1,https://www.gsea-msigdb.org/gsea/msigdb/mouse/geneset/HALLMARK_P53_PATHWAY,MM,Mus musculus
HALLMARK_P53_PATHWAY,Gadd45a,https://www.gsea-msigdb.org/gsea/msigdb/mouse/geneset/HALLMARK_P53_PATHWAY,MM,Mus musculus
HALLMARK_P53_PATHWAY,Gls2,https://www.gsea-msigdb.org/gsea/msigdb/mouse/geneset/HALLMARK_P53_PATHWAY,MM,Mus musculus
HALLMARK_P53_PATHWAY,Gm2a,https://www.gsea-msigdb.org/gsea/msigdb/mouse/geneset/HALLMARK_P53_PATHWAY,MM,Mus musculus
HALLMARK_P53_PATHWAY,Gpx2,https://www.gsea-msigdb.org/gsea/msigdb/mouse/geneset/HALLMARK_P53_PATHWAY,MM,Mus musculus
HALLMARK_P53_PATHWAY,H1f2,https://www.gsea-msigdb.org/gsea/msigdb/mouse/geneset/HALLMARK_P53_PATHWAY,MM,Mus musculus
HALLMARK_P53_PATHWAY,H2ac25,https://www.gsea-msigdb.org/gsea/msigdb/mouse/geneset/HALLMARK_P53_PATHWAY,MM,Mus musculus
HALLMARK_P53_PATHWAY,H2aj,https://www.gsea-msigdb.org/gsea/msigdb/mouse/geneset/HALLMARK_P53_PATHWAY,MM,Mus musculus
HALLMARK_P53_PATHWAY,Hbegf,https://www.gsea-msigdb.org/gsea/msigdb/mouse/geneset/HALLMARK_P53_PATHWAY,MM,Mus musculus
HALLMARK_P53_PATHWAY,Hdac3,https://www.gsea-msigdb.org/gsea/msigdb/mouse/geneset/HALLMARK_P53_PATHWAY,MM,Mus musculus
HALLMARK_P53_PATHWAY,Hexim1,https://www.gsea-msigdb.org/gsea/msigdb/mouse/geneset/HALLMARK_P53_PATHWAY,MM,Mus musculus
HALLMARK_P53_PATHWAY,Hint1,https://www.gsea-msigdb.org/gsea/msigdb/mouse/geneset/HALLMARK_P53_PATHWAY,MM,Mus musculus
HALLMARK_P53_PATHWAY,Hmox1,https://www.gsea-msigdb.org/gsea/msigdb/mouse/geneset/HALLMARK_P53_PATHWAY,MM,Mus musculus
HALLMARK_P53_PATHWAY,Hras,https://www.gsea-msigdb.org/gsea/msigdb/mouse/geneset/HALLMARK_P53_PATHWAY,MM,Mus musculus
HALLMARK_P53_PATHWAY,Hspa4l,https://www.gsea-msigdb.org/gsea/msigdb/mouse/geneset/HALLMARK_P53_PATHWAY,MM,Mus musculus
HALLMARK_P53_PATHWAY,Ier3,https://www.gsea-msigdb.org/gsea/msigdb/mouse/geneset/HALLMARK_P53_PATHWAY,MM,Mus musculus
HALLMARK_P53_PATHWAY,Ier5,https://www.gsea-msigdb.org/gsea/msigdb/mouse/geneset/HALLMARK_P53_PATHWAY,MM,Mus musculus
HALLMARK_P53_PATHWAY,Ifi30,https://www.gsea-msigdb.org/gsea/msigdb/mouse/geneset/HALLMARK_P53_PATHWAY,MM,Mus musculus
HALLMARK_P53_PATHWAY,Il1a,https://www.gsea-msigdb.org/gsea/msigdb/mouse/geneset/HALLMARK_P53_PATHWAY,MM,Mus musculus
HALLMARK_P53_PATHWAY,Inhbb,https://www.gsea-msigdb.org/gsea/msigdb/mouse/geneset/HALLMARK_P53_PATHWAY,MM,Mus musculus
HALLMARK_P53_PATHWAY,Ip6k2,https://www.gsea-msigdb.org/gsea/msigdb/mouse/geneset/HALLMARK_P53_PATHWAY,MM,Mus musculus
HALLMARK_P53_PATHWAY,Irag2,https://www.gsea-msigdb.org/gsea/msigdb/mouse/geneset/HALLMARK_P53_PATHWAY,MM,Mus musculus
HALLMARK_P53_PATHWAY,Irak1,https://www.gsea-msigdb.org/gsea/msigdb/mouse/geneset/HALLMARK_P53_PATHWAY,MM,Mus musculus
HALLMARK_P53_PATHWAY,Iscu,https://www.gsea-msigdb.org/gsea/msigdb/mouse/geneset/HALLMARK_P53_PATHWAY,MM,Mus musculus
HALLMARK_P53_PATHWAY,Itgb4,https://www.gsea-msigdb.org/gsea/msigdb/mouse/geneset/HALLMARK_P53_PATHWAY,MM,Mus musculus
HALLMARK_P53_PATHWAY,Jag2,https://www.gsea-msigdb.org/gsea/msigdb/mouse/geneset/HALLMARK_P53_PATHWAY,MM,Mus musculus
HALLMARK_P53_PATHWAY,Jun,https://www.gsea-msigdb.org/gsea/msigdb/mouse/geneset/HALLMARK_P53_PATHWAY,MM,Mus musculus
HALLMARK_P53_PATHWAY,Kif13b,https://www.gsea-msigdb.org/gsea/msigdb/mouse/geneset/HALLMARK_P53_PATHWAY,MM,Mus musculus
HALLMARK_P53_PATHWAY,Klf4,https://www.gsea-msigdb.org/gsea/msigdb/mouse/geneset/HALLMARK_P53_PATHWAY,MM,Mus musculus
HALLMARK_P53_PATHWAY,Klk8,https://www.gsea-msigdb.org/gsea/msigdb/mouse/geneset/HALLMARK_P53_PATHWAY,MM,Mus musculus
HALLMARK_P53_PATHWAY,Krt17,https://www.gsea-msigdb.org/gsea/msigdb/mouse/geneset/HALLMARK_P53_PATHWAY,MM,Mus musculus
HALLMARK_P53_PATHWAY,Ldhb,https://www.gsea-msigdb.org/gsea/msigdb/mouse/geneset/HALLMARK_P53_PATHWAY,MM,Mus musculus
HALLMARK_P53_PATHWAY,Lif,https://www.gsea-msigdb.org/gsea/msigdb/mouse/geneset/HALLMARK_P53_PATHWAY,MM,Mus musculus
HALLMARK_P53_PATHWAY,Mapkapk3,https://www.gsea-msigdb.org/gsea/msigdb/mouse/geneset/HALLMARK_P53_PATHWAY,MM,Mus musculus
HALLMARK_P53_PATHWAY,Mdm2,https://www.gsea-msigdb.org/gsea/msigdb/mouse/geneset/HALLMARK_P53_PATHWAY,MM,Mus musculus
HALLMARK_P53_PATHWAY,Mknk2,https://www.gsea-msigdb.org/gsea/msigdb/mouse/geneset/HALLMARK_P53_PATHWAY,MM,Mus musculus
HALLMARK_P53_PATHWAY,Mxd1,https://www.gsea-msigdb.org/gsea/msigdb/mouse/geneset/HALLMARK_P53_PATHWAY,MM,Mus musculus
HALLMARK_P53_PATHWAY,Mxd4,https://www.gsea-msigdb.org/gsea/msigdb/mouse/geneset/HALLMARK_P53_PATHWAY,MM,Mus musculus
HALLMARK_P53_PATHWAY,Ndrg1,https://www.gsea-msigdb.org/gsea/msigdb/mouse/geneset/HALLMARK_P53_PATHWAY,MM,Mus musculus
HALLMARK_P53_PATHWAY,Nhlh2,https://www.gsea-msigdb.org/gsea/msigdb/mouse/geneset/HALLMARK_P53_PATHWAY,MM,Mus musculus
HALLMARK_P53_PATHWAY,Ninj1,https://www.gsea-msigdb.org/gsea/msigdb/mouse/geneset/HALLMARK_P53_PATHWAY,MM,Mus musculus
HALLMARK_P53_PATHWAY,Nol8,https://www.gsea-msigdb.org/gsea/msigdb/mouse/geneset/HALLMARK_P53_PATHWAY,MM,Mus musculus
HALLMARK_P53_PATHWAY,Notch1,https://www.gsea-msigdb.org/gsea/msigdb/mouse/geneset/HALLMARK_P53_PATHWAY,MM,Mus musculus
HALLMARK_P53_PATHWAY,Nudt15,https://www.gsea-msigdb.org/gsea/msigdb/mouse/geneset/HALLMARK_P53_PATHWAY,MM,Mus musculus
HALLMARK_P53_PATHWAY,Nupr1,https://www.gsea-msigdb.org/gsea/msigdb/mouse/geneset/HALLMARK_P53_PATHWAY,MM,Mus musculus
HALLMARK_P53_PATHWAY,Osgin1,https://www.gsea-msigdb.org/gsea/msigdb/mouse/geneset/HALLMARK_P53_PATHWAY,MM,Mus musculus
HALLMARK_P53_PATHWAY,Pcna,https://www.gsea-msigdb.org/gsea/msigdb/mouse/geneset/HALLMARK_P53_PATHWAY,MM,Mus musculus
HALLMARK_P53_PATHWAY,Pdgfa,https://www.gsea-msigdb.org/gsea/msigdb/mouse/geneset/HALLMARK_P53_PATHWAY,MM,Mus musculus
HALLMARK_P53_PATHWAY,Perp,https://www.gsea-msigdb.org/gsea/msigdb/mouse/geneset/HALLMARK_P53_PATHWAY,MM,Mus musculus
HALLMARK_P53_PATHWAY,Phlda3,https://www.gsea-msigdb.org/gsea/msigdb/mouse/geneset/HALLMARK_P53_PATHWAY,MM,Mus musculus
HALLMARK_P53_PATHWAY,Pidd1,https://www.gsea-msigdb.org/gsea/msigdb/mouse/geneset/HALLMARK_P53_PATHWAY,MM,Mus musculus
HALLMARK_P53_PATHWAY,Pitpnc1,https://www.gsea-msigdb.org/gsea/msigdb/mouse/geneset/HALLMARK_P53_PATHWAY,MM,Mus musculus
HALLMARK_P53_PATHWAY,Plk2,https://www.gsea-msigdb.org/gsea/msigdb/mouse/geneset/HALLMARK_P53_PATHWAY,MM,Mus musculus
HALLMARK_P53_PATHWAY,Plk3,https://www.gsea-msigdb.org/gsea/msigdb/mouse/geneset/HALLMARK_P53_PATHWAY,MM,Mus musculus
HALLMARK_P53_PATHWAY,Plxnb2,https://www.gsea-msigdb.org/gsea/msigdb/mouse/geneset/HALLMARK_P53_PATHWAY,MM,Mus musculus
HALLMARK_P53_PATHWAY,Pmm1,https://www.gsea-msigdb.org/gsea/msigdb/mouse/geneset/HALLMARK_P53_PATHWAY,MM,Mus musculus
HALLMARK_P53_PATHWAY,Polh,https://www.gsea-msigdb.org/gsea/msigdb/mouse/geneset/HALLMARK_P53_PATHWAY,MM,Mus musculus
HALLMARK_P53_PATHWAY,Pom121,https://www.gsea-msigdb.org/gsea/msigdb/mouse/geneset/HALLMARK_P53_PATHWAY,MM,Mus musculus
HALLMARK_P53_PATHWAY,Ppm1d,https://www.gsea-msigdb.org/gsea/msigdb/mouse/geneset/HALLMARK_P53_PATHWAY,MM,Mus musculus
HALLMARK_P53_PATHWAY,Ppp1r15a,https://www.gsea-msigdb.org/gsea/msigdb/mouse/geneset/HALLMARK_P53_PATHWAY,MM,Mus musculus
HALLMARK_P53_PATHWAY,Prkab1,https://www.gsea-msigdb.org/gsea/msigdb/mouse/geneset/HALLMARK_P53_PATHWAY,MM,Mus musculus
HALLMARK_P53_PATHWAY,Prmt2,https://www.gsea-msigdb.org/gsea/msigdb/mouse/geneset/HALLMARK_P53_PATHWAY,MM,Mus musculus
HALLMARK_P53_PATHWAY,Procr,https://www.gsea-msigdb.org/gsea/msigdb/mouse/geneset/HALLMARK_P53_PATHWAY,MM,Mus musculus
HALLMARK_P53_PATHWAY,Ptpn14,https://www.gsea-msigdb.org/gsea/msigdb/mouse/geneset/HALLMARK_P53_PATHWAY,MM,Mus musculus
HALLMARK_P53_PATHWAY,Ptpre,https://www.gsea-msigdb.org/gsea/msigdb/mouse/geneset/HALLMARK_P53_PATHWAY,MM,Mus musculus
HALLMARK_P53_PATHWAY,Pvt1,https://www.gsea-msigdb.org/gsea/msigdb/mouse/geneset/HALLMARK_P53_PATHWAY,MM,Mus musculus
HALLMARK_P53_PATHWAY,Rab40c,https://www.gsea-msigdb.org/gsea/msigdb/mouse/geneset/HALLMARK_P53_PATHWAY,MM,Mus musculus
HALLMARK_P53_PATHWAY,Rack1,https://www.gsea-msigdb.org/gsea/msigdb/mouse/geneset/HALLMARK_P53_PATHWAY,MM,Mus musculus
HALLMARK_P53_PATHWAY,Rad51c,https://www.gsea-msigdb.org/gsea/msigdb/mouse/geneset/HALLMARK_P53_PATHWAY,MM,Mus musculus
HALLMARK_P53_PATHWAY,Rad9a,https://www.gsea-msigdb.org/gsea/msigdb/mouse/geneset/HALLMARK_P53_PATHWAY,MM,Mus musculus
HALLMARK_P53_PATHWAY,Ralgds,https://www.gsea-msigdb.org/gsea/msigdb/mouse/geneset/HALLMARK_P53_PATHWAY,MM,Mus musculus
HALLMARK_P53_PATHWAY,Rap2b,https://www.gsea-msigdb.org/gsea/msigdb/mouse/geneset/HALLMARK_P53_PATHWAY,MM,Mus musculus
HALLMARK_P53_PATHWAY,Rb1,https://www.gsea-msigdb.org/gsea/msigdb/mouse/geneset/HALLMARK_P53_PATHWAY,MM,Mus musculus
HALLMARK_P53_PATHWAY,Rchy1,https://www.gsea-msigdb.org/gsea/msigdb/mouse/geneset/HALLMARK_P53_PATHWAY,MM,Mus musculus
HALLMARK_P53_PATHWAY,Retsat,https://www.gsea-msigdb.org/gsea/msigdb/mouse/geneset/HALLMARK_P53_PATHWAY,MM,Mus musculus
HALLMARK_P53_PATHWAY,Rgs16,https://www.gsea-msigdb.org/gsea/msigdb/mouse/geneset/HALLMARK_P53_PATHWAY,MM,Mus musculus
HALLMARK_P53_PATHWAY,Rhbdf2,https://www.gsea-msigdb.org/gsea/msigdb/mouse/geneset/HALLMARK_P53_PATHWAY,MM,Mus musculus
HALLMARK_P53_PATHWAY,Rnf19b,https://www.gsea-msigdb.org/gsea/msigdb/mouse/geneset/HALLMARK_P53_PATHWAY,MM,Mus musculus
HALLMARK_P53_PATHWAY,Rpl18,https://www.gsea-msigdb.org/gsea/msigdb/mouse/geneset/HALLMARK_P53_PATHWAY,MM,Mus musculus
HALLMARK_P53_PATHWAY,Rpl36,https://www.gsea-msigdb.org/gsea/msigdb/mouse/geneset/HALLMARK_P53_PATHWAY,MM,Mus musculus
HALLMARK_P53_PATHWAY,Rps12,https://www.gsea-msigdb.org/gsea/msigdb/mouse/geneset/HALLMARK_P53_PATHWAY,MM,Mus musculus
HALLMARK_P53_PATHWAY,Rps27l,https://www.gsea-msigdb.org/gsea/msigdb/mouse/geneset/HALLMARK_P53_PATHWAY,MM,Mus musculus
HALLMARK_P53_PATHWAY,Rrad,https://www.gsea-msigdb.org/gsea/msigdb/mouse/geneset/HALLMARK_P53_PATHWAY,MM,Mus musculus
HALLMARK_P53_PATHWAY,Rrp8,https://www.gsea-msigdb.org/gsea/msigdb/mouse/geneset/HALLMARK_P53_PATHWAY,MM,Mus musculus
HALLMARK_P53_PATHWAY,Rxra,https://www.gsea-msigdb.org/gsea/msigdb/mouse/geneset/HALLMARK_P53_PATHWAY,MM,Mus musculus
HALLMARK_P53_PATHWAY,S100a10,https://www.gsea-msigdb.org/gsea/msigdb/mouse/geneset/HALLMARK_P53_PATHWAY,MM,Mus musculus
HALLMARK_P53_PATHWAY,S100a4,https://www.gsea-msigdb.org/gsea/msigdb/mouse/geneset/HALLMARK_P53_PATHWAY,MM,Mus musculus
HALLMARK_P53_PATHWAY,Sat1,https://www.gsea-msigdb.org/gsea/msigdb/mouse/geneset/HALLMARK_P53_PATHWAY,MM,Mus musculus
HALLMARK_P53_PATHWAY,Sdc1,https://www.gsea-msigdb.org/gsea/msigdb/mouse/geneset/HALLMARK_P53_PATHWAY,MM,Mus musculus
HALLMARK_P53_PATHWAY,Sec61a1,https://www.gsea-msigdb.org/gsea/msigdb/mouse/geneset/HALLMARK_P53_PATHWAY,MM,Mus musculus
HALLMARK_P53_PATHWAY,Serpinb5,https://www.gsea-msigdb.org/gsea/msigdb/mouse/geneset/HALLMARK_P53_PATHWAY,MM,Mus musculus
HALLMARK_P53_PATHWAY,Sertad3,https://www.gsea-msigdb.org/gsea/msigdb/mouse/geneset/HALLMARK_P53_PATHWAY,MM,Mus musculus
HALLMARK_P53_PATHWAY,Sesn1,https://www.gsea-msigdb.org/gsea/msigdb/mouse/geneset/HALLMARK_P53_PATHWAY,MM,Mus musculus
HALLMARK_P53_PATHWAY,Sfn,https://www.gsea-msigdb.org/gsea/msigdb/mouse/geneset/HALLMARK_P53_PATHWAY,MM,Mus musculus
HALLMARK_P53_PATHWAY,Slc19a2,https://www.gsea-msigdb.org/gsea/msigdb/mouse/geneset/HALLMARK_P53_PATHWAY,MM,Mus musculus
HALLMARK_P53_PATHWAY,Slc35d1,https://www.gsea-msigdb.org/gsea/msigdb/mouse/geneset/HALLMARK_P53_PATHWAY,MM,Mus musculus
HALLMARK_P53_PATHWAY,Slc3a2,https://www.gsea-msigdb.org/gsea/msigdb/mouse/geneset/HALLMARK_P53_PATHWAY,MM,Mus musculus
HALLMARK_P53_PATHWAY,Slc7a11,https://www.gsea-msigdb.org/gsea/msigdb/mouse/geneset/HALLMARK_P53_PATHWAY,MM,Mus musculus
HALLMARK_P53_PATHWAY,Socs1,https://www.gsea-msigdb.org/gsea/msigdb/mouse/geneset/HALLMARK_P53_PATHWAY,MM,Mus musculus
HALLMARK_P53_PATHWAY,Sp1,https://www.gsea-msigdb.org/gsea/msigdb/mouse/geneset/HALLMARK_P53_PATHWAY,MM,Mus musculus
HALLMARK_P53_PATHWAY,Sphk1,https://www.gsea-msigdb.org/gsea/msigdb/mouse/geneset/HALLMARK_P53_PATHWAY,MM,Mus musculus
HALLMARK_P53_PATHWAY,St14,https://www.gsea-msigdb.org/gsea/msigdb/mouse/geneset/HALLMARK_P53_PATHWAY,MM,Mus musculus
HALLMARK_P53_PATHWAY,Steap3,https://www.gsea-msigdb.org/gsea/msigdb/mouse/geneset/HALLMARK_P53_PATHWAY,MM,Mus musculus
HALLMARK_P53_PATHWAY,Stom,https://www.gsea-msigdb.org/gsea/msigdb/mouse/geneset/HALLMARK_P53_PATHWAY,MM,Mus musculus
HALLMARK_P53_PATHWAY,Tap1,https://www.gsea-msigdb.org/gsea/msigdb/mouse/geneset/HALLMARK_P53_PATHWAY,MM,Mus musculus
HALLMARK_P53_PATHWAY,Tax1bp3,https://www.gsea-msigdb.org/gsea/msigdb/mouse/geneset/HALLMARK_P53_PATHWAY,MM,Mus musculus
HALLMARK_P53_PATHWAY,Tchh,https://www.gsea-msigdb.org/gsea/msigdb/mouse/geneset/HALLMARK_P53_PATHWAY,MM,Mus musculus
HALLMARK_P53_PATHWAY,Tcn2,https://www.gsea-msigdb.org/gsea/msigdb/mouse/geneset/HALLMARK_P53_PATHWAY,MM,Mus musculus
HALLMARK_P53_PATHWAY,Tgfa,https://www.gsea-msigdb.org/gsea/msigdb/mouse/geneset/HALLMARK_P53_PATHWAY,MM,Mus musculus
HALLMARK_P53_PATHWAY,Tgfb1,https://www.gsea-msigdb.org/gsea/msigdb/mouse/geneset/HALLMARK_P53_PATHWAY,MM,Mus musculus
HALLMARK_P53_PATHWAY,Tm4sf1,https://www.gsea-msigdb.org/gsea/msigdb/mouse/geneset/HALLMARK_P53_PATHWAY,MM,Mus musculus
HALLMARK_P53_PATHWAY,Tm7sf3,https://www.gsea-msigdb.org/gsea/msigdb/mouse/geneset/HALLMARK_P53_PATHWAY,MM,Mus musculus
HALLMARK_P53_PATHWAY,Tnfsf9,https://www.gsea-msigdb.org/gsea/msigdb/mouse/geneset/HALLMARK_P53_PATHWAY,MM,Mus musculus
HALLMARK_P53_PATHWAY,Tnni1,https://www.gsea-msigdb.org/gsea/msigdb/mouse/geneset/HALLMARK_P53_PATHWAY,MM,Mus musculus
HALLMARK_P53_PATHWAY,Tob1,https://www.gsea-msigdb.org/gsea/msigdb/mouse/geneset/HALLMARK_P53_PATHWAY,MM,Mus musculus
HALLMARK_P53_PATHWAY,Tpd52l1,https://www.gsea-msigdb.org/gsea/msigdb/mouse/geneset/HALLMARK_P53_PATHWAY,MM,Mus musculus
HALLMARK_P53_PATHWAY,Tprkb,https://www.gsea-msigdb.org/gsea/msigdb/mouse/geneset/HALLMARK_P53_PATHWAY,MM,Mus musculus
HALLMARK_P53_PATHWAY,Traf4,https://www.gsea-msigdb.org/gsea/msigdb/mouse/geneset/HALLMARK_P53_PATHWAY,MM,Mus musculus
HALLMARK_P53_PATHWAY,Trafd1,https://www.gsea-msigdb.org/gsea/msigdb/mouse/geneset/HALLMARK_P53_PATHWAY,MM,Mus musculus
HALLMARK_P53_PATHWAY,Triap1,https://www.gsea-msigdb.org/gsea/msigdb/mouse/geneset/HALLMARK_P53_PATHWAY,MM,Mus musculus
HALLMARK_P53_PATHWAY,Trib3,https://www.gsea-msigdb.org/gsea/msigdb/mouse/geneset/HALLMARK_P53_PATHWAY,MM,Mus musculus
HALLMARK_P53_PATHWAY,Trp53,https://www.gsea-msigdb.org/gsea/msigdb/mouse/geneset/HALLMARK_P53_PATHWAY,MM,Mus musculus
HALLMARK_P53_PATHWAY,Trp63,https://www.gsea-msigdb.org/gsea/msigdb/mouse/geneset/HALLMARK_P53_PATHWAY,MM,Mus musculus
HALLMARK_P53_PATHWAY,Tsc22d1,https://www.gsea-msigdb.org/gsea/msigdb/mouse/geneset/HALLMARK_P53_PATHWAY,MM,Mus musculus
HALLMARK_P53_PATHWAY,Tspyl2,https://www.gsea-msigdb.org/gsea/msigdb/mouse/geneset/HALLMARK_P53_PATHWAY,MM,Mus musculus
HALLMARK_P53_PATHWAY,Txnip,https://www.gsea-msigdb.org/gsea/msigdb/mouse/geneset/HALLMARK_P53_PATHWAY,MM,Mus musculus
HALLMARK_P53_PATHWAY,Upp1,https://www.gsea-msigdb.org/gsea/msigdb/mouse/geneset/HALLMARK_P53_PATHWAY,MM,Mus musculus
HALLMARK_P53_PATHWAY,Vamp8,https://www.gsea-msigdb.org/gsea/msigdb/mouse/geneset/HALLMARK_P53_PATHWAY,MM,Mus musculus
HALLMARK_P53_PATHWAY,Vdr,https://www.gsea-msigdb.org/gsea/msigdb/mouse/geneset/HALLMARK_P53_PATHWAY,MM,Mus musculus
HALLMARK_P53_PATHWAY,Vwa5a,https://www.gsea-msigdb.org/gsea/msigdb/mouse/geneset/HALLMARK_P53_PATHWAY,MM,Mus musculus
HALLMARK_P53_PATHWAY,Wrap73,https://www.gsea-msigdb.org/gsea/msigdb/mouse/geneset/HALLMARK_P53_PATHWAY,MM,Mus musculus
HALLMARK_P53_PATHWAY,Wwp1,https://www.gsea-msigdb.org/gsea/msigdb/mouse/geneset/HALLMARK_P53_PATHWAY,MM,Mus musculus
HALLMARK_P53_PATHWAY,Xpc,https://www.gsea-msigdb.org/gsea/msigdb/mouse/geneset/HALLMARK_P53_PATHWAY,MM,Mus musculus
HALLMARK_P53_PATHWAY,Zbtb16,https://www.gsea-msigdb.org/gsea/msigdb/mouse/geneset/HALLMARK_P53_PATHWAY,MM,Mus musculus
HALLMARK_P53_PATHWAY,Zfp365,https://www.gsea-msigdb.org/gsea/msigdb/mouse/geneset/HALLMARK_P53_PATHWAY,MM,Mus musculus
HALLMARK_P53_PATHWAY,Zfp36l1,https://www.gsea-msigdb.org/gsea/msigdb/mouse/geneset/HALLMARK_P53_PATHWAY,MM,Mus musculus
HALLMARK_P53_PATHWAY,Zmat3,https://www.gsea-msigdb.org/gsea/msigdb/mouse/geneset/HALLMARK_P53_PATHWAY,MM,Mus musculus
HALLMARK_PANCREAS_BETA_CELLS,Abcc8,https://www.gsea-msigdb.org/gsea/msigdb/mouse/geneset/HALLMARK_PANCREAS_BETA_CELLS,MM,Mus musculus
HALLMARK_PANCREAS_BETA_CELLS,Akt3,https://www.gsea-msigdb.org/gsea/msigdb/mouse/geneset/HALLMARK_PANCREAS_BETA_CELLS,MM,Mus musculus
HALLMARK_PANCREAS_BETA_CELLS,Chga,https://www.gsea-msigdb.org/gsea/msigdb/mouse/geneset/HALLMARK_PANCREAS_BETA_CELLS,MM,Mus musculus
HALLMARK_PANCREAS_BETA_CELLS,Dcx,https://www.gsea-msigdb.org/gsea/msigdb/mouse/geneset/HALLMARK_PANCREAS_BETA_CELLS,MM,Mus musculus
HALLMARK_PANCREAS_BETA_CELLS,Dpp4,https://www.gsea-msigdb.org/gsea/msigdb/mouse/geneset/HALLMARK_PANCREAS_BETA_CELLS,MM,Mus musculus
HALLMARK_PANCREAS_BETA_CELLS,Elp4,https://www.gsea-msigdb.org/gsea/msigdb/mouse/geneset/HALLMARK_PANCREAS_BETA_CELLS,MM,Mus musculus
HALLMARK_PANCREAS_BETA_CELLS,Foxa2,https://www.gsea-msigdb.org/gsea/msigdb/mouse/geneset/HALLMARK_PANCREAS_BETA_CELLS,MM,Mus musculus
HALLMARK_PANCREAS_BETA_CELLS,Foxo1,https://www.gsea-msigdb.org/gsea/msigdb/mouse/geneset/HALLMARK_PANCREAS_BETA_CELLS,MM,Mus musculus
HALLMARK_PANCREAS_BETA_CELLS,G6pc2,https://www.gsea-msigdb.org/gsea/msigdb/mouse/geneset/HALLMARK_PANCREAS_BETA_CELLS,MM,Mus musculus
HALLMARK_PANCREAS_BETA_CELLS,Gcg,https://www.gsea-msigdb.org/gsea/msigdb/mouse/geneset/HALLMARK_PANCREAS_BETA_CELLS,MM,Mus musculus
HALLMARK_PANCREAS_BETA_CELLS,Gck,https://www.gsea-msigdb.org/gsea/msigdb/mouse/geneset/HALLMARK_PANCREAS_BETA_CELLS,MM,Mus musculus
HALLMARK_PANCREAS_BETA_CELLS,Hnf1a,https://www.gsea-msigdb.org/gsea/msigdb/mouse/geneset/HALLMARK_PANCREAS_BETA_CELLS,MM,Mus musculus
HALLMARK_PANCREAS_BETA_CELLS,Iapp,https://www.gsea-msigdb.org/gsea/msigdb/mouse/geneset/HALLMARK_PANCREAS_BETA_CELLS,MM,Mus musculus
HALLMARK_PANCREAS_BETA_CELLS,Ins2,https://www.gsea-msigdb.org/gsea/msigdb/mouse/geneset/HALLMARK_PANCREAS_BETA_CELLS,MM,Mus musculus
HALLMARK_PANCREAS_BETA_CELLS,Insm1,https://www.gsea-msigdb.org/gsea/msigdb/mouse/geneset/HALLMARK_PANCREAS_BETA_CELLS,MM,Mus musculus
HALLMARK_PANCREAS_BETA_CELLS,Isl1,https://www.gsea-msigdb.org/gsea/msigdb/mouse/geneset/HALLMARK_PANCREAS_BETA_CELLS,MM,Mus musculus
HALLMARK_PANCREAS_BETA_CELLS,Lmo2,https://www.gsea-msigdb.org/gsea/msigdb/mouse/geneset/HALLMARK_PANCREAS_BETA_CELLS,MM,Mus musculus
HALLMARK_PANCREAS_BETA_CELLS,Mafb,https://www.gsea-msigdb.org/gsea/msigdb/mouse/geneset/HALLMARK_PANCREAS_BETA_CELLS,MM,Mus musculus
HALLMARK_PANCREAS_BETA_CELLS,Neurod1,https://www.gsea-msigdb.org/gsea/msigdb/mouse/geneset/HALLMARK_PANCREAS_BETA_CELLS,MM,Mus musculus
HALLMARK_PANCREAS_BETA_CELLS,Neurog3,https://www.gsea-msigdb.org/gsea/msigdb/mouse/geneset/HALLMARK_PANCREAS_BETA_CELLS,MM,Mus musculus
HALLMARK_PANCREAS_BETA_CELLS,Nkx2-2,https://www.gsea-msigdb.org/gsea/msigdb/mouse/geneset/HALLMARK_PANCREAS_BETA_CELLS,MM,Mus musculus
HALLMARK_PANCREAS_BETA_CELLS,Nkx6-1,https://www.gsea-msigdb.org/gsea/msigdb/mouse/geneset/HALLMARK_PANCREAS_BETA_CELLS,MM,Mus musculus
HALLMARK_PANCREAS_BETA_CELLS,Pak3,https://www.gsea-msigdb.org/gsea/msigdb/mouse/geneset/HALLMARK_PANCREAS_BETA_CELLS,MM,Mus musculus
HALLMARK_PANCREAS_BETA_CELLS,Pax4,https://www.gsea-msigdb.org/gsea/msigdb/mouse/geneset/HALLMARK_PANCREAS_BETA_CELLS,MM,Mus musculus
HALLMARK_PANCREAS_BETA_CELLS,Pax6,https://www.gsea-msigdb.org/gsea/msigdb/mouse/geneset/HALLMARK_PANCREAS_BETA_CELLS,MM,Mus musculus
HALLMARK_PANCREAS_BETA_CELLS,Pcsk1,https://www.gsea-msigdb.org/gsea/msigdb/mouse/geneset/HALLMARK_PANCREAS_BETA_CELLS,MM,Mus musculus
HALLMARK_PANCREAS_BETA_CELLS,Pcsk2,https://www.gsea-msigdb.org/gsea/msigdb/mouse/geneset/HALLMARK_PANCREAS_BETA_CELLS,MM,Mus musculus
HALLMARK_PANCREAS_BETA_CELLS,Pdx1,https://www.gsea-msigdb.org/gsea/msigdb/mouse/geneset/HALLMARK_PANCREAS_BETA_CELLS,MM,Mus musculus
HALLMARK_PANCREAS_BETA_CELLS,Pklr,https://www.gsea-msigdb.org/gsea/msigdb/mouse/geneset/HALLMARK_PANCREAS_BETA_CELLS,MM,Mus musculus
HALLMARK_PANCREAS_BETA_CELLS,Scgn,https://www.gsea-msigdb.org/gsea/msigdb/mouse/geneset/HALLMARK_PANCREAS_BETA_CELLS,MM,Mus musculus
HALLMARK_PANCREAS_BETA_CELLS,Sec11a,https://www.gsea-msigdb.org/gsea/msigdb/mouse/geneset/HALLMARK_PANCREAS_BETA_CELLS,MM,Mus musculus
HALLMARK_PANCREAS_BETA_CELLS,Slc2a2,https://www.gsea-msigdb.org/gsea/msigdb/mouse/geneset/HALLMARK_PANCREAS_BETA_CELLS,MM,Mus musculus
HALLMARK_PANCREAS_BETA_CELLS,Spcs1,https://www.gsea-msigdb.org/gsea/msigdb/mouse/geneset/HALLMARK_PANCREAS_BETA_CELLS,MM,Mus musculus
HALLMARK_PANCREAS_BETA_CELLS,Srp14,https://www.gsea-msigdb.org/gsea/msigdb/mouse/geneset/HALLMARK_PANCREAS_BETA_CELLS,MM,Mus musculus
HALLMARK_PANCREAS_BETA_CELLS,Srprb,https://www.gsea-msigdb.org/gsea/msigdb/mouse/geneset/HALLMARK_PANCREAS_BETA_CELLS,MM,Mus musculus
HALLMARK_PANCREAS_BETA_CELLS,Sst,https://www.gsea-msigdb.org/gsea/msigdb/mouse/geneset/HALLMARK_PANCREAS_BETA_CELLS,MM,Mus musculus
HALLMARK_PANCREAS_BETA_CELLS,Stxbp1,https://www.gsea-msigdb.org/gsea/msigdb/mouse/geneset/HALLMARK_PANCREAS_BETA_CELLS,MM,Mus musculus
HALLMARK_PANCREAS_BETA_CELLS,Syt13,https://www.gsea-msigdb.org/gsea/msigdb/mouse/geneset/HALLMARK_PANCREAS_BETA_CELLS,MM,Mus musculus
HALLMARK_PANCREAS_BETA_CELLS,Vdr,https://www.gsea-msigdb.org/gsea/msigdb/mouse/geneset/HALLMARK_PANCREAS_BETA_CELLS,MM,Mus musculus
HALLMARK_PEROXISOME,Abcb1a,https://www.gsea-msigdb.org/gsea/msigdb/mouse/geneset/HALLMARK_PEROXISOME,MM,Mus musculus
HALLMARK_PEROXISOME,Abcb4,https://www.gsea-msigdb.org/gsea/msigdb/mouse/geneset/HALLMARK_PEROXISOME,MM,Mus musculus
HALLMARK_PEROXISOME,Abcb9,https://www.gsea-msigdb.org/gsea/msigdb/mouse/geneset/HALLMARK_PEROXISOME,MM,Mus musculus
HALLMARK_PEROXISOME,Abcc5,https://www.gsea-msigdb.org/gsea/msigdb/mouse/geneset/HALLMARK_PEROXISOME,MM,Mus musculus
HALLMARK_PEROXISOME,Abcc8,https://www.gsea-msigdb.org/gsea/msigdb/mouse/geneset/HALLMARK_PEROXISOME,MM,Mus musculus
HALLMARK_PEROXISOME,Abcd1,https://www.gsea-msigdb.org/gsea/msigdb/mouse/geneset/HALLMARK_PEROXISOME,MM,Mus musculus
HALLMARK_PEROXISOME,Abcd2,https://www.gsea-msigdb.org/gsea/msigdb/mouse/geneset/HALLMARK_PEROXISOME,MM,Mus musculus
HALLMARK_PEROXISOME,Abcd3,https://www.gsea-msigdb.org/gsea/msigdb/mouse/geneset/HALLMARK_PEROXISOME,MM,Mus musculus
HALLMARK_PEROXISOME,Acaa1a,https://www.gsea-msigdb.org/gsea/msigdb/mouse/geneset/HALLMARK_PEROXISOME,MM,Mus musculus
HALLMARK_PEROXISOME,Acot8,https://www.gsea-msigdb.org/gsea/msigdb/mouse/geneset/HALLMARK_PEROXISOME,MM,Mus musculus
HALLMARK_PEROXISOME,Acox1,https://www.gsea-msigdb.org/gsea/msigdb/mouse/geneset/HALLMARK_PEROXISOME,MM,Mus musculus
HALLMARK_PEROXISOME,Acsl1,https://www.gsea-msigdb.org/gsea/msigdb/mouse/geneset/HALLMARK_PEROXISOME,MM,Mus musculus
HALLMARK_PEROXISOME,Acsl4,https://www.gsea-msigdb.org/gsea/msigdb/mouse/geneset/HALLMARK_PEROXISOME,MM,Mus musculus
HALLMARK_PEROXISOME,Acsl5,https://www.gsea-msigdb.org/gsea/msigdb/mouse/geneset/HALLMARK_PEROXISOME,MM,Mus musculus
HALLMARK_PEROXISOME,Alb,https://www.gsea-msigdb.org/gsea/msigdb/mouse/geneset/HALLMARK_PEROXISOME,MM,Mus musculus
HALLMARK_PEROXISOME,Aldh1a1,https://www.gsea-msigdb.org/gsea/msigdb/mouse/geneset/HALLMARK_PEROXISOME,MM,Mus musculus
HALLMARK_PEROXISOME,Aldh9a1,https://www.gsea-msigdb.org/gsea/msigdb/mouse/geneset/HALLMARK_PEROXISOME,MM,Mus musculus
HALLMARK_PEROXISOME,Atxn1,https://www.gsea-msigdb.org/gsea/msigdb/mouse/geneset/HALLMARK_PEROXISOME,MM,Mus musculus
HALLMARK_PEROXISOME,Bcl10,https://www.gsea-msigdb.org/gsea/msigdb/mouse/geneset/HALLMARK_PEROXISOME,MM,Mus musculus
HALLMARK_PEROXISOME,Cacna1b,https://www.gsea-msigdb.org/gsea/msigdb/mouse/geneset/HALLMARK_PEROXISOME,MM,Mus musculus
HALLMARK_PEROXISOME,Cadm1,https://www.gsea-msigdb.org/gsea/msigdb/mouse/geneset/HALLMARK_PEROXISOME,MM,Mus musculus
HALLMARK_PEROXISOME,Cat,https://www.gsea-msigdb.org/gsea/msigdb/mouse/geneset/HALLMARK_PEROXISOME,MM,Mus musculus
HALLMARK_PEROXISOME,Cdk7,https://www.gsea-msigdb.org/gsea/msigdb/mouse/geneset/HALLMARK_PEROXISOME,MM,Mus musculus
HALLMARK_PEROXISOME,Cel,https://www.gsea-msigdb.org/gsea/msigdb/mouse/geneset/HALLMARK_PEROXISOME,MM,Mus musculus
HALLMARK_PEROXISOME,Cln6,https://www.gsea-msigdb.org/gsea/msigdb/mouse/geneset/HALLMARK_PEROXISOME,MM,Mus musculus
HALLMARK_PEROXISOME,Cln8,https://www.gsea-msigdb.org/gsea/msigdb/mouse/geneset/HALLMARK_PEROXISOME,MM,Mus musculus
HALLMARK_PEROXISOME,Cnbp,https://www.gsea-msigdb.org/gsea/msigdb/mouse/geneset/HALLMARK_PEROXISOME,MM,Mus musculus
HALLMARK_PEROXISOME,Crabp1,https://www.gsea-msigdb.org/gsea/msigdb/mouse/geneset/HALLMARK_PEROXISOME,MM,Mus musculus
HALLMARK_PEROXISOME,Crabp2,https://www.gsea-msigdb.org/gsea/msigdb/mouse/geneset/HALLMARK_PEROXISOME,MM,Mus musculus
HALLMARK_PEROXISOME,Crat,https://www.gsea-msigdb.org/gsea/msigdb/mouse/geneset/HALLMARK_PEROXISOME,MM,Mus musculus
HALLMARK_PEROXISOME,Ctbp1,https://www.gsea-msigdb.org/gsea/msigdb/mouse/geneset/HALLMARK_PEROXISOME,MM,Mus musculus
HALLMARK_PEROXISOME,Ctps1,https://www.gsea-msigdb.org/gsea/msigdb/mouse/geneset/HALLMARK_PEROXISOME,MM,Mus musculus
HALLMARK_PEROXISOME,Dhcr24,https://www.gsea-msigdb.org/gsea/msigdb/mouse/geneset/HALLMARK_PEROXISOME,MM,Mus musculus
HALLMARK_PEROXISOME,Dhrs3,https://www.gsea-msigdb.org/gsea/msigdb/mouse/geneset/HALLMARK_PEROXISOME,MM,Mus musculus
HALLMARK_PEROXISOME,Dio1,https://www.gsea-msigdb.org/gsea/msigdb/mouse/geneset/HALLMARK_PEROXISOME,MM,Mus musculus
HALLMARK_PEROXISOME,Dlg4,https://www.gsea-msigdb.org/gsea/msigdb/mouse/geneset/HALLMARK_PEROXISOME,MM,Mus musculus
HALLMARK_PEROXISOME,Ech1,https://www.gsea-msigdb.org/gsea/msigdb/mouse/geneset/HALLMARK_PEROXISOME,MM,Mus musculus
HALLMARK_PEROXISOME,Eci2,https://www.gsea-msigdb.org/gsea/msigdb/mouse/geneset/HALLMARK_PEROXISOME,MM,Mus musculus
HALLMARK_PEROXISOME,Ehhadh,https://www.gsea-msigdb.org/gsea/msigdb/mouse/geneset/HALLMARK_PEROXISOME,MM,Mus musculus
HALLMARK_PEROXISOME,Elovl5,https://www.gsea-msigdb.org/gsea/msigdb/mouse/geneset/HALLMARK_PEROXISOME,MM,Mus musculus
HALLMARK_PEROXISOME,Ephx2,https://www.gsea-msigdb.org/gsea/msigdb/mouse/geneset/HALLMARK_PEROXISOME,MM,Mus musculus
HALLMARK_PEROXISOME,Ercc1,https://www.gsea-msigdb.org/gsea/msigdb/mouse/geneset/HALLMARK_PEROXISOME,MM,Mus musculus
HALLMARK_PEROXISOME,Ercc3,https://www.gsea-msigdb.org/gsea/msigdb/mouse/geneset/HALLMARK_PEROXISOME,MM,Mus musculus
HALLMARK_PEROXISOME,Esr2,https://www.gsea-msigdb.org/gsea/msigdb/mouse/geneset/HALLMARK_PEROXISOME,MM,Mus musculus
HALLMARK_PEROXISOME,Fabp6,https://www.gsea-msigdb.org/gsea/msigdb/mouse/geneset/HALLMARK_PEROXISOME,MM,Mus musculus
HALLMARK_PEROXISOME,Fads1,https://www.gsea-msigdb.org/gsea/msigdb/mouse/geneset/HALLMARK_PEROXISOME,MM,Mus musculus
HALLMARK_PEROXISOME,Fdps,https://www.gsea-msigdb.org/gsea/msigdb/mouse/geneset/HALLMARK_PEROXISOME,MM,Mus musculus
HALLMARK_PEROXISOME,Fis1,https://www.gsea-msigdb.org/gsea/msigdb/mouse/geneset/HALLMARK_PEROXISOME,MM,Mus musculus
HALLMARK_PEROXISOME,Gnpat,https://www.gsea-msigdb.org/gsea/msigdb/mouse/geneset/HALLMARK_PEROXISOME,MM,Mus musculus
HALLMARK_PEROXISOME,Gstk1,https://www.gsea-msigdb.org/gsea/msigdb/mouse/geneset/HALLMARK_PEROXISOME,MM,Mus musculus
HALLMARK_PEROXISOME,Hao2,https://www.gsea-msigdb.org/gsea/msigdb/mouse/geneset/HALLMARK_PEROXISOME,MM,Mus musculus
HALLMARK_PEROXISOME,Hmgcl,https://www.gsea-msigdb.org/gsea/msigdb/mouse/geneset/HALLMARK_PEROXISOME,MM,Mus musculus
HALLMARK_PEROXISOME,Hras,https://www.gsea-msigdb.org/gsea/msigdb/mouse/geneset/HALLMARK_PEROXISOME,MM,Mus musculus
HALLMARK_PEROXISOME,Hsd11b2,https://www.gsea-msigdb.org/gsea/msigdb/mouse/geneset/HALLMARK_PEROXISOME,MM,Mus musculus
HALLMARK_PEROXISOME,Hsd17b11,https://www.gsea-msigdb.org/gsea/msigdb/mouse/geneset/HALLMARK_PEROXISOME,MM,Mus musculus
HALLMARK_PEROXISOME,Hsd17b4,https://www.gsea-msigdb.org/gsea/msigdb/mouse/geneset/HALLMARK_PEROXISOME,MM,Mus musculus
HALLMARK_PEROXISOME,Hsd3b7,https://www.gsea-msigdb.org/gsea/msigdb/mouse/geneset/HALLMARK_PEROXISOME,MM,Mus musculus
HALLMARK_PEROXISOME,Ide,https://www.gsea-msigdb.org/gsea/msigdb/mouse/geneset/HALLMARK_PEROXISOME,MM,Mus musculus
HALLMARK_PEROXISOME,Idh1,https://www.gsea-msigdb.org/gsea/msigdb/mouse/geneset/HALLMARK_PEROXISOME,MM,Mus musculus
HALLMARK_PEROXISOME,Idh2,https://www.gsea-msigdb.org/gsea/msigdb/mouse/geneset/HALLMARK_PEROXISOME,MM,Mus musculus
HALLMARK_PEROXISOME,Idi1,https://www.gsea-msigdb.org/gsea/msigdb/mouse/geneset/HALLMARK_PEROXISOME,MM,Mus musculus
HALLMARK_PEROXISOME,Isoc1,https://www.gsea-msigdb.org/gsea/msigdb/mouse/geneset/HALLMARK_PEROXISOME,MM,Mus musculus
HALLMARK_PEROXISOME,Itgb1bp1,https://www.gsea-msigdb.org/gsea/msigdb/mouse/geneset/HALLMARK_PEROXISOME,MM,Mus musculus
HALLMARK_PEROXISOME,Lonp2,https://www.gsea-msigdb.org/gsea/msigdb/mouse/geneset/HALLMARK_PEROXISOME,MM,Mus musculus
HALLMARK_PEROXISOME,Mlycd,https://www.gsea-msigdb.org/gsea/msigdb/mouse/geneset/HALLMARK_PEROXISOME,MM,Mus musculus
HALLMARK_PEROXISOME,Msh2,https://www.gsea-msigdb.org/gsea/msigdb/mouse/geneset/HALLMARK_PEROXISOME,MM,Mus musculus
HALLMARK_PEROXISOME,Mvp,https://www.gsea-msigdb.org/gsea/msigdb/mouse/geneset/HALLMARK_PEROXISOME,MM,Mus musculus
HALLMARK_PEROXISOME,Nr1i2,https://www.gsea-msigdb.org/gsea/msigdb/mouse/geneset/HALLMARK_PEROXISOME,MM,Mus musculus
HALLMARK_PEROXISOME,Nudt19,https://www.gsea-msigdb.org/gsea/msigdb/mouse/geneset/HALLMARK_PEROXISOME,MM,Mus musculus
HALLMARK_PEROXISOME,Pabpc1,https://www.gsea-msigdb.org/gsea/msigdb/mouse/geneset/HALLMARK_PEROXISOME,MM,Mus musculus
HALLMARK_PEROXISOME,Pex11a,https://www.gsea-msigdb.org/gsea/msigdb/mouse/geneset/HALLMARK_PEROXISOME,MM,Mus musculus
HALLMARK_PEROXISOME,Pex11b,https://www.gsea-msigdb.org/gsea/msigdb/mouse/geneset/HALLMARK_PEROXISOME,MM,Mus musculus
HALLMARK_PEROXISOME,Pex13,https://www.gsea-msigdb.org/gsea/msigdb/mouse/geneset/HALLMARK_PEROXISOME,MM,Mus musculus
HALLMARK_PEROXISOME,Pex14,https://www.gsea-msigdb.org/gsea/msigdb/mouse/geneset/HALLMARK_PEROXISOME,MM,Mus musculus
HALLMARK_PEROXISOME,Pex2,https://www.gsea-msigdb.org/gsea/msigdb/mouse/geneset/HALLMARK_PEROXISOME,MM,Mus musculus
HALLMARK_PEROXISOME,Pex5,https://www.gsea-msigdb.org/gsea/msigdb/mouse/geneset/HALLMARK_PEROXISOME,MM,Mus musculus
HALLMARK_PEROXISOME,Pex6,https://www.gsea-msigdb.org/gsea/msigdb/mouse/geneset/HALLMARK_PEROXISOME,MM,Mus musculus
HALLMARK_PEROXISOME,Prdx1,https://www.gsea-msigdb.org/gsea/msigdb/mouse/geneset/HALLMARK_PEROXISOME,MM,Mus musculus
HALLMARK_PEROXISOME,Prdx5,https://www.gsea-msigdb.org/gsea/msigdb/mouse/geneset/HALLMARK_PEROXISOME,MM,Mus musculus
HALLMARK_PEROXISOME,Rdh11,https://www.gsea-msigdb.org/gsea/msigdb/mouse/geneset/HALLMARK_PEROXISOME,MM,Mus musculus
HALLMARK_PEROXISOME,Retsat,https://www.gsea-msigdb.org/gsea/msigdb/mouse/geneset/HALLMARK_PEROXISOME,MM,Mus musculus
HALLMARK_PEROXISOME,Rxrg,https://www.gsea-msigdb.org/gsea/msigdb/mouse/geneset/HALLMARK_PEROXISOME,MM,Mus musculus
HALLMARK_PEROXISOME,Scgb1a1,https://www.gsea-msigdb.org/gsea/msigdb/mouse/geneset/HALLMARK_PEROXISOME,MM,Mus musculus
HALLMARK_PEROXISOME,Scp2,https://www.gsea-msigdb.org/gsea/msigdb/mouse/geneset/HALLMARK_PEROXISOME,MM,Mus musculus
HALLMARK_PEROXISOME,Sema3c,https://www.gsea-msigdb.org/gsea/msigdb/mouse/geneset/HALLMARK_PEROXISOME,MM,Mus musculus
HALLMARK_PEROXISOME,Serpina6,https://www.gsea-msigdb.org/gsea/msigdb/mouse/geneset/HALLMARK_PEROXISOME,MM,Mus musculus
HALLMARK_PEROXISOME,Siah1a,https://www.gsea-msigdb.org/gsea/msigdb/mouse/geneset/HALLMARK_PEROXISOME,MM,Mus musculus
HALLMARK_PEROXISOME,Slc23a2,https://www.gsea-msigdb.org/gsea/msigdb/mouse/geneset/HALLMARK_PEROXISOME,MM,Mus musculus
HALLMARK_PEROXISOME,Slc25a17,https://www.gsea-msigdb.org/gsea/msigdb/mouse/geneset/HALLMARK_PEROXISOME,MM,Mus musculus
HALLMARK_PEROXISOME,Slc25a19,https://www.gsea-msigdb.org/gsea/msigdb/mouse/geneset/HALLMARK_PEROXISOME,MM,Mus musculus
HALLMARK_PEROXISOME,Slc25a4,https://www.gsea-msigdb.org/gsea/msigdb/mouse/geneset/HALLMARK_PEROXISOME,MM,Mus musculus
HALLMARK_PEROXISOME,Slc27a2,https://www.gsea-msigdb.org/gsea/msigdb/mouse/geneset/HALLMARK_PEROXISOME,MM,Mus musculus
HALLMARK_PEROXISOME,Slc35b2,https://www.gsea-msigdb.org/gsea/msigdb/mouse/geneset/HALLMARK_PEROXISOME,MM,Mus musculus
HALLMARK_PEROXISOME,Smarcc1,https://www.gsea-msigdb.org/gsea/msigdb/mouse/geneset/HALLMARK_PEROXISOME,MM,Mus musculus
HALLMARK_PEROXISOME,Sod1,https://www.gsea-msigdb.org/gsea/msigdb/mouse/geneset/HALLMARK_PEROXISOME,MM,Mus musculus
HALLMARK_PEROXISOME,Sod2,https://www.gsea-msigdb.org/gsea/msigdb/mouse/geneset/HALLMARK_PEROXISOME,MM,Mus musculus
HALLMARK_PEROXISOME,Sts,https://www.gsea-msigdb.org/gsea/msigdb/mouse/geneset/HALLMARK_PEROXISOME,MM,Mus musculus
HALLMARK_PEROXISOME,Sult2b1,https://www.gsea-msigdb.org/gsea/msigdb/mouse/geneset/HALLMARK_PEROXISOME,MM,Mus musculus
HALLMARK_PEROXISOME,Top2a,https://www.gsea-msigdb.org/gsea/msigdb/mouse/geneset/HALLMARK_PEROXISOME,MM,Mus musculus
HALLMARK_PEROXISOME,Tspo,https://www.gsea-msigdb.org/gsea/msigdb/mouse/geneset/HALLMARK_PEROXISOME,MM,Mus musculus
HALLMARK_PEROXISOME,Ttr,https://www.gsea-msigdb.org/gsea/msigdb/mouse/geneset/HALLMARK_PEROXISOME,MM,Mus musculus
HALLMARK_PEROXISOME,Vps4b,https://www.gsea-msigdb.org/gsea/msigdb/mouse/geneset/HALLMARK_PEROXISOME,MM,Mus musculus
HALLMARK_PEROXISOME,Ywhah,https://www.gsea-msigdb.org/gsea/msigdb/mouse/geneset/HALLMARK_PEROXISOME,MM,Mus musculus
HALLMARK_PI3K_AKT_MTOR_SIGNALING,Acaca,https://www.gsea-msigdb.org/gsea/msigdb/mouse/geneset/HALLMARK_PI3K_AKT_MTOR_SIGNALING,MM,Mus musculus
HALLMARK_PI3K_AKT_MTOR_SIGNALING,Actr2,https://www.gsea-msigdb.org/gsea/msigdb/mouse/geneset/HALLMARK_PI3K_AKT_MTOR_SIGNALING,MM,Mus musculus
HALLMARK_PI3K_AKT_MTOR_SIGNALING,Actr3,https://www.gsea-msigdb.org/gsea/msigdb/mouse/geneset/HALLMARK_PI3K_AKT_MTOR_SIGNALING,MM,Mus musculus
HALLMARK_PI3K_AKT_MTOR_SIGNALING,Adcy2,https://www.gsea-msigdb.org/gsea/msigdb/mouse/geneset/HALLMARK_PI3K_AKT_MTOR_SIGNALING,MM,Mus musculus
HALLMARK_PI3K_AKT_MTOR_SIGNALING,Akt1,https://www.gsea-msigdb.org/gsea/msigdb/mouse/geneset/HALLMARK_PI3K_AKT_MTOR_SIGNALING,MM,Mus musculus
HALLMARK_PI3K_AKT_MTOR_SIGNALING,Akt1s1,https://www.gsea-msigdb.org/gsea/msigdb/mouse/geneset/HALLMARK_PI3K_AKT_MTOR_SIGNALING,MM,Mus musculus
HALLMARK_PI3K_AKT_MTOR_SIGNALING,Ap2m1,https://www.gsea-msigdb.org/gsea/msigdb/mouse/geneset/HALLMARK_PI3K_AKT_MTOR_SIGNALING,MM,Mus musculus
HALLMARK_PI3K_AKT_MTOR_SIGNALING,Arf1,https://www.gsea-msigdb.org/gsea/msigdb/mouse/geneset/HALLMARK_PI3K_AKT_MTOR_SIGNALING,MM,Mus musculus
HALLMARK_PI3K_AKT_MTOR_SIGNALING,Arhgdia,https://www.gsea-msigdb.org/gsea/msigdb/mouse/geneset/HALLMARK_PI3K_AKT_MTOR_SIGNALING,MM,Mus musculus
HALLMARK_PI3K_AKT_MTOR_SIGNALING,Arpc3,https://www.gsea-msigdb.org/gsea/msigdb/mouse/geneset/HALLMARK_PI3K_AKT_MTOR_SIGNALING,MM,Mus musculus
HALLMARK_PI3K_AKT_MTOR_SIGNALING,Atf1,https://www.gsea-msigdb.org/gsea/msigdb/mouse/geneset/HALLMARK_PI3K_AKT_MTOR_SIGNALING,MM,Mus musculus
HALLMARK_PI3K_AKT_MTOR_SIGNALING,Cab39,https://www.gsea-msigdb.org/gsea/msigdb/mouse/geneset/HALLMARK_PI3K_AKT_MTOR_SIGNALING,MM,Mus musculus
HALLMARK_PI3K_AKT_MTOR_SIGNALING,Cab39l,https://www.gsea-msigdb.org/gsea/msigdb/mouse/geneset/HALLMARK_PI3K_AKT_MTOR_SIGNALING,MM,Mus musculus
HALLMARK_PI3K_AKT_MTOR_SIGNALING,Calr,https://www.gsea-msigdb.org/gsea/msigdb/mouse/geneset/HALLMARK_PI3K_AKT_MTOR_SIGNALING,MM,Mus musculus
HALLMARK_PI3K_AKT_MTOR_SIGNALING,Camk4,https://www.gsea-msigdb.org/gsea/msigdb/mouse/geneset/HALLMARK_PI3K_AKT_MTOR_SIGNALING,MM,Mus musculus
HALLMARK_PI3K_AKT_MTOR_SIGNALING,Cdk1,https://www.gsea-msigdb.org/gsea/msigdb/mouse/geneset/HALLMARK_PI3K_AKT_MTOR_SIGNALING,MM,Mus musculus
HALLMARK_PI3K_AKT_MTOR_SIGNALING,Cdk2,https://www.gsea-msigdb.org/gsea/msigdb/mouse/geneset/HALLMARK_PI3K_AKT_MTOR_SIGNALING,MM,Mus musculus
HALLMARK_PI3K_AKT_MTOR_SIGNALING,Cdk4,https://www.gsea-msigdb.org/gsea/msigdb/mouse/geneset/HALLMARK_PI3K_AKT_MTOR_SIGNALING,MM,Mus musculus
HALLMARK_PI3K_AKT_MTOR_SIGNALING,Cdkn1a,https://www.gsea-msigdb.org/gsea/msigdb/mouse/geneset/HALLMARK_PI3K_AKT_MTOR_SIGNALING,MM,Mus musculus
HALLMARK_PI3K_AKT_MTOR_SIGNALING,Cdkn1b,https://www.gsea-msigdb.org/gsea/msigdb/mouse/geneset/HALLMARK_PI3K_AKT_MTOR_SIGNALING,MM,Mus musculus
HALLMARK_PI3K_AKT_MTOR_SIGNALING,Cfl1,https://www.gsea-msigdb.org/gsea/msigdb/mouse/geneset/HALLMARK_PI3K_AKT_MTOR_SIGNALING,MM,Mus musculus
HALLMARK_PI3K_AKT_MTOR_SIGNALING,Cltc,https://www.gsea-msigdb.org/gsea/msigdb/mouse/geneset/HALLMARK_PI3K_AKT_MTOR_SIGNALING,MM,Mus musculus
HALLMARK_PI3K_AKT_MTOR_SIGNALING,Csnk2b,https://www.gsea-msigdb.org/gsea/msigdb/mouse/geneset/HALLMARK_PI3K_AKT_MTOR_SIGNALING,MM,Mus musculus
HALLMARK_PI3K_AKT_MTOR_SIGNALING,Cxcr4,https://www.gsea-msigdb.org/gsea/msigdb/mouse/geneset/HALLMARK_PI3K_AKT_MTOR_SIGNALING,MM,Mus musculus
HALLMARK_PI3K_AKT_MTOR_SIGNALING,Dapp1,https://www.gsea-msigdb.org/gsea/msigdb/mouse/geneset/HALLMARK_PI3K_AKT_MTOR_SIGNALING,MM,Mus musculus
HALLMARK_PI3K_AKT_MTOR_SIGNALING,Ddit3,https://www.gsea-msigdb.org/gsea/msigdb/mouse/geneset/HALLMARK_PI3K_AKT_MTOR_SIGNALING,MM,Mus musculus
HALLMARK_PI3K_AKT_MTOR_SIGNALING,Dusp3,https://www.gsea-msigdb.org/gsea/msigdb/mouse/geneset/HALLMARK_PI3K_AKT_MTOR_SIGNALING,MM,Mus musculus
HALLMARK_PI3K_AKT_MTOR_SIGNALING,E2f1,https://www.gsea-msigdb.org/gsea/msigdb/mouse/geneset/HALLMARK_PI3K_AKT_MTOR_SIGNALING,MM,Mus musculus
HALLMARK_PI3K_AKT_MTOR_SIGNALING,Ecsit,https://www.gsea-msigdb.org/gsea/msigdb/mouse/geneset/HALLMARK_PI3K_AKT_MTOR_SIGNALING,MM,Mus musculus
HALLMARK_PI3K_AKT_MTOR_SIGNALING,Egfr,https://www.gsea-msigdb.org/gsea/msigdb/mouse/geneset/HALLMARK_PI3K_AKT_MTOR_SIGNALING,MM,Mus musculus
HALLMARK_PI3K_AKT_MTOR_SIGNALING,Eif4e,https://www.gsea-msigdb.org/gsea/msigdb/mouse/geneset/HALLMARK_PI3K_AKT_MTOR_SIGNALING,MM,Mus musculus
HALLMARK_PI3K_AKT_MTOR_SIGNALING,Fasl,https://www.gsea-msigdb.org/gsea/msigdb/mouse/geneset/HALLMARK_PI3K_AKT_MTOR_SIGNALING,MM,Mus musculus
HALLMARK_PI3K_AKT_MTOR_SIGNALING,Fgf17,https://www.gsea-msigdb.org/gsea/msigdb/mouse/geneset/HALLMARK_PI3K_AKT_MTOR_SIGNALING,MM,Mus musculus
HALLMARK_PI3K_AKT_MTOR_SIGNALING,Fgf22,https://www.gsea-msigdb.org/gsea/msigdb/mouse/geneset/HALLMARK_PI3K_AKT_MTOR_SIGNALING,MM,Mus musculus
HALLMARK_PI3K_AKT_MTOR_SIGNALING,Fgf6,https://www.gsea-msigdb.org/gsea/msigdb/mouse/geneset/HALLMARK_PI3K_AKT_MTOR_SIGNALING,MM,Mus musculus
HALLMARK_PI3K_AKT_MTOR_SIGNALING,Gna14,https://www.gsea-msigdb.org/gsea/msigdb/mouse/geneset/HALLMARK_PI3K_AKT_MTOR_SIGNALING,MM,Mus musculus
HALLMARK_PI3K_AKT_MTOR_SIGNALING,Gngt1,https://www.gsea-msigdb.org/gsea/msigdb/mouse/geneset/HALLMARK_PI3K_AKT_MTOR_SIGNALING,MM,Mus musculus
HALLMARK_PI3K_AKT_MTOR_SIGNALING,Grb2,https://www.gsea-msigdb.org/gsea/msigdb/mouse/geneset/HALLMARK_PI3K_AKT_MTOR_SIGNALING,MM,Mus musculus
HALLMARK_PI3K_AKT_MTOR_SIGNALING,Grk2,https://www.gsea-msigdb.org/gsea/msigdb/mouse/geneset/HALLMARK_PI3K_AKT_MTOR_SIGNALING,MM,Mus musculus
HALLMARK_PI3K_AKT_MTOR_SIGNALING,Gsk3b,https://www.gsea-msigdb.org/gsea/msigdb/mouse/geneset/HALLMARK_PI3K_AKT_MTOR_SIGNALING,MM,Mus musculus
HALLMARK_PI3K_AKT_MTOR_SIGNALING,Hras,https://www.gsea-msigdb.org/gsea/msigdb/mouse/geneset/HALLMARK_PI3K_AKT_MTOR_SIGNALING,MM,Mus musculus
HALLMARK_PI3K_AKT_MTOR_SIGNALING,Hsp90b1,https://www.gsea-msigdb.org/gsea/msigdb/mouse/geneset/HALLMARK_PI3K_AKT_MTOR_SIGNALING,MM,Mus musculus
HALLMARK_PI3K_AKT_MTOR_SIGNALING,Il2rg,https://www.gsea-msigdb.org/gsea/msigdb/mouse/geneset/HALLMARK_PI3K_AKT_MTOR_SIGNALING,MM,Mus musculus
HALLMARK_PI3K_AKT_MTOR_SIGNALING,Il4,https://www.gsea-msigdb.org/gsea/msigdb/mouse/geneset/HALLMARK_PI3K_AKT_MTOR_SIGNALING,MM,Mus musculus
HALLMARK_PI3K_AKT_MTOR_SIGNALING,Irak4,https://www.gsea-msigdb.org/gsea/msigdb/mouse/geneset/HALLMARK_PI3K_AKT_MTOR_SIGNALING,MM,Mus musculus
HALLMARK_PI3K_AKT_MTOR_SIGNALING,Itpr2,https://www.gsea-msigdb.org/gsea/msigdb/mouse/geneset/HALLMARK_PI3K_AKT_MTOR_SIGNALING,MM,Mus musculus
HALLMARK_PI3K_AKT_MTOR_SIGNALING,Lck,https://www.gsea-msigdb.org/gsea/msigdb/mouse/geneset/HALLMARK_PI3K_AKT_MTOR_SIGNALING,MM,Mus musculus
HALLMARK_PI3K_AKT_MTOR_SIGNALING,Map2k3,https://www.gsea-msigdb.org/gsea/msigdb/mouse/geneset/HALLMARK_PI3K_AKT_MTOR_SIGNALING,MM,Mus musculus
HALLMARK_PI3K_AKT_MTOR_SIGNALING,Map2k6,https://www.gsea-msigdb.org/gsea/msigdb/mouse/geneset/HALLMARK_PI3K_AKT_MTOR_SIGNALING,MM,Mus musculus
HALLMARK_PI3K_AKT_MTOR_SIGNALING,Map3k7,https://www.gsea-msigdb.org/gsea/msigdb/mouse/geneset/HALLMARK_PI3K_AKT_MTOR_SIGNALING,MM,Mus musculus
HALLMARK_PI3K_AKT_MTOR_SIGNALING,Mapk1,https://www.gsea-msigdb.org/gsea/msigdb/mouse/geneset/HALLMARK_PI3K_AKT_MTOR_SIGNALING,MM,Mus musculus
HALLMARK_PI3K_AKT_MTOR_SIGNALING,Mapk10,https://www.gsea-msigdb.org/gsea/msigdb/mouse/geneset/HALLMARK_PI3K_AKT_MTOR_SIGNALING,MM,Mus musculus
HALLMARK_PI3K_AKT_MTOR_SIGNALING,Mapk8,https://www.gsea-msigdb.org/gsea/msigdb/mouse/geneset/HALLMARK_PI3K_AKT_MTOR_SIGNALING,MM,Mus musculus
HALLMARK_PI3K_AKT_MTOR_SIGNALING,Mapk9,https://www.gsea-msigdb.org/gsea/msigdb/mouse/geneset/HALLMARK_PI3K_AKT_MTOR_SIGNALING,MM,Mus musculus
HALLMARK_PI3K_AKT_MTOR_SIGNALING,Mapkap1,https://www.gsea-msigdb.org/gsea/msigdb/mouse/geneset/HALLMARK_PI3K_AKT_MTOR_SIGNALING,MM,Mus musculus
HALLMARK_PI3K_AKT_MTOR_SIGNALING,Mknk1,https://www.gsea-msigdb.org/gsea/msigdb/mouse/geneset/HALLMARK_PI3K_AKT_MTOR_SIGNALING,MM,Mus musculus
HALLMARK_PI3K_AKT_MTOR_SIGNALING,Mknk2,https://www.gsea-msigdb.org/gsea/msigdb/mouse/geneset/HALLMARK_PI3K_AKT_MTOR_SIGNALING,MM,Mus musculus
HALLMARK_PI3K_AKT_MTOR_SIGNALING,Myd88,https://www.gsea-msigdb.org/gsea/msigdb/mouse/geneset/HALLMARK_PI3K_AKT_MTOR_SIGNALING,MM,Mus musculus
HALLMARK_PI3K_AKT_MTOR_SIGNALING,Nck1,https://www.gsea-msigdb.org/gsea/msigdb/mouse/geneset/HALLMARK_PI3K_AKT_MTOR_SIGNALING,MM,Mus musculus
HALLMARK_PI3K_AKT_MTOR_SIGNALING,Nfkbib,https://www.gsea-msigdb.org/gsea/msigdb/mouse/geneset/HALLMARK_PI3K_AKT_MTOR_SIGNALING,MM,Mus musculus
HALLMARK_PI3K_AKT_MTOR_SIGNALING,Ngf,https://www.gsea-msigdb.org/gsea/msigdb/mouse/geneset/HALLMARK_PI3K_AKT_MTOR_SIGNALING,MM,Mus musculus
HALLMARK_PI3K_AKT_MTOR_SIGNALING,Nod1,https://www.gsea-msigdb.org/gsea/msigdb/mouse/geneset/HALLMARK_PI3K_AKT_MTOR_SIGNALING,MM,Mus musculus
HALLMARK_PI3K_AKT_MTOR_SIGNALING,Pak4,https://www.gsea-msigdb.org/gsea/msigdb/mouse/geneset/HALLMARK_PI3K_AKT_MTOR_SIGNALING,MM,Mus musculus
HALLMARK_PI3K_AKT_MTOR_SIGNALING,Pdk1,https://www.gsea-msigdb.org/gsea/msigdb/mouse/geneset/HALLMARK_PI3K_AKT_MTOR_SIGNALING,MM,Mus musculus
HALLMARK_PI3K_AKT_MTOR_SIGNALING,Pfn1,https://www.gsea-msigdb.org/gsea/msigdb/mouse/geneset/HALLMARK_PI3K_AKT_MTOR_SIGNALING,MM,Mus musculus
HALLMARK_PI3K_AKT_MTOR_SIGNALING,Pik3r3,https://www.gsea-msigdb.org/gsea/msigdb/mouse/geneset/HALLMARK_PI3K_AKT_MTOR_SIGNALING,MM,Mus musculus
HALLMARK_PI3K_AKT_MTOR_SIGNALING,Pikfyve,https://www.gsea-msigdb.org/gsea/msigdb/mouse/geneset/HALLMARK_PI3K_AKT_MTOR_SIGNALING,MM,Mus musculus
HALLMARK_PI3K_AKT_MTOR_SIGNALING,Pin1,https://www.gsea-msigdb.org/gsea/msigdb/mouse/geneset/HALLMARK_PI3K_AKT_MTOR_SIGNALING,MM,Mus musculus
HALLMARK_PI3K_AKT_MTOR_SIGNALING,Pitx2,https://www.gsea-msigdb.org/gsea/msigdb/mouse/geneset/HALLMARK_PI3K_AKT_MTOR_SIGNALING,MM,Mus musculus
HALLMARK_PI3K_AKT_MTOR_SIGNALING,Pla2g12a,https://www.gsea-msigdb.org/gsea/msigdb/mouse/geneset/HALLMARK_PI3K_AKT_MTOR_SIGNALING,MM,Mus musculus
HALLMARK_PI3K_AKT_MTOR_SIGNALING,Plcb1,https://www.gsea-msigdb.org/gsea/msigdb/mouse/geneset/HALLMARK_PI3K_AKT_MTOR_SIGNALING,MM,Mus musculus
HALLMARK_PI3K_AKT_MTOR_SIGNALING,Plcg1,https://www.gsea-msigdb.org/gsea/msigdb/mouse/geneset/HALLMARK_PI3K_AKT_MTOR_SIGNALING,MM,Mus musculus
HALLMARK_PI3K_AKT_MTOR_SIGNALING,Ppp1ca,https://www.gsea-msigdb.org/gsea/msigdb/mouse/geneset/HALLMARK_PI3K_AKT_MTOR_SIGNALING,MM,Mus musculus
HALLMARK_PI3K_AKT_MTOR_SIGNALING,Ppp2r1b,https://www.gsea-msigdb.org/gsea/msigdb/mouse/geneset/HALLMARK_PI3K_AKT_MTOR_SIGNALING,MM,Mus musculus
HALLMARK_PI3K_AKT_MTOR_SIGNALING,Prkaa2,https://www.gsea-msigdb.org/gsea/msigdb/mouse/geneset/HALLMARK_PI3K_AKT_MTOR_SIGNALING,MM,Mus musculus
HALLMARK_PI3K_AKT_MTOR_SIGNALING,Prkag1,https://www.gsea-msigdb.org/gsea/msigdb/mouse/geneset/HALLMARK_PI3K_AKT_MTOR_SIGNALING,MM,Mus musculus
HALLMARK_PI3K_AKT_MTOR_SIGNALING,Prkar2a,https://www.gsea-msigdb.org/gsea/msigdb/mouse/geneset/HALLMARK_PI3K_AKT_MTOR_SIGNALING,MM,Mus musculus
HALLMARK_PI3K_AKT_MTOR_SIGNALING,Prkcb,https://www.gsea-msigdb.org/gsea/msigdb/mouse/geneset/HALLMARK_PI3K_AKT_MTOR_SIGNALING,MM,Mus musculus
HALLMARK_PI3K_AKT_MTOR_SIGNALING,Pten,https://www.gsea-msigdb.org/gsea/msigdb/mouse/geneset/HALLMARK_PI3K_AKT_MTOR_SIGNALING,MM,Mus musculus
HALLMARK_PI3K_AKT_MTOR_SIGNALING,Ptpn11,https://www.gsea-msigdb.org/gsea/msigdb/mouse/geneset/HALLMARK_PI3K_AKT_MTOR_SIGNALING,MM,Mus musculus
HALLMARK_PI3K_AKT_MTOR_SIGNALING,Rac1,https://www.gsea-msigdb.org/gsea/msigdb/mouse/geneset/HALLMARK_PI3K_AKT_MTOR_SIGNALING,MM,Mus musculus
HALLMARK_PI3K_AKT_MTOR_SIGNALING,Raf1,https://www.gsea-msigdb.org/gsea/msigdb/mouse/geneset/HALLMARK_PI3K_AKT_MTOR_SIGNALING,MM,Mus musculus
HALLMARK_PI3K_AKT_MTOR_SIGNALING,Ralb,https://www.gsea-msigdb.org/gsea/msigdb/mouse/geneset/HALLMARK_PI3K_AKT_MTOR_SIGNALING,MM,Mus musculus
HALLMARK_PI3K_AKT_MTOR_SIGNALING,Ripk1,https://www.gsea-msigdb.org/gsea/msigdb/mouse/geneset/HALLMARK_PI3K_AKT_MTOR_SIGNALING,MM,Mus musculus
HALLMARK_PI3K_AKT_MTOR_SIGNALING,Rit1,https://www.gsea-msigdb.org/gsea/msigdb/mouse/geneset/HALLMARK_PI3K_AKT_MTOR_SIGNALING,MM,Mus musculus
HALLMARK_PI3K_AKT_MTOR_SIGNALING,Rps6ka1,https://www.gsea-msigdb.org/gsea/msigdb/mouse/geneset/HALLMARK_PI3K_AKT_MTOR_SIGNALING,MM,Mus musculus
HALLMARK_PI3K_AKT_MTOR_SIGNALING,Rps6ka3,https://www.gsea-msigdb.org/gsea/msigdb/mouse/geneset/HALLMARK_PI3K_AKT_MTOR_SIGNALING,MM,Mus musculus
HALLMARK_PI3K_AKT_MTOR_SIGNALING,Rptor,https://www.gsea-msigdb.org/gsea/msigdb/mouse/geneset/HALLMARK_PI3K_AKT_MTOR_SIGNALING,MM,Mus musculus
HALLMARK_PI3K_AKT_MTOR_SIGNALING,Sfn,https://www.gsea-msigdb.org/gsea/msigdb/mouse/geneset/HALLMARK_PI3K_AKT_MTOR_SIGNALING,MM,Mus musculus
HALLMARK_PI3K_AKT_MTOR_SIGNALING,Sla,https://www.gsea-msigdb.org/gsea/msigdb/mouse/geneset/HALLMARK_PI3K_AKT_MTOR_SIGNALING,MM,Mus musculus
HALLMARK_PI3K_AKT_MTOR_SIGNALING,Slc2a1,https://www.gsea-msigdb.org/gsea/msigdb/mouse/geneset/HALLMARK_PI3K_AKT_MTOR_SIGNALING,MM,Mus musculus
HALLMARK_PI3K_AKT_MTOR_SIGNALING,Smad2,https://www.gsea-msigdb.org/gsea/msigdb/mouse/geneset/HALLMARK_PI3K_AKT_MTOR_SIGNALING,MM,Mus musculus
HALLMARK_PI3K_AKT_MTOR_SIGNALING,Sqstm1,https://www.gsea-msigdb.org/gsea/msigdb/mouse/geneset/HALLMARK_PI3K_AKT_MTOR_SIGNALING,MM,Mus musculus
HALLMARK_PI3K_AKT_MTOR_SIGNALING,Stat2,https://www.gsea-msigdb.org/gsea/msigdb/mouse/geneset/HALLMARK_PI3K_AKT_MTOR_SIGNALING,MM,Mus musculus
HALLMARK_PI3K_AKT_MTOR_SIGNALING,Tbk1,https://www.gsea-msigdb.org/gsea/msigdb/mouse/geneset/HALLMARK_PI3K_AKT_MTOR_SIGNALING,MM,Mus musculus
HALLMARK_PI3K_AKT_MTOR_SIGNALING,Them4,https://www.gsea-msigdb.org/gsea/msigdb/mouse/geneset/HALLMARK_PI3K_AKT_MTOR_SIGNALING,MM,Mus musculus
HALLMARK_PI3K_AKT_MTOR_SIGNALING,Tiam1,https://www.gsea-msigdb.org/gsea/msigdb/mouse/geneset/HALLMARK_PI3K_AKT_MTOR_SIGNALING,MM,Mus musculus
HALLMARK_PI3K_AKT_MTOR_SIGNALING,Tnfrsf1a,https://www.gsea-msigdb.org/gsea/msigdb/mouse/geneset/HALLMARK_PI3K_AKT_MTOR_SIGNALING,MM,Mus musculus
HALLMARK_PI3K_AKT_MTOR_SIGNALING,Traf2,https://www.gsea-msigdb.org/gsea/msigdb/mouse/geneset/HALLMARK_PI3K_AKT_MTOR_SIGNALING,MM,Mus musculus
HALLMARK_PI3K_AKT_MTOR_SIGNALING,Trib3,https://www.gsea-msigdb.org/gsea/msigdb/mouse/geneset/HALLMARK_PI3K_AKT_MTOR_SIGNALING,MM,Mus musculus
HALLMARK_PI3K_AKT_MTOR_SIGNALING,Tsc2,https://www.gsea-msigdb.org/gsea/msigdb/mouse/geneset/HALLMARK_PI3K_AKT_MTOR_SIGNALING,MM,Mus musculus
HALLMARK_PI3K_AKT_MTOR_SIGNALING,Ube2d3,https://www.gsea-msigdb.org/gsea/msigdb/mouse/geneset/HALLMARK_PI3K_AKT_MTOR_SIGNALING,MM,Mus musculus
HALLMARK_PI3K_AKT_MTOR_SIGNALING,Ube2n,https://www.gsea-msigdb.org/gsea/msigdb/mouse/geneset/HALLMARK_PI3K_AKT_MTOR_SIGNALING,MM,Mus musculus
HALLMARK_PI3K_AKT_MTOR_SIGNALING,Vav3,https://www.gsea-msigdb.org/gsea/msigdb/mouse/geneset/HALLMARK_PI3K_AKT_MTOR_SIGNALING,MM,Mus musculus
HALLMARK_PI3K_AKT_MTOR_SIGNALING,Ywhab,https://www.gsea-msigdb.org/gsea/msigdb/mouse/geneset/HALLMARK_PI3K_AKT_MTOR_SIGNALING,MM,Mus musculus
HALLMARK_PROTEIN_SECRETION,Abca1,https://www.gsea-msigdb.org/gsea/msigdb/mouse/geneset/HALLMARK_PROTEIN_SECRETION,MM,Mus musculus
HALLMARK_PROTEIN_SECRETION,Adam10,https://www.gsea-msigdb.org/gsea/msigdb/mouse/geneset/HALLMARK_PROTEIN_SECRETION,MM,Mus musculus
HALLMARK_PROTEIN_SECRETION,Anp32e,https://www.gsea-msigdb.org/gsea/msigdb/mouse/geneset/HALLMARK_PROTEIN_SECRETION,MM,Mus musculus
HALLMARK_PROTEIN_SECRETION,Ap1g1,https://www.gsea-msigdb.org/gsea/msigdb/mouse/geneset/HALLMARK_PROTEIN_SECRETION,MM,Mus musculus
HALLMARK_PROTEIN_SECRETION,Ap2b1,https://www.gsea-msigdb.org/gsea/msigdb/mouse/geneset/HALLMARK_PROTEIN_SECRETION,MM,Mus musculus
HALLMARK_PROTEIN_SECRETION,Ap2m1,https://www.gsea-msigdb.org/gsea/msigdb/mouse/geneset/HALLMARK_PROTEIN_SECRETION,MM,Mus musculus
HALLMARK_PROTEIN_SECRETION,Ap2s1,https://www.gsea-msigdb.org/gsea/msigdb/mouse/geneset/HALLMARK_PROTEIN_SECRETION,MM,Mus musculus
HALLMARK_PROTEIN_SECRETION,Ap3b1,https://www.gsea-msigdb.org/gsea/msigdb/mouse/geneset/HALLMARK_PROTEIN_SECRETION,MM,Mus musculus
HALLMARK_PROTEIN_SECRETION,Ap3s1,https://www.gsea-msigdb.org/gsea/msigdb/mouse/geneset/HALLMARK_PROTEIN_SECRETION,MM,Mus musculus
HALLMARK_PROTEIN_SECRETION,Arcn1,https://www.gsea-msigdb.org/gsea/msigdb/mouse/geneset/HALLMARK_PROTEIN_SECRETION,MM,Mus musculus
HALLMARK_PROTEIN_SECRETION,Arf1,https://www.gsea-msigdb.org/gsea/msigdb/mouse/geneset/HALLMARK_PROTEIN_SECRETION,MM,Mus musculus
HALLMARK_PROTEIN_SECRETION,Arfgap3,https://www.gsea-msigdb.org/gsea/msigdb/mouse/geneset/HALLMARK_PROTEIN_SECRETION,MM,Mus musculus
HALLMARK_PROTEIN_SECRETION,Arfgef1,https://www.gsea-msigdb.org/gsea/msigdb/mouse/geneset/HALLMARK_PROTEIN_SECRETION,MM,Mus musculus
HALLMARK_PROTEIN_SECRETION,Arfgef2,https://www.gsea-msigdb.org/gsea/msigdb/mouse/geneset/HALLMARK_PROTEIN_SECRETION,MM,Mus musculus
HALLMARK_PROTEIN_SECRETION,Arfip1,https://www.gsea-msigdb.org/gsea/msigdb/mouse/geneset/HALLMARK_PROTEIN_SECRETION,MM,Mus musculus
HALLMARK_PROTEIN_SECRETION,Atp1a1,https://www.gsea-msigdb.org/gsea/msigdb/mouse/geneset/HALLMARK_PROTEIN_SECRETION,MM,Mus musculus
HALLMARK_PROTEIN_SECRETION,Atp6v1b1,https://www.gsea-msigdb.org/gsea/msigdb/mouse/geneset/HALLMARK_PROTEIN_SECRETION,MM,Mus musculus
HALLMARK_PROTEIN_SECRETION,Atp6v1h,https://www.gsea-msigdb.org/gsea/msigdb/mouse/geneset/HALLMARK_PROTEIN_SECRETION,MM,Mus musculus
HALLMARK_PROTEIN_SECRETION,Atp7a,https://www.gsea-msigdb.org/gsea/msigdb/mouse/geneset/HALLMARK_PROTEIN_SECRETION,MM,Mus musculus
HALLMARK_PROTEIN_SECRETION,Bet1,https://www.gsea-msigdb.org/gsea/msigdb/mouse/geneset/HALLMARK_PROTEIN_SECRETION,MM,Mus musculus
HALLMARK_PROTEIN_SECRETION,Bnip3,https://www.gsea-msigdb.org/gsea/msigdb/mouse/geneset/HALLMARK_PROTEIN_SECRETION,MM,Mus musculus
HALLMARK_PROTEIN_SECRETION,Cav2,https://www.gsea-msigdb.org/gsea/msigdb/mouse/geneset/HALLMARK_PROTEIN_SECRETION,MM,Mus musculus
HALLMARK_PROTEIN_SECRETION,Cd63,https://www.gsea-msigdb.org/gsea/msigdb/mouse/geneset/HALLMARK_PROTEIN_SECRETION,MM,Mus musculus
HALLMARK_PROTEIN_SECRETION,Clcn3,https://www.gsea-msigdb.org/gsea/msigdb/mouse/geneset/HALLMARK_PROTEIN_SECRETION,MM,Mus musculus
HALLMARK_PROTEIN_SECRETION,Cln5,https://www.gsea-msigdb.org/gsea/msigdb/mouse/geneset/HALLMARK_PROTEIN_SECRETION,MM,Mus musculus
HALLMARK_PROTEIN_SECRETION,Clta,https://www.gsea-msigdb.org/gsea/msigdb/mouse/geneset/HALLMARK_PROTEIN_SECRETION,MM,Mus musculus
HALLMARK_PROTEIN_SECRETION,Cltc,https://www.gsea-msigdb.org/gsea/msigdb/mouse/geneset/HALLMARK_PROTEIN_SECRETION,MM,Mus musculus
HALLMARK_PROTEIN_SECRETION,Cog2,https://www.gsea-msigdb.org/gsea/msigdb/mouse/geneset/HALLMARK_PROTEIN_SECRETION,MM,Mus musculus
HALLMARK_PROTEIN_SECRETION,Copb1,https://www.gsea-msigdb.org/gsea/msigdb/mouse/geneset/HALLMARK_PROTEIN_SECRETION,MM,Mus musculus
HALLMARK_PROTEIN_SECRETION,Copb2,https://www.gsea-msigdb.org/gsea/msigdb/mouse/geneset/HALLMARK_PROTEIN_SECRETION,MM,Mus musculus
HALLMARK_PROTEIN_SECRETION,Cope,https://www.gsea-msigdb.org/gsea/msigdb/mouse/geneset/HALLMARK_PROTEIN_SECRETION,MM,Mus musculus
HALLMARK_PROTEIN_SECRETION,Ctsc,https://www.gsea-msigdb.org/gsea/msigdb/mouse/geneset/HALLMARK_PROTEIN_SECRETION,MM,Mus musculus
HALLMARK_PROTEIN_SECRETION,Dnm1l,https://www.gsea-msigdb.org/gsea/msigdb/mouse/geneset/HALLMARK_PROTEIN_SECRETION,MM,Mus musculus
HALLMARK_PROTEIN_SECRETION,Dop1a,https://www.gsea-msigdb.org/gsea/msigdb/mouse/geneset/HALLMARK_PROTEIN_SECRETION,MM,Mus musculus
HALLMARK_PROTEIN_SECRETION,Dst,https://www.gsea-msigdb.org/gsea/msigdb/mouse/geneset/HALLMARK_PROTEIN_SECRETION,MM,Mus musculus
HALLMARK_PROTEIN_SECRETION,Egfr,https://www.gsea-msigdb.org/gsea/msigdb/mouse/geneset/HALLMARK_PROTEIN_SECRETION,MM,Mus musculus
HALLMARK_PROTEIN_SECRETION,Ergic3,https://www.gsea-msigdb.org/gsea/msigdb/mouse/geneset/HALLMARK_PROTEIN_SECRETION,MM,Mus musculus
HALLMARK_PROTEIN_SECRETION,Galc,https://www.gsea-msigdb.org/gsea/msigdb/mouse/geneset/HALLMARK_PROTEIN_SECRETION,MM,Mus musculus
HALLMARK_PROTEIN_SECRETION,Gbf1,https://www.gsea-msigdb.org/gsea/msigdb/mouse/geneset/HALLMARK_PROTEIN_SECRETION,MM,Mus musculus
HALLMARK_PROTEIN_SECRETION,Gla,https://www.gsea-msigdb.org/gsea/msigdb/mouse/geneset/HALLMARK_PROTEIN_SECRETION,MM,Mus musculus
HALLMARK_PROTEIN_SECRETION,Gnas,https://www.gsea-msigdb.org/gsea/msigdb/mouse/geneset/HALLMARK_PROTEIN_SECRETION,MM,Mus musculus
HALLMARK_PROTEIN_SECRETION,Golga4,https://www.gsea-msigdb.org/gsea/msigdb/mouse/geneset/HALLMARK_PROTEIN_SECRETION,MM,Mus musculus
HALLMARK_PROTEIN_SECRETION,Gosr2,https://www.gsea-msigdb.org/gsea/msigdb/mouse/geneset/HALLMARK_PROTEIN_SECRETION,MM,Mus musculus
HALLMARK_PROTEIN_SECRETION,Ica1,https://www.gsea-msigdb.org/gsea/msigdb/mouse/geneset/HALLMARK_PROTEIN_SECRETION,MM,Mus musculus
HALLMARK_PROTEIN_SECRETION,Igf2r,https://www.gsea-msigdb.org/gsea/msigdb/mouse/geneset/HALLMARK_PROTEIN_SECRETION,MM,Mus musculus
HALLMARK_PROTEIN_SECRETION,Kif1b,https://www.gsea-msigdb.org/gsea/msigdb/mouse/geneset/HALLMARK_PROTEIN_SECRETION,MM,Mus musculus
HALLMARK_PROTEIN_SECRETION,Krt18,https://www.gsea-msigdb.org/gsea/msigdb/mouse/geneset/HALLMARK_PROTEIN_SECRETION,MM,Mus musculus
HALLMARK_PROTEIN_SECRETION,Lamp2,https://www.gsea-msigdb.org/gsea/msigdb/mouse/geneset/HALLMARK_PROTEIN_SECRETION,MM,Mus musculus
HALLMARK_PROTEIN_SECRETION,Lman1,https://www.gsea-msigdb.org/gsea/msigdb/mouse/geneset/HALLMARK_PROTEIN_SECRETION,MM,Mus musculus
HALLMARK_PROTEIN_SECRETION,M6pr,https://www.gsea-msigdb.org/gsea/msigdb/mouse/geneset/HALLMARK_PROTEIN_SECRETION,MM,Mus musculus
HALLMARK_PROTEIN_SECRETION,Mapk1,https://www.gsea-msigdb.org/gsea/msigdb/mouse/geneset/HALLMARK_PROTEIN_SECRETION,MM,Mus musculus
HALLMARK_PROTEIN_SECRETION,Mon2,https://www.gsea-msigdb.org/gsea/msigdb/mouse/geneset/HALLMARK_PROTEIN_SECRETION,MM,Mus musculus
HALLMARK_PROTEIN_SECRETION,Napa,https://www.gsea-msigdb.org/gsea/msigdb/mouse/geneset/HALLMARK_PROTEIN_SECRETION,MM,Mus musculus
HALLMARK_PROTEIN_SECRETION,Napg,https://www.gsea-msigdb.org/gsea/msigdb/mouse/geneset/HALLMARK_PROTEIN_SECRETION,MM,Mus musculus
HALLMARK_PROTEIN_SECRETION,Ocrl,https://www.gsea-msigdb.org/gsea/msigdb/mouse/geneset/HALLMARK_PROTEIN_SECRETION,MM,Mus musculus
HALLMARK_PROTEIN_SECRETION,Pam,https://www.gsea-msigdb.org/gsea/msigdb/mouse/geneset/HALLMARK_PROTEIN_SECRETION,MM,Mus musculus
HALLMARK_PROTEIN_SECRETION,Ppt1,https://www.gsea-msigdb.org/gsea/msigdb/mouse/geneset/HALLMARK_PROTEIN_SECRETION,MM,Mus musculus
HALLMARK_PROTEIN_SECRETION,Rab14,https://www.gsea-msigdb.org/gsea/msigdb/mouse/geneset/HALLMARK_PROTEIN_SECRETION,MM,Mus musculus
HALLMARK_PROTEIN_SECRETION,Rab22a,https://www.gsea-msigdb.org/gsea/msigdb/mouse/geneset/HALLMARK_PROTEIN_SECRETION,MM,Mus musculus
HALLMARK_PROTEIN_SECRETION,Rab2a,https://www.gsea-msigdb.org/gsea/msigdb/mouse/geneset/HALLMARK_PROTEIN_SECRETION,MM,Mus musculus
HALLMARK_PROTEIN_SECRETION,Rab5a,https://www.gsea-msigdb.org/gsea/msigdb/mouse/geneset/HALLMARK_PROTEIN_SECRETION,MM,Mus musculus
HALLMARK_PROTEIN_SECRETION,Rab9,https://www.gsea-msigdb.org/gsea/msigdb/mouse/geneset/HALLMARK_PROTEIN_SECRETION,MM,Mus musculus
HALLMARK_PROTEIN_SECRETION,Rer1,https://www.gsea-msigdb.org/gsea/msigdb/mouse/geneset/HALLMARK_PROTEIN_SECRETION,MM,Mus musculus
HALLMARK_PROTEIN_SECRETION,Rps6ka3,https://www.gsea-msigdb.org/gsea/msigdb/mouse/geneset/HALLMARK_PROTEIN_SECRETION,MM,Mus musculus
HALLMARK_PROTEIN_SECRETION,Scamp1,https://www.gsea-msigdb.org/gsea/msigdb/mouse/geneset/HALLMARK_PROTEIN_SECRETION,MM,Mus musculus
HALLMARK_PROTEIN_SECRETION,Scamp3,https://www.gsea-msigdb.org/gsea/msigdb/mouse/geneset/HALLMARK_PROTEIN_SECRETION,MM,Mus musculus
HALLMARK_PROTEIN_SECRETION,Scrn1,https://www.gsea-msigdb.org/gsea/msigdb/mouse/geneset/HALLMARK_PROTEIN_SECRETION,MM,Mus musculus
HALLMARK_PROTEIN_SECRETION,Sec22b,https://www.gsea-msigdb.org/gsea/msigdb/mouse/geneset/HALLMARK_PROTEIN_SECRETION,MM,Mus musculus
HALLMARK_PROTEIN_SECRETION,Sec24d,https://www.gsea-msigdb.org/gsea/msigdb/mouse/geneset/HALLMARK_PROTEIN_SECRETION,MM,Mus musculus
HALLMARK_PROTEIN_SECRETION,Sec31a,https://www.gsea-msigdb.org/gsea/msigdb/mouse/geneset/HALLMARK_PROTEIN_SECRETION,MM,Mus musculus
HALLMARK_PROTEIN_SECRETION,Sgms1,https://www.gsea-msigdb.org/gsea/msigdb/mouse/geneset/HALLMARK_PROTEIN_SECRETION,MM,Mus musculus
HALLMARK_PROTEIN_SECRETION,Sh3gl2,https://www.gsea-msigdb.org/gsea/msigdb/mouse/geneset/HALLMARK_PROTEIN_SECRETION,MM,Mus musculus
HALLMARK_PROTEIN_SECRETION,Snap23,https://www.gsea-msigdb.org/gsea/msigdb/mouse/geneset/HALLMARK_PROTEIN_SECRETION,MM,Mus musculus
HALLMARK_PROTEIN_SECRETION,Snx2,https://www.gsea-msigdb.org/gsea/msigdb/mouse/geneset/HALLMARK_PROTEIN_SECRETION,MM,Mus musculus
HALLMARK_PROTEIN_SECRETION,Sod1,https://www.gsea-msigdb.org/gsea/msigdb/mouse/geneset/HALLMARK_PROTEIN_SECRETION,MM,Mus musculus
HALLMARK_PROTEIN_SECRETION,Sspn,https://www.gsea-msigdb.org/gsea/msigdb/mouse/geneset/HALLMARK_PROTEIN_SECRETION,MM,Mus musculus
HALLMARK_PROTEIN_SECRETION,Stam,https://www.gsea-msigdb.org/gsea/msigdb/mouse/geneset/HALLMARK_PROTEIN_SECRETION,MM,Mus musculus
HALLMARK_PROTEIN_SECRETION,Stx12,https://www.gsea-msigdb.org/gsea/msigdb/mouse/geneset/HALLMARK_PROTEIN_SECRETION,MM,Mus musculus
HALLMARK_PROTEIN_SECRETION,Stx16,https://www.gsea-msigdb.org/gsea/msigdb/mouse/geneset/HALLMARK_PROTEIN_SECRETION,MM,Mus musculus
HALLMARK_PROTEIN_SECRETION,Stx7,https://www.gsea-msigdb.org/gsea/msigdb/mouse/geneset/HALLMARK_PROTEIN_SECRETION,MM,Mus musculus
HALLMARK_PROTEIN_SECRETION,Tmed10,https://www.gsea-msigdb.org/gsea/msigdb/mouse/geneset/HALLMARK_PROTEIN_SECRETION,MM,Mus musculus
HALLMARK_PROTEIN_SECRETION,Tmx1,https://www.gsea-msigdb.org/gsea/msigdb/mouse/geneset/HALLMARK_PROTEIN_SECRETION,MM,Mus musculus
HALLMARK_PROTEIN_SECRETION,Tom1l1,https://www.gsea-msigdb.org/gsea/msigdb/mouse/geneset/HALLMARK_PROTEIN_SECRETION,MM,Mus musculus
HALLMARK_PROTEIN_SECRETION,Tpd52,https://www.gsea-msigdb.org/gsea/msigdb/mouse/geneset/HALLMARK_PROTEIN_SECRETION,MM,Mus musculus
HALLMARK_PROTEIN_SECRETION,Tsg101,https://www.gsea-msigdb.org/gsea/msigdb/mouse/geneset/HALLMARK_PROTEIN_SECRETION,MM,Mus musculus
HALLMARK_PROTEIN_SECRETION,Tspan8,https://www.gsea-msigdb.org/gsea/msigdb/mouse/geneset/HALLMARK_PROTEIN_SECRETION,MM,Mus musculus
HALLMARK_PROTEIN_SECRETION,Uso1,https://www.gsea-msigdb.org/gsea/msigdb/mouse/geneset/HALLMARK_PROTEIN_SECRETION,MM,Mus musculus
HALLMARK_PROTEIN_SECRETION,Vamp3,https://www.gsea-msigdb.org/gsea/msigdb/mouse/geneset/HALLMARK_PROTEIN_SECRETION,MM,Mus musculus
HALLMARK_PROTEIN_SECRETION,Vamp4,https://www.gsea-msigdb.org/gsea/msigdb/mouse/geneset/HALLMARK_PROTEIN_SECRETION,MM,Mus musculus
HALLMARK_PROTEIN_SECRETION,Vps45,https://www.gsea-msigdb.org/gsea/msigdb/mouse/geneset/HALLMARK_PROTEIN_SECRETION,MM,Mus musculus
HALLMARK_PROTEIN_SECRETION,Vps4b,https://www.gsea-msigdb.org/gsea/msigdb/mouse/geneset/HALLMARK_PROTEIN_SECRETION,MM,Mus musculus
HALLMARK_PROTEIN_SECRETION,Yipf6,https://www.gsea-msigdb.org/gsea/msigdb/mouse/geneset/HALLMARK_PROTEIN_SECRETION,MM,Mus musculus
HALLMARK_PROTEIN_SECRETION,Ykt6,https://www.gsea-msigdb.org/gsea/msigdb/mouse/geneset/HALLMARK_PROTEIN_SECRETION,MM,Mus musculus
HALLMARK_PROTEIN_SECRETION,Zw10,https://www.gsea-msigdb.org/gsea/msigdb/mouse/geneset/HALLMARK_PROTEIN_SECRETION,MM,Mus musculus
HALLMARK_REACTIVE_OXYGEN_SPECIES_PATHWAY,Abcc1,https://www.gsea-msigdb.org/gsea/msigdb/mouse/geneset/HALLMARK_REACTIVE_OXYGEN_SPECIES_PATHWAY,MM,Mus musculus
HALLMARK_REACTIVE_OXYGEN_SPECIES_PATHWAY,Atox1,https://www.gsea-msigdb.org/gsea/msigdb/mouse/geneset/HALLMARK_REACTIVE_OXYGEN_SPECIES_PATHWAY,MM,Mus musculus
HALLMARK_REACTIVE_OXYGEN_SPECIES_PATHWAY,Cat,https://www.gsea-msigdb.org/gsea/msigdb/mouse/geneset/HALLMARK_REACTIVE_OXYGEN_SPECIES_PATHWAY,MM,Mus musculus
HALLMARK_REACTIVE_OXYGEN_SPECIES_PATHWAY,Cdkn2d,https://www.gsea-msigdb.org/gsea/msigdb/mouse/geneset/HALLMARK_REACTIVE_OXYGEN_SPECIES_PATHWAY,MM,Mus musculus
HALLMARK_REACTIVE_OXYGEN_SPECIES_PATHWAY,Egln2,https://www.gsea-msigdb.org/gsea/msigdb/mouse/geneset/HALLMARK_REACTIVE_OXYGEN_SPECIES_PATHWAY,MM,Mus musculus
HALLMARK_REACTIVE_OXYGEN_SPECIES_PATHWAY,Ercc2,https://www.gsea-msigdb.org/gsea/msigdb/mouse/geneset/HALLMARK_REACTIVE_OXYGEN_SPECIES_PATHWAY,MM,Mus musculus
HALLMARK_REACTIVE_OXYGEN_SPECIES_PATHWAY,Fes,https://www.gsea-msigdb.org/gsea/msigdb/mouse/geneset/HALLMARK_REACTIVE_OXYGEN_SPECIES_PATHWAY,MM,Mus musculus
HALLMARK_REACTIVE_OXYGEN_SPECIES_PATHWAY,Ftl1,https://www.gsea-msigdb.org/gsea/msigdb/mouse/geneset/HALLMARK_REACTIVE_OXYGEN_SPECIES_PATHWAY,MM,Mus musculus
HALLMARK_REACTIVE_OXYGEN_SPECIES_PATHWAY,G6pdx,https://www.gsea-msigdb.org/gsea/msigdb/mouse/geneset/HALLMARK_REACTIVE_OXYGEN_SPECIES_PATHWAY,MM,Mus musculus
HALLMARK_REACTIVE_OXYGEN_SPECIES_PATHWAY,Gclc,https://www.gsea-msigdb.org/gsea/msigdb/mouse/geneset/HALLMARK_REACTIVE_OXYGEN_SPECIES_PATHWAY,MM,Mus musculus
HALLMARK_REACTIVE_OXYGEN_SPECIES_PATHWAY,Gclm,https://www.gsea-msigdb.org/gsea/msigdb/mouse/geneset/HALLMARK_REACTIVE_OXYGEN_SPECIES_PATHWAY,MM,Mus musculus
HALLMARK_REACTIVE_OXYGEN_SPECIES_PATHWAY,Glrx,https://www.gsea-msigdb.org/gsea/msigdb/mouse/geneset/HALLMARK_REACTIVE_OXYGEN_SPECIES_PATHWAY,MM,Mus musculus
HALLMARK_REACTIVE_OXYGEN_SPECIES_PATHWAY,Glrx2,https://www.gsea-msigdb.org/gsea/msigdb/mouse/geneset/HALLMARK_REACTIVE_OXYGEN_SPECIES_PATHWAY,MM,Mus musculus
HALLMARK_REACTIVE_OXYGEN_SPECIES_PATHWAY,Gpx3,https://www.gsea-msigdb.org/gsea/msigdb/mouse/geneset/HALLMARK_REACTIVE_OXYGEN_SPECIES_PATHWAY,MM,Mus musculus
HALLMARK_REACTIVE_OXYGEN_SPECIES_PATHWAY,Gpx4,https://www.gsea-msigdb.org/gsea/msigdb/mouse/geneset/HALLMARK_REACTIVE_OXYGEN_SPECIES_PATHWAY,MM,Mus musculus
HALLMARK_REACTIVE_OXYGEN_SPECIES_PATHWAY,Gsr,https://www.gsea-msigdb.org/gsea/msigdb/mouse/geneset/HALLMARK_REACTIVE_OXYGEN_SPECIES_PATHWAY,MM,Mus musculus
HALLMARK_REACTIVE_OXYGEN_SPECIES_PATHWAY,Hhex,https://www.gsea-msigdb.org/gsea/msigdb/mouse/geneset/HALLMARK_REACTIVE_OXYGEN_SPECIES_PATHWAY,MM,Mus musculus
HALLMARK_REACTIVE_OXYGEN_SPECIES_PATHWAY,Hmox2,https://www.gsea-msigdb.org/gsea/msigdb/mouse/geneset/HALLMARK_REACTIVE_OXYGEN_SPECIES_PATHWAY,MM,Mus musculus
HALLMARK_REACTIVE_OXYGEN_SPECIES_PATHWAY,Ipcef1,https://www.gsea-msigdb.org/gsea/msigdb/mouse/geneset/HALLMARK_REACTIVE_OXYGEN_SPECIES_PATHWAY,MM,Mus musculus
HALLMARK_REACTIVE_OXYGEN_SPECIES_PATHWAY,Junb,https://www.gsea-msigdb.org/gsea/msigdb/mouse/geneset/HALLMARK_REACTIVE_OXYGEN_SPECIES_PATHWAY,MM,Mus musculus
HALLMARK_REACTIVE_OXYGEN_SPECIES_PATHWAY,Lamtor5,https://www.gsea-msigdb.org/gsea/msigdb/mouse/geneset/HALLMARK_REACTIVE_OXYGEN_SPECIES_PATHWAY,MM,Mus musculus
HALLMARK_REACTIVE_OXYGEN_SPECIES_PATHWAY,Lsp1,https://www.gsea-msigdb.org/gsea/msigdb/mouse/geneset/HALLMARK_REACTIVE_OXYGEN_SPECIES_PATHWAY,MM,Mus musculus
HALLMARK_REACTIVE_OXYGEN_SPECIES_PATHWAY,Mbp,https://www.gsea-msigdb.org/gsea/msigdb/mouse/geneset/HALLMARK_REACTIVE_OXYGEN_SPECIES_PATHWAY,MM,Mus musculus
HALLMARK_REACTIVE_OXYGEN_SPECIES_PATHWAY,Mgst1,https://www.gsea-msigdb.org/gsea/msigdb/mouse/geneset/HALLMARK_REACTIVE_OXYGEN_SPECIES_PATHWAY,MM,Mus musculus
HALLMARK_REACTIVE_OXYGEN_SPECIES_PATHWAY,Mpo,https://www.gsea-msigdb.org/gsea/msigdb/mouse/geneset/HALLMARK_REACTIVE_OXYGEN_SPECIES_PATHWAY,MM,Mus musculus
HALLMARK_REACTIVE_OXYGEN_SPECIES_PATHWAY,Msra,https://www.gsea-msigdb.org/gsea/msigdb/mouse/geneset/HALLMARK_REACTIVE_OXYGEN_SPECIES_PATHWAY,MM,Mus musculus
HALLMARK_REACTIVE_OXYGEN_SPECIES_PATHWAY,Ndufa6,https://www.gsea-msigdb.org/gsea/msigdb/mouse/geneset/HALLMARK_REACTIVE_OXYGEN_SPECIES_PATHWAY,MM,Mus musculus
HALLMARK_REACTIVE_OXYGEN_SPECIES_PATHWAY,Ndufs2,https://www.gsea-msigdb.org/gsea/msigdb/mouse/geneset/HALLMARK_REACTIVE_OXYGEN_SPECIES_PATHWAY,MM,Mus musculus
HALLMARK_REACTIVE_OXYGEN_SPECIES_PATHWAY,Nqo1,https://www.gsea-msigdb.org/gsea/msigdb/mouse/geneset/HALLMARK_REACTIVE_OXYGEN_SPECIES_PATHWAY,MM,Mus musculus
HALLMARK_REACTIVE_OXYGEN_SPECIES_PATHWAY,Oxsr1,https://www.gsea-msigdb.org/gsea/msigdb/mouse/geneset/HALLMARK_REACTIVE_OXYGEN_SPECIES_PATHWAY,MM,Mus musculus
HALLMARK_REACTIVE_OXYGEN_SPECIES_PATHWAY,Pdlim1,https://www.gsea-msigdb.org/gsea/msigdb/mouse/geneset/HALLMARK_REACTIVE_OXYGEN_SPECIES_PATHWAY,MM,Mus musculus
HALLMARK_REACTIVE_OXYGEN_SPECIES_PATHWAY,Pfkp,https://www.gsea-msigdb.org/gsea/msigdb/mouse/geneset/HALLMARK_REACTIVE_OXYGEN_SPECIES_PATHWAY,MM,Mus musculus
HALLMARK_REACTIVE_OXYGEN_SPECIES_PATHWAY,Prdx1,https://www.gsea-msigdb.org/gsea/msigdb/mouse/geneset/HALLMARK_REACTIVE_OXYGEN_SPECIES_PATHWAY,MM,Mus musculus
HALLMARK_REACTIVE_OXYGEN_SPECIES_PATHWAY,Prdx2,https://www.gsea-msigdb.org/gsea/msigdb/mouse/geneset/HALLMARK_REACTIVE_OXYGEN_SPECIES_PATHWAY,MM,Mus musculus
HALLMARK_REACTIVE_OXYGEN_SPECIES_PATHWAY,Prdx4,https://www.gsea-msigdb.org/gsea/msigdb/mouse/geneset/HALLMARK_REACTIVE_OXYGEN_SPECIES_PATHWAY,MM,Mus musculus
HALLMARK_REACTIVE_OXYGEN_SPECIES_PATHWAY,Prdx6,https://www.gsea-msigdb.org/gsea/msigdb/mouse/geneset/HALLMARK_REACTIVE_OXYGEN_SPECIES_PATHWAY,MM,Mus musculus
HALLMARK_REACTIVE_OXYGEN_SPECIES_PATHWAY,Prnp,https://www.gsea-msigdb.org/gsea/msigdb/mouse/geneset/HALLMARK_REACTIVE_OXYGEN_SPECIES_PATHWAY,MM,Mus musculus
HALLMARK_REACTIVE_OXYGEN_SPECIES_PATHWAY,Ptpa,https://www.gsea-msigdb.org/gsea/msigdb/mouse/geneset/HALLMARK_REACTIVE_OXYGEN_SPECIES_PATHWAY,MM,Mus musculus
HALLMARK_REACTIVE_OXYGEN_SPECIES_PATHWAY,Sbno2,https://www.gsea-msigdb.org/gsea/msigdb/mouse/geneset/HALLMARK_REACTIVE_OXYGEN_SPECIES_PATHWAY,MM,Mus musculus
HALLMARK_REACTIVE_OXYGEN_SPECIES_PATHWAY,Scaf4,https://www.gsea-msigdb.org/gsea/msigdb/mouse/geneset/HALLMARK_REACTIVE_OXYGEN_SPECIES_PATHWAY,MM,Mus musculus
HALLMARK_REACTIVE_OXYGEN_SPECIES_PATHWAY,Selenos,https://www.gsea-msigdb.org/gsea/msigdb/mouse/geneset/HALLMARK_REACTIVE_OXYGEN_SPECIES_PATHWAY,MM,Mus musculus
HALLMARK_REACTIVE_OXYGEN_SPECIES_PATHWAY,Sod1,https://www.gsea-msigdb.org/gsea/msigdb/mouse/geneset/HALLMARK_REACTIVE_OXYGEN_SPECIES_PATHWAY,MM,Mus musculus
HALLMARK_REACTIVE_OXYGEN_SPECIES_PATHWAY,Sod2,https://www.gsea-msigdb.org/gsea/msigdb/mouse/geneset/HALLMARK_REACTIVE_OXYGEN_SPECIES_PATHWAY,MM,Mus musculus
HALLMARK_REACTIVE_OXYGEN_SPECIES_PATHWAY,Srxn1,https://www.gsea-msigdb.org/gsea/msigdb/mouse/geneset/HALLMARK_REACTIVE_OXYGEN_SPECIES_PATHWAY,MM,Mus musculus
HALLMARK_REACTIVE_OXYGEN_SPECIES_PATHWAY,Stk25,https://www.gsea-msigdb.org/gsea/msigdb/mouse/geneset/HALLMARK_REACTIVE_OXYGEN_SPECIES_PATHWAY,MM,Mus musculus
HALLMARK_REACTIVE_OXYGEN_SPECIES_PATHWAY,Txn1,https://www.gsea-msigdb.org/gsea/msigdb/mouse/geneset/HALLMARK_REACTIVE_OXYGEN_SPECIES_PATHWAY,MM,Mus musculus
HALLMARK_REACTIVE_OXYGEN_SPECIES_PATHWAY,Txnrd1,https://www.gsea-msigdb.org/gsea/msigdb/mouse/geneset/HALLMARK_REACTIVE_OXYGEN_SPECIES_PATHWAY,MM,Mus musculus
HALLMARK_REACTIVE_OXYGEN_SPECIES_PATHWAY,Txnrd2,https://www.gsea-msigdb.org/gsea/msigdb/mouse/geneset/HALLMARK_REACTIVE_OXYGEN_SPECIES_PATHWAY,MM,Mus musculus
HALLMARK_SPERMATOGENESIS,Ace,https://www.gsea-msigdb.org/gsea/msigdb/mouse/geneset/HALLMARK_SPERMATOGENESIS,MM,Mus musculus
HALLMARK_SPERMATOGENESIS,Acrbp,https://www.gsea-msigdb.org/gsea/msigdb/mouse/geneset/HALLMARK_SPERMATOGENESIS,MM,Mus musculus
HALLMARK_SPERMATOGENESIS,Acrv1,https://www.gsea-msigdb.org/gsea/msigdb/mouse/geneset/HALLMARK_SPERMATOGENESIS,MM,Mus musculus
HALLMARK_SPERMATOGENESIS,Actl7b,https://www.gsea-msigdb.org/gsea/msigdb/mouse/geneset/HALLMARK_SPERMATOGENESIS,MM,Mus musculus
HALLMARK_SPERMATOGENESIS,Adad1,https://www.gsea-msigdb.org/gsea/msigdb/mouse/geneset/HALLMARK_SPERMATOGENESIS,MM,Mus musculus
HALLMARK_SPERMATOGENESIS,Adam2,https://www.gsea-msigdb.org/gsea/msigdb/mouse/geneset/HALLMARK_SPERMATOGENESIS,MM,Mus musculus
HALLMARK_SPERMATOGENESIS,Adcyap1,https://www.gsea-msigdb.org/gsea/msigdb/mouse/geneset/HALLMARK_SPERMATOGENESIS,MM,Mus musculus
HALLMARK_SPERMATOGENESIS,Agfg1,https://www.gsea-msigdb.org/gsea/msigdb/mouse/geneset/HALLMARK_SPERMATOGENESIS,MM,Mus musculus
HALLMARK_SPERMATOGENESIS,Akap4,https://www.gsea-msigdb.org/gsea/msigdb/mouse/geneset/HALLMARK_SPERMATOGENESIS,MM,Mus musculus
HALLMARK_SPERMATOGENESIS,Alox15,https://www.gsea-msigdb.org/gsea/msigdb/mouse/geneset/HALLMARK_SPERMATOGENESIS,MM,Mus musculus
HALLMARK_SPERMATOGENESIS,Arl4a,https://www.gsea-msigdb.org/gsea/msigdb/mouse/geneset/HALLMARK_SPERMATOGENESIS,MM,Mus musculus
HALLMARK_SPERMATOGENESIS,Art3,https://www.gsea-msigdb.org/gsea/msigdb/mouse/geneset/HALLMARK_SPERMATOGENESIS,MM,Mus musculus
HALLMARK_SPERMATOGENESIS,Aurka,https://www.gsea-msigdb.org/gsea/msigdb/mouse/geneset/HALLMARK_SPERMATOGENESIS,MM,Mus musculus
HALLMARK_SPERMATOGENESIS,Braf,https://www.gsea-msigdb.org/gsea/msigdb/mouse/geneset/HALLMARK_SPERMATOGENESIS,MM,Mus musculus
HALLMARK_SPERMATOGENESIS,Bub1,https://www.gsea-msigdb.org/gsea/msigdb/mouse/geneset/HALLMARK_SPERMATOGENESIS,MM,Mus musculus
HALLMARK_SPERMATOGENESIS,Camk4,https://www.gsea-msigdb.org/gsea/msigdb/mouse/geneset/HALLMARK_SPERMATOGENESIS,MM,Mus musculus
HALLMARK_SPERMATOGENESIS,Ccna1,https://www.gsea-msigdb.org/gsea/msigdb/mouse/geneset/HALLMARK_SPERMATOGENESIS,MM,Mus musculus
HALLMARK_SPERMATOGENESIS,Ccnb2,https://www.gsea-msigdb.org/gsea/msigdb/mouse/geneset/HALLMARK_SPERMATOGENESIS,MM,Mus musculus
HALLMARK_SPERMATOGENESIS,Cct6b,https://www.gsea-msigdb.org/gsea/msigdb/mouse/geneset/HALLMARK_SPERMATOGENESIS,MM,Mus musculus
HALLMARK_SPERMATOGENESIS,Cdk1,https://www.gsea-msigdb.org/gsea/msigdb/mouse/geneset/HALLMARK_SPERMATOGENESIS,MM,Mus musculus
HALLMARK_SPERMATOGENESIS,Cdkn3,https://www.gsea-msigdb.org/gsea/msigdb/mouse/geneset/HALLMARK_SPERMATOGENESIS,MM,Mus musculus
HALLMARK_SPERMATOGENESIS,Cftr,https://www.gsea-msigdb.org/gsea/msigdb/mouse/geneset/HALLMARK_SPERMATOGENESIS,MM,Mus musculus
HALLMARK_SPERMATOGENESIS,Chfr,https://www.gsea-msigdb.org/gsea/msigdb/mouse/geneset/HALLMARK_SPERMATOGENESIS,MM,Mus musculus
HALLMARK_SPERMATOGENESIS,Chrm4,https://www.gsea-msigdb.org/gsea/msigdb/mouse/geneset/HALLMARK_SPERMATOGENESIS,MM,Mus musculus
HALLMARK_SPERMATOGENESIS,Clgn,https://www.gsea-msigdb.org/gsea/msigdb/mouse/geneset/HALLMARK_SPERMATOGENESIS,MM,Mus musculus
HALLMARK_SPERMATOGENESIS,Clpb,https://www.gsea-msigdb.org/gsea/msigdb/mouse/geneset/HALLMARK_SPERMATOGENESIS,MM,Mus musculus
HALLMARK_SPERMATOGENESIS,Clvs1,https://www.gsea-msigdb.org/gsea/msigdb/mouse/geneset/HALLMARK_SPERMATOGENESIS,MM,Mus musculus
HALLMARK_SPERMATOGENESIS,Cnih2,https://www.gsea-msigdb.org/gsea/msigdb/mouse/geneset/HALLMARK_SPERMATOGENESIS,MM,Mus musculus
HALLMARK_SPERMATOGENESIS,Coil,https://www.gsea-msigdb.org/gsea/msigdb/mouse/geneset/HALLMARK_SPERMATOGENESIS,MM,Mus musculus
HALLMARK_SPERMATOGENESIS,Crisp2,https://www.gsea-msigdb.org/gsea/msigdb/mouse/geneset/HALLMARK_SPERMATOGENESIS,MM,Mus musculus
HALLMARK_SPERMATOGENESIS,Csnk2a2,https://www.gsea-msigdb.org/gsea/msigdb/mouse/geneset/HALLMARK_SPERMATOGENESIS,MM,Mus musculus
HALLMARK_SPERMATOGENESIS,Cst8,https://www.gsea-msigdb.org/gsea/msigdb/mouse/geneset/HALLMARK_SPERMATOGENESIS,MM,Mus musculus
HALLMARK_SPERMATOGENESIS,Dbf4,https://www.gsea-msigdb.org/gsea/msigdb/mouse/geneset/HALLMARK_SPERMATOGENESIS,MM,Mus musculus
HALLMARK_SPERMATOGENESIS,Dcc,https://www.gsea-msigdb.org/gsea/msigdb/mouse/geneset/HALLMARK_SPERMATOGENESIS,MM,Mus musculus
HALLMARK_SPERMATOGENESIS,Ddx25,https://www.gsea-msigdb.org/gsea/msigdb/mouse/geneset/HALLMARK_SPERMATOGENESIS,MM,Mus musculus
HALLMARK_SPERMATOGENESIS,Ddx4,https://www.gsea-msigdb.org/gsea/msigdb/mouse/geneset/HALLMARK_SPERMATOGENESIS,MM,Mus musculus
HALLMARK_SPERMATOGENESIS,Dmc1,https://www.gsea-msigdb.org/gsea/msigdb/mouse/geneset/HALLMARK_SPERMATOGENESIS,MM,Mus musculus
HALLMARK_SPERMATOGENESIS,Dmrt1,https://www.gsea-msigdb.org/gsea/msigdb/mouse/geneset/HALLMARK_SPERMATOGENESIS,MM,Mus musculus
HALLMARK_SPERMATOGENESIS,Dnajb8,https://www.gsea-msigdb.org/gsea/msigdb/mouse/geneset/HALLMARK_SPERMATOGENESIS,MM,Mus musculus
HALLMARK_SPERMATOGENESIS,Dpep3,https://www.gsea-msigdb.org/gsea/msigdb/mouse/geneset/HALLMARK_SPERMATOGENESIS,MM,Mus musculus
HALLMARK_SPERMATOGENESIS,Elovl3,https://www.gsea-msigdb.org/gsea/msigdb/mouse/geneset/HALLMARK_SPERMATOGENESIS,MM,Mus musculus
HALLMARK_SPERMATOGENESIS,Ezh2,https://www.gsea-msigdb.org/gsea/msigdb/mouse/geneset/HALLMARK_SPERMATOGENESIS,MM,Mus musculus
HALLMARK_SPERMATOGENESIS,Gad1,https://www.gsea-msigdb.org/gsea/msigdb/mouse/geneset/HALLMARK_SPERMATOGENESIS,MM,Mus musculus
HALLMARK_SPERMATOGENESIS,Gapdhs,https://www.gsea-msigdb.org/gsea/msigdb/mouse/geneset/HALLMARK_SPERMATOGENESIS,MM,Mus musculus
HALLMARK_SPERMATOGENESIS,Gfi1,https://www.gsea-msigdb.org/gsea/msigdb/mouse/geneset/HALLMARK_SPERMATOGENESIS,MM,Mus musculus
HALLMARK_SPERMATOGENESIS,Gmcl1,https://www.gsea-msigdb.org/gsea/msigdb/mouse/geneset/HALLMARK_SPERMATOGENESIS,MM,Mus musculus
HALLMARK_SPERMATOGENESIS,Gpr182,https://www.gsea-msigdb.org/gsea/msigdb/mouse/geneset/HALLMARK_SPERMATOGENESIS,MM,Mus musculus
HALLMARK_SPERMATOGENESIS,Grm8,https://www.gsea-msigdb.org/gsea/msigdb/mouse/geneset/HALLMARK_SPERMATOGENESIS,MM,Mus musculus
HALLMARK_SPERMATOGENESIS,Gsg1,https://www.gsea-msigdb.org/gsea/msigdb/mouse/geneset/HALLMARK_SPERMATOGENESIS,MM,Mus musculus
HALLMARK_SPERMATOGENESIS,Gstm5,https://www.gsea-msigdb.org/gsea/msigdb/mouse/geneset/HALLMARK_SPERMATOGENESIS,MM,Mus musculus
HALLMARK_SPERMATOGENESIS,H1f6,https://www.gsea-msigdb.org/gsea/msigdb/mouse/geneset/HALLMARK_SPERMATOGENESIS,MM,Mus musculus
HALLMARK_SPERMATOGENESIS,Hba-x,https://www.gsea-msigdb.org/gsea/msigdb/mouse/geneset/HALLMARK_SPERMATOGENESIS,MM,Mus musculus
HALLMARK_SPERMATOGENESIS,Hoxb1,https://www.gsea-msigdb.org/gsea/msigdb/mouse/geneset/HALLMARK_SPERMATOGENESIS,MM,Mus musculus
HALLMARK_SPERMATOGENESIS,Hspa1l,https://www.gsea-msigdb.org/gsea/msigdb/mouse/geneset/HALLMARK_SPERMATOGENESIS,MM,Mus musculus
HALLMARK_SPERMATOGENESIS,Hspa2,https://www.gsea-msigdb.org/gsea/msigdb/mouse/geneset/HALLMARK_SPERMATOGENESIS,MM,Mus musculus
HALLMARK_SPERMATOGENESIS,Hspa4l,https://www.gsea-msigdb.org/gsea/msigdb/mouse/geneset/HALLMARK_SPERMATOGENESIS,MM,Mus musculus
HALLMARK_SPERMATOGENESIS,Htr5a,https://www.gsea-msigdb.org/gsea/msigdb/mouse/geneset/HALLMARK_SPERMATOGENESIS,MM,Mus musculus
HALLMARK_SPERMATOGENESIS,Ide,https://www.gsea-msigdb.org/gsea/msigdb/mouse/geneset/HALLMARK_SPERMATOGENESIS,MM,Mus musculus
HALLMARK_SPERMATOGENESIS,Ift88,https://www.gsea-msigdb.org/gsea/msigdb/mouse/geneset/HALLMARK_SPERMATOGENESIS,MM,Mus musculus
HALLMARK_SPERMATOGENESIS,Il12rb2,https://www.gsea-msigdb.org/gsea/msigdb/mouse/geneset/HALLMARK_SPERMATOGENESIS,MM,Mus musculus
HALLMARK_SPERMATOGENESIS,Il13ra2,https://www.gsea-msigdb.org/gsea/msigdb/mouse/geneset/HALLMARK_SPERMATOGENESIS,MM,Mus musculus
HALLMARK_SPERMATOGENESIS,Ip6k1,https://www.gsea-msigdb.org/gsea/msigdb/mouse/geneset/HALLMARK_SPERMATOGENESIS,MM,Mus musculus
HALLMARK_SPERMATOGENESIS,Jam3,https://www.gsea-msigdb.org/gsea/msigdb/mouse/geneset/HALLMARK_SPERMATOGENESIS,MM,Mus musculus
HALLMARK_SPERMATOGENESIS,Kif2c,https://www.gsea-msigdb.org/gsea/msigdb/mouse/geneset/HALLMARK_SPERMATOGENESIS,MM,Mus musculus
HALLMARK_SPERMATOGENESIS,Ldhc,https://www.gsea-msigdb.org/gsea/msigdb/mouse/geneset/HALLMARK_SPERMATOGENESIS,MM,Mus musculus
HALLMARK_SPERMATOGENESIS,Lpin1,https://www.gsea-msigdb.org/gsea/msigdb/mouse/geneset/HALLMARK_SPERMATOGENESIS,MM,Mus musculus
HALLMARK_SPERMATOGENESIS,Map7,https://www.gsea-msigdb.org/gsea/msigdb/mouse/geneset/HALLMARK_SPERMATOGENESIS,MM,Mus musculus
HALLMARK_SPERMATOGENESIS,Mast2,https://www.gsea-msigdb.org/gsea/msigdb/mouse/geneset/HALLMARK_SPERMATOGENESIS,MM,Mus musculus
HALLMARK_SPERMATOGENESIS,Mep1b,https://www.gsea-msigdb.org/gsea/msigdb/mouse/geneset/HALLMARK_SPERMATOGENESIS,MM,Mus musculus
HALLMARK_SPERMATOGENESIS,Mlf1,https://www.gsea-msigdb.org/gsea/msigdb/mouse/geneset/HALLMARK_SPERMATOGENESIS,MM,Mus musculus
HALLMARK_SPERMATOGENESIS,Mllt10,https://www.gsea-msigdb.org/gsea/msigdb/mouse/geneset/HALLMARK_SPERMATOGENESIS,MM,Mus musculus
HALLMARK_SPERMATOGENESIS,Mtnr1a,https://www.gsea-msigdb.org/gsea/msigdb/mouse/geneset/HALLMARK_SPERMATOGENESIS,MM,Mus musculus
HALLMARK_SPERMATOGENESIS,Mtor,https://www.gsea-msigdb.org/gsea/msigdb/mouse/geneset/HALLMARK_SPERMATOGENESIS,MM,Mus musculus
HALLMARK_SPERMATOGENESIS,Naa11,https://www.gsea-msigdb.org/gsea/msigdb/mouse/geneset/HALLMARK_SPERMATOGENESIS,MM,Mus musculus
HALLMARK_SPERMATOGENESIS,Ncaph,https://www.gsea-msigdb.org/gsea/msigdb/mouse/geneset/HALLMARK_SPERMATOGENESIS,MM,Mus musculus
HALLMARK_SPERMATOGENESIS,Nefh,https://www.gsea-msigdb.org/gsea/msigdb/mouse/geneset/HALLMARK_SPERMATOGENESIS,MM,Mus musculus
HALLMARK_SPERMATOGENESIS,Nek2,https://www.gsea-msigdb.org/gsea/msigdb/mouse/geneset/HALLMARK_SPERMATOGENESIS,MM,Mus musculus
HALLMARK_SPERMATOGENESIS,Nf2,https://www.gsea-msigdb.org/gsea/msigdb/mouse/geneset/HALLMARK_SPERMATOGENESIS,MM,Mus musculus
HALLMARK_SPERMATOGENESIS,Nos1,https://www.gsea-msigdb.org/gsea/msigdb/mouse/geneset/HALLMARK_SPERMATOGENESIS,MM,Mus musculus
HALLMARK_SPERMATOGENESIS,Nphp1,https://www.gsea-msigdb.org/gsea/msigdb/mouse/geneset/HALLMARK_SPERMATOGENESIS,MM,Mus musculus
HALLMARK_SPERMATOGENESIS,Npy5r,https://www.gsea-msigdb.org/gsea/msigdb/mouse/geneset/HALLMARK_SPERMATOGENESIS,MM,Mus musculus
HALLMARK_SPERMATOGENESIS,Oaz3,https://www.gsea-msigdb.org/gsea/msigdb/mouse/geneset/HALLMARK_SPERMATOGENESIS,MM,Mus musculus
HALLMARK_SPERMATOGENESIS,Odf1,https://www.gsea-msigdb.org/gsea/msigdb/mouse/geneset/HALLMARK_SPERMATOGENESIS,MM,Mus musculus
HALLMARK_SPERMATOGENESIS,Pacrg,https://www.gsea-msigdb.org/gsea/msigdb/mouse/geneset/HALLMARK_SPERMATOGENESIS,MM,Mus musculus
HALLMARK_SPERMATOGENESIS,Papolb,https://www.gsea-msigdb.org/gsea/msigdb/mouse/geneset/HALLMARK_SPERMATOGENESIS,MM,Mus musculus
HALLMARK_SPERMATOGENESIS,Parp2,https://www.gsea-msigdb.org/gsea/msigdb/mouse/geneset/HALLMARK_SPERMATOGENESIS,MM,Mus musculus
HALLMARK_SPERMATOGENESIS,Pcsk1n,https://www.gsea-msigdb.org/gsea/msigdb/mouse/geneset/HALLMARK_SPERMATOGENESIS,MM,Mus musculus
HALLMARK_SPERMATOGENESIS,Pcsk4,https://www.gsea-msigdb.org/gsea/msigdb/mouse/geneset/HALLMARK_SPERMATOGENESIS,MM,Mus musculus
HALLMARK_SPERMATOGENESIS,Pdha2,https://www.gsea-msigdb.org/gsea/msigdb/mouse/geneset/HALLMARK_SPERMATOGENESIS,MM,Mus musculus
HALLMARK_SPERMATOGENESIS,Pebp1,https://www.gsea-msigdb.org/gsea/msigdb/mouse/geneset/HALLMARK_SPERMATOGENESIS,MM,Mus musculus
HALLMARK_SPERMATOGENESIS,Pgk2,https://www.gsea-msigdb.org/gsea/msigdb/mouse/geneset/HALLMARK_SPERMATOGENESIS,MM,Mus musculus
HALLMARK_SPERMATOGENESIS,Pgs1,https://www.gsea-msigdb.org/gsea/msigdb/mouse/geneset/HALLMARK_SPERMATOGENESIS,MM,Mus musculus
HALLMARK_SPERMATOGENESIS,Phf7,https://www.gsea-msigdb.org/gsea/msigdb/mouse/geneset/HALLMARK_SPERMATOGENESIS,MM,Mus musculus
HALLMARK_SPERMATOGENESIS,Phkg2,https://www.gsea-msigdb.org/gsea/msigdb/mouse/geneset/HALLMARK_SPERMATOGENESIS,MM,Mus musculus
HALLMARK_SPERMATOGENESIS,Pias2,https://www.gsea-msigdb.org/gsea/msigdb/mouse/geneset/HALLMARK_SPERMATOGENESIS,MM,Mus musculus
HALLMARK_SPERMATOGENESIS,Pomc,https://www.gsea-msigdb.org/gsea/msigdb/mouse/geneset/HALLMARK_SPERMATOGENESIS,MM,Mus musculus
HALLMARK_SPERMATOGENESIS,Prkar2a,https://www.gsea-msigdb.org/gsea/msigdb/mouse/geneset/HALLMARK_SPERMATOGENESIS,MM,Mus musculus
HALLMARK_SPERMATOGENESIS,Prm2,https://www.gsea-msigdb.org/gsea/msigdb/mouse/geneset/HALLMARK_SPERMATOGENESIS,MM,Mus musculus
HALLMARK_SPERMATOGENESIS,Psmg1,https://www.gsea-msigdb.org/gsea/msigdb/mouse/geneset/HALLMARK_SPERMATOGENESIS,MM,Mus musculus
HALLMARK_SPERMATOGENESIS,Rad17,https://www.gsea-msigdb.org/gsea/msigdb/mouse/geneset/HALLMARK_SPERMATOGENESIS,MM,Mus musculus
HALLMARK_SPERMATOGENESIS,Rfc4,https://www.gsea-msigdb.org/gsea/msigdb/mouse/geneset/HALLMARK_SPERMATOGENESIS,MM,Mus musculus
HALLMARK_SPERMATOGENESIS,Rpl39l,https://www.gsea-msigdb.org/gsea/msigdb/mouse/geneset/HALLMARK_SPERMATOGENESIS,MM,Mus musculus
HALLMARK_SPERMATOGENESIS,Scg3,https://www.gsea-msigdb.org/gsea/msigdb/mouse/geneset/HALLMARK_SPERMATOGENESIS,MM,Mus musculus
HALLMARK_SPERMATOGENESIS,Scg5,https://www.gsea-msigdb.org/gsea/msigdb/mouse/geneset/HALLMARK_SPERMATOGENESIS,MM,Mus musculus
HALLMARK_SPERMATOGENESIS,Septin4,https://www.gsea-msigdb.org/gsea/msigdb/mouse/geneset/HALLMARK_SPERMATOGENESIS,MM,Mus musculus
HALLMARK_SPERMATOGENESIS,She,https://www.gsea-msigdb.org/gsea/msigdb/mouse/geneset/HALLMARK_SPERMATOGENESIS,MM,Mus musculus
HALLMARK_SPERMATOGENESIS,Sirt1,https://www.gsea-msigdb.org/gsea/msigdb/mouse/geneset/HALLMARK_SPERMATOGENESIS,MM,Mus musculus
HALLMARK_SPERMATOGENESIS,Slc12a2,https://www.gsea-msigdb.org/gsea/msigdb/mouse/geneset/HALLMARK_SPERMATOGENESIS,MM,Mus musculus
HALLMARK_SPERMATOGENESIS,Slc2a5,https://www.gsea-msigdb.org/gsea/msigdb/mouse/geneset/HALLMARK_SPERMATOGENESIS,MM,Mus musculus
HALLMARK_SPERMATOGENESIS,Snap91,https://www.gsea-msigdb.org/gsea/msigdb/mouse/geneset/HALLMARK_SPERMATOGENESIS,MM,Mus musculus
HALLMARK_SPERMATOGENESIS,Spata6,https://www.gsea-msigdb.org/gsea/msigdb/mouse/geneset/HALLMARK_SPERMATOGENESIS,MM,Mus musculus
HALLMARK_SPERMATOGENESIS,Spmap2,https://www.gsea-msigdb.org/gsea/msigdb/mouse/geneset/HALLMARK_SPERMATOGENESIS,MM,Mus musculus
HALLMARK_SPERMATOGENESIS,Stam2,https://www.gsea-msigdb.org/gsea/msigdb/mouse/geneset/HALLMARK_SPERMATOGENESIS,MM,Mus musculus
HALLMARK_SPERMATOGENESIS,Strbp,https://www.gsea-msigdb.org/gsea/msigdb/mouse/geneset/HALLMARK_SPERMATOGENESIS,MM,Mus musculus
HALLMARK_SPERMATOGENESIS,Sycp1,https://www.gsea-msigdb.org/gsea/msigdb/mouse/geneset/HALLMARK_SPERMATOGENESIS,MM,Mus musculus
HALLMARK_SPERMATOGENESIS,Taldo1,https://www.gsea-msigdb.org/gsea/msigdb/mouse/geneset/HALLMARK_SPERMATOGENESIS,MM,Mus musculus
HALLMARK_SPERMATOGENESIS,Tcp11,https://www.gsea-msigdb.org/gsea/msigdb/mouse/geneset/HALLMARK_SPERMATOGENESIS,MM,Mus musculus
HALLMARK_SPERMATOGENESIS,Tekt2,https://www.gsea-msigdb.org/gsea/msigdb/mouse/geneset/HALLMARK_SPERMATOGENESIS,MM,Mus musculus
HALLMARK_SPERMATOGENESIS,Tktl1,https://www.gsea-msigdb.org/gsea/msigdb/mouse/geneset/HALLMARK_SPERMATOGENESIS,MM,Mus musculus
HALLMARK_SPERMATOGENESIS,Tle4,https://www.gsea-msigdb.org/gsea/msigdb/mouse/geneset/HALLMARK_SPERMATOGENESIS,MM,Mus musculus
HALLMARK_SPERMATOGENESIS,Tnni3,https://www.gsea-msigdb.org/gsea/msigdb/mouse/geneset/HALLMARK_SPERMATOGENESIS,MM,Mus musculus
HALLMARK_SPERMATOGENESIS,Tnp1,https://www.gsea-msigdb.org/gsea/msigdb/mouse/geneset/HALLMARK_SPERMATOGENESIS,MM,Mus musculus
HALLMARK_SPERMATOGENESIS,Tnp2,https://www.gsea-msigdb.org/gsea/msigdb/mouse/geneset/HALLMARK_SPERMATOGENESIS,MM,Mus musculus
HALLMARK_SPERMATOGENESIS,Topbp1,https://www.gsea-msigdb.org/gsea/msigdb/mouse/geneset/HALLMARK_SPERMATOGENESIS,MM,Mus musculus
HALLMARK_SPERMATOGENESIS,Tsn,https://www.gsea-msigdb.org/gsea/msigdb/mouse/geneset/HALLMARK_SPERMATOGENESIS,MM,Mus musculus
HALLMARK_SPERMATOGENESIS,Tssk2,https://www.gsea-msigdb.org/gsea/msigdb/mouse/geneset/HALLMARK_SPERMATOGENESIS,MM,Mus musculus
HALLMARK_SPERMATOGENESIS,Ttk,https://www.gsea-msigdb.org/gsea/msigdb/mouse/geneset/HALLMARK_SPERMATOGENESIS,MM,Mus musculus
HALLMARK_SPERMATOGENESIS,Tuba3a,https://www.gsea-msigdb.org/gsea/msigdb/mouse/geneset/HALLMARK_SPERMATOGENESIS,MM,Mus musculus
HALLMARK_SPERMATOGENESIS,Tulp2,https://www.gsea-msigdb.org/gsea/msigdb/mouse/geneset/HALLMARK_SPERMATOGENESIS,MM,Mus musculus
HALLMARK_SPERMATOGENESIS,Vdac3,https://www.gsea-msigdb.org/gsea/msigdb/mouse/geneset/HALLMARK_SPERMATOGENESIS,MM,Mus musculus
HALLMARK_SPERMATOGENESIS,Ybx2,https://www.gsea-msigdb.org/gsea/msigdb/mouse/geneset/HALLMARK_SPERMATOGENESIS,MM,Mus musculus
HALLMARK_SPERMATOGENESIS,Zc2hc1c,https://www.gsea-msigdb.org/gsea/msigdb/mouse/geneset/HALLMARK_SPERMATOGENESIS,MM,Mus musculus
HALLMARK_SPERMATOGENESIS,Zc3h14,https://www.gsea-msigdb.org/gsea/msigdb/mouse/geneset/HALLMARK_SPERMATOGENESIS,MM,Mus musculus
HALLMARK_SPERMATOGENESIS,Znrf4,https://www.gsea-msigdb.org/gsea/msigdb/mouse/geneset/HALLMARK_SPERMATOGENESIS,MM,Mus musculus
HALLMARK_SPERMATOGENESIS,Zpbp,https://www.gsea-msigdb.org/gsea/msigdb/mouse/geneset/HALLMARK_SPERMATOGENESIS,MM,Mus musculus
HALLMARK_TGF_BETA_SIGNALING,Acvr1,https://www.gsea-msigdb.org/gsea/msigdb/mouse/geneset/HALLMARK_TGF_BETA_SIGNALING,MM,Mus musculus
HALLMARK_TGF_BETA_SIGNALING,Apc,https://www.gsea-msigdb.org/gsea/msigdb/mouse/geneset/HALLMARK_TGF_BETA_SIGNALING,MM,Mus musculus
HALLMARK_TGF_BETA_SIGNALING,Arid4b,https://www.gsea-msigdb.org/gsea/msigdb/mouse/geneset/HALLMARK_TGF_BETA_SIGNALING,MM,Mus musculus
HALLMARK_TGF_BETA_SIGNALING,Bcar3,https://www.gsea-msigdb.org/gsea/msigdb/mouse/geneset/HALLMARK_TGF_BETA_SIGNALING,MM,Mus musculus
HALLMARK_TGF_BETA_SIGNALING,Bmp2,https://www.gsea-msigdb.org/gsea/msigdb/mouse/geneset/HALLMARK_TGF_BETA_SIGNALING,MM,Mus musculus
HALLMARK_TGF_BETA_SIGNALING,Bmpr1a,https://www.gsea-msigdb.org/gsea/msigdb/mouse/geneset/HALLMARK_TGF_BETA_SIGNALING,MM,Mus musculus
HALLMARK_TGF_BETA_SIGNALING,Bmpr2,https://www.gsea-msigdb.org/gsea/msigdb/mouse/geneset/HALLMARK_TGF_BETA_SIGNALING,MM,Mus musculus
HALLMARK_TGF_BETA_SIGNALING,Cdh1,https://www.gsea-msigdb.org/gsea/msigdb/mouse/geneset/HALLMARK_TGF_BETA_SIGNALING,MM,Mus musculus
HALLMARK_TGF_BETA_SIGNALING,Cdk9,https://www.gsea-msigdb.org/gsea/msigdb/mouse/geneset/HALLMARK_TGF_BETA_SIGNALING,MM,Mus musculus
HALLMARK_TGF_BETA_SIGNALING,Cdkn1c,https://www.gsea-msigdb.org/gsea/msigdb/mouse/geneset/HALLMARK_TGF_BETA_SIGNALING,MM,Mus musculus
HALLMARK_TGF_BETA_SIGNALING,Ctnnb1,https://www.gsea-msigdb.org/gsea/msigdb/mouse/geneset/HALLMARK_TGF_BETA_SIGNALING,MM,Mus musculus
HALLMARK_TGF_BETA_SIGNALING,Eng,https://www.gsea-msigdb.org/gsea/msigdb/mouse/geneset/HALLMARK_TGF_BETA_SIGNALING,MM,Mus musculus
HALLMARK_TGF_BETA_SIGNALING,Fkbp1a,https://www.gsea-msigdb.org/gsea/msigdb/mouse/geneset/HALLMARK_TGF_BETA_SIGNALING,MM,Mus musculus
HALLMARK_TGF_BETA_SIGNALING,Fnta,https://www.gsea-msigdb.org/gsea/msigdb/mouse/geneset/HALLMARK_TGF_BETA_SIGNALING,MM,Mus musculus
HALLMARK_TGF_BETA_SIGNALING,Furin,https://www.gsea-msigdb.org/gsea/msigdb/mouse/geneset/HALLMARK_TGF_BETA_SIGNALING,MM,Mus musculus
HALLMARK_TGF_BETA_SIGNALING,Hdac1,https://www.gsea-msigdb.org/gsea/msigdb/mouse/geneset/HALLMARK_TGF_BETA_SIGNALING,MM,Mus musculus
HALLMARK_TGF_BETA_SIGNALING,Hipk2,https://www.gsea-msigdb.org/gsea/msigdb/mouse/geneset/HALLMARK_TGF_BETA_SIGNALING,MM,Mus musculus
HALLMARK_TGF_BETA_SIGNALING,Id1,https://www.gsea-msigdb.org/gsea/msigdb/mouse/geneset/HALLMARK_TGF_BETA_SIGNALING,MM,Mus musculus
HALLMARK_TGF_BETA_SIGNALING,Id2,https://www.gsea-msigdb.org/gsea/msigdb/mouse/geneset/HALLMARK_TGF_BETA_SIGNALING,MM,Mus musculus
HALLMARK_TGF_BETA_SIGNALING,Id3,https://www.gsea-msigdb.org/gsea/msigdb/mouse/geneset/HALLMARK_TGF_BETA_SIGNALING,MM,Mus musculus
HALLMARK_TGF_BETA_SIGNALING,Ifngr2,https://www.gsea-msigdb.org/gsea/msigdb/mouse/geneset/HALLMARK_TGF_BETA_SIGNALING,MM,Mus musculus
HALLMARK_TGF_BETA_SIGNALING,Junb,https://www.gsea-msigdb.org/gsea/msigdb/mouse/geneset/HALLMARK_TGF_BETA_SIGNALING,MM,Mus musculus
HALLMARK_TGF_BETA_SIGNALING,Klf10,https://www.gsea-msigdb.org/gsea/msigdb/mouse/geneset/HALLMARK_TGF_BETA_SIGNALING,MM,Mus musculus
HALLMARK_TGF_BETA_SIGNALING,Ltbp2,https://www.gsea-msigdb.org/gsea/msigdb/mouse/geneset/HALLMARK_TGF_BETA_SIGNALING,MM,Mus musculus
HALLMARK_TGF_BETA_SIGNALING,Map3k7,https://www.gsea-msigdb.org/gsea/msigdb/mouse/geneset/HALLMARK_TGF_BETA_SIGNALING,MM,Mus musculus
HALLMARK_TGF_BETA_SIGNALING,Ncor2,https://www.gsea-msigdb.org/gsea/msigdb/mouse/geneset/HALLMARK_TGF_BETA_SIGNALING,MM,Mus musculus
HALLMARK_TGF_BETA_SIGNALING,Nog,https://www.gsea-msigdb.org/gsea/msigdb/mouse/geneset/HALLMARK_TGF_BETA_SIGNALING,MM,Mus musculus
HALLMARK_TGF_BETA_SIGNALING,Pmepa1,https://www.gsea-msigdb.org/gsea/msigdb/mouse/geneset/HALLMARK_TGF_BETA_SIGNALING,MM,Mus musculus
HALLMARK_TGF_BETA_SIGNALING,Ppm1a,https://www.gsea-msigdb.org/gsea/msigdb/mouse/geneset/HALLMARK_TGF_BETA_SIGNALING,MM,Mus musculus
HALLMARK_TGF_BETA_SIGNALING,Ppp1ca,https://www.gsea-msigdb.org/gsea/msigdb/mouse/geneset/HALLMARK_TGF_BETA_SIGNALING,MM,Mus musculus
HALLMARK_TGF_BETA_SIGNALING,Ppp1r15a,https://www.gsea-msigdb.org/gsea/msigdb/mouse/geneset/HALLMARK_TGF_BETA_SIGNALING,MM,Mus musculus
HALLMARK_TGF_BETA_SIGNALING,Rab31,https://www.gsea-msigdb.org/gsea/msigdb/mouse/geneset/HALLMARK_TGF_BETA_SIGNALING,MM,Mus musculus
HALLMARK_TGF_BETA_SIGNALING,Rhoa,https://www.gsea-msigdb.org/gsea/msigdb/mouse/geneset/HALLMARK_TGF_BETA_SIGNALING,MM,Mus musculus
HALLMARK_TGF_BETA_SIGNALING,Serpine1,https://www.gsea-msigdb.org/gsea/msigdb/mouse/geneset/HALLMARK_TGF_BETA_SIGNALING,MM,Mus musculus
HALLMARK_TGF_BETA_SIGNALING,Ski,https://www.gsea-msigdb.org/gsea/msigdb/mouse/geneset/HALLMARK_TGF_BETA_SIGNALING,MM,Mus musculus
HALLMARK_TGF_BETA_SIGNALING,Skil,https://www.gsea-msigdb.org/gsea/msigdb/mouse/geneset/HALLMARK_TGF_BETA_SIGNALING,MM,Mus musculus
HALLMARK_TGF_BETA_SIGNALING,Slc20a1,https://www.gsea-msigdb.org/gsea/msigdb/mouse/geneset/HALLMARK_TGF_BETA_SIGNALING,MM,Mus musculus
HALLMARK_TGF_BETA_SIGNALING,Smad1,https://www.gsea-msigdb.org/gsea/msigdb/mouse/geneset/HALLMARK_TGF_BETA_SIGNALING,MM,Mus musculus
HALLMARK_TGF_BETA_SIGNALING,Smad3,https://www.gsea-msigdb.org/gsea/msigdb/mouse/geneset/HALLMARK_TGF_BETA_SIGNALING,MM,Mus musculus
HALLMARK_TGF_BETA_SIGNALING,Smad6,https://www.gsea-msigdb.org/gsea/msigdb/mouse/geneset/HALLMARK_TGF_BETA_SIGNALING,MM,Mus musculus
HALLMARK_TGF_BETA_SIGNALING,Smad7,https://www.gsea-msigdb.org/gsea/msigdb/mouse/geneset/HALLMARK_TGF_BETA_SIGNALING,MM,Mus musculus
HALLMARK_TGF_BETA_SIGNALING,Smurf1,https://www.gsea-msigdb.org/gsea/msigdb/mouse/geneset/HALLMARK_TGF_BETA_SIGNALING,MM,Mus musculus
HALLMARK_TGF_BETA_SIGNALING,Smurf2,https://www.gsea-msigdb.org/gsea/msigdb/mouse/geneset/HALLMARK_TGF_BETA_SIGNALING,MM,Mus musculus
HALLMARK_TGF_BETA_SIGNALING,Sptbn1,https://www.gsea-msigdb.org/gsea/msigdb/mouse/geneset/HALLMARK_TGF_BETA_SIGNALING,MM,Mus musculus
HALLMARK_TGF_BETA_SIGNALING,Tgfb1,https://www.gsea-msigdb.org/gsea/msigdb/mouse/geneset/HALLMARK_TGF_BETA_SIGNALING,MM,Mus musculus
HALLMARK_TGF_BETA_SIGNALING,Tgfbr1,https://www.gsea-msigdb.org/gsea/msigdb/mouse/geneset/HALLMARK_TGF_BETA_SIGNALING,MM,Mus musculus
HALLMARK_TGF_BETA_SIGNALING,Tgif1,https://www.gsea-msigdb.org/gsea/msigdb/mouse/geneset/HALLMARK_TGF_BETA_SIGNALING,MM,Mus musculus
HALLMARK_TGF_BETA_SIGNALING,Thbs1,https://www.gsea-msigdb.org/gsea/msigdb/mouse/geneset/HALLMARK_TGF_BETA_SIGNALING,MM,Mus musculus
HALLMARK_TGF_BETA_SIGNALING,Tjp1,https://www.gsea-msigdb.org/gsea/msigdb/mouse/geneset/HALLMARK_TGF_BETA_SIGNALING,MM,Mus musculus
HALLMARK_TGF_BETA_SIGNALING,Trim33,https://www.gsea-msigdb.org/gsea/msigdb/mouse/geneset/HALLMARK_TGF_BETA_SIGNALING,MM,Mus musculus
HALLMARK_TGF_BETA_SIGNALING,Ube2d3,https://www.gsea-msigdb.org/gsea/msigdb/mouse/geneset/HALLMARK_TGF_BETA_SIGNALING,MM,Mus musculus
HALLMARK_TGF_BETA_SIGNALING,Wwtr1,https://www.gsea-msigdb.org/gsea/msigdb/mouse/geneset/HALLMARK_TGF_BETA_SIGNALING,MM,Mus musculus
HALLMARK_TGF_BETA_SIGNALING,Xiap,https://www.gsea-msigdb.org/gsea/msigdb/mouse/geneset/HALLMARK_TGF_BETA_SIGNALING,MM,Mus musculus
HALLMARK_TNFA_SIGNALING_VIA_NFKB,Abca1,https://www.gsea-msigdb.org/gsea/msigdb/mouse/geneset/HALLMARK_TNFA_SIGNALING_VIA_NFKB,MM,Mus musculus
HALLMARK_TNFA_SIGNALING_VIA_NFKB,Ackr3,https://www.gsea-msigdb.org/gsea/msigdb/mouse/geneset/HALLMARK_TNFA_SIGNALING_VIA_NFKB,MM,Mus musculus
HALLMARK_TNFA_SIGNALING_VIA_NFKB,Areg,https://www.gsea-msigdb.org/gsea/msigdb/mouse/geneset/HALLMARK_TNFA_SIGNALING_VIA_NFKB,MM,Mus musculus
HALLMARK_TNFA_SIGNALING_VIA_NFKB,Atf3,https://www.gsea-msigdb.org/gsea/msigdb/mouse/geneset/HALLMARK_TNFA_SIGNALING_VIA_NFKB,MM,Mus musculus
HALLMARK_TNFA_SIGNALING_VIA_NFKB,Atp2b1,https://www.gsea-msigdb.org/gsea/msigdb/mouse/geneset/HALLMARK_TNFA_SIGNALING_VIA_NFKB,MM,Mus musculus
HALLMARK_TNFA_SIGNALING_VIA_NFKB,B4galt1,https://www.gsea-msigdb.org/gsea/msigdb/mouse/geneset/HALLMARK_TNFA_SIGNALING_VIA_NFKB,MM,Mus musculus
HALLMARK_TNFA_SIGNALING_VIA_NFKB,B4galt5,https://www.gsea-msigdb.org/gsea/msigdb/mouse/geneset/HALLMARK_TNFA_SIGNALING_VIA_NFKB,MM,Mus musculus
HALLMARK_TNFA_SIGNALING_VIA_NFKB,Bcl2a1d,https://www.gsea-msigdb.org/gsea/msigdb/mouse/geneset/HALLMARK_TNFA_SIGNALING_VIA_NFKB,MM,Mus musculus
HALLMARK_TNFA_SIGNALING_VIA_NFKB,Bcl3,https://www.gsea-msigdb.org/gsea/msigdb/mouse/geneset/HALLMARK_TNFA_SIGNALING_VIA_NFKB,MM,Mus musculus
HALLMARK_TNFA_SIGNALING_VIA_NFKB,Bcl6,https://www.gsea-msigdb.org/gsea/msigdb/mouse/geneset/HALLMARK_TNFA_SIGNALING_VIA_NFKB,MM,Mus musculus
HALLMARK_TNFA_SIGNALING_VIA_NFKB,Bhlhe40,https://www.gsea-msigdb.org/gsea/msigdb/mouse/geneset/HALLMARK_TNFA_SIGNALING_VIA_NFKB,MM,Mus musculus
HALLMARK_TNFA_SIGNALING_VIA_NFKB,Birc2,https://www.gsea-msigdb.org/gsea/msigdb/mouse/geneset/HALLMARK_TNFA_SIGNALING_VIA_NFKB,MM,Mus musculus
HALLMARK_TNFA_SIGNALING_VIA_NFKB,Birc3,https://www.gsea-msigdb.org/gsea/msigdb/mouse/geneset/HALLMARK_TNFA_SIGNALING_VIA_NFKB,MM,Mus musculus
HALLMARK_TNFA_SIGNALING_VIA_NFKB,Bmp2,https://www.gsea-msigdb.org/gsea/msigdb/mouse/geneset/HALLMARK_TNFA_SIGNALING_VIA_NFKB,MM,Mus musculus
HALLMARK_TNFA_SIGNALING_VIA_NFKB,Btg1,https://www.gsea-msigdb.org/gsea/msigdb/mouse/geneset/HALLMARK_TNFA_SIGNALING_VIA_NFKB,MM,Mus musculus
HALLMARK_TNFA_SIGNALING_VIA_NFKB,Btg2,https://www.gsea-msigdb.org/gsea/msigdb/mouse/geneset/HALLMARK_TNFA_SIGNALING_VIA_NFKB,MM,Mus musculus
HALLMARK_TNFA_SIGNALING_VIA_NFKB,Btg3,https://www.gsea-msigdb.org/gsea/msigdb/mouse/geneset/HALLMARK_TNFA_SIGNALING_VIA_NFKB,MM,Mus musculus
HALLMARK_TNFA_SIGNALING_VIA_NFKB,Ccl20,https://www.gsea-msigdb.org/gsea/msigdb/mouse/geneset/HALLMARK_TNFA_SIGNALING_VIA_NFKB,MM,Mus musculus
HALLMARK_TNFA_SIGNALING_VIA_NFKB,Ccl5,https://www.gsea-msigdb.org/gsea/msigdb/mouse/geneset/HALLMARK_TNFA_SIGNALING_VIA_NFKB,MM,Mus musculus
HALLMARK_TNFA_SIGNALING_VIA_NFKB,Ccn1,https://www.gsea-msigdb.org/gsea/msigdb/mouse/geneset/HALLMARK_TNFA_SIGNALING_VIA_NFKB,MM,Mus musculus
HALLMARK_TNFA_SIGNALING_VIA_NFKB,Ccnd1,https://www.gsea-msigdb.org/gsea/msigdb/mouse/geneset/HALLMARK_TNFA_SIGNALING_VIA_NFKB,MM,Mus musculus
HALLMARK_TNFA_SIGNALING_VIA_NFKB,Ccnl1,https://www.gsea-msigdb.org/gsea/msigdb/mouse/geneset/HALLMARK_TNFA_SIGNALING_VIA_NFKB,MM,Mus musculus
HALLMARK_TNFA_SIGNALING_VIA_NFKB,Ccrl2,https://www.gsea-msigdb.org/gsea/msigdb/mouse/geneset/HALLMARK_TNFA_SIGNALING_VIA_NFKB,MM,Mus musculus
HALLMARK_TNFA_SIGNALING_VIA_NFKB,Cd44,https://www.gsea-msigdb.org/gsea/msigdb/mouse/geneset/HALLMARK_TNFA_SIGNALING_VIA_NFKB,MM,Mus musculus
HALLMARK_TNFA_SIGNALING_VIA_NFKB,Cd69,https://www.gsea-msigdb.org/gsea/msigdb/mouse/geneset/HALLMARK_TNFA_SIGNALING_VIA_NFKB,MM,Mus musculus
HALLMARK_TNFA_SIGNALING_VIA_NFKB,Cd80,https://www.gsea-msigdb.org/gsea/msigdb/mouse/geneset/HALLMARK_TNFA_SIGNALING_VIA_NFKB,MM,Mus musculus
HALLMARK_TNFA_SIGNALING_VIA_NFKB,Cd83,https://www.gsea-msigdb.org/gsea/msigdb/mouse/geneset/HALLMARK_TNFA_SIGNALING_VIA_NFKB,MM,Mus musculus
HALLMARK_TNFA_SIGNALING_VIA_NFKB,Cdkn1a,https://www.gsea-msigdb.org/gsea/msigdb/mouse/geneset/HALLMARK_TNFA_SIGNALING_VIA_NFKB,MM,Mus musculus
HALLMARK_TNFA_SIGNALING_VIA_NFKB,Cebpb,https://www.gsea-msigdb.org/gsea/msigdb/mouse/geneset/HALLMARK_TNFA_SIGNALING_VIA_NFKB,MM,Mus musculus
HALLMARK_TNFA_SIGNALING_VIA_NFKB,Cebpd,https://www.gsea-msigdb.org/gsea/msigdb/mouse/geneset/HALLMARK_TNFA_SIGNALING_VIA_NFKB,MM,Mus musculus
HALLMARK_TNFA_SIGNALING_VIA_NFKB,Cflar,https://www.gsea-msigdb.org/gsea/msigdb/mouse/geneset/HALLMARK_TNFA_SIGNALING_VIA_NFKB,MM,Mus musculus
HALLMARK_TNFA_SIGNALING_VIA_NFKB,Clcf1,https://www.gsea-msigdb.org/gsea/msigdb/mouse/geneset/HALLMARK_TNFA_SIGNALING_VIA_NFKB,MM,Mus musculus
HALLMARK_TNFA_SIGNALING_VIA_NFKB,Csf1,https://www.gsea-msigdb.org/gsea/msigdb/mouse/geneset/HALLMARK_TNFA_SIGNALING_VIA_NFKB,MM,Mus musculus
HALLMARK_TNFA_SIGNALING_VIA_NFKB,Csf2,https://www.gsea-msigdb.org/gsea/msigdb/mouse/geneset/HALLMARK_TNFA_SIGNALING_VIA_NFKB,MM,Mus musculus
HALLMARK_TNFA_SIGNALING_VIA_NFKB,Cxcl1,https://www.gsea-msigdb.org/gsea/msigdb/mouse/geneset/HALLMARK_TNFA_SIGNALING_VIA_NFKB,MM,Mus musculus
HALLMARK_TNFA_SIGNALING_VIA_NFKB,Cxcl10,https://www.gsea-msigdb.org/gsea/msigdb/mouse/geneset/HALLMARK_TNFA_SIGNALING_VIA_NFKB,MM,Mus musculus
HALLMARK_TNFA_SIGNALING_VIA_NFKB,Cxcl11,https://www.gsea-msigdb.org/gsea/msigdb/mouse/geneset/HALLMARK_TNFA_SIGNALING_VIA_NFKB,MM,Mus musculus
HALLMARK_TNFA_SIGNALING_VIA_NFKB,Cxcl2,https://www.gsea-msigdb.org/gsea/msigdb/mouse/geneset/HALLMARK_TNFA_SIGNALING_VIA_NFKB,MM,Mus musculus
HALLMARK_TNFA_SIGNALING_VIA_NFKB,Cxcl5,https://www.gsea-msigdb.org/gsea/msigdb/mouse/geneset/HALLMARK_TNFA_SIGNALING_VIA_NFKB,MM,Mus musculus
HALLMARK_TNFA_SIGNALING_VIA_NFKB,Dennd5a,https://www.gsea-msigdb.org/gsea/msigdb/mouse/geneset/HALLMARK_TNFA_SIGNALING_VIA_NFKB,MM,Mus musculus
HALLMARK_TNFA_SIGNALING_VIA_NFKB,Dnajb4,https://www.gsea-msigdb.org/gsea/msigdb/mouse/geneset/HALLMARK_TNFA_SIGNALING_VIA_NFKB,MM,Mus musculus
HALLMARK_TNFA_SIGNALING_VIA_NFKB,Dram1,https://www.gsea-msigdb.org/gsea/msigdb/mouse/geneset/HALLMARK_TNFA_SIGNALING_VIA_NFKB,MM,Mus musculus
HALLMARK_TNFA_SIGNALING_VIA_NFKB,Dusp1,https://www.gsea-msigdb.org/gsea/msigdb/mouse/geneset/HALLMARK_TNFA_SIGNALING_VIA_NFKB,MM,Mus musculus
HALLMARK_TNFA_SIGNALING_VIA_NFKB,Dusp2,https://www.gsea-msigdb.org/gsea/msigdb/mouse/geneset/HALLMARK_TNFA_SIGNALING_VIA_NFKB,MM,Mus musculus
HALLMARK_TNFA_SIGNALING_VIA_NFKB,Dusp4,https://www.gsea-msigdb.org/gsea/msigdb/mouse/geneset/HALLMARK_TNFA_SIGNALING_VIA_NFKB,MM,Mus musculus
HALLMARK_TNFA_SIGNALING_VIA_NFKB,Dusp5,https://www.gsea-msigdb.org/gsea/msigdb/mouse/geneset/HALLMARK_TNFA_SIGNALING_VIA_NFKB,MM,Mus musculus
HALLMARK_TNFA_SIGNALING_VIA_NFKB,Edn1,https://www.gsea-msigdb.org/gsea/msigdb/mouse/geneset/HALLMARK_TNFA_SIGNALING_VIA_NFKB,MM,Mus musculus
HALLMARK_TNFA_SIGNALING_VIA_NFKB,Efna1,https://www.gsea-msigdb.org/gsea/msigdb/mouse/geneset/HALLMARK_TNFA_SIGNALING_VIA_NFKB,MM,Mus musculus
HALLMARK_TNFA_SIGNALING_VIA_NFKB,Egr1,https://www.gsea-msigdb.org/gsea/msigdb/mouse/geneset/HALLMARK_TNFA_SIGNALING_VIA_NFKB,MM,Mus musculus
HALLMARK_TNFA_SIGNALING_VIA_NFKB,Egr2,https://www.gsea-msigdb.org/gsea/msigdb/mouse/geneset/HALLMARK_TNFA_SIGNALING_VIA_NFKB,MM,Mus musculus
HALLMARK_TNFA_SIGNALING_VIA_NFKB,Egr3,https://www.gsea-msigdb.org/gsea/msigdb/mouse/geneset/HALLMARK_TNFA_SIGNALING_VIA_NFKB,MM,Mus musculus
HALLMARK_TNFA_SIGNALING_VIA_NFKB,Ehd1,https://www.gsea-msigdb.org/gsea/msigdb/mouse/geneset/HALLMARK_TNFA_SIGNALING_VIA_NFKB,MM,Mus musculus
HALLMARK_TNFA_SIGNALING_VIA_NFKB,Eif1,https://www.gsea-msigdb.org/gsea/msigdb/mouse/geneset/HALLMARK_TNFA_SIGNALING_VIA_NFKB,MM,Mus musculus
HALLMARK_TNFA_SIGNALING_VIA_NFKB,Ets2,https://www.gsea-msigdb.org/gsea/msigdb/mouse/geneset/HALLMARK_TNFA_SIGNALING_VIA_NFKB,MM,Mus musculus
HALLMARK_TNFA_SIGNALING_VIA_NFKB,F2rl1,https://www.gsea-msigdb.org/gsea/msigdb/mouse/geneset/HALLMARK_TNFA_SIGNALING_VIA_NFKB,MM,Mus musculus
HALLMARK_TNFA_SIGNALING_VIA_NFKB,F3,https://www.gsea-msigdb.org/gsea/msigdb/mouse/geneset/HALLMARK_TNFA_SIGNALING_VIA_NFKB,MM,Mus musculus
HALLMARK_TNFA_SIGNALING_VIA_NFKB,Fjx1,https://www.gsea-msigdb.org/gsea/msigdb/mouse/geneset/HALLMARK_TNFA_SIGNALING_VIA_NFKB,MM,Mus musculus
HALLMARK_TNFA_SIGNALING_VIA_NFKB,Fos,https://www.gsea-msigdb.org/gsea/msigdb/mouse/geneset/HALLMARK_TNFA_SIGNALING_VIA_NFKB,MM,Mus musculus
HALLMARK_TNFA_SIGNALING_VIA_NFKB,Fosb,https://www.gsea-msigdb.org/gsea/msigdb/mouse/geneset/HALLMARK_TNFA_SIGNALING_VIA_NFKB,MM,Mus musculus
HALLMARK_TNFA_SIGNALING_VIA_NFKB,Fosl1,https://www.gsea-msigdb.org/gsea/msigdb/mouse/geneset/HALLMARK_TNFA_SIGNALING_VIA_NFKB,MM,Mus musculus
HALLMARK_TNFA_SIGNALING_VIA_NFKB,Fosl2,https://www.gsea-msigdb.org/gsea/msigdb/mouse/geneset/HALLMARK_TNFA_SIGNALING_VIA_NFKB,MM,Mus musculus
HALLMARK_TNFA_SIGNALING_VIA_NFKB,Fut4,https://www.gsea-msigdb.org/gsea/msigdb/mouse/geneset/HALLMARK_TNFA_SIGNALING_VIA_NFKB,MM,Mus musculus
HALLMARK_TNFA_SIGNALING_VIA_NFKB,G0s2,https://www.gsea-msigdb.org/gsea/msigdb/mouse/geneset/HALLMARK_TNFA_SIGNALING_VIA_NFKB,MM,Mus musculus
HALLMARK_TNFA_SIGNALING_VIA_NFKB,Gadd45a,https://www.gsea-msigdb.org/gsea/msigdb/mouse/geneset/HALLMARK_TNFA_SIGNALING_VIA_NFKB,MM,Mus musculus
HALLMARK_TNFA_SIGNALING_VIA_NFKB,Gadd45b,https://www.gsea-msigdb.org/gsea/msigdb/mouse/geneset/HALLMARK_TNFA_SIGNALING_VIA_NFKB,MM,Mus musculus
HALLMARK_TNFA_SIGNALING_VIA_NFKB,Gch1,https://www.gsea-msigdb.org/gsea/msigdb/mouse/geneset/HALLMARK_TNFA_SIGNALING_VIA_NFKB,MM,Mus musculus
HALLMARK_TNFA_SIGNALING_VIA_NFKB,Gem,https://www.gsea-msigdb.org/gsea/msigdb/mouse/geneset/HALLMARK_TNFA_SIGNALING_VIA_NFKB,MM,Mus musculus
HALLMARK_TNFA_SIGNALING_VIA_NFKB,Gfpt2,https://www.gsea-msigdb.org/gsea/msigdb/mouse/geneset/HALLMARK_TNFA_SIGNALING_VIA_NFKB,MM,Mus musculus
HALLMARK_TNFA_SIGNALING_VIA_NFKB,Gpr183,https://www.gsea-msigdb.org/gsea/msigdb/mouse/geneset/HALLMARK_TNFA_SIGNALING_VIA_NFKB,MM,Mus musculus
HALLMARK_TNFA_SIGNALING_VIA_NFKB,Hbegf,https://www.gsea-msigdb.org/gsea/msigdb/mouse/geneset/HALLMARK_TNFA_SIGNALING_VIA_NFKB,MM,Mus musculus
HALLMARK_TNFA_SIGNALING_VIA_NFKB,Hes1,https://www.gsea-msigdb.org/gsea/msigdb/mouse/geneset/HALLMARK_TNFA_SIGNALING_VIA_NFKB,MM,Mus musculus
HALLMARK_TNFA_SIGNALING_VIA_NFKB,Icam1,https://www.gsea-msigdb.org/gsea/msigdb/mouse/geneset/HALLMARK_TNFA_SIGNALING_VIA_NFKB,MM,Mus musculus
HALLMARK_TNFA_SIGNALING_VIA_NFKB,Icosl,https://www.gsea-msigdb.org/gsea/msigdb/mouse/geneset/HALLMARK_TNFA_SIGNALING_VIA_NFKB,MM,Mus musculus
HALLMARK_TNFA_SIGNALING_VIA_NFKB,Id2,https://www.gsea-msigdb.org/gsea/msigdb/mouse/geneset/HALLMARK_TNFA_SIGNALING_VIA_NFKB,MM,Mus musculus
HALLMARK_TNFA_SIGNALING_VIA_NFKB,Ier2,https://www.gsea-msigdb.org/gsea/msigdb/mouse/geneset/HALLMARK_TNFA_SIGNALING_VIA_NFKB,MM,Mus musculus
HALLMARK_TNFA_SIGNALING_VIA_NFKB,Ier3,https://www.gsea-msigdb.org/gsea/msigdb/mouse/geneset/HALLMARK_TNFA_SIGNALING_VIA_NFKB,MM,Mus musculus
HALLMARK_TNFA_SIGNALING_VIA_NFKB,Ier5,https://www.gsea-msigdb.org/gsea/msigdb/mouse/geneset/HALLMARK_TNFA_SIGNALING_VIA_NFKB,MM,Mus musculus
HALLMARK_TNFA_SIGNALING_VIA_NFKB,Ifih1,https://www.gsea-msigdb.org/gsea/msigdb/mouse/geneset/HALLMARK_TNFA_SIGNALING_VIA_NFKB,MM,Mus musculus
HALLMARK_TNFA_SIGNALING_VIA_NFKB,Ifit2,https://www.gsea-msigdb.org/gsea/msigdb/mouse/geneset/HALLMARK_TNFA_SIGNALING_VIA_NFKB,MM,Mus musculus
HALLMARK_TNFA_SIGNALING_VIA_NFKB,Ifngr2,https://www.gsea-msigdb.org/gsea/msigdb/mouse/geneset/HALLMARK_TNFA_SIGNALING_VIA_NFKB,MM,Mus musculus
HALLMARK_TNFA_SIGNALING_VIA_NFKB,Il12b,https://www.gsea-msigdb.org/gsea/msigdb/mouse/geneset/HALLMARK_TNFA_SIGNALING_VIA_NFKB,MM,Mus musculus
HALLMARK_TNFA_SIGNALING_VIA_NFKB,Il15ra,https://www.gsea-msigdb.org/gsea/msigdb/mouse/geneset/HALLMARK_TNFA_SIGNALING_VIA_NFKB,MM,Mus musculus
HALLMARK_TNFA_SIGNALING_VIA_NFKB,Il18,https://www.gsea-msigdb.org/gsea/msigdb/mouse/geneset/HALLMARK_TNFA_SIGNALING_VIA_NFKB,MM,Mus musculus
HALLMARK_TNFA_SIGNALING_VIA_NFKB,Il1a,https://www.gsea-msigdb.org/gsea/msigdb/mouse/geneset/HALLMARK_TNFA_SIGNALING_VIA_NFKB,MM,Mus musculus
HALLMARK_TNFA_SIGNALING_VIA_NFKB,Il1b,https://www.gsea-msigdb.org/gsea/msigdb/mouse/geneset/HALLMARK_TNFA_SIGNALING_VIA_NFKB,MM,Mus musculus
HALLMARK_TNFA_SIGNALING_VIA_NFKB,Il23a,https://www.gsea-msigdb.org/gsea/msigdb/mouse/geneset/HALLMARK_TNFA_SIGNALING_VIA_NFKB,MM,Mus musculus
HALLMARK_TNFA_SIGNALING_VIA_NFKB,Il6,https://www.gsea-msigdb.org/gsea/msigdb/mouse/geneset/HALLMARK_TNFA_SIGNALING_VIA_NFKB,MM,Mus musculus
HALLMARK_TNFA_SIGNALING_VIA_NFKB,Il6st,https://www.gsea-msigdb.org/gsea/msigdb/mouse/geneset/HALLMARK_TNFA_SIGNALING_VIA_NFKB,MM,Mus musculus
HALLMARK_TNFA_SIGNALING_VIA_NFKB,Il7r,https://www.gsea-msigdb.org/gsea/msigdb/mouse/geneset/HALLMARK_TNFA_SIGNALING_VIA_NFKB,MM,Mus musculus
HALLMARK_TNFA_SIGNALING_VIA_NFKB,Inhba,https://www.gsea-msigdb.org/gsea/msigdb/mouse/geneset/HALLMARK_TNFA_SIGNALING_VIA_NFKB,MM,Mus musculus
HALLMARK_TNFA_SIGNALING_VIA_NFKB,Irf1,https://www.gsea-msigdb.org/gsea/msigdb/mouse/geneset/HALLMARK_TNFA_SIGNALING_VIA_NFKB,MM,Mus musculus
HALLMARK_TNFA_SIGNALING_VIA_NFKB,Irs2,https://www.gsea-msigdb.org/gsea/msigdb/mouse/geneset/HALLMARK_TNFA_SIGNALING_VIA_NFKB,MM,Mus musculus
HALLMARK_TNFA_SIGNALING_VIA_NFKB,Jag1,https://www.gsea-msigdb.org/gsea/msigdb/mouse/geneset/HALLMARK_TNFA_SIGNALING_VIA_NFKB,MM,Mus musculus
HALLMARK_TNFA_SIGNALING_VIA_NFKB,Jun,https://www.gsea-msigdb.org/gsea/msigdb/mouse/geneset/HALLMARK_TNFA_SIGNALING_VIA_NFKB,MM,Mus musculus
HALLMARK_TNFA_SIGNALING_VIA_NFKB,Junb,https://www.gsea-msigdb.org/gsea/msigdb/mouse/geneset/HALLMARK_TNFA_SIGNALING_VIA_NFKB,MM,Mus musculus
HALLMARK_TNFA_SIGNALING_VIA_NFKB,Kdm6b,https://www.gsea-msigdb.org/gsea/msigdb/mouse/geneset/HALLMARK_TNFA_SIGNALING_VIA_NFKB,MM,Mus musculus
HALLMARK_TNFA_SIGNALING_VIA_NFKB,Klf10,https://www.gsea-msigdb.org/gsea/msigdb/mouse/geneset/HALLMARK_TNFA_SIGNALING_VIA_NFKB,MM,Mus musculus
HALLMARK_TNFA_SIGNALING_VIA_NFKB,Klf2,https://www.gsea-msigdb.org/gsea/msigdb/mouse/geneset/HALLMARK_TNFA_SIGNALING_VIA_NFKB,MM,Mus musculus
HALLMARK_TNFA_SIGNALING_VIA_NFKB,Klf4,https://www.gsea-msigdb.org/gsea/msigdb/mouse/geneset/HALLMARK_TNFA_SIGNALING_VIA_NFKB,MM,Mus musculus
HALLMARK_TNFA_SIGNALING_VIA_NFKB,Klf6,https://www.gsea-msigdb.org/gsea/msigdb/mouse/geneset/HALLMARK_TNFA_SIGNALING_VIA_NFKB,MM,Mus musculus
HALLMARK_TNFA_SIGNALING_VIA_NFKB,Klf9,https://www.gsea-msigdb.org/gsea/msigdb/mouse/geneset/HALLMARK_TNFA_SIGNALING_VIA_NFKB,MM,Mus musculus
HALLMARK_TNFA_SIGNALING_VIA_NFKB,Kynu,https://www.gsea-msigdb.org/gsea/msigdb/mouse/geneset/HALLMARK_TNFA_SIGNALING_VIA_NFKB,MM,Mus musculus
HALLMARK_TNFA_SIGNALING_VIA_NFKB,Lamb3,https://www.gsea-msigdb.org/gsea/msigdb/mouse/geneset/HALLMARK_TNFA_SIGNALING_VIA_NFKB,MM,Mus musculus
HALLMARK_TNFA_SIGNALING_VIA_NFKB,Ldlr,https://www.gsea-msigdb.org/gsea/msigdb/mouse/geneset/HALLMARK_TNFA_SIGNALING_VIA_NFKB,MM,Mus musculus
HALLMARK_TNFA_SIGNALING_VIA_NFKB,Lif,https://www.gsea-msigdb.org/gsea/msigdb/mouse/geneset/HALLMARK_TNFA_SIGNALING_VIA_NFKB,MM,Mus musculus
HALLMARK_TNFA_SIGNALING_VIA_NFKB,Litaf,https://www.gsea-msigdb.org/gsea/msigdb/mouse/geneset/HALLMARK_TNFA_SIGNALING_VIA_NFKB,MM,Mus musculus
HALLMARK_TNFA_SIGNALING_VIA_NFKB,Maff,https://www.gsea-msigdb.org/gsea/msigdb/mouse/geneset/HALLMARK_TNFA_SIGNALING_VIA_NFKB,MM,Mus musculus
HALLMARK_TNFA_SIGNALING_VIA_NFKB,Map2k3,https://www.gsea-msigdb.org/gsea/msigdb/mouse/geneset/HALLMARK_TNFA_SIGNALING_VIA_NFKB,MM,Mus musculus
HALLMARK_TNFA_SIGNALING_VIA_NFKB,Map3k8,https://www.gsea-msigdb.org/gsea/msigdb/mouse/geneset/HALLMARK_TNFA_SIGNALING_VIA_NFKB,MM,Mus musculus
HALLMARK_TNFA_SIGNALING_VIA_NFKB,Marcks,https://www.gsea-msigdb.org/gsea/msigdb/mouse/geneset/HALLMARK_TNFA_SIGNALING_VIA_NFKB,MM,Mus musculus
HALLMARK_TNFA_SIGNALING_VIA_NFKB,Mcl1,https://www.gsea-msigdb.org/gsea/msigdb/mouse/geneset/HALLMARK_TNFA_SIGNALING_VIA_NFKB,MM,Mus musculus
HALLMARK_TNFA_SIGNALING_VIA_NFKB,Msc,https://www.gsea-msigdb.org/gsea/msigdb/mouse/geneset/HALLMARK_TNFA_SIGNALING_VIA_NFKB,MM,Mus musculus
HALLMARK_TNFA_SIGNALING_VIA_NFKB,Mxd1,https://www.gsea-msigdb.org/gsea/msigdb/mouse/geneset/HALLMARK_TNFA_SIGNALING_VIA_NFKB,MM,Mus musculus
HALLMARK_TNFA_SIGNALING_VIA_NFKB,Myc,https://www.gsea-msigdb.org/gsea/msigdb/mouse/geneset/HALLMARK_TNFA_SIGNALING_VIA_NFKB,MM,Mus musculus
HALLMARK_TNFA_SIGNALING_VIA_NFKB,Nampt,https://www.gsea-msigdb.org/gsea/msigdb/mouse/geneset/HALLMARK_TNFA_SIGNALING_VIA_NFKB,MM,Mus musculus
HALLMARK_TNFA_SIGNALING_VIA_NFKB,Nfat5,https://www.gsea-msigdb.org/gsea/msigdb/mouse/geneset/HALLMARK_TNFA_SIGNALING_VIA_NFKB,MM,Mus musculus
HALLMARK_TNFA_SIGNALING_VIA_NFKB,Nfe2l2,https://www.gsea-msigdb.org/gsea/msigdb/mouse/geneset/HALLMARK_TNFA_SIGNALING_VIA_NFKB,MM,Mus musculus
HALLMARK_TNFA_SIGNALING_VIA_NFKB,Nfil3,https://www.gsea-msigdb.org/gsea/msigdb/mouse/geneset/HALLMARK_TNFA_SIGNALING_VIA_NFKB,MM,Mus musculus
HALLMARK_TNFA_SIGNALING_VIA_NFKB,Nfkb1,https://www.gsea-msigdb.org/gsea/msigdb/mouse/geneset/HALLMARK_TNFA_SIGNALING_VIA_NFKB,MM,Mus musculus
HALLMARK_TNFA_SIGNALING_VIA_NFKB,Nfkb2,https://www.gsea-msigdb.org/gsea/msigdb/mouse/geneset/HALLMARK_TNFA_SIGNALING_VIA_NFKB,MM,Mus musculus
HALLMARK_TNFA_SIGNALING_VIA_NFKB,Nfkbia,https://www.gsea-msigdb.org/gsea/msigdb/mouse/geneset/HALLMARK_TNFA_SIGNALING_VIA_NFKB,MM,Mus musculus
HALLMARK_TNFA_SIGNALING_VIA_NFKB,Nfkbie,https://www.gsea-msigdb.org/gsea/msigdb/mouse/geneset/HALLMARK_TNFA_SIGNALING_VIA_NFKB,MM,Mus musculus
HALLMARK_TNFA_SIGNALING_VIA_NFKB,Ninj1,https://www.gsea-msigdb.org/gsea/msigdb/mouse/geneset/HALLMARK_TNFA_SIGNALING_VIA_NFKB,MM,Mus musculus
HALLMARK_TNFA_SIGNALING_VIA_NFKB,Nr4a1,https://www.gsea-msigdb.org/gsea/msigdb/mouse/geneset/HALLMARK_TNFA_SIGNALING_VIA_NFKB,MM,Mus musculus
HALLMARK_TNFA_SIGNALING_VIA_NFKB,Nr4a2,https://www.gsea-msigdb.org/gsea/msigdb/mouse/geneset/HALLMARK_TNFA_SIGNALING_VIA_NFKB,MM,Mus musculus
HALLMARK_TNFA_SIGNALING_VIA_NFKB,Nr4a3,https://www.gsea-msigdb.org/gsea/msigdb/mouse/geneset/HALLMARK_TNFA_SIGNALING_VIA_NFKB,MM,Mus musculus
HALLMARK_TNFA_SIGNALING_VIA_NFKB,Olr1,https://www.gsea-msigdb.org/gsea/msigdb/mouse/geneset/HALLMARK_TNFA_SIGNALING_VIA_NFKB,MM,Mus musculus
HALLMARK_TNFA_SIGNALING_VIA_NFKB,Panx1,https://www.gsea-msigdb.org/gsea/msigdb/mouse/geneset/HALLMARK_TNFA_SIGNALING_VIA_NFKB,MM,Mus musculus
HALLMARK_TNFA_SIGNALING_VIA_NFKB,Pde4b,https://www.gsea-msigdb.org/gsea/msigdb/mouse/geneset/HALLMARK_TNFA_SIGNALING_VIA_NFKB,MM,Mus musculus
HALLMARK_TNFA_SIGNALING_VIA_NFKB,Pdlim5,https://www.gsea-msigdb.org/gsea/msigdb/mouse/geneset/HALLMARK_TNFA_SIGNALING_VIA_NFKB,MM,Mus musculus
HALLMARK_TNFA_SIGNALING_VIA_NFKB,Per1,https://www.gsea-msigdb.org/gsea/msigdb/mouse/geneset/HALLMARK_TNFA_SIGNALING_VIA_NFKB,MM,Mus musculus
HALLMARK_TNFA_SIGNALING_VIA_NFKB,Pfkfb3,https://www.gsea-msigdb.org/gsea/msigdb/mouse/geneset/HALLMARK_TNFA_SIGNALING_VIA_NFKB,MM,Mus musculus
HALLMARK_TNFA_SIGNALING_VIA_NFKB,Phlda1,https://www.gsea-msigdb.org/gsea/msigdb/mouse/geneset/HALLMARK_TNFA_SIGNALING_VIA_NFKB,MM,Mus musculus
HALLMARK_TNFA_SIGNALING_VIA_NFKB,Phlda2,https://www.gsea-msigdb.org/gsea/msigdb/mouse/geneset/HALLMARK_TNFA_SIGNALING_VIA_NFKB,MM,Mus musculus
HALLMARK_TNFA_SIGNALING_VIA_NFKB,Plau,https://www.gsea-msigdb.org/gsea/msigdb/mouse/geneset/HALLMARK_TNFA_SIGNALING_VIA_NFKB,MM,Mus musculus
HALLMARK_TNFA_SIGNALING_VIA_NFKB,Plaur,https://www.gsea-msigdb.org/gsea/msigdb/mouse/geneset/HALLMARK_TNFA_SIGNALING_VIA_NFKB,MM,Mus musculus
HALLMARK_TNFA_SIGNALING_VIA_NFKB,Plek,https://www.gsea-msigdb.org/gsea/msigdb/mouse/geneset/HALLMARK_TNFA_SIGNALING_VIA_NFKB,MM,Mus musculus
HALLMARK_TNFA_SIGNALING_VIA_NFKB,Plk2,https://www.gsea-msigdb.org/gsea/msigdb/mouse/geneset/HALLMARK_TNFA_SIGNALING_VIA_NFKB,MM,Mus musculus
HALLMARK_TNFA_SIGNALING_VIA_NFKB,Plpp3,https://www.gsea-msigdb.org/gsea/msigdb/mouse/geneset/HALLMARK_TNFA_SIGNALING_VIA_NFKB,MM,Mus musculus
HALLMARK_TNFA_SIGNALING_VIA_NFKB,Pmepa1,https://www.gsea-msigdb.org/gsea/msigdb/mouse/geneset/HALLMARK_TNFA_SIGNALING_VIA_NFKB,MM,Mus musculus
HALLMARK_TNFA_SIGNALING_VIA_NFKB,Pnrc1,https://www.gsea-msigdb.org/gsea/msigdb/mouse/geneset/HALLMARK_TNFA_SIGNALING_VIA_NFKB,MM,Mus musculus
HALLMARK_TNFA_SIGNALING_VIA_NFKB,Ppp1r15a,https://www.gsea-msigdb.org/gsea/msigdb/mouse/geneset/HALLMARK_TNFA_SIGNALING_VIA_NFKB,MM,Mus musculus
HALLMARK_TNFA_SIGNALING_VIA_NFKB,Ptger4,https://www.gsea-msigdb.org/gsea/msigdb/mouse/geneset/HALLMARK_TNFA_SIGNALING_VIA_NFKB,MM,Mus musculus
HALLMARK_TNFA_SIGNALING_VIA_NFKB,Ptgs2,https://www.gsea-msigdb.org/gsea/msigdb/mouse/geneset/HALLMARK_TNFA_SIGNALING_VIA_NFKB,MM,Mus musculus
HALLMARK_TNFA_SIGNALING_VIA_NFKB,Ptpre,https://www.gsea-msigdb.org/gsea/msigdb/mouse/geneset/HALLMARK_TNFA_SIGNALING_VIA_NFKB,MM,Mus musculus
HALLMARK_TNFA_SIGNALING_VIA_NFKB,Ptx3,https://www.gsea-msigdb.org/gsea/msigdb/mouse/geneset/HALLMARK_TNFA_SIGNALING_VIA_NFKB,MM,Mus musculus
HALLMARK_TNFA_SIGNALING_VIA_NFKB,Rcan1,https://www.gsea-msigdb.org/gsea/msigdb/mouse/geneset/HALLMARK_TNFA_SIGNALING_VIA_NFKB,MM,Mus musculus
HALLMARK_TNFA_SIGNALING_VIA_NFKB,Rel,https://www.gsea-msigdb.org/gsea/msigdb/mouse/geneset/HALLMARK_TNFA_SIGNALING_VIA_NFKB,MM,Mus musculus
HALLMARK_TNFA_SIGNALING_VIA_NFKB,Rela,https://www.gsea-msigdb.org/gsea/msigdb/mouse/geneset/HALLMARK_TNFA_SIGNALING_VIA_NFKB,MM,Mus musculus
HALLMARK_TNFA_SIGNALING_VIA_NFKB,Relb,https://www.gsea-msigdb.org/gsea/msigdb/mouse/geneset/HALLMARK_TNFA_SIGNALING_VIA_NFKB,MM,Mus musculus
HALLMARK_TNFA_SIGNALING_VIA_NFKB,Rhob,https://www.gsea-msigdb.org/gsea/msigdb/mouse/geneset/HALLMARK_TNFA_SIGNALING_VIA_NFKB,MM,Mus musculus
HALLMARK_TNFA_SIGNALING_VIA_NFKB,Rigi,https://www.gsea-msigdb.org/gsea/msigdb/mouse/geneset/HALLMARK_TNFA_SIGNALING_VIA_NFKB,MM,Mus musculus
HALLMARK_TNFA_SIGNALING_VIA_NFKB,Ripk2,https://www.gsea-msigdb.org/gsea/msigdb/mouse/geneset/HALLMARK_TNFA_SIGNALING_VIA_NFKB,MM,Mus musculus
HALLMARK_TNFA_SIGNALING_VIA_NFKB,Rnf19b,https://www.gsea-msigdb.org/gsea/msigdb/mouse/geneset/HALLMARK_TNFA_SIGNALING_VIA_NFKB,MM,Mus musculus
HALLMARK_TNFA_SIGNALING_VIA_NFKB,Sat1,https://www.gsea-msigdb.org/gsea/msigdb/mouse/geneset/HALLMARK_TNFA_SIGNALING_VIA_NFKB,MM,Mus musculus
HALLMARK_TNFA_SIGNALING_VIA_NFKB,Sdc4,https://www.gsea-msigdb.org/gsea/msigdb/mouse/geneset/HALLMARK_TNFA_SIGNALING_VIA_NFKB,MM,Mus musculus
HALLMARK_TNFA_SIGNALING_VIA_NFKB,Serpinb2,https://www.gsea-msigdb.org/gsea/msigdb/mouse/geneset/HALLMARK_TNFA_SIGNALING_VIA_NFKB,MM,Mus musculus
HALLMARK_TNFA_SIGNALING_VIA_NFKB,Serpinb8,https://www.gsea-msigdb.org/gsea/msigdb/mouse/geneset/HALLMARK_TNFA_SIGNALING_VIA_NFKB,MM,Mus musculus
HALLMARK_TNFA_SIGNALING_VIA_NFKB,Serpine1,https://www.gsea-msigdb.org/gsea/msigdb/mouse/geneset/HALLMARK_TNFA_SIGNALING_VIA_NFKB,MM,Mus musculus
HALLMARK_TNFA_SIGNALING_VIA_NFKB,Sgk1,https://www.gsea-msigdb.org/gsea/msigdb/mouse/geneset/HALLMARK_TNFA_SIGNALING_VIA_NFKB,MM,Mus musculus
HALLMARK_TNFA_SIGNALING_VIA_NFKB,Slc16a6,https://www.gsea-msigdb.org/gsea/msigdb/mouse/geneset/HALLMARK_TNFA_SIGNALING_VIA_NFKB,MM,Mus musculus
HALLMARK_TNFA_SIGNALING_VIA_NFKB,Slc2a3,https://www.gsea-msigdb.org/gsea/msigdb/mouse/geneset/HALLMARK_TNFA_SIGNALING_VIA_NFKB,MM,Mus musculus
HALLMARK_TNFA_SIGNALING_VIA_NFKB,Slc2a6,https://www.gsea-msigdb.org/gsea/msigdb/mouse/geneset/HALLMARK_TNFA_SIGNALING_VIA_NFKB,MM,Mus musculus
HALLMARK_TNFA_SIGNALING_VIA_NFKB,Smad3,https://www.gsea-msigdb.org/gsea/msigdb/mouse/geneset/HALLMARK_TNFA_SIGNALING_VIA_NFKB,MM,Mus musculus
HALLMARK_TNFA_SIGNALING_VIA_NFKB,Snn,https://www.gsea-msigdb.org/gsea/msigdb/mouse/geneset/HALLMARK_TNFA_SIGNALING_VIA_NFKB,MM,Mus musculus
HALLMARK_TNFA_SIGNALING_VIA_NFKB,Socs3,https://www.gsea-msigdb.org/gsea/msigdb/mouse/geneset/HALLMARK_TNFA_SIGNALING_VIA_NFKB,MM,Mus musculus
HALLMARK_TNFA_SIGNALING_VIA_NFKB,Sod2,https://www.gsea-msigdb.org/gsea/msigdb/mouse/geneset/HALLMARK_TNFA_SIGNALING_VIA_NFKB,MM,Mus musculus
HALLMARK_TNFA_SIGNALING_VIA_NFKB,Sphk1,https://www.gsea-msigdb.org/gsea/msigdb/mouse/geneset/HALLMARK_TNFA_SIGNALING_VIA_NFKB,MM,Mus musculus
HALLMARK_TNFA_SIGNALING_VIA_NFKB,Spsb1,https://www.gsea-msigdb.org/gsea/msigdb/mouse/geneset/HALLMARK_TNFA_SIGNALING_VIA_NFKB,MM,Mus musculus
HALLMARK_TNFA_SIGNALING_VIA_NFKB,Sqstm1,https://www.gsea-msigdb.org/gsea/msigdb/mouse/geneset/HALLMARK_TNFA_SIGNALING_VIA_NFKB,MM,Mus musculus
HALLMARK_TNFA_SIGNALING_VIA_NFKB,Stat5a,https://www.gsea-msigdb.org/gsea/msigdb/mouse/geneset/HALLMARK_TNFA_SIGNALING_VIA_NFKB,MM,Mus musculus
HALLMARK_TNFA_SIGNALING_VIA_NFKB,Tank,https://www.gsea-msigdb.org/gsea/msigdb/mouse/geneset/HALLMARK_TNFA_SIGNALING_VIA_NFKB,MM,Mus musculus
HALLMARK_TNFA_SIGNALING_VIA_NFKB,Tap1,https://www.gsea-msigdb.org/gsea/msigdb/mouse/geneset/HALLMARK_TNFA_SIGNALING_VIA_NFKB,MM,Mus musculus
HALLMARK_TNFA_SIGNALING_VIA_NFKB,Tgif1,https://www.gsea-msigdb.org/gsea/msigdb/mouse/geneset/HALLMARK_TNFA_SIGNALING_VIA_NFKB,MM,Mus musculus
HALLMARK_TNFA_SIGNALING_VIA_NFKB,Tiparp,https://www.gsea-msigdb.org/gsea/msigdb/mouse/geneset/HALLMARK_TNFA_SIGNALING_VIA_NFKB,MM,Mus musculus
HALLMARK_TNFA_SIGNALING_VIA_NFKB,Tlr2,https://www.gsea-msigdb.org/gsea/msigdb/mouse/geneset/HALLMARK_TNFA_SIGNALING_VIA_NFKB,MM,Mus musculus
HALLMARK_TNFA_SIGNALING_VIA_NFKB,Tnc,https://www.gsea-msigdb.org/gsea/msigdb/mouse/geneset/HALLMARK_TNFA_SIGNALING_VIA_NFKB,MM,Mus musculus
HALLMARK_TNFA_SIGNALING_VIA_NFKB,Tnf,https://www.gsea-msigdb.org/gsea/msigdb/mouse/geneset/HALLMARK_TNFA_SIGNALING_VIA_NFKB,MM,Mus musculus
HALLMARK_TNFA_SIGNALING_VIA_NFKB,Tnfaip2,https://www.gsea-msigdb.org/gsea/msigdb/mouse/geneset/HALLMARK_TNFA_SIGNALING_VIA_NFKB,MM,Mus musculus
HALLMARK_TNFA_SIGNALING_VIA_NFKB,Tnfaip3,https://www.gsea-msigdb.org/gsea/msigdb/mouse/geneset/HALLMARK_TNFA_SIGNALING_VIA_NFKB,MM,Mus musculus
HALLMARK_TNFA_SIGNALING_VIA_NFKB,Tnfaip6,https://www.gsea-msigdb.org/gsea/msigdb/mouse/geneset/HALLMARK_TNFA_SIGNALING_VIA_NFKB,MM,Mus musculus
HALLMARK_TNFA_SIGNALING_VIA_NFKB,Tnfaip8,https://www.gsea-msigdb.org/gsea/msigdb/mouse/geneset/HALLMARK_TNFA_SIGNALING_VIA_NFKB,MM,Mus musculus
HALLMARK_TNFA_SIGNALING_VIA_NFKB,Tnfrsf9,https://www.gsea-msigdb.org/gsea/msigdb/mouse/geneset/HALLMARK_TNFA_SIGNALING_VIA_NFKB,MM,Mus musculus
HALLMARK_TNFA_SIGNALING_VIA_NFKB,Tnfsf9,https://www.gsea-msigdb.org/gsea/msigdb/mouse/geneset/HALLMARK_TNFA_SIGNALING_VIA_NFKB,MM,Mus musculus
HALLMARK_TNFA_SIGNALING_VIA_NFKB,Tnip1,https://www.gsea-msigdb.org/gsea/msigdb/mouse/geneset/HALLMARK_TNFA_SIGNALING_VIA_NFKB,MM,Mus musculus
HALLMARK_TNFA_SIGNALING_VIA_NFKB,Tnip2,https://www.gsea-msigdb.org/gsea/msigdb/mouse/geneset/HALLMARK_TNFA_SIGNALING_VIA_NFKB,MM,Mus musculus
HALLMARK_TNFA_SIGNALING_VIA_NFKB,Traf1,https://www.gsea-msigdb.org/gsea/msigdb/mouse/geneset/HALLMARK_TNFA_SIGNALING_VIA_NFKB,MM,Mus musculus
HALLMARK_TNFA_SIGNALING_VIA_NFKB,Trib1,https://www.gsea-msigdb.org/gsea/msigdb/mouse/geneset/HALLMARK_TNFA_SIGNALING_VIA_NFKB,MM,Mus musculus
HALLMARK_TNFA_SIGNALING_VIA_NFKB,Trip10,https://www.gsea-msigdb.org/gsea/msigdb/mouse/geneset/HALLMARK_TNFA_SIGNALING_VIA_NFKB,MM,Mus musculus
HALLMARK_TNFA_SIGNALING_VIA_NFKB,Tsc22d1,https://www.gsea-msigdb.org/gsea/msigdb/mouse/geneset/HALLMARK_TNFA_SIGNALING_VIA_NFKB,MM,Mus musculus
HALLMARK_TNFA_SIGNALING_VIA_NFKB,Tubb2a,https://www.gsea-msigdb.org/gsea/msigdb/mouse/geneset/HALLMARK_TNFA_SIGNALING_VIA_NFKB,MM,Mus musculus
HALLMARK_TNFA_SIGNALING_VIA_NFKB,Vegfa,https://www.gsea-msigdb.org/gsea/msigdb/mouse/geneset/HALLMARK_TNFA_SIGNALING_VIA_NFKB,MM,Mus musculus
HALLMARK_TNFA_SIGNALING_VIA_NFKB,Yrdc,https://www.gsea-msigdb.org/gsea/msigdb/mouse/geneset/HALLMARK_TNFA_SIGNALING_VIA_NFKB,MM,Mus musculus
HALLMARK_TNFA_SIGNALING_VIA_NFKB,Zbtb10,https://www.gsea-msigdb.org/gsea/msigdb/mouse/geneset/HALLMARK_TNFA_SIGNALING_VIA_NFKB,MM,Mus musculus
HALLMARK_TNFA_SIGNALING_VIA_NFKB,Zc3h12a,https://www.gsea-msigdb.org/gsea/msigdb/mouse/geneset/HALLMARK_TNFA_SIGNALING_VIA_NFKB,MM,Mus musculus
HALLMARK_TNFA_SIGNALING_VIA_NFKB,Zfp36,https://www.gsea-msigdb.org/gsea/msigdb/mouse/geneset/HALLMARK_TNFA_SIGNALING_VIA_NFKB,MM,Mus musculus
HALLMARK_UNFOLDED_PROTEIN_RESPONSE,Aldh18a1,https://www.gsea-msigdb.org/gsea/msigdb/mouse/geneset/HALLMARK_UNFOLDED_PROTEIN_RESPONSE,MM,Mus musculus
HALLMARK_UNFOLDED_PROTEIN_RESPONSE,Arfgap1,https://www.gsea-msigdb.org/gsea/msigdb/mouse/geneset/HALLMARK_UNFOLDED_PROTEIN_RESPONSE,MM,Mus musculus
HALLMARK_UNFOLDED_PROTEIN_RESPONSE,Arxes2,https://www.gsea-msigdb.org/gsea/msigdb/mouse/geneset/HALLMARK_UNFOLDED_PROTEIN_RESPONSE,MM,Mus musculus
HALLMARK_UNFOLDED_PROTEIN_RESPONSE,Asns,https://www.gsea-msigdb.org/gsea/msigdb/mouse/geneset/HALLMARK_UNFOLDED_PROTEIN_RESPONSE,MM,Mus musculus
HALLMARK_UNFOLDED_PROTEIN_RESPONSE,Atf3,https://www.gsea-msigdb.org/gsea/msigdb/mouse/geneset/HALLMARK_UNFOLDED_PROTEIN_RESPONSE,MM,Mus musculus
HALLMARK_UNFOLDED_PROTEIN_RESPONSE,Atf4,https://www.gsea-msigdb.org/gsea/msigdb/mouse/geneset/HALLMARK_UNFOLDED_PROTEIN_RESPONSE,MM,Mus musculus
HALLMARK_UNFOLDED_PROTEIN_RESPONSE,Atf6,https://www.gsea-msigdb.org/gsea/msigdb/mouse/geneset/HALLMARK_UNFOLDED_PROTEIN_RESPONSE,MM,Mus musculus
HALLMARK_UNFOLDED_PROTEIN_RESPONSE,Atp6v0d1,https://www.gsea-msigdb.org/gsea/msigdb/mouse/geneset/HALLMARK_UNFOLDED_PROTEIN_RESPONSE,MM,Mus musculus
HALLMARK_UNFOLDED_PROTEIN_RESPONSE,Bag3,https://www.gsea-msigdb.org/gsea/msigdb/mouse/geneset/HALLMARK_UNFOLDED_PROTEIN_RESPONSE,MM,Mus musculus
HALLMARK_UNFOLDED_PROTEIN_RESPONSE,Banf1,https://www.gsea-msigdb.org/gsea/msigdb/mouse/geneset/HALLMARK_UNFOLDED_PROTEIN_RESPONSE,MM,Mus musculus
HALLMARK_UNFOLDED_PROTEIN_RESPONSE,Calr,https://www.gsea-msigdb.org/gsea/msigdb/mouse/geneset/HALLMARK_UNFOLDED_PROTEIN_RESPONSE,MM,Mus musculus
HALLMARK_UNFOLDED_PROTEIN_RESPONSE,Cebpb,https://www.gsea-msigdb.org/gsea/msigdb/mouse/geneset/HALLMARK_UNFOLDED_PROTEIN_RESPONSE,MM,Mus musculus
HALLMARK_UNFOLDED_PROTEIN_RESPONSE,Cebpg,https://www.gsea-msigdb.org/gsea/msigdb/mouse/geneset/HALLMARK_UNFOLDED_PROTEIN_RESPONSE,MM,Mus musculus
HALLMARK_UNFOLDED_PROTEIN_RESPONSE,Chac1,https://www.gsea-msigdb.org/gsea/msigdb/mouse/geneset/HALLMARK_UNFOLDED_PROTEIN_RESPONSE,MM,Mus musculus
HALLMARK_UNFOLDED_PROTEIN_RESPONSE,Cks1b,https://www.gsea-msigdb.org/gsea/msigdb/mouse/geneset/HALLMARK_UNFOLDED_PROTEIN_RESPONSE,MM,Mus musculus
HALLMARK_UNFOLDED_PROTEIN_RESPONSE,Cnot2,https://www.gsea-msigdb.org/gsea/msigdb/mouse/geneset/HALLMARK_UNFOLDED_PROTEIN_RESPONSE,MM,Mus musculus
HALLMARK_UNFOLDED_PROTEIN_RESPONSE,Cnot4,https://www.gsea-msigdb.org/gsea/msigdb/mouse/geneset/HALLMARK_UNFOLDED_PROTEIN_RESPONSE,MM,Mus musculus
HALLMARK_UNFOLDED_PROTEIN_RESPONSE,Cnot6,https://www.gsea-msigdb.org/gsea/msigdb/mouse/geneset/HALLMARK_UNFOLDED_PROTEIN_RESPONSE,MM,Mus musculus
HALLMARK_UNFOLDED_PROTEIN_RESPONSE,Cxxc1,https://www.gsea-msigdb.org/gsea/msigdb/mouse/geneset/HALLMARK_UNFOLDED_PROTEIN_RESPONSE,MM,Mus musculus
HALLMARK_UNFOLDED_PROTEIN_RESPONSE,Dcp1a,https://www.gsea-msigdb.org/gsea/msigdb/mouse/geneset/HALLMARK_UNFOLDED_PROTEIN_RESPONSE,MM,Mus musculus
HALLMARK_UNFOLDED_PROTEIN_RESPONSE,Dcp2,https://www.gsea-msigdb.org/gsea/msigdb/mouse/geneset/HALLMARK_UNFOLDED_PROTEIN_RESPONSE,MM,Mus musculus
HALLMARK_UNFOLDED_PROTEIN_RESPONSE,Dctn1,https://www.gsea-msigdb.org/gsea/msigdb/mouse/geneset/HALLMARK_UNFOLDED_PROTEIN_RESPONSE,MM,Mus musculus
HALLMARK_UNFOLDED_PROTEIN_RESPONSE,Ddit4,https://www.gsea-msigdb.org/gsea/msigdb/mouse/geneset/HALLMARK_UNFOLDED_PROTEIN_RESPONSE,MM,Mus musculus
HALLMARK_UNFOLDED_PROTEIN_RESPONSE,Ddx10,https://www.gsea-msigdb.org/gsea/msigdb/mouse/geneset/HALLMARK_UNFOLDED_PROTEIN_RESPONSE,MM,Mus musculus
HALLMARK_UNFOLDED_PROTEIN_RESPONSE,Dkc1,https://www.gsea-msigdb.org/gsea/msigdb/mouse/geneset/HALLMARK_UNFOLDED_PROTEIN_RESPONSE,MM,Mus musculus
HALLMARK_UNFOLDED_PROTEIN_RESPONSE,Dnaja4,https://www.gsea-msigdb.org/gsea/msigdb/mouse/geneset/HALLMARK_UNFOLDED_PROTEIN_RESPONSE,MM,Mus musculus
HALLMARK_UNFOLDED_PROTEIN_RESPONSE,Dnajb9,https://www.gsea-msigdb.org/gsea/msigdb/mouse/geneset/HALLMARK_UNFOLDED_PROTEIN_RESPONSE,MM,Mus musculus
HALLMARK_UNFOLDED_PROTEIN_RESPONSE,Dnajc3,https://www.gsea-msigdb.org/gsea/msigdb/mouse/geneset/HALLMARK_UNFOLDED_PROTEIN_RESPONSE,MM,Mus musculus
HALLMARK_UNFOLDED_PROTEIN_RESPONSE,Edc4,https://www.gsea-msigdb.org/gsea/msigdb/mouse/geneset/HALLMARK_UNFOLDED_PROTEIN_RESPONSE,MM,Mus musculus
HALLMARK_UNFOLDED_PROTEIN_RESPONSE,Edem1,https://www.gsea-msigdb.org/gsea/msigdb/mouse/geneset/HALLMARK_UNFOLDED_PROTEIN_RESPONSE,MM,Mus musculus
HALLMARK_UNFOLDED_PROTEIN_RESPONSE,Eef2,https://www.gsea-msigdb.org/gsea/msigdb/mouse/geneset/HALLMARK_UNFOLDED_PROTEIN_RESPONSE,MM,Mus musculus
HALLMARK_UNFOLDED_PROTEIN_RESPONSE,Eif2ak3,https://www.gsea-msigdb.org/gsea/msigdb/mouse/geneset/HALLMARK_UNFOLDED_PROTEIN_RESPONSE,MM,Mus musculus
HALLMARK_UNFOLDED_PROTEIN_RESPONSE,Eif2s1,https://www.gsea-msigdb.org/gsea/msigdb/mouse/geneset/HALLMARK_UNFOLDED_PROTEIN_RESPONSE,MM,Mus musculus
HALLMARK_UNFOLDED_PROTEIN_RESPONSE,Eif4a1,https://www.gsea-msigdb.org/gsea/msigdb/mouse/geneset/HALLMARK_UNFOLDED_PROTEIN_RESPONSE,MM,Mus musculus
HALLMARK_UNFOLDED_PROTEIN_RESPONSE,Eif4a2,https://www.gsea-msigdb.org/gsea/msigdb/mouse/geneset/HALLMARK_UNFOLDED_PROTEIN_RESPONSE,MM,Mus musculus
HALLMARK_UNFOLDED_PROTEIN_RESPONSE,Eif4a3,https://www.gsea-msigdb.org/gsea/msigdb/mouse/geneset/HALLMARK_UNFOLDED_PROTEIN_RESPONSE,MM,Mus musculus
HALLMARK_UNFOLDED_PROTEIN_RESPONSE,Eif4e,https://www.gsea-msigdb.org/gsea/msigdb/mouse/geneset/HALLMARK_UNFOLDED_PROTEIN_RESPONSE,MM,Mus musculus
HALLMARK_UNFOLDED_PROTEIN_RESPONSE,Eif4ebp1,https://www.gsea-msigdb.org/gsea/msigdb/mouse/geneset/HALLMARK_UNFOLDED_PROTEIN_RESPONSE,MM,Mus musculus
HALLMARK_UNFOLDED_PROTEIN_RESPONSE,Eif4g1,https://www.gsea-msigdb.org/gsea/msigdb/mouse/geneset/HALLMARK_UNFOLDED_PROTEIN_RESPONSE,MM,Mus musculus
HALLMARK_UNFOLDED_PROTEIN_RESPONSE,Ern1,https://www.gsea-msigdb.org/gsea/msigdb/mouse/geneset/HALLMARK_UNFOLDED_PROTEIN_RESPONSE,MM,Mus musculus
HALLMARK_UNFOLDED_PROTEIN_RESPONSE,Ero1a,https://www.gsea-msigdb.org/gsea/msigdb/mouse/geneset/HALLMARK_UNFOLDED_PROTEIN_RESPONSE,MM,Mus musculus
HALLMARK_UNFOLDED_PROTEIN_RESPONSE,Exoc2,https://www.gsea-msigdb.org/gsea/msigdb/mouse/geneset/HALLMARK_UNFOLDED_PROTEIN_RESPONSE,MM,Mus musculus
HALLMARK_UNFOLDED_PROTEIN_RESPONSE,Exosc1,https://www.gsea-msigdb.org/gsea/msigdb/mouse/geneset/HALLMARK_UNFOLDED_PROTEIN_RESPONSE,MM,Mus musculus
HALLMARK_UNFOLDED_PROTEIN_RESPONSE,Exosc10,https://www.gsea-msigdb.org/gsea/msigdb/mouse/geneset/HALLMARK_UNFOLDED_PROTEIN_RESPONSE,MM,Mus musculus
HALLMARK_UNFOLDED_PROTEIN_RESPONSE,Exosc2,https://www.gsea-msigdb.org/gsea/msigdb/mouse/geneset/HALLMARK_UNFOLDED_PROTEIN_RESPONSE,MM,Mus musculus
HALLMARK_UNFOLDED_PROTEIN_RESPONSE,Exosc4,https://www.gsea-msigdb.org/gsea/msigdb/mouse/geneset/HALLMARK_UNFOLDED_PROTEIN_RESPONSE,MM,Mus musculus
HALLMARK_UNFOLDED_PROTEIN_RESPONSE,Exosc5,https://www.gsea-msigdb.org/gsea/msigdb/mouse/geneset/HALLMARK_UNFOLDED_PROTEIN_RESPONSE,MM,Mus musculus
HALLMARK_UNFOLDED_PROTEIN_RESPONSE,Exosc9,https://www.gsea-msigdb.org/gsea/msigdb/mouse/geneset/HALLMARK_UNFOLDED_PROTEIN_RESPONSE,MM,Mus musculus
HALLMARK_UNFOLDED_PROTEIN_RESPONSE,Fkbp14,https://www.gsea-msigdb.org/gsea/msigdb/mouse/geneset/HALLMARK_UNFOLDED_PROTEIN_RESPONSE,MM,Mus musculus
HALLMARK_UNFOLDED_PROTEIN_RESPONSE,Fus,https://www.gsea-msigdb.org/gsea/msigdb/mouse/geneset/HALLMARK_UNFOLDED_PROTEIN_RESPONSE,MM,Mus musculus
HALLMARK_UNFOLDED_PROTEIN_RESPONSE,Gemin4,https://www.gsea-msigdb.org/gsea/msigdb/mouse/geneset/HALLMARK_UNFOLDED_PROTEIN_RESPONSE,MM,Mus musculus
HALLMARK_UNFOLDED_PROTEIN_RESPONSE,Gosr2,https://www.gsea-msigdb.org/gsea/msigdb/mouse/geneset/HALLMARK_UNFOLDED_PROTEIN_RESPONSE,MM,Mus musculus
HALLMARK_UNFOLDED_PROTEIN_RESPONSE,H2ax,https://www.gsea-msigdb.org/gsea/msigdb/mouse/geneset/HALLMARK_UNFOLDED_PROTEIN_RESPONSE,MM,Mus musculus
HALLMARK_UNFOLDED_PROTEIN_RESPONSE,Herpud1,https://www.gsea-msigdb.org/gsea/msigdb/mouse/geneset/HALLMARK_UNFOLDED_PROTEIN_RESPONSE,MM,Mus musculus
HALLMARK_UNFOLDED_PROTEIN_RESPONSE,Hsp90b1,https://www.gsea-msigdb.org/gsea/msigdb/mouse/geneset/HALLMARK_UNFOLDED_PROTEIN_RESPONSE,MM,Mus musculus
HALLMARK_UNFOLDED_PROTEIN_RESPONSE,Hspa5,https://www.gsea-msigdb.org/gsea/msigdb/mouse/geneset/HALLMARK_UNFOLDED_PROTEIN_RESPONSE,MM,Mus musculus
HALLMARK_UNFOLDED_PROTEIN_RESPONSE,Hspa9,https://www.gsea-msigdb.org/gsea/msigdb/mouse/geneset/HALLMARK_UNFOLDED_PROTEIN_RESPONSE,MM,Mus musculus
HALLMARK_UNFOLDED_PROTEIN_RESPONSE,Hyou1,https://www.gsea-msigdb.org/gsea/msigdb/mouse/geneset/HALLMARK_UNFOLDED_PROTEIN_RESPONSE,MM,Mus musculus
HALLMARK_UNFOLDED_PROTEIN_RESPONSE,Iars1,https://www.gsea-msigdb.org/gsea/msigdb/mouse/geneset/HALLMARK_UNFOLDED_PROTEIN_RESPONSE,MM,Mus musculus
HALLMARK_UNFOLDED_PROTEIN_RESPONSE,Igfbp1,https://www.gsea-msigdb.org/gsea/msigdb/mouse/geneset/HALLMARK_UNFOLDED_PROTEIN_RESPONSE,MM,Mus musculus
HALLMARK_UNFOLDED_PROTEIN_RESPONSE,Imp3,https://www.gsea-msigdb.org/gsea/msigdb/mouse/geneset/HALLMARK_UNFOLDED_PROTEIN_RESPONSE,MM,Mus musculus
HALLMARK_UNFOLDED_PROTEIN_RESPONSE,Kdelr3,https://www.gsea-msigdb.org/gsea/msigdb/mouse/geneset/HALLMARK_UNFOLDED_PROTEIN_RESPONSE,MM,Mus musculus
HALLMARK_UNFOLDED_PROTEIN_RESPONSE,Khsrp,https://www.gsea-msigdb.org/gsea/msigdb/mouse/geneset/HALLMARK_UNFOLDED_PROTEIN_RESPONSE,MM,Mus musculus
HALLMARK_UNFOLDED_PROTEIN_RESPONSE,Kif5b,https://www.gsea-msigdb.org/gsea/msigdb/mouse/geneset/HALLMARK_UNFOLDED_PROTEIN_RESPONSE,MM,Mus musculus
HALLMARK_UNFOLDED_PROTEIN_RESPONSE,Lsm1,https://www.gsea-msigdb.org/gsea/msigdb/mouse/geneset/HALLMARK_UNFOLDED_PROTEIN_RESPONSE,MM,Mus musculus
HALLMARK_UNFOLDED_PROTEIN_RESPONSE,Lsm4,https://www.gsea-msigdb.org/gsea/msigdb/mouse/geneset/HALLMARK_UNFOLDED_PROTEIN_RESPONSE,MM,Mus musculus
HALLMARK_UNFOLDED_PROTEIN_RESPONSE,Mthfd2,https://www.gsea-msigdb.org/gsea/msigdb/mouse/geneset/HALLMARK_UNFOLDED_PROTEIN_RESPONSE,MM,Mus musculus
HALLMARK_UNFOLDED_PROTEIN_RESPONSE,Mtrex,https://www.gsea-msigdb.org/gsea/msigdb/mouse/geneset/HALLMARK_UNFOLDED_PROTEIN_RESPONSE,MM,Mus musculus
HALLMARK_UNFOLDED_PROTEIN_RESPONSE,Nabp1,https://www.gsea-msigdb.org/gsea/msigdb/mouse/geneset/HALLMARK_UNFOLDED_PROTEIN_RESPONSE,MM,Mus musculus
HALLMARK_UNFOLDED_PROTEIN_RESPONSE,Nfya,https://www.gsea-msigdb.org/gsea/msigdb/mouse/geneset/HALLMARK_UNFOLDED_PROTEIN_RESPONSE,MM,Mus musculus
HALLMARK_UNFOLDED_PROTEIN_RESPONSE,Nfyb,https://www.gsea-msigdb.org/gsea/msigdb/mouse/geneset/HALLMARK_UNFOLDED_PROTEIN_RESPONSE,MM,Mus musculus
HALLMARK_UNFOLDED_PROTEIN_RESPONSE,Nhp2,https://www.gsea-msigdb.org/gsea/msigdb/mouse/geneset/HALLMARK_UNFOLDED_PROTEIN_RESPONSE,MM,Mus musculus
HALLMARK_UNFOLDED_PROTEIN_RESPONSE,Nolc1,https://www.gsea-msigdb.org/gsea/msigdb/mouse/geneset/HALLMARK_UNFOLDED_PROTEIN_RESPONSE,MM,Mus musculus
HALLMARK_UNFOLDED_PROTEIN_RESPONSE,Nop14,https://www.gsea-msigdb.org/gsea/msigdb/mouse/geneset/HALLMARK_UNFOLDED_PROTEIN_RESPONSE,MM,Mus musculus
HALLMARK_UNFOLDED_PROTEIN_RESPONSE,Nop56,https://www.gsea-msigdb.org/gsea/msigdb/mouse/geneset/HALLMARK_UNFOLDED_PROTEIN_RESPONSE,MM,Mus musculus
HALLMARK_UNFOLDED_PROTEIN_RESPONSE,Npm1,https://www.gsea-msigdb.org/gsea/msigdb/mouse/geneset/HALLMARK_UNFOLDED_PROTEIN_RESPONSE,MM,Mus musculus
HALLMARK_UNFOLDED_PROTEIN_RESPONSE,Paip1,https://www.gsea-msigdb.org/gsea/msigdb/mouse/geneset/HALLMARK_UNFOLDED_PROTEIN_RESPONSE,MM,Mus musculus
HALLMARK_UNFOLDED_PROTEIN_RESPONSE,Parn,https://www.gsea-msigdb.org/gsea/msigdb/mouse/geneset/HALLMARK_UNFOLDED_PROTEIN_RESPONSE,MM,Mus musculus
HALLMARK_UNFOLDED_PROTEIN_RESPONSE,Pdia5,https://www.gsea-msigdb.org/gsea/msigdb/mouse/geneset/HALLMARK_UNFOLDED_PROTEIN_RESPONSE,MM,Mus musculus
HALLMARK_UNFOLDED_PROTEIN_RESPONSE,Pdia6,https://www.gsea-msigdb.org/gsea/msigdb/mouse/geneset/HALLMARK_UNFOLDED_PROTEIN_RESPONSE,MM,Mus musculus
HALLMARK_UNFOLDED_PROTEIN_RESPONSE,Pop4,https://www.gsea-msigdb.org/gsea/msigdb/mouse/geneset/HALLMARK_UNFOLDED_PROTEIN_RESPONSE,MM,Mus musculus
HALLMARK_UNFOLDED_PROTEIN_RESPONSE,Preb,https://www.gsea-msigdb.org/gsea/msigdb/mouse/geneset/HALLMARK_UNFOLDED_PROTEIN_RESPONSE,MM,Mus musculus
HALLMARK_UNFOLDED_PROTEIN_RESPONSE,Psat1,https://www.gsea-msigdb.org/gsea/msigdb/mouse/geneset/HALLMARK_UNFOLDED_PROTEIN_RESPONSE,MM,Mus musculus
HALLMARK_UNFOLDED_PROTEIN_RESPONSE,Rps14,https://www.gsea-msigdb.org/gsea/msigdb/mouse/geneset/HALLMARK_UNFOLDED_PROTEIN_RESPONSE,MM,Mus musculus
HALLMARK_UNFOLDED_PROTEIN_RESPONSE,Rrp9,https://www.gsea-msigdb.org/gsea/msigdb/mouse/geneset/HALLMARK_UNFOLDED_PROTEIN_RESPONSE,MM,Mus musculus
HALLMARK_UNFOLDED_PROTEIN_RESPONSE,Sdad1,https://www.gsea-msigdb.org/gsea/msigdb/mouse/geneset/HALLMARK_UNFOLDED_PROTEIN_RESPONSE,MM,Mus musculus
HALLMARK_UNFOLDED_PROTEIN_RESPONSE,Sec11a,https://www.gsea-msigdb.org/gsea/msigdb/mouse/geneset/HALLMARK_UNFOLDED_PROTEIN_RESPONSE,MM,Mus musculus
HALLMARK_UNFOLDED_PROTEIN_RESPONSE,Sec31a,https://www.gsea-msigdb.org/gsea/msigdb/mouse/geneset/HALLMARK_UNFOLDED_PROTEIN_RESPONSE,MM,Mus musculus
HALLMARK_UNFOLDED_PROTEIN_RESPONSE,Serp1,https://www.gsea-msigdb.org/gsea/msigdb/mouse/geneset/HALLMARK_UNFOLDED_PROTEIN_RESPONSE,MM,Mus musculus
HALLMARK_UNFOLDED_PROTEIN_RESPONSE,Shc1,https://www.gsea-msigdb.org/gsea/msigdb/mouse/geneset/HALLMARK_UNFOLDED_PROTEIN_RESPONSE,MM,Mus musculus
HALLMARK_UNFOLDED_PROTEIN_RESPONSE,Skic3,https://www.gsea-msigdb.org/gsea/msigdb/mouse/geneset/HALLMARK_UNFOLDED_PROTEIN_RESPONSE,MM,Mus musculus
HALLMARK_UNFOLDED_PROTEIN_RESPONSE,Slc1a4,https://www.gsea-msigdb.org/gsea/msigdb/mouse/geneset/HALLMARK_UNFOLDED_PROTEIN_RESPONSE,MM,Mus musculus
HALLMARK_UNFOLDED_PROTEIN_RESPONSE,Slc30a5,https://www.gsea-msigdb.org/gsea/msigdb/mouse/geneset/HALLMARK_UNFOLDED_PROTEIN_RESPONSE,MM,Mus musculus
HALLMARK_UNFOLDED_PROTEIN_RESPONSE,Slc7a5,https://www.gsea-msigdb.org/gsea/msigdb/mouse/geneset/HALLMARK_UNFOLDED_PROTEIN_RESPONSE,MM,Mus musculus
HALLMARK_UNFOLDED_PROTEIN_RESPONSE,Spcs1,https://www.gsea-msigdb.org/gsea/msigdb/mouse/geneset/HALLMARK_UNFOLDED_PROTEIN_RESPONSE,MM,Mus musculus
HALLMARK_UNFOLDED_PROTEIN_RESPONSE,Srpra,https://www.gsea-msigdb.org/gsea/msigdb/mouse/geneset/HALLMARK_UNFOLDED_PROTEIN_RESPONSE,MM,Mus musculus
HALLMARK_UNFOLDED_PROTEIN_RESPONSE,Srprb,https://www.gsea-msigdb.org/gsea/msigdb/mouse/geneset/HALLMARK_UNFOLDED_PROTEIN_RESPONSE,MM,Mus musculus
HALLMARK_UNFOLDED_PROTEIN_RESPONSE,Ssr1,https://www.gsea-msigdb.org/gsea/msigdb/mouse/geneset/HALLMARK_UNFOLDED_PROTEIN_RESPONSE,MM,Mus musculus
HALLMARK_UNFOLDED_PROTEIN_RESPONSE,Stc2,https://www.gsea-msigdb.org/gsea/msigdb/mouse/geneset/HALLMARK_UNFOLDED_PROTEIN_RESPONSE,MM,Mus musculus
HALLMARK_UNFOLDED_PROTEIN_RESPONSE,Tars1,https://www.gsea-msigdb.org/gsea/msigdb/mouse/geneset/HALLMARK_UNFOLDED_PROTEIN_RESPONSE,MM,Mus musculus
HALLMARK_UNFOLDED_PROTEIN_RESPONSE,Tatdn2,https://www.gsea-msigdb.org/gsea/msigdb/mouse/geneset/HALLMARK_UNFOLDED_PROTEIN_RESPONSE,MM,Mus musculus
HALLMARK_UNFOLDED_PROTEIN_RESPONSE,Tspyl2,https://www.gsea-msigdb.org/gsea/msigdb/mouse/geneset/HALLMARK_UNFOLDED_PROTEIN_RESPONSE,MM,Mus musculus
HALLMARK_UNFOLDED_PROTEIN_RESPONSE,Tubb2a,https://www.gsea-msigdb.org/gsea/msigdb/mouse/geneset/HALLMARK_UNFOLDED_PROTEIN_RESPONSE,MM,Mus musculus
HALLMARK_UNFOLDED_PROTEIN_RESPONSE,Vegfa,https://www.gsea-msigdb.org/gsea/msigdb/mouse/geneset/HALLMARK_UNFOLDED_PROTEIN_RESPONSE,MM,Mus musculus
HALLMARK_UNFOLDED_PROTEIN_RESPONSE,Wfs1,https://www.gsea-msigdb.org/gsea/msigdb/mouse/geneset/HALLMARK_UNFOLDED_PROTEIN_RESPONSE,MM,Mus musculus
HALLMARK_UNFOLDED_PROTEIN_RESPONSE,Wipi1,https://www.gsea-msigdb.org/gsea/msigdb/mouse/geneset/HALLMARK_UNFOLDED_PROTEIN_RESPONSE,MM,Mus musculus
HALLMARK_UNFOLDED_PROTEIN_RESPONSE,Xbp1,https://www.gsea-msigdb.org/gsea/msigdb/mouse/geneset/HALLMARK_UNFOLDED_PROTEIN_RESPONSE,MM,Mus musculus
HALLMARK_UNFOLDED_PROTEIN_RESPONSE,Xpot,https://www.gsea-msigdb.org/gsea/msigdb/mouse/geneset/HALLMARK_UNFOLDED_PROTEIN_RESPONSE,MM,Mus musculus
HALLMARK_UNFOLDED_PROTEIN_RESPONSE,Yif1a,https://www.gsea-msigdb.org/gsea/msigdb/mouse/geneset/HALLMARK_UNFOLDED_PROTEIN_RESPONSE,MM,Mus musculus
HALLMARK_UNFOLDED_PROTEIN_RESPONSE,Ywhaz,https://www.gsea-msigdb.org/gsea/msigdb/mouse/geneset/HALLMARK_UNFOLDED_PROTEIN_RESPONSE,MM,Mus musculus
HALLMARK_UNFOLDED_PROTEIN_RESPONSE,Zbtb17,https://www.gsea-msigdb.org/gsea/msigdb/mouse/geneset/HALLMARK_UNFOLDED_PROTEIN_RESPONSE,MM,Mus musculus
HALLMARK_UV_RESPONSE_DN,Abcc1,https://www.gsea-msigdb.org/gsea/msigdb/mouse/geneset/HALLMARK_UV_RESPONSE_DN,MM,Mus musculus
HALLMARK_UV_RESPONSE_DN,Acvr2a,https://www.gsea-msigdb.org/gsea/msigdb/mouse/geneset/HALLMARK_UV_RESPONSE_DN,MM,Mus musculus
HALLMARK_UV_RESPONSE_DN,Add3,https://www.gsea-msigdb.org/gsea/msigdb/mouse/geneset/HALLMARK_UV_RESPONSE_DN,MM,Mus musculus
HALLMARK_UV_RESPONSE_DN,Adgrl2,https://www.gsea-msigdb.org/gsea/msigdb/mouse/geneset/HALLMARK_UV_RESPONSE_DN,MM,Mus musculus
HALLMARK_UV_RESPONSE_DN,Adora2b,https://www.gsea-msigdb.org/gsea/msigdb/mouse/geneset/HALLMARK_UV_RESPONSE_DN,MM,Mus musculus
HALLMARK_UV_RESPONSE_DN,Aggf1,https://www.gsea-msigdb.org/gsea/msigdb/mouse/geneset/HALLMARK_UV_RESPONSE_DN,MM,Mus musculus
HALLMARK_UV_RESPONSE_DN,Akt3,https://www.gsea-msigdb.org/gsea/msigdb/mouse/geneset/HALLMARK_UV_RESPONSE_DN,MM,Mus musculus
HALLMARK_UV_RESPONSE_DN,Amph,https://www.gsea-msigdb.org/gsea/msigdb/mouse/geneset/HALLMARK_UV_RESPONSE_DN,MM,Mus musculus
HALLMARK_UV_RESPONSE_DN,Anxa2,https://www.gsea-msigdb.org/gsea/msigdb/mouse/geneset/HALLMARK_UV_RESPONSE_DN,MM,Mus musculus
HALLMARK_UV_RESPONSE_DN,Anxa4,https://www.gsea-msigdb.org/gsea/msigdb/mouse/geneset/HALLMARK_UV_RESPONSE_DN,MM,Mus musculus
HALLMARK_UV_RESPONSE_DN,Apbb2,https://www.gsea-msigdb.org/gsea/msigdb/mouse/geneset/HALLMARK_UV_RESPONSE_DN,MM,Mus musculus
HALLMARK_UV_RESPONSE_DN,Arhgef9,https://www.gsea-msigdb.org/gsea/msigdb/mouse/geneset/HALLMARK_UV_RESPONSE_DN,MM,Mus musculus
HALLMARK_UV_RESPONSE_DN,Atp2b1,https://www.gsea-msigdb.org/gsea/msigdb/mouse/geneset/HALLMARK_UV_RESPONSE_DN,MM,Mus musculus
HALLMARK_UV_RESPONSE_DN,Atp2b4,https://www.gsea-msigdb.org/gsea/msigdb/mouse/geneset/HALLMARK_UV_RESPONSE_DN,MM,Mus musculus
HALLMARK_UV_RESPONSE_DN,Atp2c1,https://www.gsea-msigdb.org/gsea/msigdb/mouse/geneset/HALLMARK_UV_RESPONSE_DN,MM,Mus musculus
HALLMARK_UV_RESPONSE_DN,Atrn,https://www.gsea-msigdb.org/gsea/msigdb/mouse/geneset/HALLMARK_UV_RESPONSE_DN,MM,Mus musculus
HALLMARK_UV_RESPONSE_DN,Atrx,https://www.gsea-msigdb.org/gsea/msigdb/mouse/geneset/HALLMARK_UV_RESPONSE_DN,MM,Mus musculus
HALLMARK_UV_RESPONSE_DN,Atxn1,https://www.gsea-msigdb.org/gsea/msigdb/mouse/geneset/HALLMARK_UV_RESPONSE_DN,MM,Mus musculus
HALLMARK_UV_RESPONSE_DN,Bckdhb,https://www.gsea-msigdb.org/gsea/msigdb/mouse/geneset/HALLMARK_UV_RESPONSE_DN,MM,Mus musculus
HALLMARK_UV_RESPONSE_DN,Bdnf,https://www.gsea-msigdb.org/gsea/msigdb/mouse/geneset/HALLMARK_UV_RESPONSE_DN,MM,Mus musculus
HALLMARK_UV_RESPONSE_DN,Bhlhe40,https://www.gsea-msigdb.org/gsea/msigdb/mouse/geneset/HALLMARK_UV_RESPONSE_DN,MM,Mus musculus
HALLMARK_UV_RESPONSE_DN,Bmpr1a,https://www.gsea-msigdb.org/gsea/msigdb/mouse/geneset/HALLMARK_UV_RESPONSE_DN,MM,Mus musculus
HALLMARK_UV_RESPONSE_DN,Cacna1a,https://www.gsea-msigdb.org/gsea/msigdb/mouse/geneset/HALLMARK_UV_RESPONSE_DN,MM,Mus musculus
HALLMARK_UV_RESPONSE_DN,Cap2,https://www.gsea-msigdb.org/gsea/msigdb/mouse/geneset/HALLMARK_UV_RESPONSE_DN,MM,Mus musculus
HALLMARK_UV_RESPONSE_DN,Cav1,https://www.gsea-msigdb.org/gsea/msigdb/mouse/geneset/HALLMARK_UV_RESPONSE_DN,MM,Mus musculus
HALLMARK_UV_RESPONSE_DN,Ccn1,https://www.gsea-msigdb.org/gsea/msigdb/mouse/geneset/HALLMARK_UV_RESPONSE_DN,MM,Mus musculus
HALLMARK_UV_RESPONSE_DN,Cdc42bpa,https://www.gsea-msigdb.org/gsea/msigdb/mouse/geneset/HALLMARK_UV_RESPONSE_DN,MM,Mus musculus
HALLMARK_UV_RESPONSE_DN,Cdk13,https://www.gsea-msigdb.org/gsea/msigdb/mouse/geneset/HALLMARK_UV_RESPONSE_DN,MM,Mus musculus
HALLMARK_UV_RESPONSE_DN,Cdkn1b,https://www.gsea-msigdb.org/gsea/msigdb/mouse/geneset/HALLMARK_UV_RESPONSE_DN,MM,Mus musculus
HALLMARK_UV_RESPONSE_DN,Cdon,https://www.gsea-msigdb.org/gsea/msigdb/mouse/geneset/HALLMARK_UV_RESPONSE_DN,MM,Mus musculus
HALLMARK_UV_RESPONSE_DN,Celf2,https://www.gsea-msigdb.org/gsea/msigdb/mouse/geneset/HALLMARK_UV_RESPONSE_DN,MM,Mus musculus
HALLMARK_UV_RESPONSE_DN,Cited2,https://www.gsea-msigdb.org/gsea/msigdb/mouse/geneset/HALLMARK_UV_RESPONSE_DN,MM,Mus musculus
HALLMARK_UV_RESPONSE_DN,Col11a1,https://www.gsea-msigdb.org/gsea/msigdb/mouse/geneset/HALLMARK_UV_RESPONSE_DN,MM,Mus musculus
HALLMARK_UV_RESPONSE_DN,Col1a1,https://www.gsea-msigdb.org/gsea/msigdb/mouse/geneset/HALLMARK_UV_RESPONSE_DN,MM,Mus musculus
HALLMARK_UV_RESPONSE_DN,Col1a2,https://www.gsea-msigdb.org/gsea/msigdb/mouse/geneset/HALLMARK_UV_RESPONSE_DN,MM,Mus musculus
HALLMARK_UV_RESPONSE_DN,Col3a1,https://www.gsea-msigdb.org/gsea/msigdb/mouse/geneset/HALLMARK_UV_RESPONSE_DN,MM,Mus musculus
HALLMARK_UV_RESPONSE_DN,Col5a2,https://www.gsea-msigdb.org/gsea/msigdb/mouse/geneset/HALLMARK_UV_RESPONSE_DN,MM,Mus musculus
HALLMARK_UV_RESPONSE_DN,Dab2,https://www.gsea-msigdb.org/gsea/msigdb/mouse/geneset/HALLMARK_UV_RESPONSE_DN,MM,Mus musculus
HALLMARK_UV_RESPONSE_DN,Dbp,https://www.gsea-msigdb.org/gsea/msigdb/mouse/geneset/HALLMARK_UV_RESPONSE_DN,MM,Mus musculus
HALLMARK_UV_RESPONSE_DN,Ddah1,https://www.gsea-msigdb.org/gsea/msigdb/mouse/geneset/HALLMARK_UV_RESPONSE_DN,MM,Mus musculus
HALLMARK_UV_RESPONSE_DN,Dlc1,https://www.gsea-msigdb.org/gsea/msigdb/mouse/geneset/HALLMARK_UV_RESPONSE_DN,MM,Mus musculus
HALLMARK_UV_RESPONSE_DN,Dlg1,https://www.gsea-msigdb.org/gsea/msigdb/mouse/geneset/HALLMARK_UV_RESPONSE_DN,MM,Mus musculus
HALLMARK_UV_RESPONSE_DN,Dmac2l,https://www.gsea-msigdb.org/gsea/msigdb/mouse/geneset/HALLMARK_UV_RESPONSE_DN,MM,Mus musculus
HALLMARK_UV_RESPONSE_DN,Dusp1,https://www.gsea-msigdb.org/gsea/msigdb/mouse/geneset/HALLMARK_UV_RESPONSE_DN,MM,Mus musculus
HALLMARK_UV_RESPONSE_DN,Dyrk1a,https://www.gsea-msigdb.org/gsea/msigdb/mouse/geneset/HALLMARK_UV_RESPONSE_DN,MM,Mus musculus
HALLMARK_UV_RESPONSE_DN,Efemp1,https://www.gsea-msigdb.org/gsea/msigdb/mouse/geneset/HALLMARK_UV_RESPONSE_DN,MM,Mus musculus
HALLMARK_UV_RESPONSE_DN,Erbb2,https://www.gsea-msigdb.org/gsea/msigdb/mouse/geneset/HALLMARK_UV_RESPONSE_DN,MM,Mus musculus
HALLMARK_UV_RESPONSE_DN,F3,https://www.gsea-msigdb.org/gsea/msigdb/mouse/geneset/HALLMARK_UV_RESPONSE_DN,MM,Mus musculus
HALLMARK_UV_RESPONSE_DN,Fbln5,https://www.gsea-msigdb.org/gsea/msigdb/mouse/geneset/HALLMARK_UV_RESPONSE_DN,MM,Mus musculus
HALLMARK_UV_RESPONSE_DN,Fhl2,https://www.gsea-msigdb.org/gsea/msigdb/mouse/geneset/HALLMARK_UV_RESPONSE_DN,MM,Mus musculus
HALLMARK_UV_RESPONSE_DN,Fyn,https://www.gsea-msigdb.org/gsea/msigdb/mouse/geneset/HALLMARK_UV_RESPONSE_DN,MM,Mus musculus
HALLMARK_UV_RESPONSE_DN,Fzd2,https://www.gsea-msigdb.org/gsea/msigdb/mouse/geneset/HALLMARK_UV_RESPONSE_DN,MM,Mus musculus
HALLMARK_UV_RESPONSE_DN,Gcnt1,https://www.gsea-msigdb.org/gsea/msigdb/mouse/geneset/HALLMARK_UV_RESPONSE_DN,MM,Mus musculus
HALLMARK_UV_RESPONSE_DN,Gja1,https://www.gsea-msigdb.org/gsea/msigdb/mouse/geneset/HALLMARK_UV_RESPONSE_DN,MM,Mus musculus
HALLMARK_UV_RESPONSE_DN,Grk5,https://www.gsea-msigdb.org/gsea/msigdb/mouse/geneset/HALLMARK_UV_RESPONSE_DN,MM,Mus musculus
HALLMARK_UV_RESPONSE_DN,Has2,https://www.gsea-msigdb.org/gsea/msigdb/mouse/geneset/HALLMARK_UV_RESPONSE_DN,MM,Mus musculus
HALLMARK_UV_RESPONSE_DN,Ica1,https://www.gsea-msigdb.org/gsea/msigdb/mouse/geneset/HALLMARK_UV_RESPONSE_DN,MM,Mus musculus
HALLMARK_UV_RESPONSE_DN,Id1,https://www.gsea-msigdb.org/gsea/msigdb/mouse/geneset/HALLMARK_UV_RESPONSE_DN,MM,Mus musculus
HALLMARK_UV_RESPONSE_DN,Igf1r,https://www.gsea-msigdb.org/gsea/msigdb/mouse/geneset/HALLMARK_UV_RESPONSE_DN,MM,Mus musculus
HALLMARK_UV_RESPONSE_DN,Igfbp5,https://www.gsea-msigdb.org/gsea/msigdb/mouse/geneset/HALLMARK_UV_RESPONSE_DN,MM,Mus musculus
HALLMARK_UV_RESPONSE_DN,Inpp4b,https://www.gsea-msigdb.org/gsea/msigdb/mouse/geneset/HALLMARK_UV_RESPONSE_DN,MM,Mus musculus
HALLMARK_UV_RESPONSE_DN,Insig1,https://www.gsea-msigdb.org/gsea/msigdb/mouse/geneset/HALLMARK_UV_RESPONSE_DN,MM,Mus musculus
HALLMARK_UV_RESPONSE_DN,Irs1,https://www.gsea-msigdb.org/gsea/msigdb/mouse/geneset/HALLMARK_UV_RESPONSE_DN,MM,Mus musculus
HALLMARK_UV_RESPONSE_DN,Itgb3,https://www.gsea-msigdb.org/gsea/msigdb/mouse/geneset/HALLMARK_UV_RESPONSE_DN,MM,Mus musculus
HALLMARK_UV_RESPONSE_DN,Kalrn,https://www.gsea-msigdb.org/gsea/msigdb/mouse/geneset/HALLMARK_UV_RESPONSE_DN,MM,Mus musculus
HALLMARK_UV_RESPONSE_DN,Kcnma1,https://www.gsea-msigdb.org/gsea/msigdb/mouse/geneset/HALLMARK_UV_RESPONSE_DN,MM,Mus musculus
HALLMARK_UV_RESPONSE_DN,Kit,https://www.gsea-msigdb.org/gsea/msigdb/mouse/geneset/HALLMARK_UV_RESPONSE_DN,MM,Mus musculus
HALLMARK_UV_RESPONSE_DN,Lamc1,https://www.gsea-msigdb.org/gsea/msigdb/mouse/geneset/HALLMARK_UV_RESPONSE_DN,MM,Mus musculus
HALLMARK_UV_RESPONSE_DN,Ldlr,https://www.gsea-msigdb.org/gsea/msigdb/mouse/geneset/HALLMARK_UV_RESPONSE_DN,MM,Mus musculus
HALLMARK_UV_RESPONSE_DN,Lpar1,https://www.gsea-msigdb.org/gsea/msigdb/mouse/geneset/HALLMARK_UV_RESPONSE_DN,MM,Mus musculus
HALLMARK_UV_RESPONSE_DN,Ltbp1,https://www.gsea-msigdb.org/gsea/msigdb/mouse/geneset/HALLMARK_UV_RESPONSE_DN,MM,Mus musculus
HALLMARK_UV_RESPONSE_DN,Magi2,https://www.gsea-msigdb.org/gsea/msigdb/mouse/geneset/HALLMARK_UV_RESPONSE_DN,MM,Mus musculus
HALLMARK_UV_RESPONSE_DN,Map1b,https://www.gsea-msigdb.org/gsea/msigdb/mouse/geneset/HALLMARK_UV_RESPONSE_DN,MM,Mus musculus
HALLMARK_UV_RESPONSE_DN,Map2k5,https://www.gsea-msigdb.org/gsea/msigdb/mouse/geneset/HALLMARK_UV_RESPONSE_DN,MM,Mus musculus
HALLMARK_UV_RESPONSE_DN,Mapk14,https://www.gsea-msigdb.org/gsea/msigdb/mouse/geneset/HALLMARK_UV_RESPONSE_DN,MM,Mus musculus
HALLMARK_UV_RESPONSE_DN,Met,https://www.gsea-msigdb.org/gsea/msigdb/mouse/geneset/HALLMARK_UV_RESPONSE_DN,MM,Mus musculus
HALLMARK_UV_RESPONSE_DN,Mgll,https://www.gsea-msigdb.org/gsea/msigdb/mouse/geneset/HALLMARK_UV_RESPONSE_DN,MM,Mus musculus
HALLMARK_UV_RESPONSE_DN,Mgmt,https://www.gsea-msigdb.org/gsea/msigdb/mouse/geneset/HALLMARK_UV_RESPONSE_DN,MM,Mus musculus
HALLMARK_UV_RESPONSE_DN,Mios,https://www.gsea-msigdb.org/gsea/msigdb/mouse/geneset/HALLMARK_UV_RESPONSE_DN,MM,Mus musculus
HALLMARK_UV_RESPONSE_DN,Mmp16,https://www.gsea-msigdb.org/gsea/msigdb/mouse/geneset/HALLMARK_UV_RESPONSE_DN,MM,Mus musculus
HALLMARK_UV_RESPONSE_DN,Mrps31,https://www.gsea-msigdb.org/gsea/msigdb/mouse/geneset/HALLMARK_UV_RESPONSE_DN,MM,Mus musculus
HALLMARK_UV_RESPONSE_DN,Mt1,https://www.gsea-msigdb.org/gsea/msigdb/mouse/geneset/HALLMARK_UV_RESPONSE_DN,MM,Mus musculus
HALLMARK_UV_RESPONSE_DN,Mta1,https://www.gsea-msigdb.org/gsea/msigdb/mouse/geneset/HALLMARK_UV_RESPONSE_DN,MM,Mus musculus
HALLMARK_UV_RESPONSE_DN,Myc,https://www.gsea-msigdb.org/gsea/msigdb/mouse/geneset/HALLMARK_UV_RESPONSE_DN,MM,Mus musculus
HALLMARK_UV_RESPONSE_DN,Nek7,https://www.gsea-msigdb.org/gsea/msigdb/mouse/geneset/HALLMARK_UV_RESPONSE_DN,MM,Mus musculus
HALLMARK_UV_RESPONSE_DN,Nfib,https://www.gsea-msigdb.org/gsea/msigdb/mouse/geneset/HALLMARK_UV_RESPONSE_DN,MM,Mus musculus
HALLMARK_UV_RESPONSE_DN,Nfkb1,https://www.gsea-msigdb.org/gsea/msigdb/mouse/geneset/HALLMARK_UV_RESPONSE_DN,MM,Mus musculus
HALLMARK_UV_RESPONSE_DN,Nipbl,https://www.gsea-msigdb.org/gsea/msigdb/mouse/geneset/HALLMARK_UV_RESPONSE_DN,MM,Mus musculus
HALLMARK_UV_RESPONSE_DN,Notch2,https://www.gsea-msigdb.org/gsea/msigdb/mouse/geneset/HALLMARK_UV_RESPONSE_DN,MM,Mus musculus
HALLMARK_UV_RESPONSE_DN,Nr1d2,https://www.gsea-msigdb.org/gsea/msigdb/mouse/geneset/HALLMARK_UV_RESPONSE_DN,MM,Mus musculus
HALLMARK_UV_RESPONSE_DN,Nr3c1,https://www.gsea-msigdb.org/gsea/msigdb/mouse/geneset/HALLMARK_UV_RESPONSE_DN,MM,Mus musculus
HALLMARK_UV_RESPONSE_DN,Nrp1,https://www.gsea-msigdb.org/gsea/msigdb/mouse/geneset/HALLMARK_UV_RESPONSE_DN,MM,Mus musculus
HALLMARK_UV_RESPONSE_DN,Pdgfrb,https://www.gsea-msigdb.org/gsea/msigdb/mouse/geneset/HALLMARK_UV_RESPONSE_DN,MM,Mus musculus
HALLMARK_UV_RESPONSE_DN,Pdlim5,https://www.gsea-msigdb.org/gsea/msigdb/mouse/geneset/HALLMARK_UV_RESPONSE_DN,MM,Mus musculus
HALLMARK_UV_RESPONSE_DN,Pex14,https://www.gsea-msigdb.org/gsea/msigdb/mouse/geneset/HALLMARK_UV_RESPONSE_DN,MM,Mus musculus
HALLMARK_UV_RESPONSE_DN,Phf3,https://www.gsea-msigdb.org/gsea/msigdb/mouse/geneset/HALLMARK_UV_RESPONSE_DN,MM,Mus musculus
HALLMARK_UV_RESPONSE_DN,Pias3,https://www.gsea-msigdb.org/gsea/msigdb/mouse/geneset/HALLMARK_UV_RESPONSE_DN,MM,Mus musculus
HALLMARK_UV_RESPONSE_DN,Pik3cd,https://www.gsea-msigdb.org/gsea/msigdb/mouse/geneset/HALLMARK_UV_RESPONSE_DN,MM,Mus musculus
HALLMARK_UV_RESPONSE_DN,Pik3r3,https://www.gsea-msigdb.org/gsea/msigdb/mouse/geneset/HALLMARK_UV_RESPONSE_DN,MM,Mus musculus
HALLMARK_UV_RESPONSE_DN,Plcb4,https://www.gsea-msigdb.org/gsea/msigdb/mouse/geneset/HALLMARK_UV_RESPONSE_DN,MM,Mus musculus
HALLMARK_UV_RESPONSE_DN,Plpp3,https://www.gsea-msigdb.org/gsea/msigdb/mouse/geneset/HALLMARK_UV_RESPONSE_DN,MM,Mus musculus
HALLMARK_UV_RESPONSE_DN,Pmp22,https://www.gsea-msigdb.org/gsea/msigdb/mouse/geneset/HALLMARK_UV_RESPONSE_DN,MM,Mus musculus
HALLMARK_UV_RESPONSE_DN,Pparg,https://www.gsea-msigdb.org/gsea/msigdb/mouse/geneset/HALLMARK_UV_RESPONSE_DN,MM,Mus musculus
HALLMARK_UV_RESPONSE_DN,Prdm2,https://www.gsea-msigdb.org/gsea/msigdb/mouse/geneset/HALLMARK_UV_RESPONSE_DN,MM,Mus musculus
HALLMARK_UV_RESPONSE_DN,Prkar2b,https://www.gsea-msigdb.org/gsea/msigdb/mouse/geneset/HALLMARK_UV_RESPONSE_DN,MM,Mus musculus
HALLMARK_UV_RESPONSE_DN,Prkca,https://www.gsea-msigdb.org/gsea/msigdb/mouse/geneset/HALLMARK_UV_RESPONSE_DN,MM,Mus musculus
HALLMARK_UV_RESPONSE_DN,Prkce,https://www.gsea-msigdb.org/gsea/msigdb/mouse/geneset/HALLMARK_UV_RESPONSE_DN,MM,Mus musculus
HALLMARK_UV_RESPONSE_DN,Pten,https://www.gsea-msigdb.org/gsea/msigdb/mouse/geneset/HALLMARK_UV_RESPONSE_DN,MM,Mus musculus
HALLMARK_UV_RESPONSE_DN,Ptgfr,https://www.gsea-msigdb.org/gsea/msigdb/mouse/geneset/HALLMARK_UV_RESPONSE_DN,MM,Mus musculus
HALLMARK_UV_RESPONSE_DN,Ptpn21,https://www.gsea-msigdb.org/gsea/msigdb/mouse/geneset/HALLMARK_UV_RESPONSE_DN,MM,Mus musculus
HALLMARK_UV_RESPONSE_DN,Ptprm,https://www.gsea-msigdb.org/gsea/msigdb/mouse/geneset/HALLMARK_UV_RESPONSE_DN,MM,Mus musculus
HALLMARK_UV_RESPONSE_DN,Rasa2,https://www.gsea-msigdb.org/gsea/msigdb/mouse/geneset/HALLMARK_UV_RESPONSE_DN,MM,Mus musculus
HALLMARK_UV_RESPONSE_DN,Rbpms,https://www.gsea-msigdb.org/gsea/msigdb/mouse/geneset/HALLMARK_UV_RESPONSE_DN,MM,Mus musculus
HALLMARK_UV_RESPONSE_DN,Rgs4,https://www.gsea-msigdb.org/gsea/msigdb/mouse/geneset/HALLMARK_UV_RESPONSE_DN,MM,Mus musculus
HALLMARK_UV_RESPONSE_DN,Rnd3,https://www.gsea-msigdb.org/gsea/msigdb/mouse/geneset/HALLMARK_UV_RESPONSE_DN,MM,Mus musculus
HALLMARK_UV_RESPONSE_DN,Runx1,https://www.gsea-msigdb.org/gsea/msigdb/mouse/geneset/HALLMARK_UV_RESPONSE_DN,MM,Mus musculus
HALLMARK_UV_RESPONSE_DN,Rxra,https://www.gsea-msigdb.org/gsea/msigdb/mouse/geneset/HALLMARK_UV_RESPONSE_DN,MM,Mus musculus
HALLMARK_UV_RESPONSE_DN,Scaf8,https://www.gsea-msigdb.org/gsea/msigdb/mouse/geneset/HALLMARK_UV_RESPONSE_DN,MM,Mus musculus
HALLMARK_UV_RESPONSE_DN,Schip1,https://www.gsea-msigdb.org/gsea/msigdb/mouse/geneset/HALLMARK_UV_RESPONSE_DN,MM,Mus musculus
HALLMARK_UV_RESPONSE_DN,Scn8a,https://www.gsea-msigdb.org/gsea/msigdb/mouse/geneset/HALLMARK_UV_RESPONSE_DN,MM,Mus musculus
HALLMARK_UV_RESPONSE_DN,Sdc2,https://www.gsea-msigdb.org/gsea/msigdb/mouse/geneset/HALLMARK_UV_RESPONSE_DN,MM,Mus musculus
HALLMARK_UV_RESPONSE_DN,Serpine1,https://www.gsea-msigdb.org/gsea/msigdb/mouse/geneset/HALLMARK_UV_RESPONSE_DN,MM,Mus musculus
HALLMARK_UV_RESPONSE_DN,Sfmbt1,https://www.gsea-msigdb.org/gsea/msigdb/mouse/geneset/HALLMARK_UV_RESPONSE_DN,MM,Mus musculus
HALLMARK_UV_RESPONSE_DN,Sipa1l1,https://www.gsea-msigdb.org/gsea/msigdb/mouse/geneset/HALLMARK_UV_RESPONSE_DN,MM,Mus musculus
HALLMARK_UV_RESPONSE_DN,Slc22a18,https://www.gsea-msigdb.org/gsea/msigdb/mouse/geneset/HALLMARK_UV_RESPONSE_DN,MM,Mus musculus
HALLMARK_UV_RESPONSE_DN,Slc7a1,https://www.gsea-msigdb.org/gsea/msigdb/mouse/geneset/HALLMARK_UV_RESPONSE_DN,MM,Mus musculus
HALLMARK_UV_RESPONSE_DN,Smad3,https://www.gsea-msigdb.org/gsea/msigdb/mouse/geneset/HALLMARK_UV_RESPONSE_DN,MM,Mus musculus
HALLMARK_UV_RESPONSE_DN,Smad7,https://www.gsea-msigdb.org/gsea/msigdb/mouse/geneset/HALLMARK_UV_RESPONSE_DN,MM,Mus musculus
HALLMARK_UV_RESPONSE_DN,Snai2,https://www.gsea-msigdb.org/gsea/msigdb/mouse/geneset/HALLMARK_UV_RESPONSE_DN,MM,Mus musculus
HALLMARK_UV_RESPONSE_DN,Spop,https://www.gsea-msigdb.org/gsea/msigdb/mouse/geneset/HALLMARK_UV_RESPONSE_DN,MM,Mus musculus
HALLMARK_UV_RESPONSE_DN,Sri,https://www.gsea-msigdb.org/gsea/msigdb/mouse/geneset/HALLMARK_UV_RESPONSE_DN,MM,Mus musculus
HALLMARK_UV_RESPONSE_DN,Syne1,https://www.gsea-msigdb.org/gsea/msigdb/mouse/geneset/HALLMARK_UV_RESPONSE_DN,MM,Mus musculus
HALLMARK_UV_RESPONSE_DN,Synj2,https://www.gsea-msigdb.org/gsea/msigdb/mouse/geneset/HALLMARK_UV_RESPONSE_DN,MM,Mus musculus
HALLMARK_UV_RESPONSE_DN,Tent4a,https://www.gsea-msigdb.org/gsea/msigdb/mouse/geneset/HALLMARK_UV_RESPONSE_DN,MM,Mus musculus
HALLMARK_UV_RESPONSE_DN,Tfpi,https://www.gsea-msigdb.org/gsea/msigdb/mouse/geneset/HALLMARK_UV_RESPONSE_DN,MM,Mus musculus
HALLMARK_UV_RESPONSE_DN,Tgfbr2,https://www.gsea-msigdb.org/gsea/msigdb/mouse/geneset/HALLMARK_UV_RESPONSE_DN,MM,Mus musculus
HALLMARK_UV_RESPONSE_DN,Tgfbr3,https://www.gsea-msigdb.org/gsea/msigdb/mouse/geneset/HALLMARK_UV_RESPONSE_DN,MM,Mus musculus
HALLMARK_UV_RESPONSE_DN,Tjp1,https://www.gsea-msigdb.org/gsea/msigdb/mouse/geneset/HALLMARK_UV_RESPONSE_DN,MM,Mus musculus
HALLMARK_UV_RESPONSE_DN,Togaram1,https://www.gsea-msigdb.org/gsea/msigdb/mouse/geneset/HALLMARK_UV_RESPONSE_DN,MM,Mus musculus
HALLMARK_UV_RESPONSE_DN,Vav2,https://www.gsea-msigdb.org/gsea/msigdb/mouse/geneset/HALLMARK_UV_RESPONSE_DN,MM,Mus musculus
HALLMARK_UV_RESPONSE_DN,Vldlr,https://www.gsea-msigdb.org/gsea/msigdb/mouse/geneset/HALLMARK_UV_RESPONSE_DN,MM,Mus musculus
HALLMARK_UV_RESPONSE_DN,Wdr37,https://www.gsea-msigdb.org/gsea/msigdb/mouse/geneset/HALLMARK_UV_RESPONSE_DN,MM,Mus musculus
HALLMARK_UV_RESPONSE_DN,Ythdc1,https://www.gsea-msigdb.org/gsea/msigdb/mouse/geneset/HALLMARK_UV_RESPONSE_DN,MM,Mus musculus
HALLMARK_UV_RESPONSE_DN,Zmiz1,https://www.gsea-msigdb.org/gsea/msigdb/mouse/geneset/HALLMARK_UV_RESPONSE_DN,MM,Mus musculus
HALLMARK_UV_RESPONSE_UP,Abcb1a,https://www.gsea-msigdb.org/gsea/msigdb/mouse/geneset/HALLMARK_UV_RESPONSE_UP,MM,Mus musculus
HALLMARK_UV_RESPONSE_UP,Acaa1a,https://www.gsea-msigdb.org/gsea/msigdb/mouse/geneset/HALLMARK_UV_RESPONSE_UP,MM,Mus musculus
HALLMARK_UV_RESPONSE_UP,Ago2,https://www.gsea-msigdb.org/gsea/msigdb/mouse/geneset/HALLMARK_UV_RESPONSE_UP,MM,Mus musculus
HALLMARK_UV_RESPONSE_UP,Alas1,https://www.gsea-msigdb.org/gsea/msigdb/mouse/geneset/HALLMARK_UV_RESPONSE_UP,MM,Mus musculus
HALLMARK_UV_RESPONSE_UP,Aldoa,https://www.gsea-msigdb.org/gsea/msigdb/mouse/geneset/HALLMARK_UV_RESPONSE_UP,MM,Mus musculus
HALLMARK_UV_RESPONSE_UP,Amd1,https://www.gsea-msigdb.org/gsea/msigdb/mouse/geneset/HALLMARK_UV_RESPONSE_UP,MM,Mus musculus
HALLMARK_UV_RESPONSE_UP,Ap2s1,https://www.gsea-msigdb.org/gsea/msigdb/mouse/geneset/HALLMARK_UV_RESPONSE_UP,MM,Mus musculus
HALLMARK_UV_RESPONSE_UP,Apom,https://www.gsea-msigdb.org/gsea/msigdb/mouse/geneset/HALLMARK_UV_RESPONSE_UP,MM,Mus musculus
HALLMARK_UV_RESPONSE_UP,Aqp3,https://www.gsea-msigdb.org/gsea/msigdb/mouse/geneset/HALLMARK_UV_RESPONSE_UP,MM,Mus musculus
HALLMARK_UV_RESPONSE_UP,Arrb2,https://www.gsea-msigdb.org/gsea/msigdb/mouse/geneset/HALLMARK_UV_RESPONSE_UP,MM,Mus musculus
HALLMARK_UV_RESPONSE_UP,Asns,https://www.gsea-msigdb.org/gsea/msigdb/mouse/geneset/HALLMARK_UV_RESPONSE_UP,MM,Mus musculus
HALLMARK_UV_RESPONSE_UP,Atf3,https://www.gsea-msigdb.org/gsea/msigdb/mouse/geneset/HALLMARK_UV_RESPONSE_UP,MM,Mus musculus
HALLMARK_UV_RESPONSE_UP,Atp6v1c1,https://www.gsea-msigdb.org/gsea/msigdb/mouse/geneset/HALLMARK_UV_RESPONSE_UP,MM,Mus musculus
HALLMARK_UV_RESPONSE_UP,Atp6v1f,https://www.gsea-msigdb.org/gsea/msigdb/mouse/geneset/HALLMARK_UV_RESPONSE_UP,MM,Mus musculus
HALLMARK_UV_RESPONSE_UP,Bak1,https://www.gsea-msigdb.org/gsea/msigdb/mouse/geneset/HALLMARK_UV_RESPONSE_UP,MM,Mus musculus
HALLMARK_UV_RESPONSE_UP,Bcl2l11,https://www.gsea-msigdb.org/gsea/msigdb/mouse/geneset/HALLMARK_UV_RESPONSE_UP,MM,Mus musculus
HALLMARK_UV_RESPONSE_UP,Bid,https://www.gsea-msigdb.org/gsea/msigdb/mouse/geneset/HALLMARK_UV_RESPONSE_UP,MM,Mus musculus
HALLMARK_UV_RESPONSE_UP,Bmp2,https://www.gsea-msigdb.org/gsea/msigdb/mouse/geneset/HALLMARK_UV_RESPONSE_UP,MM,Mus musculus
HALLMARK_UV_RESPONSE_UP,Bsg,https://www.gsea-msigdb.org/gsea/msigdb/mouse/geneset/HALLMARK_UV_RESPONSE_UP,MM,Mus musculus
HALLMARK_UV_RESPONSE_UP,Btg1,https://www.gsea-msigdb.org/gsea/msigdb/mouse/geneset/HALLMARK_UV_RESPONSE_UP,MM,Mus musculus
HALLMARK_UV_RESPONSE_UP,Btg2,https://www.gsea-msigdb.org/gsea/msigdb/mouse/geneset/HALLMARK_UV_RESPONSE_UP,MM,Mus musculus
HALLMARK_UV_RESPONSE_UP,Btg3,https://www.gsea-msigdb.org/gsea/msigdb/mouse/geneset/HALLMARK_UV_RESPONSE_UP,MM,Mus musculus
HALLMARK_UV_RESPONSE_UP,Car2,https://www.gsea-msigdb.org/gsea/msigdb/mouse/geneset/HALLMARK_UV_RESPONSE_UP,MM,Mus musculus
HALLMARK_UV_RESPONSE_UP,Casp3,https://www.gsea-msigdb.org/gsea/msigdb/mouse/geneset/HALLMARK_UV_RESPONSE_UP,MM,Mus musculus
HALLMARK_UV_RESPONSE_UP,Cck,https://www.gsea-msigdb.org/gsea/msigdb/mouse/geneset/HALLMARK_UV_RESPONSE_UP,MM,Mus musculus
HALLMARK_UV_RESPONSE_UP,Ccnd3,https://www.gsea-msigdb.org/gsea/msigdb/mouse/geneset/HALLMARK_UV_RESPONSE_UP,MM,Mus musculus
HALLMARK_UV_RESPONSE_UP,Ccne1,https://www.gsea-msigdb.org/gsea/msigdb/mouse/geneset/HALLMARK_UV_RESPONSE_UP,MM,Mus musculus
HALLMARK_UV_RESPONSE_UP,Cdc34,https://www.gsea-msigdb.org/gsea/msigdb/mouse/geneset/HALLMARK_UV_RESPONSE_UP,MM,Mus musculus
HALLMARK_UV_RESPONSE_UP,Cdc5l,https://www.gsea-msigdb.org/gsea/msigdb/mouse/geneset/HALLMARK_UV_RESPONSE_UP,MM,Mus musculus
HALLMARK_UV_RESPONSE_UP,Cdk2,https://www.gsea-msigdb.org/gsea/msigdb/mouse/geneset/HALLMARK_UV_RESPONSE_UP,MM,Mus musculus
HALLMARK_UV_RESPONSE_UP,Cdkn1c,https://www.gsea-msigdb.org/gsea/msigdb/mouse/geneset/HALLMARK_UV_RESPONSE_UP,MM,Mus musculus
HALLMARK_UV_RESPONSE_UP,Cdkn2b,https://www.gsea-msigdb.org/gsea/msigdb/mouse/geneset/HALLMARK_UV_RESPONSE_UP,MM,Mus musculus
HALLMARK_UV_RESPONSE_UP,Cdo1,https://www.gsea-msigdb.org/gsea/msigdb/mouse/geneset/HALLMARK_UV_RESPONSE_UP,MM,Mus musculus
HALLMARK_UV_RESPONSE_UP,Cebpg,https://www.gsea-msigdb.org/gsea/msigdb/mouse/geneset/HALLMARK_UV_RESPONSE_UP,MM,Mus musculus
HALLMARK_UV_RESPONSE_UP,Chka,https://www.gsea-msigdb.org/gsea/msigdb/mouse/geneset/HALLMARK_UV_RESPONSE_UP,MM,Mus musculus
HALLMARK_UV_RESPONSE_UP,Chrna5,https://www.gsea-msigdb.org/gsea/msigdb/mouse/geneset/HALLMARK_UV_RESPONSE_UP,MM,Mus musculus
HALLMARK_UV_RESPONSE_UP,Clcn2,https://www.gsea-msigdb.org/gsea/msigdb/mouse/geneset/HALLMARK_UV_RESPONSE_UP,MM,Mus musculus
HALLMARK_UV_RESPONSE_UP,Cltb,https://www.gsea-msigdb.org/gsea/msigdb/mouse/geneset/HALLMARK_UV_RESPONSE_UP,MM,Mus musculus
HALLMARK_UV_RESPONSE_UP,Cnp,https://www.gsea-msigdb.org/gsea/msigdb/mouse/geneset/HALLMARK_UV_RESPONSE_UP,MM,Mus musculus
HALLMARK_UV_RESPONSE_UP,Col2a1,https://www.gsea-msigdb.org/gsea/msigdb/mouse/geneset/HALLMARK_UV_RESPONSE_UP,MM,Mus musculus
HALLMARK_UV_RESPONSE_UP,Creg1,https://www.gsea-msigdb.org/gsea/msigdb/mouse/geneset/HALLMARK_UV_RESPONSE_UP,MM,Mus musculus
HALLMARK_UV_RESPONSE_UP,Ctsl,https://www.gsea-msigdb.org/gsea/msigdb/mouse/geneset/HALLMARK_UV_RESPONSE_UP,MM,Mus musculus
HALLMARK_UV_RESPONSE_UP,Cxcl1,https://www.gsea-msigdb.org/gsea/msigdb/mouse/geneset/HALLMARK_UV_RESPONSE_UP,MM,Mus musculus
HALLMARK_UV_RESPONSE_UP,Cyb5b,https://www.gsea-msigdb.org/gsea/msigdb/mouse/geneset/HALLMARK_UV_RESPONSE_UP,MM,Mus musculus
HALLMARK_UV_RESPONSE_UP,Cyb5r1,https://www.gsea-msigdb.org/gsea/msigdb/mouse/geneset/HALLMARK_UV_RESPONSE_UP,MM,Mus musculus
HALLMARK_UV_RESPONSE_UP,Cyp1a1,https://www.gsea-msigdb.org/gsea/msigdb/mouse/geneset/HALLMARK_UV_RESPONSE_UP,MM,Mus musculus
HALLMARK_UV_RESPONSE_UP,Ddx21,https://www.gsea-msigdb.org/gsea/msigdb/mouse/geneset/HALLMARK_UV_RESPONSE_UP,MM,Mus musculus
HALLMARK_UV_RESPONSE_UP,Dgat1,https://www.gsea-msigdb.org/gsea/msigdb/mouse/geneset/HALLMARK_UV_RESPONSE_UP,MM,Mus musculus
HALLMARK_UV_RESPONSE_UP,Dlg4,https://www.gsea-msigdb.org/gsea/msigdb/mouse/geneset/HALLMARK_UV_RESPONSE_UP,MM,Mus musculus
HALLMARK_UV_RESPONSE_UP,Dnaja1,https://www.gsea-msigdb.org/gsea/msigdb/mouse/geneset/HALLMARK_UV_RESPONSE_UP,MM,Mus musculus
HALLMARK_UV_RESPONSE_UP,Dnajb1,https://www.gsea-msigdb.org/gsea/msigdb/mouse/geneset/HALLMARK_UV_RESPONSE_UP,MM,Mus musculus
HALLMARK_UV_RESPONSE_UP,E2f5,https://www.gsea-msigdb.org/gsea/msigdb/mouse/geneset/HALLMARK_UV_RESPONSE_UP,MM,Mus musculus
HALLMARK_UV_RESPONSE_UP,Eif2s3x,https://www.gsea-msigdb.org/gsea/msigdb/mouse/geneset/HALLMARK_UV_RESPONSE_UP,MM,Mus musculus
HALLMARK_UV_RESPONSE_UP,Eif5,https://www.gsea-msigdb.org/gsea/msigdb/mouse/geneset/HALLMARK_UV_RESPONSE_UP,MM,Mus musculus
HALLMARK_UV_RESPONSE_UP,Eno2,https://www.gsea-msigdb.org/gsea/msigdb/mouse/geneset/HALLMARK_UV_RESPONSE_UP,MM,Mus musculus
HALLMARK_UV_RESPONSE_UP,Epcam,https://www.gsea-msigdb.org/gsea/msigdb/mouse/geneset/HALLMARK_UV_RESPONSE_UP,MM,Mus musculus
HALLMARK_UV_RESPONSE_UP,Ephx1,https://www.gsea-msigdb.org/gsea/msigdb/mouse/geneset/HALLMARK_UV_RESPONSE_UP,MM,Mus musculus
HALLMARK_UV_RESPONSE_UP,Fen1,https://www.gsea-msigdb.org/gsea/msigdb/mouse/geneset/HALLMARK_UV_RESPONSE_UP,MM,Mus musculus
HALLMARK_UV_RESPONSE_UP,Fgf18,https://www.gsea-msigdb.org/gsea/msigdb/mouse/geneset/HALLMARK_UV_RESPONSE_UP,MM,Mus musculus
HALLMARK_UV_RESPONSE_UP,Fkbp4,https://www.gsea-msigdb.org/gsea/msigdb/mouse/geneset/HALLMARK_UV_RESPONSE_UP,MM,Mus musculus
HALLMARK_UV_RESPONSE_UP,Fmo1,https://www.gsea-msigdb.org/gsea/msigdb/mouse/geneset/HALLMARK_UV_RESPONSE_UP,MM,Mus musculus
HALLMARK_UV_RESPONSE_UP,Fos,https://www.gsea-msigdb.org/gsea/msigdb/mouse/geneset/HALLMARK_UV_RESPONSE_UP,MM,Mus musculus
HALLMARK_UV_RESPONSE_UP,Fosb,https://www.gsea-msigdb.org/gsea/msigdb/mouse/geneset/HALLMARK_UV_RESPONSE_UP,MM,Mus musculus
HALLMARK_UV_RESPONSE_UP,Furin,https://www.gsea-msigdb.org/gsea/msigdb/mouse/geneset/HALLMARK_UV_RESPONSE_UP,MM,Mus musculus
HALLMARK_UV_RESPONSE_UP,Gal,https://www.gsea-msigdb.org/gsea/msigdb/mouse/geneset/HALLMARK_UV_RESPONSE_UP,MM,Mus musculus
HALLMARK_UV_RESPONSE_UP,Gch1,https://www.gsea-msigdb.org/gsea/msigdb/mouse/geneset/HALLMARK_UV_RESPONSE_UP,MM,Mus musculus
HALLMARK_UV_RESPONSE_UP,Ggh,https://www.gsea-msigdb.org/gsea/msigdb/mouse/geneset/HALLMARK_UV_RESPONSE_UP,MM,Mus musculus
HALLMARK_UV_RESPONSE_UP,Gls,https://www.gsea-msigdb.org/gsea/msigdb/mouse/geneset/HALLMARK_UV_RESPONSE_UP,MM,Mus musculus
HALLMARK_UV_RESPONSE_UP,Gpx3,https://www.gsea-msigdb.org/gsea/msigdb/mouse/geneset/HALLMARK_UV_RESPONSE_UP,MM,Mus musculus
HALLMARK_UV_RESPONSE_UP,Grina,https://www.gsea-msigdb.org/gsea/msigdb/mouse/geneset/HALLMARK_UV_RESPONSE_UP,MM,Mus musculus
HALLMARK_UV_RESPONSE_UP,Grpel1,https://www.gsea-msigdb.org/gsea/msigdb/mouse/geneset/HALLMARK_UV_RESPONSE_UP,MM,Mus musculus
HALLMARK_UV_RESPONSE_UP,H2ax,https://www.gsea-msigdb.org/gsea/msigdb/mouse/geneset/HALLMARK_UV_RESPONSE_UP,MM,Mus musculus
HALLMARK_UV_RESPONSE_UP,Hmox1,https://www.gsea-msigdb.org/gsea/msigdb/mouse/geneset/HALLMARK_UV_RESPONSE_UP,MM,Mus musculus
HALLMARK_UV_RESPONSE_UP,Hnrnpu,https://www.gsea-msigdb.org/gsea/msigdb/mouse/geneset/HALLMARK_UV_RESPONSE_UP,MM,Mus musculus
HALLMARK_UV_RESPONSE_UP,Hspa13,https://www.gsea-msigdb.org/gsea/msigdb/mouse/geneset/HALLMARK_UV_RESPONSE_UP,MM,Mus musculus
HALLMARK_UV_RESPONSE_UP,Hspa2,https://www.gsea-msigdb.org/gsea/msigdb/mouse/geneset/HALLMARK_UV_RESPONSE_UP,MM,Mus musculus
HALLMARK_UV_RESPONSE_UP,Htr7,https://www.gsea-msigdb.org/gsea/msigdb/mouse/geneset/HALLMARK_UV_RESPONSE_UP,MM,Mus musculus
HALLMARK_UV_RESPONSE_UP,Hyal2,https://www.gsea-msigdb.org/gsea/msigdb/mouse/geneset/HALLMARK_UV_RESPONSE_UP,MM,Mus musculus
HALLMARK_UV_RESPONSE_UP,Icam1,https://www.gsea-msigdb.org/gsea/msigdb/mouse/geneset/HALLMARK_UV_RESPONSE_UP,MM,Mus musculus
HALLMARK_UV_RESPONSE_UP,Igfbp2,https://www.gsea-msigdb.org/gsea/msigdb/mouse/geneset/HALLMARK_UV_RESPONSE_UP,MM,Mus musculus
HALLMARK_UV_RESPONSE_UP,Il6,https://www.gsea-msigdb.org/gsea/msigdb/mouse/geneset/HALLMARK_UV_RESPONSE_UP,MM,Mus musculus
HALLMARK_UV_RESPONSE_UP,Il6st,https://www.gsea-msigdb.org/gsea/msigdb/mouse/geneset/HALLMARK_UV_RESPONSE_UP,MM,Mus musculus
HALLMARK_UV_RESPONSE_UP,Irf1,https://www.gsea-msigdb.org/gsea/msigdb/mouse/geneset/HALLMARK_UV_RESPONSE_UP,MM,Mus musculus
HALLMARK_UV_RESPONSE_UP,Junb,https://www.gsea-msigdb.org/gsea/msigdb/mouse/geneset/HALLMARK_UV_RESPONSE_UP,MM,Mus musculus
HALLMARK_UV_RESPONSE_UP,Kcnh2,https://www.gsea-msigdb.org/gsea/msigdb/mouse/geneset/HALLMARK_UV_RESPONSE_UP,MM,Mus musculus
HALLMARK_UV_RESPONSE_UP,Klhdc3,https://www.gsea-msigdb.org/gsea/msigdb/mouse/geneset/HALLMARK_UV_RESPONSE_UP,MM,Mus musculus
HALLMARK_UV_RESPONSE_UP,Lhx2,https://www.gsea-msigdb.org/gsea/msigdb/mouse/geneset/HALLMARK_UV_RESPONSE_UP,MM,Mus musculus
HALLMARK_UV_RESPONSE_UP,Lyn,https://www.gsea-msigdb.org/gsea/msigdb/mouse/geneset/HALLMARK_UV_RESPONSE_UP,MM,Mus musculus
HALLMARK_UV_RESPONSE_UP,Maoa,https://www.gsea-msigdb.org/gsea/msigdb/mouse/geneset/HALLMARK_UV_RESPONSE_UP,MM,Mus musculus
HALLMARK_UV_RESPONSE_UP,Mapk8ip2,https://www.gsea-msigdb.org/gsea/msigdb/mouse/geneset/HALLMARK_UV_RESPONSE_UP,MM,Mus musculus
HALLMARK_UV_RESPONSE_UP,Mark2,https://www.gsea-msigdb.org/gsea/msigdb/mouse/geneset/HALLMARK_UV_RESPONSE_UP,MM,Mus musculus
HALLMARK_UV_RESPONSE_UP,Mgat1,https://www.gsea-msigdb.org/gsea/msigdb/mouse/geneset/HALLMARK_UV_RESPONSE_UP,MM,Mus musculus
HALLMARK_UV_RESPONSE_UP,Mmp14,https://www.gsea-msigdb.org/gsea/msigdb/mouse/geneset/HALLMARK_UV_RESPONSE_UP,MM,Mus musculus
HALLMARK_UV_RESPONSE_UP,Mrpl23,https://www.gsea-msigdb.org/gsea/msigdb/mouse/geneset/HALLMARK_UV_RESPONSE_UP,MM,Mus musculus
HALLMARK_UV_RESPONSE_UP,Msx1,https://www.gsea-msigdb.org/gsea/msigdb/mouse/geneset/HALLMARK_UV_RESPONSE_UP,MM,Mus musculus
HALLMARK_UV_RESPONSE_UP,Nat2,https://www.gsea-msigdb.org/gsea/msigdb/mouse/geneset/HALLMARK_UV_RESPONSE_UP,MM,Mus musculus
HALLMARK_UV_RESPONSE_UP,Nfkbia,https://www.gsea-msigdb.org/gsea/msigdb/mouse/geneset/HALLMARK_UV_RESPONSE_UP,MM,Mus musculus
HALLMARK_UV_RESPONSE_UP,Nkx2-5,https://www.gsea-msigdb.org/gsea/msigdb/mouse/geneset/HALLMARK_UV_RESPONSE_UP,MM,Mus musculus
HALLMARK_UV_RESPONSE_UP,Nptx2,https://www.gsea-msigdb.org/gsea/msigdb/mouse/geneset/HALLMARK_UV_RESPONSE_UP,MM,Mus musculus
HALLMARK_UV_RESPONSE_UP,Nptxr,https://www.gsea-msigdb.org/gsea/msigdb/mouse/geneset/HALLMARK_UV_RESPONSE_UP,MM,Mus musculus
HALLMARK_UV_RESPONSE_UP,Nr4a1,https://www.gsea-msigdb.org/gsea/msigdb/mouse/geneset/HALLMARK_UV_RESPONSE_UP,MM,Mus musculus
HALLMARK_UV_RESPONSE_UP,Ntrk3,https://www.gsea-msigdb.org/gsea/msigdb/mouse/geneset/HALLMARK_UV_RESPONSE_UP,MM,Mus musculus
HALLMARK_UV_RESPONSE_UP,Nup58,https://www.gsea-msigdb.org/gsea/msigdb/mouse/geneset/HALLMARK_UV_RESPONSE_UP,MM,Mus musculus
HALLMARK_UV_RESPONSE_UP,Nxf1,https://www.gsea-msigdb.org/gsea/msigdb/mouse/geneset/HALLMARK_UV_RESPONSE_UP,MM,Mus musculus
HALLMARK_UV_RESPONSE_UP,Olfm1,https://www.gsea-msigdb.org/gsea/msigdb/mouse/geneset/HALLMARK_UV_RESPONSE_UP,MM,Mus musculus
HALLMARK_UV_RESPONSE_UP,Onecut1,https://www.gsea-msigdb.org/gsea/msigdb/mouse/geneset/HALLMARK_UV_RESPONSE_UP,MM,Mus musculus
HALLMARK_UV_RESPONSE_UP,Parp2,https://www.gsea-msigdb.org/gsea/msigdb/mouse/geneset/HALLMARK_UV_RESPONSE_UP,MM,Mus musculus
HALLMARK_UV_RESPONSE_UP,Pdap1,https://www.gsea-msigdb.org/gsea/msigdb/mouse/geneset/HALLMARK_UV_RESPONSE_UP,MM,Mus musculus
HALLMARK_UV_RESPONSE_UP,Pdlim3,https://www.gsea-msigdb.org/gsea/msigdb/mouse/geneset/HALLMARK_UV_RESPONSE_UP,MM,Mus musculus
HALLMARK_UV_RESPONSE_UP,Plcl1,https://www.gsea-msigdb.org/gsea/msigdb/mouse/geneset/HALLMARK_UV_RESPONSE_UP,MM,Mus musculus
HALLMARK_UV_RESPONSE_UP,Pole3,https://www.gsea-msigdb.org/gsea/msigdb/mouse/geneset/HALLMARK_UV_RESPONSE_UP,MM,Mus musculus
HALLMARK_UV_RESPONSE_UP,Polg2,https://www.gsea-msigdb.org/gsea/msigdb/mouse/geneset/HALLMARK_UV_RESPONSE_UP,MM,Mus musculus
HALLMARK_UV_RESPONSE_UP,Polr2h,https://www.gsea-msigdb.org/gsea/msigdb/mouse/geneset/HALLMARK_UV_RESPONSE_UP,MM,Mus musculus
HALLMARK_UV_RESPONSE_UP,Ppat,https://www.gsea-msigdb.org/gsea/msigdb/mouse/geneset/HALLMARK_UV_RESPONSE_UP,MM,Mus musculus
HALLMARK_UV_RESPONSE_UP,Ppif,https://www.gsea-msigdb.org/gsea/msigdb/mouse/geneset/HALLMARK_UV_RESPONSE_UP,MM,Mus musculus
HALLMARK_UV_RESPONSE_UP,Ppp1r2,https://www.gsea-msigdb.org/gsea/msigdb/mouse/geneset/HALLMARK_UV_RESPONSE_UP,MM,Mus musculus
HALLMARK_UV_RESPONSE_UP,Ppt1,https://www.gsea-msigdb.org/gsea/msigdb/mouse/geneset/HALLMARK_UV_RESPONSE_UP,MM,Mus musculus
HALLMARK_UV_RESPONSE_UP,Prkaca,https://www.gsea-msigdb.org/gsea/msigdb/mouse/geneset/HALLMARK_UV_RESPONSE_UP,MM,Mus musculus
HALLMARK_UV_RESPONSE_UP,Prkcd,https://www.gsea-msigdb.org/gsea/msigdb/mouse/geneset/HALLMARK_UV_RESPONSE_UP,MM,Mus musculus
HALLMARK_UV_RESPONSE_UP,Prpf3,https://www.gsea-msigdb.org/gsea/msigdb/mouse/geneset/HALLMARK_UV_RESPONSE_UP,MM,Mus musculus
HALLMARK_UV_RESPONSE_UP,Psmc3,https://www.gsea-msigdb.org/gsea/msigdb/mouse/geneset/HALLMARK_UV_RESPONSE_UP,MM,Mus musculus
HALLMARK_UV_RESPONSE_UP,Ptprd,https://www.gsea-msigdb.org/gsea/msigdb/mouse/geneset/HALLMARK_UV_RESPONSE_UP,MM,Mus musculus
HALLMARK_UV_RESPONSE_UP,Rab27a,https://www.gsea-msigdb.org/gsea/msigdb/mouse/geneset/HALLMARK_UV_RESPONSE_UP,MM,Mus musculus
HALLMARK_UV_RESPONSE_UP,Rasgrp1,https://www.gsea-msigdb.org/gsea/msigdb/mouse/geneset/HALLMARK_UV_RESPONSE_UP,MM,Mus musculus
HALLMARK_UV_RESPONSE_UP,Ret,https://www.gsea-msigdb.org/gsea/msigdb/mouse/geneset/HALLMARK_UV_RESPONSE_UP,MM,Mus musculus
HALLMARK_UV_RESPONSE_UP,Rfc4,https://www.gsea-msigdb.org/gsea/msigdb/mouse/geneset/HALLMARK_UV_RESPONSE_UP,MM,Mus musculus
HALLMARK_UV_RESPONSE_UP,Rhob,https://www.gsea-msigdb.org/gsea/msigdb/mouse/geneset/HALLMARK_UV_RESPONSE_UP,MM,Mus musculus
HALLMARK_UV_RESPONSE_UP,Rpn1,https://www.gsea-msigdb.org/gsea/msigdb/mouse/geneset/HALLMARK_UV_RESPONSE_UP,MM,Mus musculus
HALLMARK_UV_RESPONSE_UP,Rrad,https://www.gsea-msigdb.org/gsea/msigdb/mouse/geneset/HALLMARK_UV_RESPONSE_UP,MM,Mus musculus
HALLMARK_UV_RESPONSE_UP,Rxrb,https://www.gsea-msigdb.org/gsea/msigdb/mouse/geneset/HALLMARK_UV_RESPONSE_UP,MM,Mus musculus
HALLMARK_UV_RESPONSE_UP,Selenow,https://www.gsea-msigdb.org/gsea/msigdb/mouse/geneset/HALLMARK_UV_RESPONSE_UP,MM,Mus musculus
HALLMARK_UV_RESPONSE_UP,Shox2,https://www.gsea-msigdb.org/gsea/msigdb/mouse/geneset/HALLMARK_UV_RESPONSE_UP,MM,Mus musculus
HALLMARK_UV_RESPONSE_UP,Sigmar1,https://www.gsea-msigdb.org/gsea/msigdb/mouse/geneset/HALLMARK_UV_RESPONSE_UP,MM,Mus musculus
HALLMARK_UV_RESPONSE_UP,Slc25a4,https://www.gsea-msigdb.org/gsea/msigdb/mouse/geneset/HALLMARK_UV_RESPONSE_UP,MM,Mus musculus
HALLMARK_UV_RESPONSE_UP,Slc6a12,https://www.gsea-msigdb.org/gsea/msigdb/mouse/geneset/HALLMARK_UV_RESPONSE_UP,MM,Mus musculus
HALLMARK_UV_RESPONSE_UP,Slc6a8,https://www.gsea-msigdb.org/gsea/msigdb/mouse/geneset/HALLMARK_UV_RESPONSE_UP,MM,Mus musculus
HALLMARK_UV_RESPONSE_UP,Sod2,https://www.gsea-msigdb.org/gsea/msigdb/mouse/geneset/HALLMARK_UV_RESPONSE_UP,MM,Mus musculus
HALLMARK_UV_RESPONSE_UP,Spr,https://www.gsea-msigdb.org/gsea/msigdb/mouse/geneset/HALLMARK_UV_RESPONSE_UP,MM,Mus musculus
HALLMARK_UV_RESPONSE_UP,Sqstm1,https://www.gsea-msigdb.org/gsea/msigdb/mouse/geneset/HALLMARK_UV_RESPONSE_UP,MM,Mus musculus
HALLMARK_UV_RESPONSE_UP,Stard3,https://www.gsea-msigdb.org/gsea/msigdb/mouse/geneset/HALLMARK_UV_RESPONSE_UP,MM,Mus musculus
HALLMARK_UV_RESPONSE_UP,Stip1,https://www.gsea-msigdb.org/gsea/msigdb/mouse/geneset/HALLMARK_UV_RESPONSE_UP,MM,Mus musculus
HALLMARK_UV_RESPONSE_UP,Stk25,https://www.gsea-msigdb.org/gsea/msigdb/mouse/geneset/HALLMARK_UV_RESPONSE_UP,MM,Mus musculus
HALLMARK_UV_RESPONSE_UP,Sult1a1,https://www.gsea-msigdb.org/gsea/msigdb/mouse/geneset/HALLMARK_UV_RESPONSE_UP,MM,Mus musculus
HALLMARK_UV_RESPONSE_UP,Tacr3,https://www.gsea-msigdb.org/gsea/msigdb/mouse/geneset/HALLMARK_UV_RESPONSE_UP,MM,Mus musculus
HALLMARK_UV_RESPONSE_UP,Tap1,https://www.gsea-msigdb.org/gsea/msigdb/mouse/geneset/HALLMARK_UV_RESPONSE_UP,MM,Mus musculus
HALLMARK_UV_RESPONSE_UP,Tars1,https://www.gsea-msigdb.org/gsea/msigdb/mouse/geneset/HALLMARK_UV_RESPONSE_UP,MM,Mus musculus
HALLMARK_UV_RESPONSE_UP,Tchh,https://www.gsea-msigdb.org/gsea/msigdb/mouse/geneset/HALLMARK_UV_RESPONSE_UP,MM,Mus musculus
HALLMARK_UV_RESPONSE_UP,Tfrc,https://www.gsea-msigdb.org/gsea/msigdb/mouse/geneset/HALLMARK_UV_RESPONSE_UP,MM,Mus musculus
HALLMARK_UV_RESPONSE_UP,Tgfbrap1,https://www.gsea-msigdb.org/gsea/msigdb/mouse/geneset/HALLMARK_UV_RESPONSE_UP,MM,Mus musculus
HALLMARK_UV_RESPONSE_UP,Tmbim6,https://www.gsea-msigdb.org/gsea/msigdb/mouse/geneset/HALLMARK_UV_RESPONSE_UP,MM,Mus musculus
HALLMARK_UV_RESPONSE_UP,Tst,https://www.gsea-msigdb.org/gsea/msigdb/mouse/geneset/HALLMARK_UV_RESPONSE_UP,MM,Mus musculus
HALLMARK_UV_RESPONSE_UP,Tuba4a,https://www.gsea-msigdb.org/gsea/msigdb/mouse/geneset/HALLMARK_UV_RESPONSE_UP,MM,Mus musculus
HALLMARK_UV_RESPONSE_UP,Tyro3,https://www.gsea-msigdb.org/gsea/msigdb/mouse/geneset/HALLMARK_UV_RESPONSE_UP,MM,Mus musculus
HALLMARK_UV_RESPONSE_UP,Urod,https://www.gsea-msigdb.org/gsea/msigdb/mouse/geneset/HALLMARK_UV_RESPONSE_UP,MM,Mus musculus
HALLMARK_UV_RESPONSE_UP,Wiz,https://www.gsea-msigdb.org/gsea/msigdb/mouse/geneset/HALLMARK_UV_RESPONSE_UP,MM,Mus musculus
HALLMARK_UV_RESPONSE_UP,Ykt6,https://www.gsea-msigdb.org/gsea/msigdb/mouse/geneset/HALLMARK_UV_RESPONSE_UP,MM,Mus musculus
HALLMARK_WNT_BETA_CATENIN_SIGNALING,Adam17,https://www.gsea-msigdb.org/gsea/msigdb/mouse/geneset/HALLMARK_WNT_BETA_CATENIN_SIGNALING,MM,Mus musculus
HALLMARK_WNT_BETA_CATENIN_SIGNALING,Axin1,https://www.gsea-msigdb.org/gsea/msigdb/mouse/geneset/HALLMARK_WNT_BETA_CATENIN_SIGNALING,MM,Mus musculus
HALLMARK_WNT_BETA_CATENIN_SIGNALING,Axin2,https://www.gsea-msigdb.org/gsea/msigdb/mouse/geneset/HALLMARK_WNT_BETA_CATENIN_SIGNALING,MM,Mus musculus
HALLMARK_WNT_BETA_CATENIN_SIGNALING,Ccnd2,https://www.gsea-msigdb.org/gsea/msigdb/mouse/geneset/HALLMARK_WNT_BETA_CATENIN_SIGNALING,MM,Mus musculus
HALLMARK_WNT_BETA_CATENIN_SIGNALING,Csnk1e,https://www.gsea-msigdb.org/gsea/msigdb/mouse/geneset/HALLMARK_WNT_BETA_CATENIN_SIGNALING,MM,Mus musculus
HALLMARK_WNT_BETA_CATENIN_SIGNALING,Ctnnb1,https://www.gsea-msigdb.org/gsea/msigdb/mouse/geneset/HALLMARK_WNT_BETA_CATENIN_SIGNALING,MM,Mus musculus
HALLMARK_WNT_BETA_CATENIN_SIGNALING,Cul1,https://www.gsea-msigdb.org/gsea/msigdb/mouse/geneset/HALLMARK_WNT_BETA_CATENIN_SIGNALING,MM,Mus musculus
HALLMARK_WNT_BETA_CATENIN_SIGNALING,Dkk1,https://www.gsea-msigdb.org/gsea/msigdb/mouse/geneset/HALLMARK_WNT_BETA_CATENIN_SIGNALING,MM,Mus musculus
HALLMARK_WNT_BETA_CATENIN_SIGNALING,Dkk4,https://www.gsea-msigdb.org/gsea/msigdb/mouse/geneset/HALLMARK_WNT_BETA_CATENIN_SIGNALING,MM,Mus musculus
HALLMARK_WNT_BETA_CATENIN_SIGNALING,Dll1,https://www.gsea-msigdb.org/gsea/msigdb/mouse/geneset/HALLMARK_WNT_BETA_CATENIN_SIGNALING,MM,Mus musculus
HALLMARK_WNT_BETA_CATENIN_SIGNALING,Dvl2,https://www.gsea-msigdb.org/gsea/msigdb/mouse/geneset/HALLMARK_WNT_BETA_CATENIN_SIGNALING,MM,Mus musculus
HALLMARK_WNT_BETA_CATENIN_SIGNALING,Frat1,https://www.gsea-msigdb.org/gsea/msigdb/mouse/geneset/HALLMARK_WNT_BETA_CATENIN_SIGNALING,MM,Mus musculus
HALLMARK_WNT_BETA_CATENIN_SIGNALING,Fzd1,https://www.gsea-msigdb.org/gsea/msigdb/mouse/geneset/HALLMARK_WNT_BETA_CATENIN_SIGNALING,MM,Mus musculus
HALLMARK_WNT_BETA_CATENIN_SIGNALING,Fzd8,https://www.gsea-msigdb.org/gsea/msigdb/mouse/geneset/HALLMARK_WNT_BETA_CATENIN_SIGNALING,MM,Mus musculus
HALLMARK_WNT_BETA_CATENIN_SIGNALING,Gnai1,https://www.gsea-msigdb.org/gsea/msigdb/mouse/geneset/HALLMARK_WNT_BETA_CATENIN_SIGNALING,MM,Mus musculus
HALLMARK_WNT_BETA_CATENIN_SIGNALING,Hdac11,https://www.gsea-msigdb.org/gsea/msigdb/mouse/geneset/HALLMARK_WNT_BETA_CATENIN_SIGNALING,MM,Mus musculus
HALLMARK_WNT_BETA_CATENIN_SIGNALING,Hdac2,https://www.gsea-msigdb.org/gsea/msigdb/mouse/geneset/HALLMARK_WNT_BETA_CATENIN_SIGNALING,MM,Mus musculus
HALLMARK_WNT_BETA_CATENIN_SIGNALING,Hdac5,https://www.gsea-msigdb.org/gsea/msigdb/mouse/geneset/HALLMARK_WNT_BETA_CATENIN_SIGNALING,MM,Mus musculus
HALLMARK_WNT_BETA_CATENIN_SIGNALING,Hey1,https://www.gsea-msigdb.org/gsea/msigdb/mouse/geneset/HALLMARK_WNT_BETA_CATENIN_SIGNALING,MM,Mus musculus
HALLMARK_WNT_BETA_CATENIN_SIGNALING,Hey2,https://www.gsea-msigdb.org/gsea/msigdb/mouse/geneset/HALLMARK_WNT_BETA_CATENIN_SIGNALING,MM,Mus musculus
HALLMARK_WNT_BETA_CATENIN_SIGNALING,Jag1,https://www.gsea-msigdb.org/gsea/msigdb/mouse/geneset/HALLMARK_WNT_BETA_CATENIN_SIGNALING,MM,Mus musculus
HALLMARK_WNT_BETA_CATENIN_SIGNALING,Jag2,https://www.gsea-msigdb.org/gsea/msigdb/mouse/geneset/HALLMARK_WNT_BETA_CATENIN_SIGNALING,MM,Mus musculus
HALLMARK_WNT_BETA_CATENIN_SIGNALING,Kat2a,https://www.gsea-msigdb.org/gsea/msigdb/mouse/geneset/HALLMARK_WNT_BETA_CATENIN_SIGNALING,MM,Mus musculus
HALLMARK_WNT_BETA_CATENIN_SIGNALING,Lef1,https://www.gsea-msigdb.org/gsea/msigdb/mouse/geneset/HALLMARK_WNT_BETA_CATENIN_SIGNALING,MM,Mus musculus
HALLMARK_WNT_BETA_CATENIN_SIGNALING,Maml1,https://www.gsea-msigdb.org/gsea/msigdb/mouse/geneset/HALLMARK_WNT_BETA_CATENIN_SIGNALING,MM,Mus musculus
HALLMARK_WNT_BETA_CATENIN_SIGNALING,Myc,https://www.gsea-msigdb.org/gsea/msigdb/mouse/geneset/HALLMARK_WNT_BETA_CATENIN_SIGNALING,MM,Mus musculus
HALLMARK_WNT_BETA_CATENIN_SIGNALING,Ncor2,https://www.gsea-msigdb.org/gsea/msigdb/mouse/geneset/HALLMARK_WNT_BETA_CATENIN_SIGNALING,MM,Mus musculus
HALLMARK_WNT_BETA_CATENIN_SIGNALING,Ncstn,https://www.gsea-msigdb.org/gsea/msigdb/mouse/geneset/HALLMARK_WNT_BETA_CATENIN_SIGNALING,MM,Mus musculus
HALLMARK_WNT_BETA_CATENIN_SIGNALING,Nkd1,https://www.gsea-msigdb.org/gsea/msigdb/mouse/geneset/HALLMARK_WNT_BETA_CATENIN_SIGNALING,MM,Mus musculus
HALLMARK_WNT_BETA_CATENIN_SIGNALING,Notch1,https://www.gsea-msigdb.org/gsea/msigdb/mouse/geneset/HALLMARK_WNT_BETA_CATENIN_SIGNALING,MM,Mus musculus
HALLMARK_WNT_BETA_CATENIN_SIGNALING,Notch4,https://www.gsea-msigdb.org/gsea/msigdb/mouse/geneset/HALLMARK_WNT_BETA_CATENIN_SIGNALING,MM,Mus musculus
HALLMARK_WNT_BETA_CATENIN_SIGNALING,Numb,https://www.gsea-msigdb.org/gsea/msigdb/mouse/geneset/HALLMARK_WNT_BETA_CATENIN_SIGNALING,MM,Mus musculus
HALLMARK_WNT_BETA_CATENIN_SIGNALING,Ppard,https://www.gsea-msigdb.org/gsea/msigdb/mouse/geneset/HALLMARK_WNT_BETA_CATENIN_SIGNALING,MM,Mus musculus
HALLMARK_WNT_BETA_CATENIN_SIGNALING,Psen2,https://www.gsea-msigdb.org/gsea/msigdb/mouse/geneset/HALLMARK_WNT_BETA_CATENIN_SIGNALING,MM,Mus musculus
HALLMARK_WNT_BETA_CATENIN_SIGNALING,Ptch1,https://www.gsea-msigdb.org/gsea/msigdb/mouse/geneset/HALLMARK_WNT_BETA_CATENIN_SIGNALING,MM,Mus musculus
HALLMARK_WNT_BETA_CATENIN_SIGNALING,Rbpj,https://www.gsea-msigdb.org/gsea/msigdb/mouse/geneset/HALLMARK_WNT_BETA_CATENIN_SIGNALING,MM,Mus musculus
HALLMARK_WNT_BETA_CATENIN_SIGNALING,Skp2,https://www.gsea-msigdb.org/gsea/msigdb/mouse/geneset/HALLMARK_WNT_BETA_CATENIN_SIGNALING,MM,Mus musculus
HALLMARK_WNT_BETA_CATENIN_SIGNALING,Tcf7,https://www.gsea-msigdb.org/gsea/msigdb/mouse/geneset/HALLMARK_WNT_BETA_CATENIN_SIGNALING,MM,Mus musculus
HALLMARK_WNT_BETA_CATENIN_SIGNALING,Trp53,https://www.gsea-msigdb.org/gsea/msigdb/mouse/geneset/HALLMARK_WNT_BETA_CATENIN_SIGNALING,MM,Mus musculus
HALLMARK_WNT_BETA_CATENIN_SIGNALING,Wnt1,https://www.gsea-msigdb.org/gsea/msigdb/mouse/geneset/HALLMARK_WNT_BETA_CATENIN_SIGNALING,MM,Mus musculus
HALLMARK_WNT_BETA_CATENIN_SIGNALING,Wnt5b,https://www.gsea-msigdb.org/gsea/msigdb/mouse/geneset/HALLMARK_WNT_BETA_CATENIN_SIGNALING,MM,Mus musculus
HALLMARK_WNT_BETA_CATENIN_SIGNALING,Wnt6,https://www.gsea-msigdb.org/gsea/msigdb/mouse/geneset/HALLMARK_WNT_BETA_CATENIN_SIGNALING,MM,Mus musculus
HALLMARK_XENOBIOTIC_METABOLISM,Abcc2,https://www.gsea-msigdb.org/gsea/msigdb/mouse/geneset/HALLMARK_XENOBIOTIC_METABOLISM,MM,Mus musculus
HALLMARK_XENOBIOTIC_METABOLISM,Abcc3,https://www.gsea-msigdb.org/gsea/msigdb/mouse/geneset/HALLMARK_XENOBIOTIC_METABOLISM,MM,Mus musculus
HALLMARK_XENOBIOTIC_METABOLISM,Abcd2,https://www.gsea-msigdb.org/gsea/msigdb/mouse/geneset/HALLMARK_XENOBIOTIC_METABOLISM,MM,Mus musculus
HALLMARK_XENOBIOTIC_METABOLISM,Abhd6,https://www.gsea-msigdb.org/gsea/msigdb/mouse/geneset/HALLMARK_XENOBIOTIC_METABOLISM,MM,Mus musculus
HALLMARK_XENOBIOTIC_METABOLISM,Aco2,https://www.gsea-msigdb.org/gsea/msigdb/mouse/geneset/HALLMARK_XENOBIOTIC_METABOLISM,MM,Mus musculus
HALLMARK_XENOBIOTIC_METABOLISM,Acox1,https://www.gsea-msigdb.org/gsea/msigdb/mouse/geneset/HALLMARK_XENOBIOTIC_METABOLISM,MM,Mus musculus
HALLMARK_XENOBIOTIC_METABOLISM,Acox2,https://www.gsea-msigdb.org/gsea/msigdb/mouse/geneset/HALLMARK_XENOBIOTIC_METABOLISM,MM,Mus musculus
HALLMARK_XENOBIOTIC_METABOLISM,Acox3,https://www.gsea-msigdb.org/gsea/msigdb/mouse/geneset/HALLMARK_XENOBIOTIC_METABOLISM,MM,Mus musculus
HALLMARK_XENOBIOTIC_METABOLISM,Acp1,https://www.gsea-msigdb.org/gsea/msigdb/mouse/geneset/HALLMARK_XENOBIOTIC_METABOLISM,MM,Mus musculus
HALLMARK_XENOBIOTIC_METABOLISM,Acp2,https://www.gsea-msigdb.org/gsea/msigdb/mouse/geneset/HALLMARK_XENOBIOTIC_METABOLISM,MM,Mus musculus
HALLMARK_XENOBIOTIC_METABOLISM,Acsm1,https://www.gsea-msigdb.org/gsea/msigdb/mouse/geneset/HALLMARK_XENOBIOTIC_METABOLISM,MM,Mus musculus
HALLMARK_XENOBIOTIC_METABOLISM,Adh5,https://www.gsea-msigdb.org/gsea/msigdb/mouse/geneset/HALLMARK_XENOBIOTIC_METABOLISM,MM,Mus musculus
HALLMARK_XENOBIOTIC_METABOLISM,Adh7,https://www.gsea-msigdb.org/gsea/msigdb/mouse/geneset/HALLMARK_XENOBIOTIC_METABOLISM,MM,Mus musculus
HALLMARK_XENOBIOTIC_METABOLISM,Ahcyl,https://www.gsea-msigdb.org/gsea/msigdb/mouse/geneset/HALLMARK_XENOBIOTIC_METABOLISM,MM,Mus musculus
HALLMARK_XENOBIOTIC_METABOLISM,Akr1c6,https://www.gsea-msigdb.org/gsea/msigdb/mouse/geneset/HALLMARK_XENOBIOTIC_METABOLISM,MM,Mus musculus
HALLMARK_XENOBIOTIC_METABOLISM,Alas1,https://www.gsea-msigdb.org/gsea/msigdb/mouse/geneset/HALLMARK_XENOBIOTIC_METABOLISM,MM,Mus musculus
HALLMARK_XENOBIOTIC_METABOLISM,Aldh2,https://www.gsea-msigdb.org/gsea/msigdb/mouse/geneset/HALLMARK_XENOBIOTIC_METABOLISM,MM,Mus musculus
HALLMARK_XENOBIOTIC_METABOLISM,Aldh3a1,https://www.gsea-msigdb.org/gsea/msigdb/mouse/geneset/HALLMARK_XENOBIOTIC_METABOLISM,MM,Mus musculus
HALLMARK_XENOBIOTIC_METABOLISM,Aldh9a1,https://www.gsea-msigdb.org/gsea/msigdb/mouse/geneset/HALLMARK_XENOBIOTIC_METABOLISM,MM,Mus musculus
HALLMARK_XENOBIOTIC_METABOLISM,Angptl3,https://www.gsea-msigdb.org/gsea/msigdb/mouse/geneset/HALLMARK_XENOBIOTIC_METABOLISM,MM,Mus musculus
HALLMARK_XENOBIOTIC_METABOLISM,Aox1,https://www.gsea-msigdb.org/gsea/msigdb/mouse/geneset/HALLMARK_XENOBIOTIC_METABOLISM,MM,Mus musculus
HALLMARK_XENOBIOTIC_METABOLISM,Ap4b1,https://www.gsea-msigdb.org/gsea/msigdb/mouse/geneset/HALLMARK_XENOBIOTIC_METABOLISM,MM,Mus musculus
HALLMARK_XENOBIOTIC_METABOLISM,Apoe,https://www.gsea-msigdb.org/gsea/msigdb/mouse/geneset/HALLMARK_XENOBIOTIC_METABOLISM,MM,Mus musculus
HALLMARK_XENOBIOTIC_METABOLISM,Aqp9,https://www.gsea-msigdb.org/gsea/msigdb/mouse/geneset/HALLMARK_XENOBIOTIC_METABOLISM,MM,Mus musculus
HALLMARK_XENOBIOTIC_METABOLISM,Arg1,https://www.gsea-msigdb.org/gsea/msigdb/mouse/geneset/HALLMARK_XENOBIOTIC_METABOLISM,MM,Mus musculus
HALLMARK_XENOBIOTIC_METABOLISM,Arg2,https://www.gsea-msigdb.org/gsea/msigdb/mouse/geneset/HALLMARK_XENOBIOTIC_METABOLISM,MM,Mus musculus
HALLMARK_XENOBIOTIC_METABOLISM,Arpp19,https://www.gsea-msigdb.org/gsea/msigdb/mouse/geneset/HALLMARK_XENOBIOTIC_METABOLISM,MM,Mus musculus
HALLMARK_XENOBIOTIC_METABOLISM,Asl,https://www.gsea-msigdb.org/gsea/msigdb/mouse/geneset/HALLMARK_XENOBIOTIC_METABOLISM,MM,Mus musculus
HALLMARK_XENOBIOTIC_METABOLISM,Atoh8,https://www.gsea-msigdb.org/gsea/msigdb/mouse/geneset/HALLMARK_XENOBIOTIC_METABOLISM,MM,Mus musculus
HALLMARK_XENOBIOTIC_METABOLISM,Atp2a2,https://www.gsea-msigdb.org/gsea/msigdb/mouse/geneset/HALLMARK_XENOBIOTIC_METABOLISM,MM,Mus musculus
HALLMARK_XENOBIOTIC_METABOLISM,Bcar1,https://www.gsea-msigdb.org/gsea/msigdb/mouse/geneset/HALLMARK_XENOBIOTIC_METABOLISM,MM,Mus musculus
HALLMARK_XENOBIOTIC_METABOLISM,Bcat1,https://www.gsea-msigdb.org/gsea/msigdb/mouse/geneset/HALLMARK_XENOBIOTIC_METABOLISM,MM,Mus musculus
HALLMARK_XENOBIOTIC_METABOLISM,Blvrb,https://www.gsea-msigdb.org/gsea/msigdb/mouse/geneset/HALLMARK_XENOBIOTIC_METABOLISM,MM,Mus musculus
HALLMARK_XENOBIOTIC_METABOLISM,Bphl,https://www.gsea-msigdb.org/gsea/msigdb/mouse/geneset/HALLMARK_XENOBIOTIC_METABOLISM,MM,Mus musculus
HALLMARK_XENOBIOTIC_METABOLISM,Car2,https://www.gsea-msigdb.org/gsea/msigdb/mouse/geneset/HALLMARK_XENOBIOTIC_METABOLISM,MM,Mus musculus
HALLMARK_XENOBIOTIC_METABOLISM,Casp6,https://www.gsea-msigdb.org/gsea/msigdb/mouse/geneset/HALLMARK_XENOBIOTIC_METABOLISM,MM,Mus musculus
HALLMARK_XENOBIOTIC_METABOLISM,Cat,https://www.gsea-msigdb.org/gsea/msigdb/mouse/geneset/HALLMARK_XENOBIOTIC_METABOLISM,MM,Mus musculus
HALLMARK_XENOBIOTIC_METABOLISM,Cbr1,https://www.gsea-msigdb.org/gsea/msigdb/mouse/geneset/HALLMARK_XENOBIOTIC_METABOLISM,MM,Mus musculus
HALLMARK_XENOBIOTIC_METABOLISM,Ccl25,https://www.gsea-msigdb.org/gsea/msigdb/mouse/geneset/HALLMARK_XENOBIOTIC_METABOLISM,MM,Mus musculus
HALLMARK_XENOBIOTIC_METABOLISM,Cd36,https://www.gsea-msigdb.org/gsea/msigdb/mouse/geneset/HALLMARK_XENOBIOTIC_METABOLISM,MM,Mus musculus
HALLMARK_XENOBIOTIC_METABOLISM,Cda,https://www.gsea-msigdb.org/gsea/msigdb/mouse/geneset/HALLMARK_XENOBIOTIC_METABOLISM,MM,Mus musculus
HALLMARK_XENOBIOTIC_METABOLISM,Cdo1,https://www.gsea-msigdb.org/gsea/msigdb/mouse/geneset/HALLMARK_XENOBIOTIC_METABOLISM,MM,Mus musculus
HALLMARK_XENOBIOTIC_METABOLISM,Ces1d,https://www.gsea-msigdb.org/gsea/msigdb/mouse/geneset/HALLMARK_XENOBIOTIC_METABOLISM,MM,Mus musculus
HALLMARK_XENOBIOTIC_METABOLISM,Cfb,https://www.gsea-msigdb.org/gsea/msigdb/mouse/geneset/HALLMARK_XENOBIOTIC_METABOLISM,MM,Mus musculus
HALLMARK_XENOBIOTIC_METABOLISM,Cndp2,https://www.gsea-msigdb.org/gsea/msigdb/mouse/geneset/HALLMARK_XENOBIOTIC_METABOLISM,MM,Mus musculus
HALLMARK_XENOBIOTIC_METABOLISM,Comt,https://www.gsea-msigdb.org/gsea/msigdb/mouse/geneset/HALLMARK_XENOBIOTIC_METABOLISM,MM,Mus musculus
HALLMARK_XENOBIOTIC_METABOLISM,Crot,https://www.gsea-msigdb.org/gsea/msigdb/mouse/geneset/HALLMARK_XENOBIOTIC_METABOLISM,MM,Mus musculus
HALLMARK_XENOBIOTIC_METABOLISM,Crp,https://www.gsea-msigdb.org/gsea/msigdb/mouse/geneset/HALLMARK_XENOBIOTIC_METABOLISM,MM,Mus musculus
HALLMARK_XENOBIOTIC_METABOLISM,Csad,https://www.gsea-msigdb.org/gsea/msigdb/mouse/geneset/HALLMARK_XENOBIOTIC_METABOLISM,MM,Mus musculus
HALLMARK_XENOBIOTIC_METABOLISM,Cyb5a,https://www.gsea-msigdb.org/gsea/msigdb/mouse/geneset/HALLMARK_XENOBIOTIC_METABOLISM,MM,Mus musculus
HALLMARK_XENOBIOTIC_METABOLISM,Cyfip2,https://www.gsea-msigdb.org/gsea/msigdb/mouse/geneset/HALLMARK_XENOBIOTIC_METABOLISM,MM,Mus musculus
HALLMARK_XENOBIOTIC_METABOLISM,Cyp17a1,https://www.gsea-msigdb.org/gsea/msigdb/mouse/geneset/HALLMARK_XENOBIOTIC_METABOLISM,MM,Mus musculus
HALLMARK_XENOBIOTIC_METABOLISM,Cyp1a1,https://www.gsea-msigdb.org/gsea/msigdb/mouse/geneset/HALLMARK_XENOBIOTIC_METABOLISM,MM,Mus musculus
HALLMARK_XENOBIOTIC_METABOLISM,Cyp1a2,https://www.gsea-msigdb.org/gsea/msigdb/mouse/geneset/HALLMARK_XENOBIOTIC_METABOLISM,MM,Mus musculus
HALLMARK_XENOBIOTIC_METABOLISM,Cyp26a1,https://www.gsea-msigdb.org/gsea/msigdb/mouse/geneset/HALLMARK_XENOBIOTIC_METABOLISM,MM,Mus musculus
HALLMARK_XENOBIOTIC_METABOLISM,Cyp27a1,https://www.gsea-msigdb.org/gsea/msigdb/mouse/geneset/HALLMARK_XENOBIOTIC_METABOLISM,MM,Mus musculus
HALLMARK_XENOBIOTIC_METABOLISM,Cyp2c55,https://www.gsea-msigdb.org/gsea/msigdb/mouse/geneset/HALLMARK_XENOBIOTIC_METABOLISM,MM,Mus musculus
HALLMARK_XENOBIOTIC_METABOLISM,Cyp2e1,https://www.gsea-msigdb.org/gsea/msigdb/mouse/geneset/HALLMARK_XENOBIOTIC_METABOLISM,MM,Mus musculus
HALLMARK_XENOBIOTIC_METABOLISM,Cyp2j6,https://www.gsea-msigdb.org/gsea/msigdb/mouse/geneset/HALLMARK_XENOBIOTIC_METABOLISM,MM,Mus musculus
HALLMARK_XENOBIOTIC_METABOLISM,Cyp2s1,https://www.gsea-msigdb.org/gsea/msigdb/mouse/geneset/HALLMARK_XENOBIOTIC_METABOLISM,MM,Mus musculus
HALLMARK_XENOBIOTIC_METABOLISM,Cyp4f14,https://www.gsea-msigdb.org/gsea/msigdb/mouse/geneset/HALLMARK_XENOBIOTIC_METABOLISM,MM,Mus musculus
HALLMARK_XENOBIOTIC_METABOLISM,Dcxr,https://www.gsea-msigdb.org/gsea/msigdb/mouse/geneset/HALLMARK_XENOBIOTIC_METABOLISM,MM,Mus musculus
HALLMARK_XENOBIOTIC_METABOLISM,Ddah2,https://www.gsea-msigdb.org/gsea/msigdb/mouse/geneset/HALLMARK_XENOBIOTIC_METABOLISM,MM,Mus musculus
HALLMARK_XENOBIOTIC_METABOLISM,Ddc,https://www.gsea-msigdb.org/gsea/msigdb/mouse/geneset/HALLMARK_XENOBIOTIC_METABOLISM,MM,Mus musculus
HALLMARK_XENOBIOTIC_METABOLISM,Ddt,https://www.gsea-msigdb.org/gsea/msigdb/mouse/geneset/HALLMARK_XENOBIOTIC_METABOLISM,MM,Mus musculus
HALLMARK_XENOBIOTIC_METABOLISM,Dhps,https://www.gsea-msigdb.org/gsea/msigdb/mouse/geneset/HALLMARK_XENOBIOTIC_METABOLISM,MM,Mus musculus
HALLMARK_XENOBIOTIC_METABOLISM,Dhrs1,https://www.gsea-msigdb.org/gsea/msigdb/mouse/geneset/HALLMARK_XENOBIOTIC_METABOLISM,MM,Mus musculus
HALLMARK_XENOBIOTIC_METABOLISM,Dhrs7,https://www.gsea-msigdb.org/gsea/msigdb/mouse/geneset/HALLMARK_XENOBIOTIC_METABOLISM,MM,Mus musculus
HALLMARK_XENOBIOTIC_METABOLISM,Ech1,https://www.gsea-msigdb.org/gsea/msigdb/mouse/geneset/HALLMARK_XENOBIOTIC_METABOLISM,MM,Mus musculus
HALLMARK_XENOBIOTIC_METABOLISM,Elovl5,https://www.gsea-msigdb.org/gsea/msigdb/mouse/geneset/HALLMARK_XENOBIOTIC_METABOLISM,MM,Mus musculus
HALLMARK_XENOBIOTIC_METABOLISM,Enpep,https://www.gsea-msigdb.org/gsea/msigdb/mouse/geneset/HALLMARK_XENOBIOTIC_METABOLISM,MM,Mus musculus
HALLMARK_XENOBIOTIC_METABOLISM,Entpd5,https://www.gsea-msigdb.org/gsea/msigdb/mouse/geneset/HALLMARK_XENOBIOTIC_METABOLISM,MM,Mus musculus
HALLMARK_XENOBIOTIC_METABOLISM,Epha2,https://www.gsea-msigdb.org/gsea/msigdb/mouse/geneset/HALLMARK_XENOBIOTIC_METABOLISM,MM,Mus musculus
HALLMARK_XENOBIOTIC_METABOLISM,Ephx1,https://www.gsea-msigdb.org/gsea/msigdb/mouse/geneset/HALLMARK_XENOBIOTIC_METABOLISM,MM,Mus musculus
HALLMARK_XENOBIOTIC_METABOLISM,Esr1,https://www.gsea-msigdb.org/gsea/msigdb/mouse/geneset/HALLMARK_XENOBIOTIC_METABOLISM,MM,Mus musculus
HALLMARK_XENOBIOTIC_METABOLISM,Etfdh,https://www.gsea-msigdb.org/gsea/msigdb/mouse/geneset/HALLMARK_XENOBIOTIC_METABOLISM,MM,Mus musculus
HALLMARK_XENOBIOTIC_METABOLISM,Ets2,https://www.gsea-msigdb.org/gsea/msigdb/mouse/geneset/HALLMARK_XENOBIOTIC_METABOLISM,MM,Mus musculus
HALLMARK_XENOBIOTIC_METABOLISM,F10,https://www.gsea-msigdb.org/gsea/msigdb/mouse/geneset/HALLMARK_XENOBIOTIC_METABOLISM,MM,Mus musculus
HALLMARK_XENOBIOTIC_METABOLISM,F11,https://www.gsea-msigdb.org/gsea/msigdb/mouse/geneset/HALLMARK_XENOBIOTIC_METABOLISM,MM,Mus musculus
HALLMARK_XENOBIOTIC_METABOLISM,Fabp1,https://www.gsea-msigdb.org/gsea/msigdb/mouse/geneset/HALLMARK_XENOBIOTIC_METABOLISM,MM,Mus musculus
HALLMARK_XENOBIOTIC_METABOLISM,Fah,https://www.gsea-msigdb.org/gsea/msigdb/mouse/geneset/HALLMARK_XENOBIOTIC_METABOLISM,MM,Mus musculus
HALLMARK_XENOBIOTIC_METABOLISM,Fas,https://www.gsea-msigdb.org/gsea/msigdb/mouse/geneset/HALLMARK_XENOBIOTIC_METABOLISM,MM,Mus musculus
HALLMARK_XENOBIOTIC_METABOLISM,Fbln1,https://www.gsea-msigdb.org/gsea/msigdb/mouse/geneset/HALLMARK_XENOBIOTIC_METABOLISM,MM,Mus musculus
HALLMARK_XENOBIOTIC_METABOLISM,Fbp1,https://www.gsea-msigdb.org/gsea/msigdb/mouse/geneset/HALLMARK_XENOBIOTIC_METABOLISM,MM,Mus musculus
HALLMARK_XENOBIOTIC_METABOLISM,Fetub,https://www.gsea-msigdb.org/gsea/msigdb/mouse/geneset/HALLMARK_XENOBIOTIC_METABOLISM,MM,Mus musculus
HALLMARK_XENOBIOTIC_METABOLISM,Fmo1,https://www.gsea-msigdb.org/gsea/msigdb/mouse/geneset/HALLMARK_XENOBIOTIC_METABOLISM,MM,Mus musculus
HALLMARK_XENOBIOTIC_METABOLISM,Fmo3,https://www.gsea-msigdb.org/gsea/msigdb/mouse/geneset/HALLMARK_XENOBIOTIC_METABOLISM,MM,Mus musculus
HALLMARK_XENOBIOTIC_METABOLISM,G6pc1,https://www.gsea-msigdb.org/gsea/msigdb/mouse/geneset/HALLMARK_XENOBIOTIC_METABOLISM,MM,Mus musculus
HALLMARK_XENOBIOTIC_METABOLISM,Gabarapl1,https://www.gsea-msigdb.org/gsea/msigdb/mouse/geneset/HALLMARK_XENOBIOTIC_METABOLISM,MM,Mus musculus
HALLMARK_XENOBIOTIC_METABOLISM,Gad1,https://www.gsea-msigdb.org/gsea/msigdb/mouse/geneset/HALLMARK_XENOBIOTIC_METABOLISM,MM,Mus musculus
HALLMARK_XENOBIOTIC_METABOLISM,Gart,https://www.gsea-msigdb.org/gsea/msigdb/mouse/geneset/HALLMARK_XENOBIOTIC_METABOLISM,MM,Mus musculus
HALLMARK_XENOBIOTIC_METABOLISM,Gch1,https://www.gsea-msigdb.org/gsea/msigdb/mouse/geneset/HALLMARK_XENOBIOTIC_METABOLISM,MM,Mus musculus
HALLMARK_XENOBIOTIC_METABOLISM,Gckr,https://www.gsea-msigdb.org/gsea/msigdb/mouse/geneset/HALLMARK_XENOBIOTIC_METABOLISM,MM,Mus musculus
HALLMARK_XENOBIOTIC_METABOLISM,Gclc,https://www.gsea-msigdb.org/gsea/msigdb/mouse/geneset/HALLMARK_XENOBIOTIC_METABOLISM,MM,Mus musculus
HALLMARK_XENOBIOTIC_METABOLISM,Gcnt2,https://www.gsea-msigdb.org/gsea/msigdb/mouse/geneset/HALLMARK_XENOBIOTIC_METABOLISM,MM,Mus musculus
HALLMARK_XENOBIOTIC_METABOLISM,Gnmt,https://www.gsea-msigdb.org/gsea/msigdb/mouse/geneset/HALLMARK_XENOBIOTIC_METABOLISM,MM,Mus musculus
HALLMARK_XENOBIOTIC_METABOLISM,Gsr,https://www.gsea-msigdb.org/gsea/msigdb/mouse/geneset/HALLMARK_XENOBIOTIC_METABOLISM,MM,Mus musculus
HALLMARK_XENOBIOTIC_METABOLISM,Gss,https://www.gsea-msigdb.org/gsea/msigdb/mouse/geneset/HALLMARK_XENOBIOTIC_METABOLISM,MM,Mus musculus
HALLMARK_XENOBIOTIC_METABOLISM,Gstm4,https://www.gsea-msigdb.org/gsea/msigdb/mouse/geneset/HALLMARK_XENOBIOTIC_METABOLISM,MM,Mus musculus
HALLMARK_XENOBIOTIC_METABOLISM,Gsto1,https://www.gsea-msigdb.org/gsea/msigdb/mouse/geneset/HALLMARK_XENOBIOTIC_METABOLISM,MM,Mus musculus
HALLMARK_XENOBIOTIC_METABOLISM,Gstt2,https://www.gsea-msigdb.org/gsea/msigdb/mouse/geneset/HALLMARK_XENOBIOTIC_METABOLISM,MM,Mus musculus
HALLMARK_XENOBIOTIC_METABOLISM,Hacl1,https://www.gsea-msigdb.org/gsea/msigdb/mouse/geneset/HALLMARK_XENOBIOTIC_METABOLISM,MM,Mus musculus
HALLMARK_XENOBIOTIC_METABOLISM,Hes6,https://www.gsea-msigdb.org/gsea/msigdb/mouse/geneset/HALLMARK_XENOBIOTIC_METABOLISM,MM,Mus musculus
HALLMARK_XENOBIOTIC_METABOLISM,Hgfac,https://www.gsea-msigdb.org/gsea/msigdb/mouse/geneset/HALLMARK_XENOBIOTIC_METABOLISM,MM,Mus musculus
HALLMARK_XENOBIOTIC_METABOLISM,Hmox1,https://www.gsea-msigdb.org/gsea/msigdb/mouse/geneset/HALLMARK_XENOBIOTIC_METABOLISM,MM,Mus musculus
HALLMARK_XENOBIOTIC_METABOLISM,Hnf4a,https://www.gsea-msigdb.org/gsea/msigdb/mouse/geneset/HALLMARK_XENOBIOTIC_METABOLISM,MM,Mus musculus
HALLMARK_XENOBIOTIC_METABOLISM,Hprt1,https://www.gsea-msigdb.org/gsea/msigdb/mouse/geneset/HALLMARK_XENOBIOTIC_METABOLISM,MM,Mus musculus
HALLMARK_XENOBIOTIC_METABOLISM,Hrg,https://www.gsea-msigdb.org/gsea/msigdb/mouse/geneset/HALLMARK_XENOBIOTIC_METABOLISM,MM,Mus musculus
HALLMARK_XENOBIOTIC_METABOLISM,Hsd11b1,https://www.gsea-msigdb.org/gsea/msigdb/mouse/geneset/HALLMARK_XENOBIOTIC_METABOLISM,MM,Mus musculus
HALLMARK_XENOBIOTIC_METABOLISM,Hsd17b2,https://www.gsea-msigdb.org/gsea/msigdb/mouse/geneset/HALLMARK_XENOBIOTIC_METABOLISM,MM,Mus musculus
HALLMARK_XENOBIOTIC_METABOLISM,Id2,https://www.gsea-msigdb.org/gsea/msigdb/mouse/geneset/HALLMARK_XENOBIOTIC_METABOLISM,MM,Mus musculus
HALLMARK_XENOBIOTIC_METABOLISM,Idh1,https://www.gsea-msigdb.org/gsea/msigdb/mouse/geneset/HALLMARK_XENOBIOTIC_METABOLISM,MM,Mus musculus
HALLMARK_XENOBIOTIC_METABOLISM,Igf1,https://www.gsea-msigdb.org/gsea/msigdb/mouse/geneset/HALLMARK_XENOBIOTIC_METABOLISM,MM,Mus musculus
HALLMARK_XENOBIOTIC_METABOLISM,Igfbp1,https://www.gsea-msigdb.org/gsea/msigdb/mouse/geneset/HALLMARK_XENOBIOTIC_METABOLISM,MM,Mus musculus
HALLMARK_XENOBIOTIC_METABOLISM,Igfbp4,https://www.gsea-msigdb.org/gsea/msigdb/mouse/geneset/HALLMARK_XENOBIOTIC_METABOLISM,MM,Mus musculus
HALLMARK_XENOBIOTIC_METABOLISM,Il1r1,https://www.gsea-msigdb.org/gsea/msigdb/mouse/geneset/HALLMARK_XENOBIOTIC_METABOLISM,MM,Mus musculus
HALLMARK_XENOBIOTIC_METABOLISM,Irf8,https://www.gsea-msigdb.org/gsea/msigdb/mouse/geneset/HALLMARK_XENOBIOTIC_METABOLISM,MM,Mus musculus
HALLMARK_XENOBIOTIC_METABOLISM,Itih1,https://www.gsea-msigdb.org/gsea/msigdb/mouse/geneset/HALLMARK_XENOBIOTIC_METABOLISM,MM,Mus musculus
HALLMARK_XENOBIOTIC_METABOLISM,Itih4,https://www.gsea-msigdb.org/gsea/msigdb/mouse/geneset/HALLMARK_XENOBIOTIC_METABOLISM,MM,Mus musculus
HALLMARK_XENOBIOTIC_METABOLISM,Jup,https://www.gsea-msigdb.org/gsea/msigdb/mouse/geneset/HALLMARK_XENOBIOTIC_METABOLISM,MM,Mus musculus
HALLMARK_XENOBIOTIC_METABOLISM,Kars1,https://www.gsea-msigdb.org/gsea/msigdb/mouse/geneset/HALLMARK_XENOBIOTIC_METABOLISM,MM,Mus musculus
HALLMARK_XENOBIOTIC_METABOLISM,Kynu,https://www.gsea-msigdb.org/gsea/msigdb/mouse/geneset/HALLMARK_XENOBIOTIC_METABOLISM,MM,Mus musculus
HALLMARK_XENOBIOTIC_METABOLISM,Lcat,https://www.gsea-msigdb.org/gsea/msigdb/mouse/geneset/HALLMARK_XENOBIOTIC_METABOLISM,MM,Mus musculus
HALLMARK_XENOBIOTIC_METABOLISM,Leap2,https://www.gsea-msigdb.org/gsea/msigdb/mouse/geneset/HALLMARK_XENOBIOTIC_METABOLISM,MM,Mus musculus
HALLMARK_XENOBIOTIC_METABOLISM,Lonp1,https://www.gsea-msigdb.org/gsea/msigdb/mouse/geneset/HALLMARK_XENOBIOTIC_METABOLISM,MM,Mus musculus
HALLMARK_XENOBIOTIC_METABOLISM,Lpin2,https://www.gsea-msigdb.org/gsea/msigdb/mouse/geneset/HALLMARK_XENOBIOTIC_METABOLISM,MM,Mus musculus
HALLMARK_XENOBIOTIC_METABOLISM,Man1a,https://www.gsea-msigdb.org/gsea/msigdb/mouse/geneset/HALLMARK_XENOBIOTIC_METABOLISM,MM,Mus musculus
HALLMARK_XENOBIOTIC_METABOLISM,Maoa,https://www.gsea-msigdb.org/gsea/msigdb/mouse/geneset/HALLMARK_XENOBIOTIC_METABOLISM,MM,Mus musculus
HALLMARK_XENOBIOTIC_METABOLISM,Marchf6,https://www.gsea-msigdb.org/gsea/msigdb/mouse/geneset/HALLMARK_XENOBIOTIC_METABOLISM,MM,Mus musculus
HALLMARK_XENOBIOTIC_METABOLISM,Mbl2,https://www.gsea-msigdb.org/gsea/msigdb/mouse/geneset/HALLMARK_XENOBIOTIC_METABOLISM,MM,Mus musculus
HALLMARK_XENOBIOTIC_METABOLISM,Mccc2,https://www.gsea-msigdb.org/gsea/msigdb/mouse/geneset/HALLMARK_XENOBIOTIC_METABOLISM,MM,Mus musculus
HALLMARK_XENOBIOTIC_METABOLISM,Mpp2,https://www.gsea-msigdb.org/gsea/msigdb/mouse/geneset/HALLMARK_XENOBIOTIC_METABOLISM,MM,Mus musculus
HALLMARK_XENOBIOTIC_METABOLISM,Mthfd1,https://www.gsea-msigdb.org/gsea/msigdb/mouse/geneset/HALLMARK_XENOBIOTIC_METABOLISM,MM,Mus musculus
HALLMARK_XENOBIOTIC_METABOLISM,Ndrg2,https://www.gsea-msigdb.org/gsea/msigdb/mouse/geneset/HALLMARK_XENOBIOTIC_METABOLISM,MM,Mus musculus
HALLMARK_XENOBIOTIC_METABOLISM,Nfs1,https://www.gsea-msigdb.org/gsea/msigdb/mouse/geneset/HALLMARK_XENOBIOTIC_METABOLISM,MM,Mus musculus
HALLMARK_XENOBIOTIC_METABOLISM,Ninj1,https://www.gsea-msigdb.org/gsea/msigdb/mouse/geneset/HALLMARK_XENOBIOTIC_METABOLISM,MM,Mus musculus
HALLMARK_XENOBIOTIC_METABOLISM,Nmt1,https://www.gsea-msigdb.org/gsea/msigdb/mouse/geneset/HALLMARK_XENOBIOTIC_METABOLISM,MM,Mus musculus
HALLMARK_XENOBIOTIC_METABOLISM,Npc1,https://www.gsea-msigdb.org/gsea/msigdb/mouse/geneset/HALLMARK_XENOBIOTIC_METABOLISM,MM,Mus musculus
HALLMARK_XENOBIOTIC_METABOLISM,Nqo1,https://www.gsea-msigdb.org/gsea/msigdb/mouse/geneset/HALLMARK_XENOBIOTIC_METABOLISM,MM,Mus musculus
HALLMARK_XENOBIOTIC_METABOLISM,Papss2,https://www.gsea-msigdb.org/gsea/msigdb/mouse/geneset/HALLMARK_XENOBIOTIC_METABOLISM,MM,Mus musculus
HALLMARK_XENOBIOTIC_METABOLISM,Pcx,https://www.gsea-msigdb.org/gsea/msigdb/mouse/geneset/HALLMARK_XENOBIOTIC_METABOLISM,MM,Mus musculus
HALLMARK_XENOBIOTIC_METABOLISM,Pdk4,https://www.gsea-msigdb.org/gsea/msigdb/mouse/geneset/HALLMARK_XENOBIOTIC_METABOLISM,MM,Mus musculus
HALLMARK_XENOBIOTIC_METABOLISM,Pdlim5,https://www.gsea-msigdb.org/gsea/msigdb/mouse/geneset/HALLMARK_XENOBIOTIC_METABOLISM,MM,Mus musculus
HALLMARK_XENOBIOTIC_METABOLISM,Pemt,https://www.gsea-msigdb.org/gsea/msigdb/mouse/geneset/HALLMARK_XENOBIOTIC_METABOLISM,MM,Mus musculus
HALLMARK_XENOBIOTIC_METABOLISM,Pgd,https://www.gsea-msigdb.org/gsea/msigdb/mouse/geneset/HALLMARK_XENOBIOTIC_METABOLISM,MM,Mus musculus
HALLMARK_XENOBIOTIC_METABOLISM,Pgrmc1,https://www.gsea-msigdb.org/gsea/msigdb/mouse/geneset/HALLMARK_XENOBIOTIC_METABOLISM,MM,Mus musculus
HALLMARK_XENOBIOTIC_METABOLISM,Pink1,https://www.gsea-msigdb.org/gsea/msigdb/mouse/geneset/HALLMARK_XENOBIOTIC_METABOLISM,MM,Mus musculus
HALLMARK_XENOBIOTIC_METABOLISM,Plg,https://www.gsea-msigdb.org/gsea/msigdb/mouse/geneset/HALLMARK_XENOBIOTIC_METABOLISM,MM,Mus musculus
HALLMARK_XENOBIOTIC_METABOLISM,Pmm1,https://www.gsea-msigdb.org/gsea/msigdb/mouse/geneset/HALLMARK_XENOBIOTIC_METABOLISM,MM,Mus musculus
HALLMARK_XENOBIOTIC_METABOLISM,Por,https://www.gsea-msigdb.org/gsea/msigdb/mouse/geneset/HALLMARK_XENOBIOTIC_METABOLISM,MM,Mus musculus
HALLMARK_XENOBIOTIC_METABOLISM,Ppard,https://www.gsea-msigdb.org/gsea/msigdb/mouse/geneset/HALLMARK_XENOBIOTIC_METABOLISM,MM,Mus musculus
HALLMARK_XENOBIOTIC_METABOLISM,Pros1,https://www.gsea-msigdb.org/gsea/msigdb/mouse/geneset/HALLMARK_XENOBIOTIC_METABOLISM,MM,Mus musculus
HALLMARK_XENOBIOTIC_METABOLISM,Psmb10,https://www.gsea-msigdb.org/gsea/msigdb/mouse/geneset/HALLMARK_XENOBIOTIC_METABOLISM,MM,Mus musculus
HALLMARK_XENOBIOTIC_METABOLISM,Ptgds,https://www.gsea-msigdb.org/gsea/msigdb/mouse/geneset/HALLMARK_XENOBIOTIC_METABOLISM,MM,Mus musculus
HALLMARK_XENOBIOTIC_METABOLISM,Ptges,https://www.gsea-msigdb.org/gsea/msigdb/mouse/geneset/HALLMARK_XENOBIOTIC_METABOLISM,MM,Mus musculus
HALLMARK_XENOBIOTIC_METABOLISM,Ptges3-ps,https://www.gsea-msigdb.org/gsea/msigdb/mouse/geneset/HALLMARK_XENOBIOTIC_METABOLISM,MM,Mus musculus
HALLMARK_XENOBIOTIC_METABOLISM,Ptgr1,https://www.gsea-msigdb.org/gsea/msigdb/mouse/geneset/HALLMARK_XENOBIOTIC_METABOLISM,MM,Mus musculus
HALLMARK_XENOBIOTIC_METABOLISM,Pts,https://www.gsea-msigdb.org/gsea/msigdb/mouse/geneset/HALLMARK_XENOBIOTIC_METABOLISM,MM,Mus musculus
HALLMARK_XENOBIOTIC_METABOLISM,Pycr1,https://www.gsea-msigdb.org/gsea/msigdb/mouse/geneset/HALLMARK_XENOBIOTIC_METABOLISM,MM,Mus musculus
HALLMARK_XENOBIOTIC_METABOLISM,Rap1gap,https://www.gsea-msigdb.org/gsea/msigdb/mouse/geneset/HALLMARK_XENOBIOTIC_METABOLISM,MM,Mus musculus
HALLMARK_XENOBIOTIC_METABOLISM,Rbp4,https://www.gsea-msigdb.org/gsea/msigdb/mouse/geneset/HALLMARK_XENOBIOTIC_METABOLISM,MM,Mus musculus
HALLMARK_XENOBIOTIC_METABOLISM,Reg1,https://www.gsea-msigdb.org/gsea/msigdb/mouse/geneset/HALLMARK_XENOBIOTIC_METABOLISM,MM,Mus musculus
HALLMARK_XENOBIOTIC_METABOLISM,Retsat,https://www.gsea-msigdb.org/gsea/msigdb/mouse/geneset/HALLMARK_XENOBIOTIC_METABOLISM,MM,Mus musculus
HALLMARK_XENOBIOTIC_METABOLISM,Sar1b,https://www.gsea-msigdb.org/gsea/msigdb/mouse/geneset/HALLMARK_XENOBIOTIC_METABOLISM,MM,Mus musculus
HALLMARK_XENOBIOTIC_METABOLISM,Serpina6,https://www.gsea-msigdb.org/gsea/msigdb/mouse/geneset/HALLMARK_XENOBIOTIC_METABOLISM,MM,Mus musculus
HALLMARK_XENOBIOTIC_METABOLISM,Serpine1,https://www.gsea-msigdb.org/gsea/msigdb/mouse/geneset/HALLMARK_XENOBIOTIC_METABOLISM,MM,Mus musculus
HALLMARK_XENOBIOTIC_METABOLISM,Sertad1,https://www.gsea-msigdb.org/gsea/msigdb/mouse/geneset/HALLMARK_XENOBIOTIC_METABOLISM,MM,Mus musculus
HALLMARK_XENOBIOTIC_METABOLISM,Shmt2,https://www.gsea-msigdb.org/gsea/msigdb/mouse/geneset/HALLMARK_XENOBIOTIC_METABOLISM,MM,Mus musculus
HALLMARK_XENOBIOTIC_METABOLISM,Slc12a4,https://www.gsea-msigdb.org/gsea/msigdb/mouse/geneset/HALLMARK_XENOBIOTIC_METABOLISM,MM,Mus musculus
HALLMARK_XENOBIOTIC_METABOLISM,Slc1a5,https://www.gsea-msigdb.org/gsea/msigdb/mouse/geneset/HALLMARK_XENOBIOTIC_METABOLISM,MM,Mus musculus
HALLMARK_XENOBIOTIC_METABOLISM,Slc22a1,https://www.gsea-msigdb.org/gsea/msigdb/mouse/geneset/HALLMARK_XENOBIOTIC_METABOLISM,MM,Mus musculus
HALLMARK_XENOBIOTIC_METABOLISM,Slc35b1,https://www.gsea-msigdb.org/gsea/msigdb/mouse/geneset/HALLMARK_XENOBIOTIC_METABOLISM,MM,Mus musculus
HALLMARK_XENOBIOTIC_METABOLISM,Slc35d1,https://www.gsea-msigdb.org/gsea/msigdb/mouse/geneset/HALLMARK_XENOBIOTIC_METABOLISM,MM,Mus musculus
HALLMARK_XENOBIOTIC_METABOLISM,Slc46a3,https://www.gsea-msigdb.org/gsea/msigdb/mouse/geneset/HALLMARK_XENOBIOTIC_METABOLISM,MM,Mus musculus
HALLMARK_XENOBIOTIC_METABOLISM,Slc6a12,https://www.gsea-msigdb.org/gsea/msigdb/mouse/geneset/HALLMARK_XENOBIOTIC_METABOLISM,MM,Mus musculus
HALLMARK_XENOBIOTIC_METABOLISM,Slc6a6,https://www.gsea-msigdb.org/gsea/msigdb/mouse/geneset/HALLMARK_XENOBIOTIC_METABOLISM,MM,Mus musculus
HALLMARK_XENOBIOTIC_METABOLISM,Smox,https://www.gsea-msigdb.org/gsea/msigdb/mouse/geneset/HALLMARK_XENOBIOTIC_METABOLISM,MM,Mus musculus
HALLMARK_XENOBIOTIC_METABOLISM,Spint2,https://www.gsea-msigdb.org/gsea/msigdb/mouse/geneset/HALLMARK_XENOBIOTIC_METABOLISM,MM,Mus musculus
HALLMARK_XENOBIOTIC_METABOLISM,Ssr3,https://www.gsea-msigdb.org/gsea/msigdb/mouse/geneset/HALLMARK_XENOBIOTIC_METABOLISM,MM,Mus musculus
HALLMARK_XENOBIOTIC_METABOLISM,Tat,https://www.gsea-msigdb.org/gsea/msigdb/mouse/geneset/HALLMARK_XENOBIOTIC_METABOLISM,MM,Mus musculus
HALLMARK_XENOBIOTIC_METABOLISM,Tdo2,https://www.gsea-msigdb.org/gsea/msigdb/mouse/geneset/HALLMARK_XENOBIOTIC_METABOLISM,MM,Mus musculus
HALLMARK_XENOBIOTIC_METABOLISM,Tgfb2,https://www.gsea-msigdb.org/gsea/msigdb/mouse/geneset/HALLMARK_XENOBIOTIC_METABOLISM,MM,Mus musculus
HALLMARK_XENOBIOTIC_METABOLISM,Tkfc,https://www.gsea-msigdb.org/gsea/msigdb/mouse/geneset/HALLMARK_XENOBIOTIC_METABOLISM,MM,Mus musculus
HALLMARK_XENOBIOTIC_METABOLISM,Tmbim6,https://www.gsea-msigdb.org/gsea/msigdb/mouse/geneset/HALLMARK_XENOBIOTIC_METABOLISM,MM,Mus musculus
HALLMARK_XENOBIOTIC_METABOLISM,Tmem176b,https://www.gsea-msigdb.org/gsea/msigdb/mouse/geneset/HALLMARK_XENOBIOTIC_METABOLISM,MM,Mus musculus
HALLMARK_XENOBIOTIC_METABOLISM,Tmem97,https://www.gsea-msigdb.org/gsea/msigdb/mouse/geneset/HALLMARK_XENOBIOTIC_METABOLISM,MM,Mus musculus
HALLMARK_XENOBIOTIC_METABOLISM,Tnfrsf1a,https://www.gsea-msigdb.org/gsea/msigdb/mouse/geneset/HALLMARK_XENOBIOTIC_METABOLISM,MM,Mus musculus
HALLMARK_XENOBIOTIC_METABOLISM,Tpst1,https://www.gsea-msigdb.org/gsea/msigdb/mouse/geneset/HALLMARK_XENOBIOTIC_METABOLISM,MM,Mus musculus
HALLMARK_XENOBIOTIC_METABOLISM,Ttpa,https://www.gsea-msigdb.org/gsea/msigdb/mouse/geneset/HALLMARK_XENOBIOTIC_METABOLISM,MM,Mus musculus
HALLMARK_XENOBIOTIC_METABOLISM,Tyr,https://www.gsea-msigdb.org/gsea/msigdb/mouse/geneset/HALLMARK_XENOBIOTIC_METABOLISM,MM,Mus musculus
HALLMARK_XENOBIOTIC_METABOLISM,Ugdh,https://www.gsea-msigdb.org/gsea/msigdb/mouse/geneset/HALLMARK_XENOBIOTIC_METABOLISM,MM,Mus musculus
HALLMARK_XENOBIOTIC_METABOLISM,Upb1,https://www.gsea-msigdb.org/gsea/msigdb/mouse/geneset/HALLMARK_XENOBIOTIC_METABOLISM,MM,Mus musculus
HALLMARK_XENOBIOTIC_METABOLISM,Upp1,https://www.gsea-msigdb.org/gsea/msigdb/mouse/geneset/HALLMARK_XENOBIOTIC_METABOLISM,MM,Mus musculus
HALLMARK_XENOBIOTIC_METABOLISM,Vnn1,https://www.gsea-msigdb.org/gsea/msigdb/mouse/geneset/HALLMARK_XENOBIOTIC_METABOLISM,MM,Mus musculus
HALLMARK_XENOBIOTIC_METABOLISM,Vtn,https://www.gsea-msigdb.org/gsea/msigdb/mouse/geneset/HALLMARK_XENOBIOTIC_METABOLISM,MM,Mus musculus
HALLMARK_XENOBIOTIC_METABOLISM,Xdh,https://www.gsea-msigdb.org/gsea/msigdb/mouse/geneset/HALLMARK_XENOBIOTIC_METABOLISM,MM,Mus musculus
